# Blender 4.5.3 LTS
# www.blender.org
mtllib bancos.mtl
o Cube
v 0.570000 5.157876 0.670000
v 0.570000 1.175732 0.670000
v 0.430000 5.157876 0.670000
v 0.430000 1.175732 0.670000
v 0.570000 5.157876 0.530000
v 0.570000 1.175732 0.530000
v 0.430000 5.157876 0.530000
v 0.430000 1.175732 0.530000
vn -0.0000 1.0000 -0.0000
vn -1.0000 -0.0000 -0.0000
vn -0.0000 -0.0000 -1.0000
vn -0.0000 -1.0000 -0.0000
vn -0.0000 -0.0000 1.0000
vn 1.0000 -0.0000 -0.0000
vt 0.625000 0.500000
vt 0.875000 0.500000
vt 0.875000 0.750000
vt 0.625000 0.750000
vt 0.375000 0.750000
vt 0.625000 1.000000
vt 0.375000 1.000000
vt 0.375000 0.000000
vt 0.625000 0.000000
vt 0.625000 0.250000
vt 0.375000 0.250000
vt 0.125000 0.500000
vt 0.375000 0.500000
vt 0.125000 0.750000
s 0
usemtl base
f 1/1/1 5/2/1 7/3/1 3/4/1
f 4/5/2 3/4/2 7/6/2 8/7/2
f 8/8/3 7/9/3 5/10/3 6/11/3
f 6/12/4 2/13/4 4/5/4 8/14/4
f 2/13/5 1/1/5 3/4/5 4/5/5
f 6/11/6 5/10/6 1/1/6 2/13/6
o Sphere
v -0.416664 1.193186 0.600000
v -0.375280 1.151801 0.600000
v -0.352882 1.097729 0.600000
v -0.350000 1.068466 0.600000
v -0.352882 1.039202 0.600000
v -0.375280 0.985130 0.600000
v -0.471299 1.215584 0.605709
v -0.443700 1.207048 0.611199
v -0.418266 1.193186 0.616258
v -0.395972 1.174532 0.620692
v -0.377676 1.151801 0.624332
v -0.364081 1.125868 0.627036
v -0.355709 1.097729 0.628701
v -0.352882 1.068466 0.629264
v -0.355709 1.039202 0.628701
v -0.364081 1.011063 0.627036
v -0.377676 0.985130 0.624332
v -0.395972 0.962400 0.620692
v -0.418266 0.943745 0.616258
v -0.443700 0.929884 0.611199
v -0.471299 0.921348 0.605709
v -0.472964 1.215584 0.611199
v -0.446967 1.207048 0.621967
v -0.423008 1.193186 0.631891
v -0.402008 1.174532 0.640590
v -0.384773 1.151801 0.647728
v -0.371967 1.125868 0.653033
v -0.364081 1.097729 0.656300
v -0.361418 1.068466 0.657403
v -0.364081 1.039202 0.656300
v -0.371967 1.011063 0.653033
v -0.384773 0.985130 0.647728
v -0.402008 0.962400 0.640590
v -0.423008 0.943745 0.631891
v -0.446967 0.929884 0.621967
v -0.472964 0.921348 0.611199
v -0.475668 1.215584 0.616258
v -0.452272 1.207048 0.631891
v -0.430709 1.193186 0.646299
v -0.411809 1.174532 0.658927
v -0.396299 1.151801 0.669291
v -0.384773 1.125868 0.676992
v -0.377676 1.097729 0.681734
v -0.375280 1.068466 0.683336
v -0.377676 1.039202 0.681734
v -0.384773 1.011063 0.676992
v -0.396299 0.985130 0.669291
v -0.411809 0.962400 0.658927
v -0.430709 0.943745 0.646299
v -0.452272 0.929884 0.631891
v -0.475668 0.921348 0.616258
v -0.479308 1.215584 0.620692
v -0.459410 1.207048 0.640590
v -0.441073 1.193186 0.658927
v -0.425000 1.174532 0.675000
v -0.411809 1.151801 0.688191
v -0.402008 1.125868 0.697992
v -0.395972 1.097729 0.704028
v -0.393934 1.068466 0.706066
v -0.395972 1.039202 0.704028
v -0.402008 1.011063 0.697992
v -0.411809 0.985130 0.688191
v -0.425000 0.962400 0.675000
v -0.441073 0.943745 0.658927
v -0.459410 0.929884 0.640590
v -0.479308 0.921348 0.620692
v -0.483742 1.215584 0.624332
v -0.468109 1.207048 0.647728
v -0.453701 1.193186 0.669291
v -0.441073 1.174532 0.688191
v -0.430709 1.151801 0.703701
v -0.423008 1.125868 0.715227
v -0.418266 1.097729 0.722324
v -0.416664 1.068466 0.724720
v -0.418266 1.039202 0.722324
v -0.423008 1.011063 0.715227
v -0.430709 0.985130 0.703701
v -0.441073 0.962400 0.688191
v -0.453701 0.943745 0.669291
v -0.468109 0.929884 0.647728
v -0.483742 0.921348 0.624332
v -0.500000 1.218466 0.600000
v -0.488801 1.215584 0.627036
v -0.478033 1.207048 0.653033
v -0.468109 1.193186 0.676992
v -0.459410 1.174532 0.697992
v -0.452272 1.151801 0.715227
v -0.446967 1.125868 0.728033
v -0.443700 1.097729 0.735919
v -0.442598 1.068466 0.738582
v -0.443700 1.039202 0.735919
v -0.446967 1.011063 0.728033
v -0.452272 0.985130 0.715227
v -0.459410 0.962400 0.697992
v -0.468109 0.943745 0.676992
v -0.478033 0.929884 0.653033
v -0.488801 0.921348 0.627036
v -0.494291 1.215584 0.628701
v -0.488801 1.207048 0.656300
v -0.483742 1.193186 0.681734
v -0.479308 1.174532 0.704028
v -0.475668 1.151801 0.722324
v -0.472964 1.125868 0.735919
v -0.471299 1.097729 0.744291
v -0.470736 1.068466 0.747118
v -0.471299 1.039202 0.744291
v -0.472964 1.011063 0.735919
v -0.475668 0.985130 0.722324
v -0.479308 0.962400 0.704028
v -0.483742 0.943745 0.681734
v -0.488801 0.929884 0.656300
v -0.494291 0.921348 0.628701
v -0.500000 1.215584 0.629264
v -0.500000 1.207048 0.657403
v -0.500000 1.193186 0.683336
v -0.500000 1.174532 0.706066
v -0.500000 1.151801 0.724720
v -0.500000 1.125868 0.738582
v -0.500000 1.097729 0.747118
v -0.500000 1.068466 0.750000
v -0.500000 1.039202 0.747118
v -0.500000 1.011063 0.738582
v -0.500000 0.985130 0.724720
v -0.500000 0.962400 0.706066
v -0.500000 0.943745 0.683336
v -0.500000 0.929884 0.657403
v -0.500000 0.921348 0.629264
v -0.505709 1.215584 0.628701
v -0.511199 1.207048 0.656300
v -0.516258 1.193186 0.681734
v -0.520692 1.174532 0.704028
v -0.524332 1.151801 0.722324
v -0.527036 1.125868 0.735919
v -0.528701 1.097729 0.744291
v -0.529264 1.068466 0.747118
v -0.528701 1.039202 0.744291
v -0.527036 1.011063 0.735919
v -0.524332 0.985130 0.722324
v -0.520692 0.962400 0.704028
v -0.516258 0.943745 0.681734
v -0.511199 0.929884 0.656300
v -0.505709 0.921348 0.628701
v -0.511199 1.215584 0.627036
v -0.521967 1.207048 0.653033
v -0.531891 1.193186 0.676992
v -0.540590 1.174532 0.697992
v -0.547728 1.151801 0.715227
v -0.553033 1.125868 0.728033
v -0.556300 1.097729 0.735919
v -0.557402 1.068466 0.738582
v -0.556300 1.039202 0.735919
v -0.553033 1.011063 0.728033
v -0.547728 0.985130 0.715227
v -0.540590 0.962400 0.697992
v -0.531891 0.943745 0.676992
v -0.521967 0.929884 0.653033
v -0.511199 0.921348 0.627036
v -0.516258 1.215584 0.624332
v -0.531891 1.207048 0.647728
v -0.546299 1.193186 0.669291
v -0.558927 1.174532 0.688191
v -0.569291 1.151801 0.703701
v -0.576992 1.125868 0.715227
v -0.581734 1.097729 0.722324
v -0.583336 1.068466 0.724720
v -0.581734 1.039202 0.722324
v -0.576992 1.011063 0.715227
v -0.569291 0.985130 0.703701
v -0.558927 0.962400 0.688191
v -0.546299 0.943745 0.669291
v -0.531891 0.929884 0.647728
v -0.516258 0.921348 0.624332
v -0.520692 1.215584 0.620692
v -0.540590 1.207048 0.640590
v -0.558927 1.193186 0.658927
v -0.575000 1.174532 0.675000
v -0.588191 1.151801 0.688191
v -0.597992 1.125868 0.697992
v -0.604028 1.097729 0.704028
v -0.606066 1.068466 0.706066
v -0.604028 1.039202 0.704028
v -0.597992 1.011063 0.697992
v -0.588191 0.985130 0.688191
v -0.575000 0.962400 0.675000
v -0.558927 0.943745 0.658927
v -0.540590 0.929884 0.640590
v -0.520692 0.921348 0.620692
v -0.524332 1.215584 0.616258
v -0.547728 1.207048 0.631891
v -0.569291 1.193186 0.646299
v -0.588191 1.174532 0.658927
v -0.603701 1.151801 0.669291
v -0.615227 1.125868 0.676992
v -0.622324 1.097729 0.681734
v -0.624720 1.068466 0.683335
v -0.622324 1.039202 0.681734
v -0.615227 1.011063 0.676992
v -0.603701 0.985130 0.669291
v -0.588191 0.962400 0.658927
v -0.569291 0.943745 0.646299
v -0.547728 0.929884 0.631891
v -0.524332 0.921348 0.616258
v -0.527036 1.215584 0.611199
v -0.553033 1.207048 0.621967
v -0.576992 1.193186 0.631891
v -0.597992 1.174532 0.640590
v -0.615227 1.151801 0.647728
v -0.628033 1.125868 0.653033
v -0.635919 1.097729 0.656300
v -0.638582 1.068466 0.657402
v -0.635919 1.039202 0.656300
v -0.628033 1.011063 0.653033
v -0.615227 0.985130 0.647728
v -0.597992 0.962400 0.640590
v -0.576992 0.943745 0.631891
v -0.553033 0.929884 0.621967
v -0.527036 0.921348 0.611199
v -0.528701 1.215584 0.605709
v -0.556300 1.207048 0.611199
v -0.581734 1.193186 0.616258
v -0.604028 1.174532 0.620692
v -0.622324 1.151801 0.624332
v -0.635919 1.125868 0.627036
v -0.644291 1.097729 0.628701
v -0.647118 1.068466 0.629264
v -0.644291 1.039202 0.628701
v -0.635919 1.011063 0.627036
v -0.622324 0.985130 0.624332
v -0.604028 0.962400 0.620692
v -0.581734 0.943745 0.616258
v -0.556300 0.929884 0.611199
v -0.528701 0.921348 0.605709
v -0.529264 1.215584 0.600000
v -0.557402 1.207048 0.600000
v -0.583336 1.193186 0.600000
v -0.606066 1.174532 0.600000
v -0.624720 1.151801 0.600000
v -0.638582 1.125868 0.600000
v -0.647118 1.097729 0.600000
v -0.650000 1.068466 0.600000
v -0.647118 1.039202 0.600000
v -0.638582 1.011063 0.600000
v -0.624720 0.985130 0.600000
v -0.606066 0.962400 0.600000
v -0.583336 0.943745 0.600000
v -0.557402 0.929884 0.600000
v -0.529264 0.921348 0.600000
v -0.528701 1.215584 0.594291
v -0.556300 1.207048 0.588801
v -0.581734 1.193186 0.583742
v -0.604028 1.174532 0.579308
v -0.622324 1.151801 0.575668
v -0.635919 1.125868 0.572964
v -0.644291 1.097729 0.571299
v -0.647118 1.068466 0.570736
v -0.644291 1.039202 0.571299
v -0.635919 1.011063 0.572964
v -0.622324 0.985130 0.575668
v -0.604028 0.962400 0.579308
v -0.581734 0.943745 0.583742
v -0.556300 0.929884 0.588801
v -0.528701 0.921348 0.594291
v -0.527036 1.215584 0.588801
v -0.553033 1.207048 0.578033
v -0.576992 1.193186 0.568109
v -0.597992 1.174532 0.559410
v -0.615227 1.151801 0.552272
v -0.628033 1.125868 0.546967
v -0.635919 1.097729 0.543700
v -0.638582 1.068466 0.542597
v -0.635919 1.039202 0.543700
v -0.628033 1.011063 0.546967
v -0.615227 0.985130 0.552272
v -0.597992 0.962400 0.559410
v -0.576992 0.943745 0.568109
v -0.553033 0.929884 0.578033
v -0.527036 0.921348 0.588801
v -0.524332 1.215584 0.583742
v -0.547728 1.207048 0.568109
v -0.569291 1.193186 0.553701
v -0.588191 1.174532 0.541073
v -0.603701 1.151801 0.530709
v -0.615227 1.125868 0.523008
v -0.622324 1.097729 0.518266
v -0.624720 1.068466 0.516665
v -0.622324 1.039202 0.518266
v -0.615227 1.011063 0.523008
v -0.603701 0.985130 0.530709
v -0.588191 0.962400 0.541073
v -0.569291 0.943745 0.553701
v -0.547728 0.929884 0.568109
v -0.524332 0.921348 0.583742
v -0.520692 1.215584 0.579308
v -0.540590 1.207048 0.559410
v -0.558927 1.193186 0.541073
v -0.575000 1.174532 0.525000
v -0.588191 1.151801 0.511809
v -0.597992 1.125868 0.502008
v -0.604028 1.097729 0.495972
v -0.606066 1.068466 0.493934
v -0.604028 1.039202 0.495972
v -0.597992 1.011063 0.502008
v -0.588191 0.985130 0.511809
v -0.575000 0.962400 0.525000
v -0.558927 0.943745 0.541073
v -0.540590 0.929884 0.559410
v -0.520692 0.921348 0.579308
v -0.500000 0.918466 0.600000
v -0.516258 1.215584 0.575668
v -0.531891 1.207048 0.552272
v -0.546299 1.193186 0.530709
v -0.558927 1.174532 0.511809
v -0.569291 1.151801 0.496299
v -0.576992 1.125868 0.484773
v -0.581734 1.097729 0.477676
v -0.583335 1.068466 0.475280
v -0.581734 1.039202 0.477676
v -0.576992 1.011063 0.484773
v -0.569291 0.985130 0.496299
v -0.558927 0.962400 0.511809
v -0.546299 0.943745 0.530709
v -0.531891 0.929884 0.552272
v -0.516258 0.921348 0.575668
v -0.511199 1.215584 0.572964
v -0.521967 1.207048 0.546967
v -0.531891 1.193186 0.523008
v -0.540590 1.174532 0.502008
v -0.547728 1.151801 0.484773
v -0.553033 1.125868 0.471967
v -0.556300 1.097729 0.464081
v -0.557402 1.068466 0.461418
v -0.556300 1.039202 0.464081
v -0.553033 1.011063 0.471967
v -0.547728 0.985130 0.484773
v -0.540590 0.962400 0.502008
v -0.531891 0.943745 0.523008
v -0.521967 0.929884 0.546967
v -0.511199 0.921348 0.572964
v -0.505709 1.215584 0.571299
v -0.511199 1.207048 0.543701
v -0.516258 1.193186 0.518266
v -0.520692 1.174532 0.495972
v -0.524332 1.151801 0.477676
v -0.527036 1.125868 0.464081
v -0.528701 1.097729 0.455709
v -0.529263 1.068466 0.452882
v -0.528701 1.039202 0.455709
v -0.527036 1.011063 0.464081
v -0.524332 0.985130 0.477676
v -0.520692 0.962400 0.495972
v -0.516258 0.943745 0.518266
v -0.511199 0.929884 0.543701
v -0.505709 0.921348 0.571299
v -0.500000 1.215584 0.570737
v -0.500000 1.207048 0.542598
v -0.500000 1.193186 0.516665
v -0.500000 1.174532 0.493934
v -0.500000 1.151801 0.475280
v -0.500000 1.125868 0.461418
v -0.500000 1.097729 0.452882
v -0.500000 1.068466 0.450000
v -0.500000 1.039202 0.452882
v -0.500000 1.011063 0.461418
v -0.500000 0.985130 0.475280
v -0.500000 0.962400 0.493934
v -0.500000 0.943745 0.516665
v -0.500000 0.929884 0.542598
v -0.500000 0.921348 0.570737
v -0.494291 1.215584 0.571299
v -0.488801 1.207048 0.543701
v -0.483742 1.193186 0.518266
v -0.479308 1.174532 0.495972
v -0.475668 1.151801 0.477676
v -0.472964 1.125868 0.464081
v -0.471299 1.097729 0.455709
v -0.470736 1.068466 0.452882
v -0.471299 1.039202 0.455709
v -0.472964 1.011063 0.464081
v -0.475668 0.985130 0.477676
v -0.479308 0.962400 0.495972
v -0.483742 0.943745 0.518266
v -0.488801 0.929884 0.543701
v -0.494291 0.921348 0.571299
v -0.488801 1.215584 0.572964
v -0.478033 1.207048 0.546967
v -0.468109 1.193186 0.523008
v -0.459410 1.174532 0.502008
v -0.452272 1.151801 0.484773
v -0.446967 1.125868 0.471967
v -0.443700 1.097729 0.464081
v -0.442597 1.068466 0.461418
v -0.443700 1.039202 0.464081
v -0.446967 1.011063 0.471967
v -0.452272 0.985130 0.484773
v -0.459410 0.962400 0.502008
v -0.468109 0.943745 0.523008
v -0.478033 0.929884 0.546967
v -0.488801 0.921348 0.572964
v -0.483742 1.215584 0.575668
v -0.468109 1.207048 0.552272
v -0.453701 1.193186 0.530709
v -0.441073 1.174532 0.511809
v -0.430709 1.151801 0.496299
v -0.423008 1.125868 0.484773
v -0.418266 1.097729 0.477676
v -0.416664 1.068466 0.475280
v -0.418266 1.039202 0.477676
v -0.423008 1.011063 0.484773
v -0.430709 0.985130 0.496299
v -0.441073 0.962400 0.511809
v -0.453701 0.943745 0.530709
v -0.468109 0.929884 0.552272
v -0.483742 0.921348 0.575668
v -0.479308 1.215584 0.579308
v -0.459410 1.207048 0.559410
v -0.441073 1.193186 0.541073
v -0.425000 1.174532 0.525000
v -0.411809 1.151801 0.511809
v -0.402008 1.125868 0.502008
v -0.395972 1.097729 0.495972
v -0.393934 1.068466 0.493934
v -0.395972 1.039202 0.495972
v -0.402008 1.011063 0.502008
v -0.411809 0.985130 0.511809
v -0.425000 0.962400 0.525000
v -0.441073 0.943745 0.541073
v -0.459410 0.929884 0.559410
v -0.479308 0.921348 0.579308
v -0.475668 1.215584 0.583742
v -0.452272 1.207048 0.568109
v -0.430709 1.193186 0.553701
v -0.411809 1.174532 0.541073
v -0.396299 1.151801 0.530709
v -0.384773 1.125868 0.523008
v -0.377676 1.097729 0.518266
v -0.375280 1.068466 0.516665
v -0.377676 1.039202 0.518266
v -0.384773 1.011063 0.523008
v -0.396299 0.985130 0.530709
v -0.411809 0.962400 0.541073
v -0.430709 0.943745 0.553701
v -0.452272 0.929884 0.568109
v -0.475668 0.921348 0.583742
v -0.472964 1.215584 0.588801
v -0.446967 1.207048 0.578033
v -0.423008 1.193186 0.568109
v -0.402008 1.174532 0.559410
v -0.384773 1.151801 0.552272
v -0.371967 1.125868 0.546967
v -0.364081 1.097729 0.543701
v -0.361418 1.068466 0.542598
v -0.364081 1.039202 0.543701
v -0.371967 1.011063 0.546967
v -0.384773 0.985130 0.552272
v -0.402008 0.962400 0.559410
v -0.423008 0.943745 0.568109
v -0.446967 0.929884 0.578033
v -0.472964 0.921348 0.588801
v -0.471299 1.215584 0.594291
v -0.443700 1.207048 0.588801
v -0.418266 1.193186 0.583742
v -0.395972 1.174532 0.579308
v -0.377676 1.151801 0.575668
v -0.364081 1.125868 0.572964
v -0.355709 1.097729 0.571299
v -0.352882 1.068466 0.570737
v -0.355709 1.039202 0.571299
v -0.364081 1.011063 0.572964
v -0.377676 0.985130 0.575668
v -0.395972 0.962400 0.579308
v -0.418266 0.943745 0.583742
v -0.443700 0.929884 0.588801
v -0.471299 0.921348 0.594291
v -0.470736 1.215584 0.600000
v -0.442598 1.207048 0.600000
v -0.393934 1.174532 0.600000
v -0.361418 1.125868 0.600000
v -0.361418 1.011063 0.600000
v -0.393934 0.962400 0.600000
v -0.416665 0.943745 0.600000
v -0.442598 0.929884 0.600000
v -0.470736 0.921348 0.600000
vn 0.8786 -0.4696 0.0865
vn 0.6332 0.7715 0.0624
vn 0.7708 -0.6326 0.0759
vn 0.7708 0.6326 0.0759
vn 0.6332 -0.7715 0.0624
vn 0.8786 0.4696 0.0865
vn 0.4709 -0.8810 0.0464
vn 0.9527 0.2890 0.0938
vn 0.2902 -0.9565 0.0286
vn 0.9904 0.0975 0.0975
vn 0.0980 0.9951 0.0097
vn 0.0980 -0.9951 0.0097
vn 0.9904 -0.0975 0.0975
vn 0.2902 0.9565 0.0286
vn 0.9527 -0.2890 0.0938
vn 0.4709 0.8810 0.0464
vn 0.9161 -0.2890 0.2779
vn 0.4528 0.8810 0.1374
vn 0.8448 -0.4696 0.2563
vn 0.6088 0.7715 0.1847
vn 0.7412 -0.6326 0.2248
vn 0.7412 0.6326 0.2248
vn 0.6088 -0.7715 0.1847
vn 0.8448 0.4696 0.2563
vn 0.4528 -0.8810 0.1374
vn 0.9161 0.2890 0.2779
vn 0.2790 -0.9565 0.0846
vn 0.9524 0.0976 0.2889
vn 0.0942 0.9951 0.0286
vn 0.0942 -0.9951 0.0286
vn 0.9524 -0.0976 0.2889
vn 0.2790 0.9565 0.0846
vn 0.4173 -0.8810 0.2230
vn 0.8443 0.2890 0.4513
vn 0.2571 -0.9565 0.1374
vn 0.8777 0.0975 0.4691
vn 0.0869 0.9951 0.0464
vn 0.0869 -0.9951 0.0464
vn 0.8777 -0.0975 0.4691
vn 0.2571 0.9565 0.1374
vn 0.8443 -0.2890 0.4513
vn 0.4173 0.8810 0.2230
vn 0.7786 -0.4696 0.4162
vn 0.5611 0.7715 0.2999
vn 0.6831 -0.6326 0.3651
vn 0.6831 0.6326 0.3651
vn 0.5611 -0.7715 0.2999
vn 0.7786 0.4696 0.4162
vn 0.3658 0.8810 0.3002
vn 0.6825 -0.4696 0.5601
vn 0.4918 0.7715 0.4036
vn 0.5987 -0.6326 0.4913
vn 0.5987 0.6326 0.4913
vn 0.4918 -0.7715 0.4036
vn 0.6825 0.4696 0.5601
vn 0.3658 -0.8810 0.3002
vn 0.7400 0.2890 0.6073
vn 0.2254 -0.9565 0.1850
vn 0.7693 0.0975 0.6314
vn 0.0761 0.9951 0.0625
vn 0.0761 -0.9951 0.0625
vn 0.7693 -0.0975 0.6314
vn 0.2254 0.9565 0.1850
vn 0.7400 -0.2890 0.6073
vn 0.6073 0.2890 0.7400
vn 0.1850 -0.9565 0.2254
vn 0.6314 0.0975 0.7693
vn 0.0625 0.9951 0.0761
vn 0.0625 -0.9951 0.0761
vn 0.6314 -0.0975 0.7693
vn 0.1850 0.9565 0.2254
vn 0.6073 -0.2890 0.7400
vn 0.3002 0.8810 0.3658
vn 0.5601 -0.4696 0.6825
vn 0.4036 0.7715 0.4918
vn 0.4913 -0.6326 0.5987
vn 0.4913 0.6326 0.5987
vn 0.4036 -0.7715 0.4918
vn 0.5601 0.4696 0.6825
vn 0.3002 -0.8810 0.3658
vn 0.4162 -0.4696 0.7786
vn 0.2999 0.7715 0.5611
vn 0.3651 -0.6326 0.6831
vn 0.3651 0.6326 0.6831
vn 0.2999 -0.7715 0.5611
vn 0.4162 0.4696 0.7786
vn 0.2230 -0.8810 0.4173
vn 0.4513 0.2890 0.8443
vn 0.1374 -0.9565 0.2571
vn 0.4691 0.0975 0.8777
vn 0.0464 0.9951 0.0869
vn 0.0464 -0.9951 0.0869
vn 0.4691 -0.0975 0.8777
vn 0.1374 0.9565 0.2571
vn 0.4513 -0.2890 0.8443
vn 0.2230 0.8810 0.4173
vn 0.0846 -0.9565 0.2790
vn 0.2889 0.0975 0.9524
vn 0.0286 0.9951 0.0942
vn 0.0286 -0.9951 0.0942
vn 0.2889 -0.0975 0.9524
vn 0.0846 0.9565 0.2790
vn 0.2779 -0.2890 0.9161
vn 0.1374 0.8810 0.4528
vn 0.2563 -0.4696 0.8448
vn 0.1847 0.7715 0.6088
vn 0.2248 -0.6326 0.7412
vn 0.2248 0.6326 0.7412
vn 0.1847 -0.7715 0.6088
vn 0.2563 0.4696 0.8448
vn 0.1374 -0.8810 0.4528
vn 0.2779 0.2890 0.9161
vn 0.0759 -0.6326 0.7708
vn 0.0759 0.6326 0.7708
vn 0.0624 -0.7715 0.6332
vn 0.0865 0.4696 0.8786
vn 0.0464 -0.8810 0.4709
vn 0.0938 0.2890 0.9527
vn 0.0286 -0.9565 0.2902
vn 0.0975 0.0975 0.9904
vn 0.0097 0.9951 0.0980
vn 0.0097 -0.9951 0.0980
vn 0.0975 -0.0975 0.9904
vn 0.0286 0.9565 0.2902
vn 0.0938 -0.2890 0.9527
vn 0.0464 0.8810 0.4709
vn 0.0865 -0.4696 0.8786
vn 0.0624 0.7715 0.6332
vn -0.0097 0.9951 0.0980
vn -0.0097 -0.9951 0.0980
vn -0.0976 -0.0975 0.9904
vn -0.0286 0.9565 0.2902
vn -0.0938 -0.2890 0.9527
vn -0.0464 0.8810 0.4709
vn -0.0865 -0.4696 0.8786
vn -0.0624 0.7715 0.6332
vn -0.0759 -0.6326 0.7708
vn -0.0759 0.6326 0.7708
vn -0.0624 -0.7715 0.6332
vn -0.0865 0.4696 0.8786
vn -0.0464 -0.8810 0.4709
vn -0.0938 0.2890 0.9527
vn -0.0286 -0.9565 0.2902
vn -0.0976 0.0975 0.9904
vn -0.2248 0.6326 0.7412
vn -0.1847 -0.7715 0.6088
vn -0.2563 0.4696 0.8448
vn -0.1374 -0.8810 0.4528
vn -0.2779 0.2890 0.9161
vn -0.0846 -0.9565 0.2790
vn -0.2889 0.0975 0.9524
vn -0.0286 0.9951 0.0942
vn -0.0286 -0.9951 0.0942
vn -0.2889 -0.0975 0.9524
vn -0.0846 0.9565 0.2790
vn -0.2779 -0.2890 0.9161
vn -0.1374 0.8810 0.4528
vn -0.2563 -0.4696 0.8448
vn -0.1847 0.7715 0.6088
vn -0.2248 -0.6326 0.7412
vn -0.4691 -0.0975 0.8777
vn -0.1374 0.9565 0.2571
vn -0.4513 -0.2890 0.8443
vn -0.2230 0.8810 0.4173
vn -0.4162 -0.4696 0.7786
vn -0.2999 0.7715 0.5611
vn -0.3651 -0.6326 0.6831
vn -0.3651 0.6326 0.6831
vn -0.2999 -0.7715 0.5611
vn -0.4162 0.4696 0.7786
vn -0.2230 -0.8810 0.4173
vn -0.4513 0.2890 0.8443
vn -0.1374 -0.9565 0.2571
vn -0.4691 0.0975 0.8777
vn -0.0464 0.9951 0.0869
vn -0.0464 -0.9951 0.0869
vn -0.4036 -0.7715 0.4918
vn -0.5601 0.4696 0.6825
vn -0.3002 -0.8810 0.3658
vn -0.6073 0.2890 0.7400
vn -0.1850 -0.9565 0.2254
vn -0.6314 0.0975 0.7693
vn -0.0625 0.9951 0.0761
vn -0.0625 -0.9951 0.0761
vn -0.6314 -0.0975 0.7693
vn -0.1850 0.9565 0.2254
vn -0.6073 -0.2890 0.7400
vn -0.3002 0.8810 0.3658
vn -0.5601 -0.4696 0.6825
vn -0.4036 0.7715 0.4918
vn -0.4913 -0.6326 0.5987
vn -0.4913 0.6326 0.5987
vn -0.2254 0.9565 0.1850
vn -0.7400 -0.2890 0.6073
vn -0.3658 0.8810 0.3002
vn -0.6825 -0.4696 0.5601
vn -0.4918 0.7715 0.4036
vn -0.5987 -0.6326 0.4913
vn -0.5987 0.6326 0.4913
vn -0.4918 -0.7715 0.4036
vn -0.6825 0.4696 0.5601
vn -0.3658 -0.8810 0.3002
vn -0.7400 0.2890 0.6073
vn -0.2254 -0.9565 0.1850
vn -0.7693 0.0975 0.6314
vn -0.0761 0.9951 0.0625
vn -0.0761 -0.9951 0.0625
vn -0.7693 -0.0975 0.6314
vn -0.7786 0.4696 0.4162
vn -0.4173 -0.8810 0.2230
vn -0.8443 0.2890 0.4513
vn -0.2571 -0.9565 0.1374
vn -0.8777 0.0975 0.4691
vn -0.0869 0.9951 0.0464
vn -0.0869 -0.9951 0.0464
vn -0.8777 -0.0975 0.4691
vn -0.2571 0.9565 0.1374
vn -0.8443 -0.2890 0.4513
vn -0.4173 0.8810 0.2230
vn -0.7786 -0.4696 0.4162
vn -0.5611 0.7715 0.2999
vn -0.6831 -0.6326 0.3651
vn -0.6831 0.6326 0.3651
vn -0.5611 -0.7715 0.2999
vn -0.9161 -0.2890 0.2779
vn -0.4528 0.8810 0.1374
vn -0.8448 -0.4696 0.2563
vn -0.6088 0.7715 0.1847
vn -0.7412 -0.6326 0.2248
vn -0.7412 0.6326 0.2248
vn -0.6088 -0.7715 0.1847
vn -0.8448 0.4696 0.2563
vn -0.4528 -0.8810 0.1374
vn -0.9161 0.2890 0.2779
vn -0.2790 -0.9565 0.0846
vn -0.9524 0.0975 0.2889
vn -0.0942 0.9951 0.0286
vn -0.0942 -0.9951 0.0286
vn -0.9524 -0.0975 0.2889
vn -0.2790 0.9565 0.0846
vn -0.4709 -0.8810 0.0464
vn -0.9527 0.2890 0.0938
vn -0.2902 -0.9565 0.0286
vn -0.9904 0.0975 0.0975
vn -0.0980 0.9951 0.0097
vn -0.0980 -0.9951 0.0097
vn -0.9904 -0.0975 0.0975
vn -0.2902 0.9565 0.0286
vn -0.9527 -0.2890 0.0938
vn -0.4709 0.8810 0.0464
vn -0.8786 -0.4696 0.0865
vn -0.6332 0.7715 0.0624
vn -0.7708 -0.6326 0.0759
vn -0.7708 0.6326 0.0759
vn -0.6332 -0.7715 0.0624
vn -0.8786 0.4696 0.0865
vn -0.8786 -0.4696 -0.0865
vn -0.6332 0.7715 -0.0624
vn -0.7708 -0.6326 -0.0759
vn -0.7708 0.6326 -0.0759
vn -0.6332 -0.7715 -0.0624
vn -0.8786 0.4696 -0.0865
vn -0.4709 -0.8810 -0.0464
vn -0.9527 0.2890 -0.0938
vn -0.2902 -0.9565 -0.0286
vn -0.9904 0.0975 -0.0976
vn -0.0980 0.9951 -0.0097
vn -0.0980 -0.9951 -0.0097
vn -0.9904 -0.0975 -0.0976
vn -0.2902 0.9565 -0.0286
vn -0.9527 -0.2890 -0.0938
vn -0.4709 0.8810 -0.0464
vn -0.2790 -0.9565 -0.0846
vn -0.9524 0.0975 -0.2889
vn -0.0942 0.9951 -0.0286
vn -0.0942 -0.9951 -0.0286
vn -0.9524 -0.0975 -0.2889
vn -0.2790 0.9565 -0.0846
vn -0.9161 -0.2890 -0.2779
vn -0.4528 0.8810 -0.1374
vn -0.8448 -0.4696 -0.2563
vn -0.6088 0.7715 -0.1847
vn -0.7412 -0.6326 -0.2248
vn -0.7412 0.6326 -0.2248
vn -0.6088 -0.7715 -0.1847
vn -0.8448 0.4696 -0.2563
vn -0.4528 -0.8810 -0.1374
vn -0.9161 0.2890 -0.2779
vn -0.5611 0.7715 -0.2999
vn -0.6831 -0.6326 -0.3651
vn -0.6831 0.6326 -0.3651
vn -0.5611 -0.7715 -0.2999
vn -0.7786 0.4696 -0.4162
vn -0.4173 -0.8810 -0.2230
vn -0.8443 0.2890 -0.4513
vn -0.2571 -0.9565 -0.1374
vn -0.8777 0.0975 -0.4691
vn -0.0869 0.9951 -0.0464
vn -0.0869 -0.9951 -0.0464
vn -0.8777 -0.0975 -0.4691
vn -0.2571 0.9565 -0.1374
vn -0.8443 -0.2890 -0.4513
vn -0.4173 0.8810 -0.2230
vn -0.7786 -0.4696 -0.4162
vn -0.7693 0.0975 -0.6314
vn -0.0761 0.9951 -0.0625
vn -0.0761 -0.9951 -0.0625
vn -0.7693 -0.0975 -0.6314
vn -0.2254 0.9565 -0.1850
vn -0.7400 -0.2890 -0.6073
vn -0.3658 0.8810 -0.3002
vn -0.6825 -0.4696 -0.5601
vn -0.4918 0.7715 -0.4036
vn -0.5987 -0.6326 -0.4913
vn -0.5987 0.6326 -0.4913
vn -0.4918 -0.7715 -0.4036
vn -0.6825 0.4696 -0.5601
vn -0.3658 -0.8810 -0.3002
vn -0.7400 0.2890 -0.6073
vn -0.2254 -0.9565 -0.1850
vn -0.4913 -0.6326 -0.5987
vn -0.4913 0.6326 -0.5987
vn -0.4036 -0.7715 -0.4918
vn -0.5601 0.4696 -0.6825
vn -0.3002 -0.8810 -0.3658
vn -0.6073 0.2890 -0.7400
vn -0.1850 -0.9565 -0.2254
vn -0.6314 0.0975 -0.7693
vn -0.0625 0.9951 -0.0761
vn -0.0625 -0.9951 -0.0761
vn -0.6314 -0.0975 -0.7693
vn -0.1850 0.9565 -0.2254
vn -0.6073 -0.2890 -0.7400
vn -0.3002 0.8810 -0.3658
vn -0.5601 -0.4696 -0.6825
vn -0.4036 0.7715 -0.4918
vn -0.0464 0.9951 -0.0869
vn -0.0464 -0.9951 -0.0869
vn -0.4691 -0.0975 -0.8777
vn -0.1374 0.9565 -0.2571
vn -0.4513 -0.2890 -0.8443
vn -0.2230 0.8810 -0.4173
vn -0.4162 -0.4696 -0.7786
vn -0.2999 0.7715 -0.5611
vn -0.3651 -0.6326 -0.6831
vn -0.3651 0.6326 -0.6831
vn -0.2999 -0.7715 -0.5611
vn -0.4162 0.4696 -0.7786
vn -0.2230 -0.8810 -0.4173
vn -0.4513 0.2890 -0.8443
vn -0.1374 -0.9565 -0.2571
vn -0.4691 0.0975 -0.8777
vn -0.2248 0.6326 -0.7412
vn -0.1847 -0.7715 -0.6088
vn -0.2563 0.4696 -0.8448
vn -0.1374 -0.8810 -0.4528
vn -0.2779 0.2890 -0.9161
vn -0.0846 -0.9565 -0.2790
vn -0.2889 0.0975 -0.9524
vn -0.0286 0.9951 -0.0942
vn -0.0286 -0.9951 -0.0942
vn -0.2889 -0.0975 -0.9524
vn -0.0846 0.9565 -0.2790
vn -0.2779 -0.2890 -0.9161
vn -0.1374 0.8810 -0.4528
vn -0.2563 -0.4696 -0.8448
vn -0.1847 0.7715 -0.6088
vn -0.2248 -0.6326 -0.7412
vn -0.0975 -0.0975 -0.9904
vn -0.0286 0.9565 -0.2902
vn -0.0938 -0.2890 -0.9527
vn -0.0464 0.8810 -0.4709
vn -0.0865 -0.4696 -0.8786
vn -0.0624 0.7715 -0.6332
vn -0.0759 -0.6326 -0.7708
vn -0.0759 0.6326 -0.7708
vn -0.0624 -0.7715 -0.6332
vn -0.0865 0.4696 -0.8786
vn -0.0464 -0.8810 -0.4709
vn -0.0938 0.2890 -0.9527
vn -0.0286 -0.9565 -0.2902
vn -0.0975 0.0975 -0.9904
vn -0.0097 0.9951 -0.0980
vn -0.0097 -0.9951 -0.0980
vn 0.0624 -0.7715 -0.6332
vn 0.0865 0.4696 -0.8786
vn 0.0464 -0.8810 -0.4709
vn 0.0938 0.2890 -0.9527
vn 0.0286 -0.9565 -0.2902
vn 0.0976 0.0975 -0.9904
vn 0.0097 0.9951 -0.0980
vn 0.0097 -0.9951 -0.0980
vn 0.0976 -0.0975 -0.9904
vn 0.0286 0.9565 -0.2902
vn 0.0938 -0.2890 -0.9527
vn 0.0464 0.8810 -0.4709
vn 0.0865 -0.4696 -0.8786
vn 0.0624 0.7715 -0.6332
vn 0.0759 -0.6326 -0.7708
vn 0.0759 0.6326 -0.7708
vn 0.2779 -0.2890 -0.9161
vn 0.1374 0.8810 -0.4528
vn 0.2563 -0.4696 -0.8448
vn 0.1847 0.7715 -0.6088
vn 0.2248 -0.6326 -0.7412
vn 0.2248 0.6326 -0.7412
vn 0.1847 -0.7715 -0.6088
vn 0.2563 0.4696 -0.8448
vn 0.1374 -0.8810 -0.4528
vn 0.2779 0.2890 -0.9161
vn 0.0846 -0.9565 -0.2790
vn 0.2889 0.0975 -0.9524
vn 0.0286 0.9951 -0.0942
vn 0.0286 -0.9951 -0.0942
vn 0.2889 -0.0975 -0.9524
vn 0.0846 0.9565 -0.2790
vn 0.2231 -0.8810 -0.4173
vn 0.4513 0.2890 -0.8443
vn 0.1374 -0.9565 -0.2571
vn 0.4691 0.0975 -0.8777
vn 0.0464 0.9951 -0.0869
vn 0.0464 -0.9951 -0.0869
vn 0.4691 -0.0975 -0.8777
vn 0.1374 0.9565 -0.2571
vn 0.4513 -0.2890 -0.8443
vn 0.2231 0.8810 -0.4173
vn 0.4162 -0.4696 -0.7786
vn 0.2999 0.7715 -0.5611
vn 0.3651 -0.6326 -0.6831
vn 0.3651 0.6326 -0.6831
vn 0.2999 -0.7715 -0.5611
vn 0.4162 0.4696 -0.7786
vn 0.3002 0.8810 -0.3658
vn 0.5601 -0.4696 -0.6825
vn 0.4036 0.7715 -0.4918
vn 0.4913 -0.6326 -0.5987
vn 0.4913 0.6326 -0.5987
vn 0.4036 -0.7715 -0.4918
vn 0.5601 0.4696 -0.6825
vn 0.3002 -0.8810 -0.3658
vn 0.6073 0.2890 -0.7400
vn 0.1850 -0.9565 -0.2254
vn 0.6314 0.0975 -0.7693
vn 0.0625 0.9951 -0.0761
vn 0.0625 -0.9951 -0.0761
vn 0.6314 -0.0975 -0.7693
vn 0.1850 0.9565 -0.2254
vn 0.6073 -0.2890 -0.7400
vn 0.7400 0.2890 -0.6073
vn 0.2254 -0.9565 -0.1850
vn 0.7693 0.0975 -0.6314
vn 0.0761 0.9951 -0.0625
vn 0.0761 -0.9951 -0.0625
vn 0.7693 -0.0975 -0.6314
vn 0.2254 0.9565 -0.1850
vn 0.7400 -0.2890 -0.6073
vn 0.3658 0.8810 -0.3002
vn 0.6825 -0.4696 -0.5601
vn 0.4918 0.7715 -0.4036
vn 0.5987 -0.6326 -0.4913
vn 0.5987 0.6326 -0.4913
vn 0.4918 -0.7715 -0.4036
vn 0.6825 0.4696 -0.5601
vn 0.3658 -0.8810 -0.3002
vn 0.7786 -0.4696 -0.4162
vn 0.5611 0.7715 -0.2999
vn 0.6831 -0.6326 -0.3651
vn 0.6831 0.6326 -0.3651
vn 0.5611 -0.7715 -0.2999
vn 0.7786 0.4696 -0.4162
vn 0.4173 -0.8810 -0.2230
vn 0.8443 0.2890 -0.4513
vn 0.2571 -0.9565 -0.1374
vn 0.8777 0.0975 -0.4691
vn 0.0869 0.9951 -0.0464
vn 0.0869 -0.9951 -0.0464
vn 0.8777 -0.0975 -0.4691
vn 0.2571 0.9565 -0.1374
vn 0.8443 -0.2890 -0.4513
vn 0.4173 0.8810 -0.2230
vn 0.2790 -0.9565 -0.0846
vn 0.9524 0.0975 -0.2889
vn 0.0942 0.9951 -0.0286
vn 0.0942 -0.9951 -0.0286
vn 0.9524 -0.0975 -0.2889
vn 0.2790 0.9565 -0.0846
vn 0.9161 -0.2890 -0.2779
vn 0.4528 0.8810 -0.1374
vn 0.8448 -0.4696 -0.2563
vn 0.6088 0.7715 -0.1847
vn 0.7412 -0.6326 -0.2248
vn 0.7412 0.6326 -0.2248
vn 0.6088 -0.7715 -0.1847
vn 0.8448 0.4696 -0.2563
vn 0.4528 -0.8810 -0.1374
vn 0.9161 0.2890 -0.2779
vn 0.6332 0.7715 -0.0624
vn 0.7708 -0.6326 -0.0759
vn 0.7708 0.6326 -0.0759
vn 0.6332 -0.7715 -0.0624
vn 0.8786 0.4696 -0.0865
vn 0.4709 -0.8810 -0.0464
vn 0.9527 0.2890 -0.0938
vn 0.2902 -0.9565 -0.0286
vn 0.9904 0.0975 -0.0976
vn 0.0980 0.9951 -0.0097
vn 0.0980 -0.9951 -0.0097
vn 0.9904 -0.0975 -0.0976
vn 0.2902 0.9565 -0.0286
vn 0.9527 -0.2890 -0.0938
vn 0.4709 0.8810 -0.0464
vn 0.8786 -0.4696 -0.0865
vt 0.750000 0.312500
vt 0.750000 0.375000
vt 0.718750 0.375000
vt 0.718750 0.312500
vt 0.750000 0.750000
vt 0.750000 0.812500
vt 0.718750 0.812500
vt 0.718750 0.750000
vt 0.750000 0.250000
vt 0.718750 0.250000
vt 0.750000 0.687500
vt 0.718750 0.687500
vt 0.750000 0.187500
vt 0.718750 0.187500
vt 0.750000 0.625000
vt 0.718750 0.625000
vt 0.750000 0.125000
vt 0.718750 0.125000
vt 0.750000 0.562500
vt 0.718750 0.562500
vt 0.750000 0.062500
vt 0.718750 0.062500
vt 0.750000 0.500000
vt 0.718750 0.500000
vt 0.750000 0.937500
vt 0.734375 1.000000
vt 0.718750 0.937500
vt 0.734375 0.000000
vt 0.750000 0.437500
vt 0.718750 0.437500
vt 0.750000 0.875000
vt 0.718750 0.875000
vt 0.687500 0.437500
vt 0.687500 0.375000
vt 0.687500 0.875000
vt 0.687500 0.812500
vt 0.687500 0.312500
vt 0.687500 0.750000
vt 0.687500 0.250000
vt 0.687500 0.687500
vt 0.687500 0.187500
vt 0.687500 0.625000
vt 0.687500 0.125000
vt 0.687500 0.562500
vt 0.687500 0.062500
vt 0.687500 0.500000
vt 0.703125 1.000000
vt 0.687500 0.937500
vt 0.703125 0.000000
vt 0.656250 0.187500
vt 0.656250 0.125000
vt 0.656250 0.625000
vt 0.656250 0.562500
vt 0.656250 0.062500
vt 0.656250 0.500000
vt 0.671875 1.000000
vt 0.656250 0.937500
vt 0.671875 0.000000
vt 0.656250 0.437500
vt 0.656250 0.875000
vt 0.656250 0.375000
vt 0.656250 0.812500
vt 0.656250 0.312500
vt 0.656250 0.750000
vt 0.656250 0.250000
vt 0.656250 0.687500
vt 0.625000 0.875000
vt 0.625000 0.812500
vt 0.625000 0.375000
vt 0.625000 0.312500
vt 0.625000 0.750000
vt 0.625000 0.250000
vt 0.625000 0.687500
vt 0.625000 0.187500
vt 0.625000 0.625000
vt 0.625000 0.125000
vt 0.625000 0.562500
vt 0.625000 0.062500
vt 0.625000 0.500000
vt 0.640625 1.000000
vt 0.625000 0.937500
vt 0.640625 0.000000
vt 0.625000 0.437500
vt 0.593750 0.625000
vt 0.593750 0.562500
vt 0.593750 0.125000
vt 0.593750 0.062500
vt 0.593750 0.500000
vt 0.609375 1.000000
vt 0.593750 0.937500
vt 0.609375 0.000000
vt 0.593750 0.437500
vt 0.593750 0.875000
vt 0.593750 0.375000
vt 0.593750 0.812500
vt 0.593750 0.312500
vt 0.593750 0.750000
vt 0.593750 0.250000
vt 0.593750 0.687500
vt 0.593750 0.187500
vt 0.562500 0.375000
vt 0.562500 0.312500
vt 0.562500 0.812500
vt 0.562500 0.750000
vt 0.562500 0.250000
vt 0.562500 0.687500
vt 0.562500 0.187500
vt 0.562500 0.625000
vt 0.562500 0.125000
vt 0.562500 0.562500
vt 0.562500 0.062500
vt 0.562500 0.500000
vt 0.578125 1.000000
vt 0.562500 0.937500
vt 0.578125 0.000000
vt 0.562500 0.437500
vt 0.562500 0.875000
vt 0.531250 0.125000
vt 0.531250 0.062500
vt 0.531250 0.562500
vt 0.531250 0.500000
vt 0.546875 1.000000
vt 0.531250 0.937500
vt 0.546875 0.000000
vt 0.531250 0.437500
vt 0.531250 0.875000
vt 0.531250 0.375000
vt 0.531250 0.812500
vt 0.531250 0.312500
vt 0.531250 0.750000
vt 0.531250 0.250000
vt 0.531250 0.687500
vt 0.531250 0.187500
vt 0.531250 0.625000
vt 0.500000 0.312500
vt 0.500000 0.250000
vt 0.500000 0.750000
vt 0.500000 0.687500
vt 0.500000 0.187500
vt 0.500000 0.625000
vt 0.500000 0.125000
vt 0.500000 0.562500
vt 0.500000 0.062500
vt 0.500000 0.500000
vt 0.515625 1.000000
vt 0.500000 0.937500
vt 0.515625 0.000000
vt 0.500000 0.437500
vt 0.500000 0.875000
vt 0.500000 0.375000
vt 0.500000 0.812500
vt 0.484375 1.000000
vt 0.468750 0.937500
vt 0.484375 0.000000
vt 0.468750 0.062500
vt 0.468750 0.500000
vt 0.468750 0.437500
vt 0.468750 0.875000
vt 0.468750 0.375000
vt 0.468750 0.812500
vt 0.468750 0.312500
vt 0.468750 0.750000
vt 0.468750 0.250000
vt 0.468750 0.687500
vt 0.468750 0.187500
vt 0.468750 0.625000
vt 0.468750 0.125000
vt 0.468750 0.562500
vt 0.437500 0.750000
vt 0.437500 0.687500
vt 0.437500 0.250000
vt 0.437500 0.187500
vt 0.437500 0.625000
vt 0.437500 0.125000
vt 0.437500 0.562500
vt 0.437500 0.062500
vt 0.437500 0.500000
vt 0.453125 1.000000
vt 0.437500 0.937500
vt 0.453125 0.000000
vt 0.437500 0.437500
vt 0.437500 0.875000
vt 0.437500 0.375000
vt 0.437500 0.812500
vt 0.437500 0.312500
vt 0.406250 0.500000
vt 0.406250 0.437500
vt 0.406250 0.937500
vt 0.406250 0.875000
vt 0.406250 0.375000
vt 0.406250 0.812500
vt 0.406250 0.312500
vt 0.406250 0.750000
vt 0.406250 0.250000
vt 0.406250 0.687500
vt 0.406250 0.187500
vt 0.406250 0.625000
vt 0.406250 0.125000
vt 0.406250 0.562500
vt 0.406250 0.062500
vt 0.421875 1.000000
vt 0.421875 0.000000
vt 0.375000 0.250000
vt 0.375000 0.187500
vt 0.375000 0.687500
vt 0.375000 0.625000
vt 0.375000 0.125000
vt 0.375000 0.562500
vt 0.375000 0.062500
vt 0.375000 0.500000
vt 0.390625 1.000000
vt 0.375000 0.937500
vt 0.390625 0.000000
vt 0.375000 0.437500
vt 0.375000 0.875000
vt 0.375000 0.375000
vt 0.375000 0.812500
vt 0.375000 0.312500
vt 0.375000 0.750000
vt 0.343750 0.937500
vt 0.343750 0.875000
vt 0.343750 0.437500
vt 0.343750 0.375000
vt 0.343750 0.812500
vt 0.343750 0.312500
vt 0.343750 0.750000
vt 0.343750 0.250000
vt 0.343750 0.687500
vt 0.343750 0.187500
vt 0.343750 0.625000
vt 0.343750 0.125000
vt 0.343750 0.562500
vt 0.343750 0.062500
vt 0.343750 0.500000
vt 0.359375 1.000000
vt 0.359375 0.000000
vt 0.312500 0.687500
vt 0.312500 0.625000
vt 0.312500 0.187500
vt 0.312500 0.125000
vt 0.312500 0.562500
vt 0.312500 0.062500
vt 0.312500 0.500000
vt 0.328125 1.000000
vt 0.312500 0.937500
vt 0.328125 0.000000
vt 0.312500 0.437500
vt 0.312500 0.875000
vt 0.312500 0.375000
vt 0.312500 0.812500
vt 0.312500 0.312500
vt 0.312500 0.750000
vt 0.312500 0.250000
vt 0.281250 0.437500
vt 0.281250 0.375000
vt 0.281250 0.875000
vt 0.281250 0.812500
vt 0.281250 0.312500
vt 0.281250 0.750000
vt 0.281250 0.250000
vt 0.281250 0.687500
vt 0.281250 0.187500
vt 0.281250 0.625000
vt 0.281250 0.125000
vt 0.281250 0.562500
vt 0.281250 0.062500
vt 0.281250 0.500000
vt 0.296875 1.000000
vt 0.281250 0.937500
vt 0.296875 0.000000
vt 0.250000 0.187500
vt 0.250000 0.125000
vt 0.250000 0.625000
vt 0.250000 0.562500
vt 0.250000 0.062500
vt 0.250000 0.500000
vt 0.265625 1.000000
vt 0.250000 0.937500
vt 0.265625 0.000000
vt 0.250000 0.437500
vt 0.250000 0.875000
vt 0.250000 0.375000
vt 0.250000 0.812500
vt 0.250000 0.312500
vt 0.250000 0.750000
vt 0.250000 0.250000
vt 0.250000 0.687500
vt 0.218750 0.375000
vt 0.218750 0.312500
vt 0.218750 0.812500
vt 0.218750 0.750000
vt 0.218750 0.250000
vt 0.218750 0.687500
vt 0.218750 0.187500
vt 0.218750 0.625000
vt 0.218750 0.125000
vt 0.218750 0.562500
vt 0.218750 0.062500
vt 0.218750 0.500000
vt 0.234375 1.000000
vt 0.218750 0.937500
vt 0.234375 0.000000
vt 0.218750 0.437500
vt 0.218750 0.875000
vt 0.187500 0.125000
vt 0.187500 0.062500
vt 0.187500 0.562500
vt 0.187500 0.500000
vt 0.203125 1.000000
vt 0.187500 0.937500
vt 0.203125 0.000000
vt 0.187500 0.437500
vt 0.187500 0.875000
vt 0.187500 0.375000
vt 0.187500 0.812500
vt 0.187500 0.312500
vt 0.187500 0.750000
vt 0.187500 0.250000
vt 0.187500 0.687500
vt 0.187500 0.187500
vt 0.187500 0.625000
vt 0.156250 0.812500
vt 0.156250 0.750000
vt 0.156250 0.312500
vt 0.156250 0.250000
vt 0.156250 0.687500
vt 0.156250 0.187500
vt 0.156250 0.625000
vt 0.156250 0.125000
vt 0.156250 0.562500
vt 0.156250 0.062500
vt 0.156250 0.500000
vt 0.171875 1.000000
vt 0.156250 0.937500
vt 0.171875 0.000000
vt 0.156250 0.437500
vt 0.156250 0.875000
vt 0.156250 0.375000
vt 0.125000 0.562500
vt 0.125000 0.500000
vt 0.140625 1.000000
vt 0.125000 0.937500
vt 0.140625 0.000000
vt 0.125000 0.062500
vt 0.125000 0.437500
vt 0.125000 0.875000
vt 0.125000 0.375000
vt 0.125000 0.812500
vt 0.125000 0.312500
vt 0.125000 0.750000
vt 0.125000 0.250000
vt 0.125000 0.687500
vt 0.125000 0.187500
vt 0.125000 0.625000
vt 0.125000 0.125000
vt 0.093750 0.312500
vt 0.093750 0.250000
vt 0.093750 0.750000
vt 0.093750 0.687500
vt 0.093750 0.187500
vt 0.093750 0.625000
vt 0.093750 0.125000
vt 0.093750 0.562500
vt 0.093750 0.062500
vt 0.093750 0.500000
vt 0.109375 1.000000
vt 0.093750 0.937500
vt 0.109375 0.000000
vt 0.093750 0.437500
vt 0.093750 0.875000
vt 0.093750 0.375000
vt 0.093750 0.812500
vt 0.078125 1.000000
vt 0.062500 0.937500
vt 0.078125 0.000000
vt 0.062500 0.062500
vt 0.062500 0.500000
vt 0.062500 0.437500
vt 0.062500 0.875000
vt 0.062500 0.375000
vt 0.062500 0.812500
vt 0.062500 0.312500
vt 0.062500 0.750000
vt 0.062500 0.250000
vt 0.062500 0.687500
vt 0.062500 0.187500
vt 0.062500 0.625000
vt 0.062500 0.125000
vt 0.062500 0.562500
vt 0.031250 0.750000
vt 0.031250 0.687500
vt 0.031250 0.250000
vt 0.031250 0.187500
vt 0.031250 0.625000
vt 0.031250 0.125000
vt 0.031250 0.562500
vt 0.031250 0.062500
vt 0.031250 0.500000
vt 0.046875 1.000000
vt 0.031250 0.937500
vt 0.046875 0.000000
vt 0.031250 0.437500
vt 0.031250 0.875000
vt 0.031250 0.375000
vt 0.031250 0.812500
vt 0.031250 0.312500
vt 0.000000 0.500000
vt 0.000000 0.437500
vt 0.000000 0.937500
vt 0.000000 0.875000
vt 0.000000 0.375000
vt 0.000000 0.812500
vt 0.000000 0.312500
vt 0.000000 0.750000
vt 0.000000 0.250000
vt 0.000000 0.687500
vt 0.000000 0.187500
vt 0.000000 0.625000
vt 0.000000 0.125000
vt 0.000000 0.562500
vt 0.000000 0.062500
vt 0.015625 1.000000
vt 0.015625 0.000000
vt 1.000000 0.187500
vt 1.000000 0.250000
vt 0.968750 0.250000
vt 0.968750 0.187500
vt 1.000000 0.625000
vt 1.000000 0.687500
vt 0.968750 0.687500
vt 0.968750 0.625000
vt 1.000000 0.125000
vt 0.968750 0.125000
vt 1.000000 0.562500
vt 0.968750 0.562500
vt 1.000000 0.062500
vt 0.968750 0.062500
vt 1.000000 0.500000
vt 0.968750 0.500000
vt 1.000000 0.937500
vt 0.984375 1.000000
vt 0.968750 0.937500
vt 0.984375 0.000000
vt 1.000000 0.437500
vt 0.968750 0.437500
vt 1.000000 0.875000
vt 0.968750 0.875000
vt 1.000000 0.375000
vt 0.968750 0.375000
vt 1.000000 0.812500
vt 0.968750 0.812500
vt 1.000000 0.312500
vt 0.968750 0.312500
vt 1.000000 0.750000
vt 0.968750 0.750000
vt 0.937500 0.437500
vt 0.937500 0.375000
vt 0.937500 0.875000
vt 0.937500 0.812500
vt 0.937500 0.312500
vt 0.937500 0.750000
vt 0.937500 0.250000
vt 0.937500 0.687500
vt 0.937500 0.187500
vt 0.937500 0.625000
vt 0.937500 0.125000
vt 0.937500 0.562500
vt 0.937500 0.062500
vt 0.937500 0.500000
vt 0.953125 1.000000
vt 0.937500 0.937500
vt 0.953125 0.000000
vt 0.906250 0.187500
vt 0.906250 0.125000
vt 0.906250 0.625000
vt 0.906250 0.562500
vt 0.906250 0.062500
vt 0.906250 0.500000
vt 0.921875 1.000000
vt 0.906250 0.937500
vt 0.921875 0.000000
vt 0.906250 0.437500
vt 0.906250 0.875000
vt 0.906250 0.375000
vt 0.906250 0.812500
vt 0.906250 0.312500
vt 0.906250 0.750000
vt 0.906250 0.250000
vt 0.906250 0.687500
vt 0.875000 0.875000
vt 0.875000 0.812500
vt 0.875000 0.375000
vt 0.875000 0.312500
vt 0.875000 0.750000
vt 0.875000 0.250000
vt 0.875000 0.687500
vt 0.875000 0.187500
vt 0.875000 0.625000
vt 0.875000 0.125000
vt 0.875000 0.562500
vt 0.875000 0.062500
vt 0.875000 0.500000
vt 0.890625 1.000000
vt 0.875000 0.937500
vt 0.890625 0.000000
vt 0.875000 0.437500
vt 0.843750 0.625000
vt 0.843750 0.562500
vt 0.843750 0.125000
vt 0.843750 0.062500
vt 0.843750 0.500000
vt 0.859375 1.000000
vt 0.843750 0.937500
vt 0.859375 0.000000
vt 0.843750 0.437500
vt 0.843750 0.875000
vt 0.843750 0.375000
vt 0.843750 0.812500
vt 0.843750 0.312500
vt 0.843750 0.750000
vt 0.843750 0.250000
vt 0.843750 0.687500
vt 0.843750 0.187500
vt 0.812500 0.375000
vt 0.812500 0.312500
vt 0.812500 0.812500
vt 0.812500 0.750000
vt 0.812500 0.250000
vt 0.812500 0.687500
vt 0.812500 0.187500
vt 0.812500 0.625000
vt 0.812500 0.125000
vt 0.812500 0.562500
vt 0.812500 0.062500
vt 0.812500 0.500000
vt 0.828125 1.000000
vt 0.812500 0.937500
vt 0.828125 0.000000
vt 0.812500 0.437500
vt 0.812500 0.875000
vt 0.781250 0.125000
vt 0.781250 0.062500
vt 0.781250 0.562500
vt 0.781250 0.500000
vt 0.796875 1.000000
vt 0.781250 0.937500
vt 0.796875 0.000000
vt 0.781250 0.437500
vt 0.781250 0.875000
vt 0.781250 0.375000
vt 0.781250 0.812500
vt 0.781250 0.312500
vt 0.781250 0.750000
vt 0.781250 0.250000
vt 0.781250 0.687500
vt 0.781250 0.187500
vt 0.781250 0.625000
vt 0.765625 1.000000
vt 0.765625 0.000000
s 0
usemtl base
f 14/15/7 486/16/7 24/17/7 25/18/7
f 484/19/8 9/20/8 17/21/8 18/22/8
f 487/23/9 14/15/9 25/18/9 26/24/9
f 10/25/10 484/19/10 18/22/10 19/26/10
f 488/27/11 487/23/11 26/24/11 27/28/11
f 485/29/12 10/25/12 19/26/12 20/30/12
f 489/31/13 488/27/13 27/28/13 28/32/13
f 11/33/14 485/29/14 20/30/14 21/34/14
f 490/35/15 489/31/15 28/32/15 29/36/15
f 12/37/16 11/33/16 21/34/16 22/38/16
f 482/39/17 90/40/17 15/41/17
f 316/42/18 490/35/18 29/36/18
f 13/43/19 12/37/19 22/38/19 23/44/19
f 483/45/20 482/39/20 15/41/20 16/46/20
f 486/16/21 13/43/21 23/44/21 24/17/21
f 9/20/22 483/45/22 16/46/22 17/21/22
f 24/17/23 23/44/23 38/47/23 39/48/23
f 17/21/24 16/46/24 31/49/24 32/50/24
f 25/18/25 24/17/25 39/48/25 40/51/25
f 18/22/26 17/21/26 32/50/26 33/52/26
f 26/24/27 25/18/27 40/51/27 41/53/27
f 19/26/28 18/22/28 33/52/28 34/54/28
f 27/28/29 26/24/29 41/53/29 42/55/29
f 20/30/30 19/26/30 34/54/30 35/56/30
f 28/32/31 27/28/31 42/55/31 43/57/31
f 21/34/32 20/30/32 35/56/32 36/58/32
f 29/36/33 28/32/33 43/57/33 44/59/33
f 22/38/34 21/34/34 36/58/34 37/60/34
f 15/41/35 90/61/35 30/62/35
f 316/63/36 29/36/36 44/59/36
f 23/44/37 22/38/37 37/60/37 38/47/37
f 16/46/38 15/41/38 30/62/38 31/49/38
f 43/57/39 42/55/39 57/64/39 58/65/39
f 36/58/40 35/56/40 50/66/40 51/67/40
f 44/59/41 43/57/41 58/65/41 59/68/41
f 37/60/42 36/58/42 51/67/42 52/69/42
f 30/62/43 90/70/43 45/71/43
f 316/72/44 44/59/44 59/68/44
f 38/47/45 37/60/45 52/69/45 53/73/45
f 31/49/46 30/62/46 45/71/46 46/74/46
f 39/48/47 38/47/47 53/73/47 54/75/47
f 32/50/48 31/49/48 46/74/48 47/76/48
f 40/51/49 39/48/49 54/75/49 55/77/49
f 33/52/50 32/50/50 47/76/50 48/78/50
f 41/53/51 40/51/51 55/77/51 56/79/51
f 34/54/52 33/52/52 48/78/52 49/80/52
f 42/55/53 41/53/53 56/79/53 57/64/53
f 35/56/54 34/54/54 49/80/54 50/66/54
f 47/76/55 46/74/55 61/81/55 62/82/55
f 55/77/56 54/75/56 69/83/56 70/84/56
f 48/78/57 47/76/57 62/82/57 63/85/57
f 56/79/58 55/77/58 70/84/58 71/86/58
f 49/80/59 48/78/59 63/85/59 64/87/59
f 57/64/60 56/79/60 71/86/60 72/88/60
f 50/66/61 49/80/61 64/87/61 65/89/61
f 58/65/62 57/64/62 72/88/62 73/90/62
f 51/67/63 50/66/63 65/89/63 66/91/63
f 59/68/64 58/65/64 73/90/64 74/92/64
f 52/69/65 51/67/65 66/91/65 67/93/65
f 45/71/66 90/94/66 60/95/66
f 316/96/67 59/68/67 74/92/67
f 53/73/68 52/69/68 67/93/68 68/97/68
f 46/74/69 45/71/69 60/95/69 61/81/69
f 54/75/70 53/73/70 68/97/70 69/83/70
f 66/91/71 65/89/71 80/98/71 81/99/71
f 74/92/72 73/90/72 88/100/72 89/101/72
f 67/93/73 66/91/73 81/99/73 82/102/73
f 60/95/74 90/103/74 75/104/74
f 316/105/75 74/92/75 89/101/75
f 68/97/76 67/93/76 82/102/76 83/106/76
f 61/81/77 60/95/77 75/104/77 76/107/77
f 69/83/78 68/97/78 83/106/78 84/108/78
f 62/82/79 61/81/79 76/107/79 77/109/79
f 70/84/80 69/83/80 84/108/80 85/110/80
f 63/85/81 62/82/81 77/109/81 78/111/81
f 71/86/82 70/84/82 85/110/82 86/112/82
f 64/87/83 63/85/83 78/111/83 79/113/83
f 72/88/84 71/86/84 86/112/84 87/114/84
f 65/89/85 64/87/85 79/113/85 80/98/85
f 73/90/86 72/88/86 87/114/86 88/100/86
f 85/110/87 84/108/87 100/115/87 101/116/87
f 78/111/88 77/109/88 93/117/88 94/118/88
f 86/112/89 85/110/89 101/116/89 102/119/89
f 79/113/90 78/111/90 94/118/90 95/120/90
f 87/114/91 86/112/91 102/119/91 103/121/91
f 80/98/92 79/113/92 95/120/92 96/122/92
f 88/100/93 87/114/93 103/121/93 104/123/93
f 81/99/94 80/98/94 96/122/94 97/124/94
f 89/101/95 88/100/95 104/123/95 105/125/95
f 82/102/96 81/99/96 97/124/96 98/126/96
f 75/104/97 90/127/97 91/128/97
f 316/129/98 89/101/98 105/125/98
f 83/106/99 82/102/99 98/126/99 99/130/99
f 76/107/100 75/104/100 91/128/100 92/131/100
f 84/108/101 83/106/101 99/130/101 100/115/101
f 77/109/102 76/107/102 92/131/102 93/117/102
f 105/125/103 104/123/103 119/132/103 120/133/103
f 98/126/104 97/124/104 112/134/104 113/135/104
f 91/128/105 90/136/105 106/137/105
f 316/138/106 105/125/106 120/133/106
f 99/130/107 98/126/107 113/135/107 114/139/107
f 92/131/108 91/128/108 106/137/108 107/140/108
f 100/115/109 99/130/109 114/139/109 115/141/109
f 93/117/110 92/131/110 107/140/110 108/142/110
f 101/116/111 100/115/111 115/141/111 116/143/111
f 94/118/112 93/117/112 108/142/112 109/144/112
f 102/119/113 101/116/113 116/143/113 117/145/113
f 95/120/114 94/118/114 109/144/114 110/146/114
f 103/121/115 102/119/115 117/145/115 118/147/115
f 96/122/116 95/120/116 110/146/116 111/148/116
f 104/123/117 103/121/117 118/147/117 119/132/117
f 97/124/118 96/122/118 111/148/118 112/134/118
f 117/145/119 116/143/119 131/149/119 132/150/119
f 110/146/120 109/144/120 124/151/120 125/152/120
f 118/147/121 117/145/121 132/150/121 133/153/121
f 111/148/122 110/146/122 125/152/122 126/154/122
f 119/132/123 118/147/123 133/153/123 134/155/123
f 112/134/124 111/148/124 126/154/124 127/156/124
f 120/133/125 119/132/125 134/155/125 135/157/125
f 113/135/126 112/134/126 127/156/126 128/158/126
f 106/137/127 90/159/127 121/160/127
f 316/161/128 120/133/128 135/157/128
f 114/139/129 113/135/129 128/158/129 129/162/129
f 107/140/130 106/137/130 121/160/130 122/163/130
f 115/141/131 114/139/131 129/162/131 130/164/131
f 108/142/132 107/140/132 122/163/132 123/165/132
f 116/143/133 115/141/133 130/164/133 131/149/133
f 109/144/134 108/142/134 123/165/134 124/151/134
f 121/160/135 90/166/135 136/167/135
f 316/168/136 135/157/136 150/169/136
f 129/162/137 128/158/137 143/170/137 144/171/137
f 122/163/138 121/160/138 136/167/138 137/172/138
f 130/164/139 129/162/139 144/171/139 145/173/139
f 123/165/140 122/163/140 137/172/140 138/174/140
f 131/149/141 130/164/141 145/173/141 146/175/141
f 124/151/142 123/165/142 138/174/142 139/176/142
f 132/150/143 131/149/143 146/175/143 147/177/143
f 125/152/144 124/151/144 139/176/144 140/178/144
f 133/153/145 132/150/145 147/177/145 148/179/145
f 126/154/146 125/152/146 140/178/146 141/180/146
f 134/155/147 133/153/147 148/179/147 149/181/147
f 127/156/148 126/154/148 141/180/148 142/182/148
f 135/157/149 134/155/149 149/181/149 150/169/149
f 128/158/150 127/156/150 142/182/150 143/170/150
f 140/178/151 139/176/151 154/183/151 155/184/151
f 148/179/152 147/177/152 162/185/152 163/186/152
f 141/180/153 140/178/153 155/184/153 156/187/153
f 149/181/154 148/179/154 163/186/154 164/188/154
f 142/182/155 141/180/155 156/187/155 157/189/155
f 150/169/156 149/181/156 164/188/156 165/190/156
f 143/170/157 142/182/157 157/189/157 158/191/157
f 136/167/158 90/192/158 151/193/158
f 316/194/159 150/169/159 165/190/159
f 144/171/160 143/170/160 158/191/160 159/195/160
f 137/172/161 136/167/161 151/193/161 152/196/161
f 145/173/162 144/171/162 159/195/162 160/197/162
f 138/174/163 137/172/163 152/196/163 153/198/163
f 146/175/164 145/173/164 160/197/164 161/199/164
f 139/176/165 138/174/165 153/198/165 154/183/165
f 147/177/166 146/175/166 161/199/166 162/185/166
f 159/195/167 158/191/167 173/200/167 174/201/167
f 152/196/168 151/193/168 166/202/168 167/203/168
f 160/197/169 159/195/169 174/201/169 175/204/169
f 153/198/170 152/196/170 167/203/170 168/205/170
f 161/199/171 160/197/171 175/204/171 176/206/171
f 154/183/172 153/198/172 168/205/172 169/207/172
f 162/185/173 161/199/173 176/206/173 177/208/173
f 155/184/174 154/183/174 169/207/174 170/209/174
f 163/186/175 162/185/175 177/208/175 178/210/175
f 156/187/176 155/184/176 170/209/176 171/211/176
f 164/188/177 163/186/177 178/210/177 179/212/177
f 157/189/178 156/187/178 171/211/178 172/213/178
f 165/190/179 164/188/179 179/212/179 180/214/179
f 158/191/180 157/189/180 172/213/180 173/200/180
f 151/193/181 90/215/181 166/202/181
f 316/216/182 165/190/182 180/214/182
f 178/210/183 177/208/183 192/217/183 193/218/183
f 171/211/184 170/209/184 185/219/184 186/220/184
f 179/212/185 178/210/185 193/218/185 194/221/185
f 172/213/186 171/211/186 186/220/186 187/222/186
f 180/214/187 179/212/187 194/221/187 195/223/187
f 173/200/188 172/213/188 187/222/188 188/224/188
f 166/202/189 90/225/189 181/226/189
f 316/227/190 180/214/190 195/223/190
f 174/201/191 173/200/191 188/224/191 189/228/191
f 167/203/192 166/202/192 181/226/192 182/229/192
f 175/204/193 174/201/193 189/228/193 190/230/193
f 168/205/194 167/203/194 182/229/194 183/231/194
f 176/206/195 175/204/195 190/230/195 191/232/195
f 169/207/196 168/205/196 183/231/196 184/233/196
f 177/208/197 176/206/197 191/232/197 192/217/197
f 170/209/198 169/207/198 184/233/198 185/219/198
f 182/229/199 181/226/199 196/234/199 197/235/199
f 190/230/200 189/228/200 204/236/200 205/237/200
f 183/231/201 182/229/201 197/235/201 198/238/201
f 191/232/202 190/230/202 205/237/202 206/239/202
f 184/233/203 183/231/203 198/238/203 199/240/203
f 192/217/204 191/232/204 206/239/204 207/241/204
f 185/219/205 184/233/205 199/240/205 200/242/205
f 193/218/206 192/217/206 207/241/206 208/243/206
f 186/220/207 185/219/207 200/242/207 201/244/207
f 194/221/208 193/218/208 208/243/208 209/245/208
f 187/222/209 186/220/209 201/244/209 202/246/209
f 195/223/210 194/221/210 209/245/210 210/247/210
f 188/224/211 187/222/211 202/246/211 203/248/211
f 181/226/212 90/249/212 196/234/212
f 316/250/213 195/223/213 210/247/213
f 189/228/214 188/224/214 203/248/214 204/236/214
f 201/244/215 200/242/215 215/251/215 216/252/215
f 209/245/216 208/243/216 223/253/216 224/254/216
f 202/246/217 201/244/217 216/252/217 217/255/217
f 210/247/218 209/245/218 224/254/218 225/256/218
f 203/248/219 202/246/219 217/255/219 218/257/219
f 196/234/220 90/258/220 211/259/220
f 316/260/221 210/247/221 225/256/221
f 204/236/222 203/248/222 218/257/222 219/261/222
f 197/235/223 196/234/223 211/259/223 212/262/223
f 205/237/224 204/236/224 219/261/224 220/263/224
f 198/238/225 197/235/225 212/262/225 213/264/225
f 206/239/226 205/237/226 220/263/226 221/265/226
f 199/240/227 198/238/227 213/264/227 214/266/227
f 207/241/228 206/239/228 221/265/228 222/267/228
f 200/242/229 199/240/229 214/266/229 215/251/229
f 208/243/230 207/241/230 222/267/230 223/253/230
f 220/263/231 219/261/231 234/268/231 235/269/231
f 213/264/232 212/262/232 227/270/232 228/271/232
f 221/265/233 220/263/233 235/269/233 236/272/233
f 214/266/234 213/264/234 228/271/234 229/273/234
f 222/267/235 221/265/235 236/272/235 237/274/235
f 215/251/236 214/266/236 229/273/236 230/275/236
f 223/253/237 222/267/237 237/274/237 238/276/237
f 216/252/238 215/251/238 230/275/238 231/277/238
f 224/254/239 223/253/239 238/276/239 239/278/239
f 217/255/240 216/252/240 231/277/240 232/279/240
f 225/256/241 224/254/241 239/278/241 240/280/241
f 218/257/242 217/255/242 232/279/242 233/281/242
f 211/259/243 90/282/243 226/283/243
f 316/284/244 225/256/244 240/280/244
f 219/261/245 218/257/245 233/281/245 234/268/245
f 212/262/246 211/259/246 226/283/246 227/270/246
f 239/278/247 238/276/247 253/285/247 254/286/247
f 232/279/248 231/277/248 246/287/248 247/288/248
f 240/280/249 239/278/249 254/286/249 255/289/249
f 233/281/250 232/279/250 247/288/250 248/290/250
f 226/283/251 90/291/251 241/292/251
f 316/293/252 240/280/252 255/289/252
f 234/268/253 233/281/253 248/290/253 249/294/253
f 227/270/254 226/283/254 241/292/254 242/295/254
f 235/269/255 234/268/255 249/294/255 250/296/255
f 228/271/256 227/270/256 242/295/256 243/297/256
f 236/272/257 235/269/257 250/296/257 251/298/257
f 229/273/258 228/271/258 243/297/258 244/299/258
f 237/274/259 236/272/259 251/298/259 252/300/259
f 230/275/260 229/273/260 244/299/260 245/301/260
f 238/276/261 237/274/261 252/300/261 253/285/261
f 231/277/262 230/275/262 245/301/262 246/287/262
f 251/298/263 250/296/263 265/302/263 266/303/263
f 244/299/264 243/297/264 258/304/264 259/305/264
f 252/300/265 251/298/265 266/303/265 267/306/265
f 245/301/266 244/299/266 259/305/266 260/307/266
f 253/285/267 252/300/267 267/306/267 268/308/267
f 246/287/268 245/301/268 260/307/268 261/309/268
f 254/286/269 253/285/269 268/308/269 269/310/269
f 247/288/270 246/287/270 261/309/270 262/311/270
f 255/289/271 254/286/271 269/310/271 270/312/271
f 248/290/272 247/288/272 262/311/272 263/313/272
f 241/292/273 90/314/273 256/315/273
f 316/316/274 255/289/274 270/312/274
f 249/294/275 248/290/275 263/313/275 264/317/275
f 242/295/276 241/292/276 256/315/276 257/318/276
f 250/296/277 249/294/277 264/317/277 265/302/277
f 243/297/278 242/295/278 257/318/278 258/304/278
f 270/312/279 269/310/279 284/319/279 285/320/279
f 263/313/280 262/311/280 277/321/280 278/322/280
f 256/315/281 90/323/281 271/324/281
f 316/325/282 270/312/282 285/320/282
f 264/317/283 263/313/283 278/322/283 279/326/283
f 257/318/284 256/315/284 271/324/284 272/327/284
f 265/302/285 264/317/285 279/326/285 280/328/285
f 258/304/286 257/318/286 272/327/286 273/329/286
f 266/303/287 265/302/287 280/328/287 281/330/287
f 259/305/288 258/304/288 273/329/288 274/331/288
f 267/306/289 266/303/289 281/330/289 282/332/289
f 260/307/290 259/305/290 274/331/290 275/333/290
f 268/308/291 267/306/291 282/332/291 283/334/291
f 261/309/292 260/307/292 275/333/292 276/335/292
f 269/310/293 268/308/293 283/334/293 284/319/293
f 262/311/294 261/309/294 276/335/294 277/321/294
f 274/331/295 273/329/295 288/336/295 289/337/295
f 282/332/296 281/330/296 296/338/296 297/339/296
f 275/333/297 274/331/297 289/337/297 290/340/297
f 283/334/298 282/332/298 297/339/298 298/341/298
f 276/335/299 275/333/299 290/340/299 291/342/299
f 284/319/300 283/334/300 298/341/300 299/343/300
f 277/321/301 276/335/301 291/342/301 292/344/301
f 285/320/302 284/319/302 299/343/302 300/345/302
f 278/322/303 277/321/303 292/344/303 293/346/303
f 271/324/304 90/347/304 286/348/304
f 316/349/305 285/320/305 300/345/305
f 279/326/306 278/322/306 293/346/306 294/350/306
f 272/327/307 271/324/307 286/348/307 287/351/307
f 280/328/308 279/326/308 294/350/308 295/352/308
f 273/329/309 272/327/309 287/351/309 288/336/309
f 281/330/310 280/328/310 295/352/310 296/338/310
f 293/346/311 292/344/311 307/353/311 308/354/311
f 286/348/312 90/355/312 301/356/312
f 316/357/313 300/345/313 315/358/313
f 294/350/314 293/346/314 308/354/314 309/359/314
f 287/351/315 286/348/315 301/356/315 302/360/315
f 295/352/316 294/350/316 309/359/316 310/361/316
f 288/336/317 287/351/317 302/360/317 303/362/317
f 296/338/318 295/352/318 310/361/318 311/363/318
f 289/337/319 288/336/319 303/362/319 304/364/319
f 297/339/320 296/338/320 311/363/320 312/365/320
f 290/340/321 289/337/321 304/364/321 305/366/321
f 298/341/322 297/339/322 312/365/322 313/367/322
f 291/342/323 290/340/323 305/366/323 306/368/323
f 299/343/324 298/341/324 313/367/324 314/369/324
f 292/344/325 291/342/325 306/368/325 307/353/325
f 300/345/326 299/343/326 314/369/326 315/358/326
f 312/365/327 311/363/327 327/370/327 328/371/327
f 305/366/328 304/364/328 320/372/328 321/373/328
f 313/367/329 312/365/329 328/371/329 329/374/329
f 306/368/330 305/366/330 321/373/330 322/375/330
f 314/369/331 313/367/331 329/374/331 330/376/331
f 307/353/332 306/368/332 322/375/332 323/377/332
f 315/358/333 314/369/333 330/376/333 331/378/333
f 308/354/334 307/353/334 323/377/334 324/379/334
f 301/356/335 90/380/335 317/381/335
f 316/382/336 315/358/336 331/378/336
f 309/359/337 308/354/337 324/379/337 325/383/337
f 302/360/338 301/356/338 317/381/338 318/384/338
f 310/361/339 309/359/339 325/383/339 326/385/339
f 303/362/340 302/360/340 318/384/340 319/386/340
f 311/363/341 310/361/341 326/385/341 327/370/341
f 304/364/342 303/362/342 319/386/342 320/372/342
f 317/381/343 90/387/343 332/388/343
f 316/389/344 331/378/344 346/390/344
f 325/383/345 324/379/345 339/391/345 340/392/345
f 318/384/346 317/381/346 332/388/346 333/393/346
f 326/385/347 325/383/347 340/392/347 341/394/347
f 319/386/348 318/384/348 333/393/348 334/395/348
f 327/370/349 326/385/349 341/394/349 342/396/349
f 320/372/350 319/386/350 334/395/350 335/397/350
f 328/371/351 327/370/351 342/396/351 343/398/351
f 321/373/352 320/372/352 335/397/352 336/399/352
f 329/374/353 328/371/353 343/398/353 344/400/353
f 322/375/354 321/373/354 336/399/354 337/401/354
f 330/376/355 329/374/355 344/400/355 345/402/355
f 323/377/356 322/375/356 337/401/356 338/403/356
f 331/378/357 330/376/357 345/402/357 346/390/357
f 324/379/358 323/377/358 338/403/358 339/391/358
f 336/399/359 335/397/359 350/404/359 351/405/359
f 344/400/360 343/398/360 358/406/360 359/407/360
f 337/401/361 336/399/361 351/405/361 352/408/361
f 345/402/362 344/400/362 359/407/362 360/409/362
f 338/403/363 337/401/363 352/408/363 353/410/363
f 346/390/364 345/402/364 360/409/364 361/411/364
f 339/391/365 338/403/365 353/410/365 354/412/365
f 332/388/366 90/413/366 347/414/366
f 316/415/367 346/390/367 361/411/367
f 340/392/368 339/391/368 354/412/368 355/416/368
f 333/393/369 332/388/369 347/414/369 348/417/369
f 341/394/370 340/392/370 355/416/370 356/418/370
f 334/395/371 333/393/371 348/417/371 349/419/371
f 342/396/372 341/394/372 356/418/372 357/420/372
f 335/397/373 334/395/373 349/419/373 350/404/373
f 343/398/374 342/396/374 357/420/374 358/406/374
f 355/416/375 354/412/375 369/421/375 370/422/375
f 348/417/376 347/414/376 362/423/376 363/424/376
f 356/418/377 355/416/377 370/422/377 371/425/377
f 349/419/378 348/417/378 363/424/378 364/426/378
f 357/420/379 356/418/379 371/425/379 372/427/379
f 350/404/380 349/419/380 364/426/380 365/428/380
f 358/406/381 357/420/381 372/427/381 373/429/381
f 351/405/382 350/404/382 365/428/382 366/430/382
f 359/407/383 358/406/383 373/429/383 374/431/383
f 352/408/384 351/405/384 366/430/384 367/432/384
f 360/409/385 359/407/385 374/431/385 375/433/385
f 353/410/386 352/408/386 367/432/386 368/434/386
f 361/411/387 360/409/387 375/433/387 376/435/387
f 354/412/388 353/410/388 368/434/388 369/421/388
f 347/414/389 90/436/389 362/423/389
f 316/437/390 361/411/390 376/435/390
f 374/438/391 373/439/391 388/440/391 389/441/391
f 367/442/392 366/443/392 381/444/392 382/445/392
f 375/446/393 374/438/393 389/441/393 390/447/393
f 368/448/394 367/442/394 382/445/394 383/449/394
f 376/450/395 375/446/395 390/447/395 391/451/395
f 369/452/396 368/448/396 383/449/396 384/453/396
f 362/454/397 90/455/397 377/456/397
f 316/457/398 376/450/398 391/451/398
f 370/458/399 369/452/399 384/453/399 385/459/399
f 363/460/400 362/454/400 377/456/400 378/461/400
f 371/462/401 370/458/401 385/459/401 386/463/401
f 364/464/402 363/460/402 378/461/402 379/465/402
f 372/466/403 371/462/403 386/463/403 387/467/403
f 365/468/404 364/464/404 379/465/404 380/469/404
f 373/439/405 372/466/405 387/467/405 388/440/405
f 366/443/406 365/468/406 380/469/406 381/444/406
f 386/463/407 385/459/407 400/470/407 401/471/407
f 379/465/408 378/461/408 393/472/408 394/473/408
f 387/467/409 386/463/409 401/471/409 402/474/409
f 380/469/410 379/465/410 394/473/410 395/475/410
f 388/440/411 387/467/411 402/474/411 403/476/411
f 381/444/412 380/469/412 395/475/412 396/477/412
f 389/441/413 388/440/413 403/476/413 404/478/413
f 382/445/414 381/444/414 396/477/414 397/479/414
f 390/447/415 389/441/415 404/478/415 405/480/415
f 383/449/416 382/445/416 397/479/416 398/481/416
f 391/451/417 390/447/417 405/480/417 406/482/417
f 384/453/418 383/449/418 398/481/418 399/483/418
f 377/456/419 90/484/419 392/485/419
f 316/486/420 391/451/420 406/482/420
f 385/459/421 384/453/421 399/483/421 400/470/421
f 378/461/422 377/456/422 392/485/422 393/472/422
f 405/480/423 404/478/423 419/487/423 420/488/423
f 398/481/424 397/479/424 412/489/424 413/490/424
f 406/482/425 405/480/425 420/488/425 421/491/425
f 399/483/426 398/481/426 413/490/426 414/492/426
f 392/485/427 90/493/427 407/494/427
f 316/495/428 406/482/428 421/491/428
f 400/470/429 399/483/429 414/492/429 415/496/429
f 393/472/430 392/485/430 407/494/430 408/497/430
f 401/471/431 400/470/431 415/496/431 416/498/431
f 394/473/432 393/472/432 408/497/432 409/499/432
f 402/474/433 401/471/433 416/498/433 417/500/433
f 395/475/434 394/473/434 409/499/434 410/501/434
f 403/476/435 402/474/435 417/500/435 418/502/435
f 396/477/436 395/475/436 410/501/436 411/503/436
f 404/478/437 403/476/437 418/502/437 419/487/437
f 397/479/438 396/477/438 411/503/438 412/489/438
f 409/499/439 408/497/439 423/504/439 424/505/439
f 417/500/440 416/498/440 431/506/440 432/507/440
f 410/501/441 409/499/441 424/505/441 425/508/441
f 418/502/442 417/500/442 432/507/442 433/509/442
f 411/503/443 410/501/443 425/508/443 426/510/443
f 419/487/444 418/502/444 433/509/444 434/511/444
f 412/489/445 411/503/445 426/510/445 427/512/445
f 420/488/446 419/487/446 434/511/446 435/513/446
f 413/490/447 412/489/447 427/512/447 428/514/447
f 421/491/448 420/488/448 435/513/448 436/515/448
f 414/492/449 413/490/449 428/514/449 429/516/449
f 407/494/450 90/517/450 422/518/450
f 316/519/451 421/491/451 436/515/451
f 415/496/452 414/492/452 429/516/452 430/520/452
f 408/497/453 407/494/453 422/518/453 423/504/453
f 416/498/454 415/496/454 430/520/454 431/506/454
f 428/514/455 427/512/455 442/521/455 443/522/455
f 436/515/456 435/513/456 450/523/456 451/524/456
f 429/516/457 428/514/457 443/522/457 444/525/457
f 422/518/458 90/526/458 437/527/458
f 316/528/459 436/515/459 451/524/459
f 430/520/460 429/516/460 444/525/460 445/529/460
f 423/504/461 422/518/461 437/527/461 438/530/461
f 431/506/462 430/520/462 445/529/462 446/531/462
f 424/505/463 423/504/463 438/530/463 439/532/463
f 432/507/464 431/506/464 446/531/464 447/533/464
f 425/508/465 424/505/465 439/532/465 440/534/465
f 433/509/466 432/507/466 447/533/466 448/535/466
f 426/510/467 425/508/467 440/534/467 441/536/467
f 434/511/468 433/509/468 448/535/468 449/537/468
f 427/512/469 426/510/469 441/536/469 442/521/469
f 435/513/470 434/511/470 449/537/470 450/523/470
f 447/533/471 446/531/471 461/538/471 462/539/471
f 440/534/472 439/532/472 454/540/472 455/541/472
f 448/535/473 447/533/473 462/539/473 463/542/473
f 441/536/474 440/534/474 455/541/474 456/543/474
f 449/537/475 448/535/475 463/542/475 464/544/475
f 442/521/476 441/536/476 456/543/476 457/545/476
f 450/523/477 449/537/477 464/544/477 465/546/477
f 443/522/478 442/521/478 457/545/478 458/547/478
f 451/524/479 450/523/479 465/546/479 466/548/479
f 444/525/480 443/522/480 458/547/480 459/549/480
f 437/527/481 90/550/481 452/551/481
f 316/552/482 451/524/482 466/548/482
f 445/529/483 444/525/483 459/549/483 460/553/483
f 438/530/484 437/527/484 452/551/484 453/554/484
f 446/531/485 445/529/485 460/553/485 461/538/485
f 439/532/486 438/530/486 453/554/486 454/540/486
f 466/548/487 465/546/487 480/555/487 481/556/487
f 459/549/488 458/547/488 473/557/488 474/558/488
f 452/551/489 90/559/489 467/560/489
f 316/561/490 466/548/490 481/556/490
f 460/553/491 459/549/491 474/558/491 475/562/491
f 453/554/492 452/551/492 467/560/492 468/563/492
f 461/538/493 460/553/493 475/562/493 476/564/493
f 454/540/494 453/554/494 468/563/494 469/565/494
f 462/539/495 461/538/495 476/564/495 477/566/495
f 455/541/496 454/540/496 469/565/496 470/567/496
f 463/542/497 462/539/497 477/566/497 478/568/497
f 456/543/498 455/541/498 470/567/498 471/569/498
f 464/544/499 463/542/499 478/568/499 479/570/499
f 457/545/500 456/543/500 471/569/500 472/571/500
f 465/546/501 464/544/501 479/570/501 480/555/501
f 458/547/502 457/545/502 472/571/502 473/557/502
f 470/567/503 469/565/503 9/20/503 484/19/503
f 478/568/504 477/566/504 14/15/504 487/23/504
f 471/569/505 470/567/505 484/19/505 10/25/505
f 479/570/506 478/568/506 487/23/506 488/27/506
f 472/571/507 471/569/507 10/25/507 485/29/507
f 480/555/508 479/570/508 488/27/508 489/31/508
f 473/557/509 472/571/509 485/29/509 11/33/509
f 481/556/510 480/555/510 489/31/510 490/35/510
f 474/558/511 473/557/511 11/33/511 12/37/511
f 467/560/512 90/572/512 482/39/512
f 316/573/513 481/556/513 490/35/513
f 475/562/514 474/558/514 12/37/514 13/43/514
f 468/563/515 467/560/515 482/39/515 483/45/515
f 476/564/516 475/562/516 13/43/516 486/16/516
f 469/565/517 468/563/517 483/45/517 9/20/517
f 477/566/518 476/564/518 486/16/518 14/15/518
o Cylinder
v 0.987159 4.539344 0.000000
v 0.987159 5.260656 0.000000
v 0.968191 4.539344 0.192585
v 0.968191 5.260656 0.192585
v 0.912016 4.539344 0.377769
v 0.912016 5.260656 0.377769
v 0.820793 4.539344 0.548436
v 0.820793 5.260656 0.548436
v 0.698027 4.539344 0.698027
v 0.698027 5.260656 0.698027
v 0.548436 4.539344 0.820793
v 0.548436 5.260656 0.820793
v 0.377769 4.539344 0.912016
v 0.377769 5.260656 0.912016
v 0.192585 4.539344 0.968191
v 0.192585 5.260656 0.968191
v 0.000000 4.539344 0.987159
v 0.000000 5.260656 0.987159
v -0.192585 4.539344 0.968191
v -0.192585 5.260656 0.968191
v -0.377769 4.539344 0.912016
v -0.377769 5.260656 0.912016
v -0.548436 4.539344 0.820793
v -0.548436 5.260656 0.820793
v -0.698027 4.539344 0.698027
v -0.698027 5.260656 0.698027
v -0.820793 4.539344 0.548436
v -0.820793 5.260656 0.548436
v -0.912016 4.539344 0.377769
v -0.912016 5.260656 0.377769
v -0.968191 4.539344 0.192585
v -0.968191 5.260656 0.192585
v -0.987159 4.539344 0.000000
v -0.987159 5.260656 0.000000
v -0.968191 4.539344 -0.192585
v -0.968191 5.260656 -0.192585
v -0.912016 4.539344 -0.377769
v -0.912016 5.260656 -0.377769
v -0.820793 4.539344 -0.548436
v -0.820793 5.260656 -0.548436
v -0.698027 4.539344 -0.698027
v -0.698027 5.260656 -0.698027
v -0.548436 4.539344 -0.820793
v -0.548436 5.260656 -0.820793
v -0.377769 4.539344 -0.912016
v -0.377769 5.260656 -0.912016
v -0.192585 4.539344 -0.968191
v -0.192585 5.260656 -0.968191
v 0.000000 4.539344 -0.987159
v 0.000000 5.260656 -0.987159
v 0.192585 4.539344 -0.968191
v 0.192585 5.260656 -0.968191
v 0.377769 4.539344 -0.912016
v 0.377769 5.260656 -0.912016
v 0.548436 4.539344 -0.820793
v 0.548436 5.260656 -0.820793
v 0.698027 4.539344 -0.698027
v 0.698027 5.260656 -0.698027
v 0.820793 4.539344 -0.548436
v 0.820793 5.260656 -0.548436
v 0.912016 4.539344 -0.377769
v 0.912016 5.260656 -0.377769
v 0.968191 4.539344 -0.192585
v 0.968191 5.260656 -0.192585
vn 0.9952 -0.0000 0.0980
vn 0.9569 -0.0000 0.2903
vn 0.8819 -0.0000 0.4714
vn 0.7730 -0.0000 0.6344
vn 0.6344 -0.0000 0.7730
vn 0.4714 -0.0000 0.8819
vn 0.2903 -0.0000 0.9569
vn 0.0980 -0.0000 0.9952
vn -0.0980 -0.0000 0.9952
vn -0.2903 -0.0000 0.9569
vn -0.4714 -0.0000 0.8819
vn -0.6344 -0.0000 0.7730
vn -0.7730 -0.0000 0.6344
vn -0.8819 -0.0000 0.4714
vn -0.9569 -0.0000 0.2903
vn -0.9952 -0.0000 0.0980
vn -0.9952 -0.0000 -0.0980
vn -0.9569 -0.0000 -0.2903
vn -0.8819 -0.0000 -0.4714
vn -0.7730 -0.0000 -0.6344
vn -0.6344 -0.0000 -0.7730
vn -0.4714 -0.0000 -0.8819
vn -0.2903 -0.0000 -0.9569
vn -0.0980 -0.0000 -0.9952
vn 0.0980 -0.0000 -0.9952
vn 0.2903 -0.0000 -0.9569
vn 0.4714 -0.0000 -0.8819
vn 0.6344 -0.0000 -0.7730
vn 0.7730 -0.0000 -0.6344
vn 0.8819 -0.0000 -0.4714
vn -0.0000 1.0000 -0.0000
vn 0.9569 -0.0000 -0.2903
vn 0.9952 -0.0000 -0.0980
vn -0.0000 -1.0000 -0.0000
vt 1.000000 0.500000
vt 1.000000 1.000000
vt 0.968750 1.000000
vt 0.968750 0.500000
vt 0.937500 1.000000
vt 0.937500 0.500000
vt 0.906250 1.000000
vt 0.906250 0.500000
vt 0.875000 1.000000
vt 0.875000 0.500000
vt 0.843750 1.000000
vt 0.843750 0.500000
vt 0.812500 1.000000
vt 0.812500 0.500000
vt 0.781250 1.000000
vt 0.781250 0.500000
vt 0.750000 1.000000
vt 0.750000 0.500000
vt 0.718750 1.000000
vt 0.718750 0.500000
vt 0.687500 1.000000
vt 0.687500 0.500000
vt 0.656250 1.000000
vt 0.656250 0.500000
vt 0.625000 1.000000
vt 0.625000 0.500000
vt 0.593750 1.000000
vt 0.593750 0.500000
vt 0.562500 1.000000
vt 0.562500 0.500000
vt 0.531250 1.000000
vt 0.531250 0.500000
vt 0.500000 1.000000
vt 0.500000 0.500000
vt 0.468750 1.000000
vt 0.468750 0.500000
vt 0.437500 1.000000
vt 0.437500 0.500000
vt 0.406250 1.000000
vt 0.406250 0.500000
vt 0.375000 1.000000
vt 0.375000 0.500000
vt 0.343750 1.000000
vt 0.343750 0.500000
vt 0.312500 1.000000
vt 0.312500 0.500000
vt 0.281250 1.000000
vt 0.281250 0.500000
vt 0.250000 1.000000
vt 0.250000 0.500000
vt 0.218750 1.000000
vt 0.218750 0.500000
vt 0.187500 1.000000
vt 0.187500 0.500000
vt 0.156250 1.000000
vt 0.156250 0.500000
vt 0.125000 1.000000
vt 0.125000 0.500000
vt 0.093750 1.000000
vt 0.093750 0.500000
vt 0.062500 1.000000
vt 0.062500 0.500000
vt 0.296822 0.485388
vt 0.250000 0.490000
vt 0.203178 0.485388
vt 0.158156 0.471731
vt 0.116663 0.449553
vt 0.080294 0.419706
vt 0.050447 0.383337
vt 0.028269 0.341844
vt 0.014612 0.296822
vt 0.010000 0.250000
vt 0.014612 0.203178
vt 0.028269 0.158156
vt 0.050447 0.116663
vt 0.080294 0.080294
vt 0.116663 0.050447
vt 0.158156 0.028269
vt 0.203178 0.014612
vt 0.250000 0.010000
vt 0.296822 0.014612
vt 0.341844 0.028269
vt 0.383337 0.050447
vt 0.419706 0.080294
vt 0.449553 0.116663
vt 0.471731 0.158156
vt 0.485388 0.203178
vt 0.490000 0.250000
vt 0.485388 0.296822
vt 0.471731 0.341844
vt 0.449553 0.383337
vt 0.419706 0.419706
vt 0.383337 0.449553
vt 0.341844 0.471731
vt 0.031250 1.000000
vt 0.031250 0.500000
vt 0.000000 1.000000
vt 0.000000 0.500000
vt 0.750000 0.490000
vt 0.796822 0.485388
vt 0.841844 0.471731
vt 0.883337 0.449553
vt 0.919706 0.419706
vt 0.949553 0.383337
vt 0.971731 0.341844
vt 0.985388 0.296822
vt 0.990000 0.250000
vt 0.985388 0.203178
vt 0.971731 0.158156
vt 0.949553 0.116663
vt 0.919706 0.080294
vt 0.883337 0.050447
vt 0.841844 0.028269
vt 0.796822 0.014612
vt 0.750000 0.010000
vt 0.703178 0.014612
vt 0.658156 0.028269
vt 0.616663 0.050447
vt 0.580294 0.080294
vt 0.550447 0.116663
vt 0.528269 0.158156
vt 0.514612 0.203178
vt 0.510000 0.250000
vt 0.514612 0.296822
vt 0.528269 0.341844
vt 0.550447 0.383337
vt 0.580294 0.419706
vt 0.616663 0.449553
vt 0.658156 0.471731
vt 0.703178 0.485388
s 0
usemtl cojin
f 491/574/519 492/575/519 494/576/519 493/577/519
f 493/577/520 494/576/520 496/578/520 495/579/520
f 495/579/521 496/578/521 498/580/521 497/581/521
f 497/581/522 498/580/522 500/582/522 499/583/522
f 499/583/523 500/582/523 502/584/523 501/585/523
f 501/585/524 502/584/524 504/586/524 503/587/524
f 503/587/525 504/586/525 506/588/525 505/589/525
f 505/589/526 506/588/526 508/590/526 507/591/526
f 507/591/527 508/590/527 510/592/527 509/593/527
f 509/593/528 510/592/528 512/594/528 511/595/528
f 511/595/529 512/594/529 514/596/529 513/597/529
f 513/597/530 514/596/530 516/598/530 515/599/530
f 515/599/531 516/598/531 518/600/531 517/601/531
f 517/601/532 518/600/532 520/602/532 519/603/532
f 519/603/533 520/602/533 522/604/533 521/605/533
f 521/605/534 522/604/534 524/606/534 523/607/534
f 523/607/535 524/606/535 526/608/535 525/609/535
f 525/609/536 526/608/536 528/610/536 527/611/536
f 527/611/537 528/610/537 530/612/537 529/613/537
f 529/613/538 530/612/538 532/614/538 531/615/538
f 531/615/539 532/614/539 534/616/539 533/617/539
f 533/617/540 534/616/540 536/618/540 535/619/540
f 535/619/541 536/618/541 538/620/541 537/621/541
f 537/621/542 538/620/542 540/622/542 539/623/542
f 539/623/543 540/622/543 542/624/543 541/625/543
f 541/625/544 542/624/544 544/626/544 543/627/544
f 543/627/545 544/626/545 546/628/545 545/629/545
f 545/629/546 546/628/546 548/630/546 547/631/546
f 547/631/547 548/630/547 550/632/547 549/633/547
f 549/633/548 550/632/548 552/634/548 551/635/548
f 494/636/549 492/637/549 554/638/549 552/639/549 550/640/549 548/641/549 546/642/549 544/643/549 542/644/549 540/645/549 538/646/549 536/647/549 534/648/549 532/649/549 530/650/549 528/651/549 526/652/549 524/653/549 522/654/549 520/655/549 518/656/549 516/657/549 514/658/549 512/659/549 510/660/549 508/661/549 506/662/549 504/663/549 502/664/549 500/665/549 498/666/549 496/667/549
f 551/635/550 552/634/550 554/668/550 553/669/550
f 553/669/551 554/668/551 492/670/551 491/671/551
f 491/672/552 493/673/552 495/674/552 497/675/552 499/676/552 501/677/552 503/678/552 505/679/552 507/680/552 509/681/552 511/682/552 513/683/552 515/684/552 517/685/552 519/686/552 521/687/552 523/688/552 525/689/552 527/690/552 529/691/552 531/692/552 533/693/552 535/694/552 537/695/552 539/696/552 541/697/552 543/698/552 545/699/552 547/700/552 549/701/552 551/702/552 553/703/552
o Cylinder.001
v 1.054999 4.443686 0.000000
v 1.054999 4.556314 0.000000
v 1.034727 4.443686 0.205820
v 1.034727 4.556314 0.205820
v 0.974692 4.443686 0.403731
v 0.974692 4.556314 0.403731
v 0.877200 4.443686 0.586126
v 0.877200 4.556314 0.586126
v 0.745997 4.443686 0.745997
v 0.745997 4.556314 0.745997
v 0.586126 4.443686 0.877200
v 0.586126 4.556314 0.877200
v 0.403731 4.443686 0.974692
v 0.403731 4.556314 0.974692
v 0.205820 4.443686 1.034727
v 0.205820 4.556314 1.034727
v 0.000000 4.443686 1.054999
v 0.000000 4.556314 1.054999
v -0.205820 4.443686 1.034727
v -0.205820 4.556314 1.034727
v -0.403731 4.443686 0.974692
v -0.403731 4.556314 0.974692
v -0.586126 4.443686 0.877200
v -0.586126 4.556314 0.877200
v -0.745997 4.443686 0.745997
v -0.745997 4.556314 0.745997
v -0.877200 4.443686 0.586126
v -0.877200 4.556314 0.586126
v -0.974692 4.443686 0.403731
v -0.974692 4.556314 0.403731
v -1.034727 4.443686 0.205820
v -1.034727 4.556314 0.205820
v -1.054999 4.443686 0.000000
v -1.054999 4.556314 0.000000
v -1.034727 4.443686 -0.205820
v -1.034727 4.556314 -0.205820
v -0.974692 4.443686 -0.403731
v -0.974692 4.556314 -0.403731
v -0.877200 4.443686 -0.586126
v -0.877200 4.556314 -0.586126
v -0.745997 4.443686 -0.745997
v -0.745997 4.556314 -0.745997
v -0.586126 4.443686 -0.877200
v -0.586126 4.556314 -0.877200
v -0.403731 4.443686 -0.974692
v -0.403731 4.556314 -0.974692
v -0.205820 4.443686 -1.034727
v -0.205820 4.556314 -1.034727
v 0.000000 4.443686 -1.054999
v 0.000000 4.556314 -1.054999
v 0.205820 4.443686 -1.034727
v 0.205820 4.556314 -1.034727
v 0.403731 4.443686 -0.974692
v 0.403731 4.556314 -0.974692
v 0.586126 4.443686 -0.877200
v 0.586126 4.556314 -0.877200
v 0.745997 4.443686 -0.745997
v 0.745997 4.556314 -0.745997
v 0.877200 4.443686 -0.586126
v 0.877200 4.556314 -0.586126
v 0.974692 4.443686 -0.403731
v 0.974692 4.556314 -0.403731
v 1.034727 4.443686 -0.205820
v 1.034727 4.556314 -0.205820
vn 0.9952 -0.0000 0.0980
vn 0.9569 -0.0000 0.2903
vn 0.8819 -0.0000 0.4714
vn 0.7730 -0.0000 0.6344
vn 0.6344 -0.0000 0.7730
vn 0.4714 -0.0000 0.8819
vn 0.2903 -0.0000 0.9569
vn 0.0980 -0.0000 0.9952
vn -0.0980 -0.0000 0.9952
vn -0.2903 -0.0000 0.9569
vn -0.4714 -0.0000 0.8819
vn -0.6344 -0.0000 0.7730
vn -0.7730 -0.0000 0.6344
vn -0.8819 -0.0000 0.4714
vn -0.9569 -0.0000 0.2903
vn -0.9952 -0.0000 0.0980
vn -0.9952 -0.0000 -0.0980
vn -0.9569 -0.0000 -0.2903
vn -0.8819 -0.0000 -0.4714
vn -0.7730 -0.0000 -0.6344
vn -0.6344 -0.0000 -0.7730
vn -0.4714 -0.0000 -0.8819
vn -0.2903 -0.0000 -0.9569
vn -0.0980 -0.0000 -0.9952
vn 0.0980 -0.0000 -0.9952
vn 0.2903 -0.0000 -0.9569
vn 0.4714 -0.0000 -0.8819
vn 0.6344 -0.0000 -0.7730
vn 0.7730 -0.0000 -0.6344
vn 0.8819 -0.0000 -0.4714
vn -0.0000 1.0000 -0.0000
vn 0.9569 -0.0000 -0.2903
vn 0.9952 -0.0000 -0.0980
vn -0.0000 -1.0000 -0.0000
vt 1.000000 0.500000
vt 1.000000 1.000000
vt 0.968750 1.000000
vt 0.968750 0.500000
vt 0.937500 1.000000
vt 0.937500 0.500000
vt 0.906250 1.000000
vt 0.906250 0.500000
vt 0.875000 1.000000
vt 0.875000 0.500000
vt 0.843750 1.000000
vt 0.843750 0.500000
vt 0.812500 1.000000
vt 0.812500 0.500000
vt 0.781250 1.000000
vt 0.781250 0.500000
vt 0.750000 1.000000
vt 0.750000 0.500000
vt 0.718750 1.000000
vt 0.718750 0.500000
vt 0.687500 1.000000
vt 0.687500 0.500000
vt 0.656250 1.000000
vt 0.656250 0.500000
vt 0.625000 1.000000
vt 0.625000 0.500000
vt 0.593750 1.000000
vt 0.593750 0.500000
vt 0.562500 1.000000
vt 0.562500 0.500000
vt 0.531250 1.000000
vt 0.531250 0.500000
vt 0.500000 1.000000
vt 0.500000 0.500000
vt 0.468750 1.000000
vt 0.468750 0.500000
vt 0.437500 1.000000
vt 0.437500 0.500000
vt 0.406250 1.000000
vt 0.406250 0.500000
vt 0.375000 1.000000
vt 0.375000 0.500000
vt 0.343750 1.000000
vt 0.343750 0.500000
vt 0.312500 1.000000
vt 0.312500 0.500000
vt 0.281250 1.000000
vt 0.281250 0.500000
vt 0.250000 1.000000
vt 0.250000 0.500000
vt 0.218750 1.000000
vt 0.218750 0.500000
vt 0.187500 1.000000
vt 0.187500 0.500000
vt 0.156250 1.000000
vt 0.156250 0.500000
vt 0.125000 1.000000
vt 0.125000 0.500000
vt 0.093750 1.000000
vt 0.093750 0.500000
vt 0.062500 1.000000
vt 0.062500 0.500000
vt 0.296822 0.485388
vt 0.250000 0.490000
vt 0.203178 0.485388
vt 0.158156 0.471731
vt 0.116663 0.449553
vt 0.080294 0.419706
vt 0.050447 0.383337
vt 0.028269 0.341844
vt 0.014612 0.296822
vt 0.010000 0.250000
vt 0.014612 0.203178
vt 0.028269 0.158156
vt 0.050447 0.116663
vt 0.080294 0.080294
vt 0.116663 0.050447
vt 0.158156 0.028269
vt 0.203178 0.014612
vt 0.250000 0.010000
vt 0.296822 0.014612
vt 0.341844 0.028269
vt 0.383337 0.050447
vt 0.419706 0.080294
vt 0.449553 0.116663
vt 0.471731 0.158156
vt 0.485388 0.203178
vt 0.490000 0.250000
vt 0.485388 0.296822
vt 0.471731 0.341844
vt 0.449553 0.383337
vt 0.419706 0.419706
vt 0.383337 0.449553
vt 0.341844 0.471731
vt 0.031250 1.000000
vt 0.031250 0.500000
vt 0.000000 1.000000
vt 0.000000 0.500000
vt 0.750000 0.490000
vt 0.796822 0.485388
vt 0.841844 0.471731
vt 0.883337 0.449553
vt 0.919706 0.419706
vt 0.949553 0.383337
vt 0.971731 0.341844
vt 0.985388 0.296822
vt 0.990000 0.250000
vt 0.985388 0.203178
vt 0.971731 0.158156
vt 0.949553 0.116663
vt 0.919706 0.080294
vt 0.883337 0.050447
vt 0.841844 0.028269
vt 0.796822 0.014612
vt 0.750000 0.010000
vt 0.703178 0.014612
vt 0.658156 0.028269
vt 0.616663 0.050447
vt 0.580294 0.080294
vt 0.550447 0.116663
vt 0.528269 0.158156
vt 0.514612 0.203178
vt 0.510000 0.250000
vt 0.514612 0.296822
vt 0.528269 0.341844
vt 0.550447 0.383337
vt 0.580294 0.419706
vt 0.616663 0.449553
vt 0.658156 0.471731
vt 0.703178 0.485388
s 0
usemtl cojin
f 555/704/553 556/705/553 558/706/553 557/707/553
f 557/707/554 558/706/554 560/708/554 559/709/554
f 559/709/555 560/708/555 562/710/555 561/711/555
f 561/711/556 562/710/556 564/712/556 563/713/556
f 563/713/557 564/712/557 566/714/557 565/715/557
f 565/715/558 566/714/558 568/716/558 567/717/558
f 567/717/559 568/716/559 570/718/559 569/719/559
f 569/719/560 570/718/560 572/720/560 571/721/560
f 571/721/561 572/720/561 574/722/561 573/723/561
f 573/723/562 574/722/562 576/724/562 575/725/562
f 575/725/563 576/724/563 578/726/563 577/727/563
f 577/727/564 578/726/564 580/728/564 579/729/564
f 579/729/565 580/728/565 582/730/565 581/731/565
f 581/731/566 582/730/566 584/732/566 583/733/566
f 583/733/567 584/732/567 586/734/567 585/735/567
f 585/735/568 586/734/568 588/736/568 587/737/568
f 587/737/569 588/736/569 590/738/569 589/739/569
f 589/739/570 590/738/570 592/740/570 591/741/570
f 591/741/571 592/740/571 594/742/571 593/743/571
f 593/743/572 594/742/572 596/744/572 595/745/572
f 595/745/573 596/744/573 598/746/573 597/747/573
f 597/747/574 598/746/574 600/748/574 599/749/574
f 599/749/575 600/748/575 602/750/575 601/751/575
f 601/751/576 602/750/576 604/752/576 603/753/576
f 603/753/577 604/752/577 606/754/577 605/755/577
f 605/755/578 606/754/578 608/756/578 607/757/578
f 607/757/579 608/756/579 610/758/579 609/759/579
f 609/759/580 610/758/580 612/760/580 611/761/580
f 611/761/581 612/760/581 614/762/581 613/763/581
f 613/763/582 614/762/582 616/764/582 615/765/582
f 558/766/583 556/767/583 618/768/583 616/769/583 614/770/583 612/771/583 610/772/583 608/773/583 606/774/583 604/775/583 602/776/583 600/777/583 598/778/583 596/779/583 594/780/583 592/781/583 590/782/583 588/783/583 586/784/583 584/785/583 582/786/583 580/787/583 578/788/583 576/789/583 574/790/583 572/791/583 570/792/583 568/793/583 566/794/583 564/795/583 562/796/583 560/797/583
f 615/765/584 616/764/584 618/798/584 617/799/584
f 617/799/585 618/798/585 556/800/585 555/801/585
f 555/802/586 557/803/586 559/804/586 561/805/586 563/806/586 565/807/586 567/808/586 569/809/586 571/810/586 573/811/586 575/812/586 577/813/586 579/814/586 581/815/586 583/816/586 585/817/586 587/818/586 589/819/586 591/820/586 593/821/586 595/822/586 597/823/586 599/824/586 601/825/586 603/826/586 605/827/586 607/828/586 609/829/586 611/830/586 613/831/586 615/832/586 617/833/586
o Cylinder.002
v -0.400000 1.054800 0.600000
v -0.400000 1.254800 0.600000
v -0.401921 1.054800 0.619509
v -0.401921 1.254800 0.619509
v -0.407612 1.054800 0.638268
v -0.407612 1.254800 0.638268
v -0.416853 1.054800 0.655557
v -0.416853 1.254800 0.655557
v -0.429289 1.054800 0.670711
v -0.429289 1.254800 0.670711
v -0.444443 1.054800 0.683147
v -0.444443 1.254800 0.683147
v -0.461732 1.054800 0.692388
v -0.461732 1.254800 0.692388
v -0.480491 1.054800 0.698079
v -0.480491 1.254800 0.698079
v -0.500000 1.054800 0.700000
v -0.500000 1.254800 0.700000
v -0.519509 1.054800 0.698079
v -0.519509 1.254800 0.698079
v -0.538268 1.054800 0.692388
v -0.538268 1.254800 0.692388
v -0.555557 1.054800 0.683147
v -0.555557 1.254800 0.683147
v -0.570711 1.054800 0.670711
v -0.570711 1.254800 0.670711
v -0.583147 1.054800 0.655557
v -0.583147 1.254800 0.655557
v -0.592388 1.054800 0.638268
v -0.592388 1.254800 0.638268
v -0.598079 1.054800 0.619509
v -0.598079 1.254800 0.619509
v -0.600000 1.054800 0.600000
v -0.600000 1.254800 0.600000
v -0.598079 1.054800 0.580491
v -0.598079 1.254800 0.580491
v -0.592388 1.054800 0.561732
v -0.592388 1.254800 0.561732
v -0.583147 1.054800 0.544443
v -0.583147 1.254800 0.544443
v -0.570711 1.054800 0.529289
v -0.570711 1.254800 0.529289
v -0.555557 1.054800 0.516853
v -0.555557 1.254800 0.516853
v -0.538268 1.054800 0.507612
v -0.538268 1.254800 0.507612
v -0.519509 1.054800 0.501921
v -0.519509 1.254800 0.501921
v -0.500000 1.054800 0.500000
v -0.500000 1.254800 0.500000
v -0.480491 1.054800 0.501921
v -0.480491 1.254800 0.501921
v -0.461732 1.054800 0.507612
v -0.461732 1.254800 0.507612
v -0.444443 1.054800 0.516853
v -0.444443 1.254800 0.516853
v -0.429289 1.054800 0.529289
v -0.429289 1.254800 0.529289
v -0.416853 1.054800 0.544443
v -0.416853 1.254800 0.544443
v -0.407612 1.054800 0.561732
v -0.407612 1.254800 0.561732
v -0.401921 1.054800 0.580491
v -0.401921 1.254800 0.580491
vn 0.9952 -0.0000 0.0980
vn 0.9569 -0.0000 0.2903
vn 0.8819 -0.0000 0.4714
vn 0.7730 -0.0000 0.6344
vn 0.6344 -0.0000 0.7730
vn 0.4714 -0.0000 0.8819
vn 0.2903 -0.0000 0.9569
vn 0.0980 -0.0000 0.9952
vn -0.0980 -0.0000 0.9952
vn -0.2903 -0.0000 0.9569
vn -0.4714 -0.0000 0.8819
vn -0.6344 -0.0000 0.7730
vn -0.7730 -0.0000 0.6344
vn -0.8819 -0.0000 0.4714
vn -0.9569 -0.0000 0.2903
vn -0.9952 -0.0000 0.0980
vn -0.9952 -0.0000 -0.0980
vn -0.9569 -0.0000 -0.2903
vn -0.8819 -0.0000 -0.4714
vn -0.7730 -0.0000 -0.6344
vn -0.6344 -0.0000 -0.7730
vn -0.4714 -0.0000 -0.8819
vn -0.2903 -0.0000 -0.9569
vn -0.0980 -0.0000 -0.9952
vn 0.0980 -0.0000 -0.9952
vn 0.2903 -0.0000 -0.9569
vn 0.4714 -0.0000 -0.8819
vn 0.6344 -0.0000 -0.7730
vn 0.7730 -0.0000 -0.6344
vn 0.8819 -0.0000 -0.4714
vn -0.0000 1.0000 -0.0000
vn 0.9569 -0.0000 -0.2903
vn 0.9952 -0.0000 -0.0980
vn -0.0000 -1.0000 -0.0000
vt 1.000000 0.500000
vt 1.000000 1.000000
vt 0.968750 1.000000
vt 0.968750 0.500000
vt 0.937500 1.000000
vt 0.937500 0.500000
vt 0.906250 1.000000
vt 0.906250 0.500000
vt 0.875000 1.000000
vt 0.875000 0.500000
vt 0.843750 1.000000
vt 0.843750 0.500000
vt 0.812500 1.000000
vt 0.812500 0.500000
vt 0.781250 1.000000
vt 0.781250 0.500000
vt 0.750000 1.000000
vt 0.750000 0.500000
vt 0.718750 1.000000
vt 0.718750 0.500000
vt 0.687500 1.000000
vt 0.687500 0.500000
vt 0.656250 1.000000
vt 0.656250 0.500000
vt 0.625000 1.000000
vt 0.625000 0.500000
vt 0.593750 1.000000
vt 0.593750 0.500000
vt 0.562500 1.000000
vt 0.562500 0.500000
vt 0.531250 1.000000
vt 0.531250 0.500000
vt 0.500000 1.000000
vt 0.500000 0.500000
vt 0.468750 1.000000
vt 0.468750 0.500000
vt 0.437500 1.000000
vt 0.437500 0.500000
vt 0.406250 1.000000
vt 0.406250 0.500000
vt 0.375000 1.000000
vt 0.375000 0.500000
vt 0.343750 1.000000
vt 0.343750 0.500000
vt 0.312500 1.000000
vt 0.312500 0.500000
vt 0.281250 1.000000
vt 0.281250 0.500000
vt 0.250000 1.000000
vt 0.250000 0.500000
vt 0.218750 1.000000
vt 0.218750 0.500000
vt 0.187500 1.000000
vt 0.187500 0.500000
vt 0.156250 1.000000
vt 0.156250 0.500000
vt 0.125000 1.000000
vt 0.125000 0.500000
vt 0.093750 1.000000
vt 0.093750 0.500000
vt 0.062500 1.000000
vt 0.062500 0.500000
vt 0.296822 0.485388
vt 0.250000 0.490000
vt 0.203178 0.485388
vt 0.158156 0.471731
vt 0.116663 0.449553
vt 0.080294 0.419706
vt 0.050447 0.383337
vt 0.028269 0.341844
vt 0.014612 0.296822
vt 0.010000 0.250000
vt 0.014612 0.203178
vt 0.028269 0.158156
vt 0.050447 0.116663
vt 0.080294 0.080294
vt 0.116663 0.050447
vt 0.158156 0.028269
vt 0.203178 0.014612
vt 0.250000 0.010000
vt 0.296822 0.014612
vt 0.341844 0.028269
vt 0.383337 0.050447
vt 0.419706 0.080294
vt 0.449553 0.116663
vt 0.471731 0.158156
vt 0.485388 0.203178
vt 0.490000 0.250000
vt 0.485388 0.296822
vt 0.471731 0.341844
vt 0.449553 0.383337
vt 0.419706 0.419706
vt 0.383337 0.449553
vt 0.341844 0.471731
vt 0.031250 1.000000
vt 0.031250 0.500000
vt 0.000000 1.000000
vt 0.000000 0.500000
vt 0.750000 0.490000
vt 0.796822 0.485388
vt 0.841844 0.471731
vt 0.883337 0.449553
vt 0.919706 0.419706
vt 0.949553 0.383337
vt 0.971731 0.341844
vt 0.985388 0.296822
vt 0.990000 0.250000
vt 0.985388 0.203178
vt 0.971731 0.158156
vt 0.949553 0.116663
vt 0.919706 0.080294
vt 0.883337 0.050447
vt 0.841844 0.028269
vt 0.796822 0.014612
vt 0.750000 0.010000
vt 0.703178 0.014612
vt 0.658156 0.028269
vt 0.616663 0.050447
vt 0.580294 0.080294
vt 0.550447 0.116663
vt 0.528269 0.158156
vt 0.514612 0.203178
vt 0.510000 0.250000
vt 0.514612 0.296822
vt 0.528269 0.341844
vt 0.550447 0.383337
vt 0.580294 0.419706
vt 0.616663 0.449553
vt 0.658156 0.471731
vt 0.703178 0.485388
s 0
usemtl base
f 619/834/587 620/835/587 622/836/587 621/837/587
f 621/837/588 622/836/588 624/838/588 623/839/588
f 623/839/589 624/838/589 626/840/589 625/841/589
f 625/841/590 626/840/590 628/842/590 627/843/590
f 627/843/591 628/842/591 630/844/591 629/845/591
f 629/845/592 630/844/592 632/846/592 631/847/592
f 631/847/593 632/846/593 634/848/593 633/849/593
f 633/849/594 634/848/594 636/850/594 635/851/594
f 635/851/595 636/850/595 638/852/595 637/853/595
f 637/853/596 638/852/596 640/854/596 639/855/596
f 639/855/597 640/854/597 642/856/597 641/857/597
f 641/857/598 642/856/598 644/858/598 643/859/598
f 643/859/599 644/858/599 646/860/599 645/861/599
f 645/861/600 646/860/600 648/862/600 647/863/600
f 647/863/601 648/862/601 650/864/601 649/865/601
f 649/865/602 650/864/602 652/866/602 651/867/602
f 651/867/603 652/866/603 654/868/603 653/869/603
f 653/869/604 654/868/604 656/870/604 655/871/604
f 655/871/605 656/870/605 658/872/605 657/873/605
f 657/873/606 658/872/606 660/874/606 659/875/606
f 659/875/607 660/874/607 662/876/607 661/877/607
f 661/877/608 662/876/608 664/878/608 663/879/608
f 663/879/609 664/878/609 666/880/609 665/881/609
f 665/881/610 666/880/610 668/882/610 667/883/610
f 667/883/611 668/882/611 670/884/611 669/885/611
f 669/885/612 670/884/612 672/886/612 671/887/612
f 671/887/613 672/886/613 674/888/613 673/889/613
f 673/889/614 674/888/614 676/890/614 675/891/614
f 675/891/615 676/890/615 678/892/615 677/893/615
f 677/893/616 678/892/616 680/894/616 679/895/616
f 622/896/617 620/897/617 682/898/617 680/899/617 678/900/617 676/901/617 674/902/617 672/903/617 670/904/617 668/905/617 666/906/617 664/907/617 662/908/617 660/909/617 658/910/617 656/911/617 654/912/617 652/913/617 650/914/617 648/915/617 646/916/617 644/917/617 642/918/617 640/919/617 638/920/617 636/921/617 634/922/617 632/923/617 630/924/617 628/925/617 626/926/617 624/927/617
f 679/895/618 680/894/618 682/928/618 681/929/618
f 681/929/619 682/928/619 620/930/619 619/931/619
f 619/932/620 621/933/620 623/934/620 625/935/620 627/936/620 629/937/620 631/938/620 633/939/620 635/940/620 637/941/620 639/942/620 641/943/620 643/944/620 645/945/620 647/946/620 649/947/620 651/948/620 653/949/620 655/950/620 657/951/620 659/952/620 661/953/620 663/954/620 665/955/620 667/956/620 669/957/620 671/958/620 673/959/620 675/960/620 677/961/620 679/962/620 681/963/620
o Cube.001
v -0.430000 5.177009 0.670000
v -0.430000 1.175732 0.670000
v -0.570000 5.177009 0.670000
v -0.570000 1.175732 0.670000
v -0.430000 5.177009 0.530000
v -0.430000 1.175732 0.530000
v -0.570000 5.177009 0.530000
v -0.570000 1.175732 0.530000
vn -0.0000 1.0000 -0.0000
vn -1.0000 -0.0000 -0.0000
vn -0.0000 -0.0000 -1.0000
vn -0.0000 -1.0000 -0.0000
vn -0.0000 -0.0000 1.0000
vn 1.0000 -0.0000 -0.0000
vt 0.625000 0.500000
vt 0.875000 0.500000
vt 0.875000 0.750000
vt 0.625000 0.750000
vt 0.375000 0.750000
vt 0.625000 1.000000
vt 0.375000 1.000000
vt 0.375000 0.000000
vt 0.625000 0.000000
vt 0.625000 0.250000
vt 0.375000 0.250000
vt 0.125000 0.500000
vt 0.375000 0.500000
vt 0.125000 0.750000
s 0
usemtl base
f 683/964/621 687/965/621 689/966/621 685/967/621
f 686/968/622 685/967/622 689/969/622 690/970/622
f 690/971/623 689/972/623 687/973/623 688/974/623
f 688/975/624 684/976/624 686/968/624 690/977/624
f 684/976/625 683/964/625 685/967/625 686/968/625
f 688/974/626 687/973/626 683/964/626 684/976/626
o Sphere.001
v 0.583336 1.193186 0.600000
v 0.624720 1.151801 0.600000
v 0.647118 1.097729 0.600000
v 0.650000 1.068466 0.600000
v 0.647118 1.039202 0.600000
v 0.624720 0.985130 0.600000
v 0.528701 1.215584 0.605709
v 0.556300 1.207048 0.611199
v 0.581734 1.193186 0.616258
v 0.604028 1.174532 0.620692
v 0.622324 1.151801 0.624332
v 0.635919 1.125868 0.627036
v 0.644291 1.097729 0.628701
v 0.647118 1.068466 0.629264
v 0.644291 1.039202 0.628701
v 0.635919 1.011063 0.627036
v 0.622324 0.985130 0.624332
v 0.604028 0.962400 0.620692
v 0.581734 0.943745 0.616258
v 0.556300 0.929884 0.611199
v 0.528701 0.921348 0.605709
v 0.527036 1.215584 0.611199
v 0.553033 1.207048 0.621967
v 0.576992 1.193186 0.631891
v 0.597992 1.174532 0.640590
v 0.615227 1.151801 0.647728
v 0.628033 1.125868 0.653033
v 0.635919 1.097729 0.656300
v 0.638582 1.068466 0.657403
v 0.635919 1.039202 0.656300
v 0.628033 1.011063 0.653033
v 0.615227 0.985130 0.647728
v 0.597992 0.962400 0.640590
v 0.576992 0.943745 0.631891
v 0.553033 0.929884 0.621967
v 0.527036 0.921348 0.611199
v 0.524332 1.215584 0.616258
v 0.547728 1.207048 0.631891
v 0.569291 1.193186 0.646299
v 0.588191 1.174532 0.658927
v 0.603701 1.151801 0.669291
v 0.615227 1.125868 0.676992
v 0.622324 1.097729 0.681734
v 0.624720 1.068466 0.683336
v 0.622324 1.039202 0.681734
v 0.615227 1.011063 0.676992
v 0.603701 0.985130 0.669291
v 0.588191 0.962400 0.658927
v 0.569291 0.943745 0.646299
v 0.547728 0.929884 0.631891
v 0.524332 0.921348 0.616258
v 0.520692 1.215584 0.620692
v 0.540590 1.207048 0.640590
v 0.558927 1.193186 0.658927
v 0.575000 1.174532 0.675000
v 0.588191 1.151801 0.688191
v 0.597992 1.125868 0.697992
v 0.604028 1.097729 0.704028
v 0.606066 1.068466 0.706066
v 0.604028 1.039202 0.704028
v 0.597992 1.011063 0.697992
v 0.588191 0.985130 0.688191
v 0.575000 0.962400 0.675000
v 0.558927 0.943745 0.658927
v 0.540590 0.929884 0.640590
v 0.520692 0.921348 0.620692
v 0.516258 1.215584 0.624332
v 0.531891 1.207048 0.647728
v 0.546299 1.193186 0.669291
v 0.558927 1.174532 0.688191
v 0.569291 1.151801 0.703701
v 0.576992 1.125868 0.715227
v 0.581734 1.097729 0.722324
v 0.583336 1.068466 0.724720
v 0.581734 1.039202 0.722324
v 0.576992 1.011063 0.715227
v 0.569291 0.985130 0.703701
v 0.558927 0.962400 0.688191
v 0.546299 0.943745 0.669291
v 0.531891 0.929884 0.647728
v 0.516258 0.921348 0.624332
v 0.500000 1.218466 0.600000
v 0.511199 1.215584 0.627036
v 0.521967 1.207048 0.653033
v 0.531891 1.193186 0.676992
v 0.540590 1.174532 0.697992
v 0.547728 1.151801 0.715227
v 0.553033 1.125868 0.728033
v 0.556300 1.097729 0.735919
v 0.557402 1.068466 0.738582
v 0.556300 1.039202 0.735919
v 0.553033 1.011063 0.728033
v 0.547728 0.985130 0.715227
v 0.540590 0.962400 0.697992
v 0.531891 0.943745 0.676992
v 0.521967 0.929884 0.653033
v 0.511199 0.921348 0.627036
v 0.505709 1.215584 0.628701
v 0.511199 1.207048 0.656300
v 0.516258 1.193186 0.681734
v 0.520692 1.174532 0.704028
v 0.524332 1.151801 0.722324
v 0.527036 1.125868 0.735919
v 0.528701 1.097729 0.744291
v 0.529263 1.068466 0.747118
v 0.528701 1.039202 0.744291
v 0.527036 1.011063 0.735919
v 0.524332 0.985130 0.722324
v 0.520692 0.962400 0.704028
v 0.516258 0.943745 0.681734
v 0.511199 0.929884 0.656300
v 0.505709 0.921348 0.628701
v 0.500000 1.215584 0.629264
v 0.500000 1.207048 0.657403
v 0.500000 1.193186 0.683336
v 0.500000 1.174532 0.706066
v 0.500000 1.151801 0.724720
v 0.500000 1.125868 0.738582
v 0.500000 1.097729 0.747118
v 0.500000 1.068466 0.750000
v 0.500000 1.039202 0.747118
v 0.500000 1.011063 0.738582
v 0.500000 0.985130 0.724720
v 0.500000 0.962400 0.706066
v 0.500000 0.943745 0.683336
v 0.500000 0.929884 0.657403
v 0.500000 0.921348 0.629264
v 0.494291 1.215584 0.628701
v 0.488801 1.207048 0.656300
v 0.483742 1.193186 0.681734
v 0.479308 1.174532 0.704028
v 0.475668 1.151801 0.722324
v 0.472964 1.125868 0.735919
v 0.471299 1.097729 0.744291
v 0.470736 1.068466 0.747118
v 0.471299 1.039202 0.744291
v 0.472964 1.011063 0.735919
v 0.475668 0.985130 0.722324
v 0.479308 0.962400 0.704028
v 0.483742 0.943745 0.681734
v 0.488801 0.929884 0.656300
v 0.494291 0.921348 0.628701
v 0.488801 1.215584 0.627036
v 0.478033 1.207048 0.653033
v 0.468109 1.193186 0.676992
v 0.459410 1.174532 0.697992
v 0.452272 1.151801 0.715227
v 0.446967 1.125868 0.728033
v 0.443700 1.097729 0.735919
v 0.442597 1.068466 0.738582
v 0.443700 1.039202 0.735919
v 0.446967 1.011063 0.728033
v 0.452272 0.985130 0.715227
v 0.459410 0.962400 0.697992
v 0.468109 0.943745 0.676992
v 0.478033 0.929884 0.653033
v 0.488801 0.921348 0.627036
v 0.483742 1.215584 0.624332
v 0.468109 1.207048 0.647728
v 0.453701 1.193186 0.669291
v 0.441073 1.174532 0.688191
v 0.430709 1.151801 0.703701
v 0.423008 1.125868 0.715227
v 0.418266 1.097729 0.722324
v 0.416664 1.068466 0.724720
v 0.418266 1.039202 0.722324
v 0.423008 1.011063 0.715227
v 0.430709 0.985130 0.703701
v 0.441073 0.962400 0.688191
v 0.453701 0.943745 0.669291
v 0.468109 0.929884 0.647728
v 0.483742 0.921348 0.624332
v 0.479308 1.215584 0.620692
v 0.459410 1.207048 0.640590
v 0.441073 1.193186 0.658927
v 0.425000 1.174532 0.675000
v 0.411809 1.151801 0.688191
v 0.402008 1.125868 0.697992
v 0.395972 1.097729 0.704028
v 0.393934 1.068466 0.706066
v 0.395972 1.039202 0.704028
v 0.402008 1.011063 0.697992
v 0.411809 0.985130 0.688191
v 0.425000 0.962400 0.675000
v 0.441073 0.943745 0.658927
v 0.459410 0.929884 0.640590
v 0.479308 0.921348 0.620692
v 0.475668 1.215584 0.616258
v 0.452272 1.207048 0.631891
v 0.430709 1.193186 0.646299
v 0.411809 1.174532 0.658927
v 0.396299 1.151801 0.669291
v 0.384773 1.125868 0.676992
v 0.377676 1.097729 0.681734
v 0.375280 1.068466 0.683335
v 0.377676 1.039202 0.681734
v 0.384773 1.011063 0.676992
v 0.396299 0.985130 0.669291
v 0.411809 0.962400 0.658927
v 0.430709 0.943745 0.646299
v 0.452272 0.929884 0.631891
v 0.475668 0.921348 0.616258
v 0.472964 1.215584 0.611199
v 0.446967 1.207048 0.621967
v 0.423008 1.193186 0.631891
v 0.402008 1.174532 0.640590
v 0.384773 1.151801 0.647728
v 0.371967 1.125868 0.653033
v 0.364081 1.097729 0.656300
v 0.361418 1.068466 0.657402
v 0.364081 1.039202 0.656300
v 0.371967 1.011063 0.653033
v 0.384773 0.985130 0.647728
v 0.402008 0.962400 0.640590
v 0.423008 0.943745 0.631891
v 0.446967 0.929884 0.621967
v 0.472964 0.921348 0.611199
v 0.471299 1.215584 0.605709
v 0.443700 1.207048 0.611199
v 0.418266 1.193186 0.616258
v 0.395972 1.174532 0.620692
v 0.377676 1.151801 0.624332
v 0.364081 1.125868 0.627036
v 0.355709 1.097729 0.628701
v 0.352882 1.068466 0.629264
v 0.355709 1.039202 0.628701
v 0.364081 1.011063 0.627036
v 0.377676 0.985130 0.624332
v 0.395972 0.962400 0.620692
v 0.418266 0.943745 0.616258
v 0.443700 0.929884 0.611199
v 0.471299 0.921348 0.605709
v 0.470736 1.215584 0.600000
v 0.442598 1.207048 0.600000
v 0.416665 1.193186 0.600000
v 0.393934 1.174532 0.600000
v 0.375280 1.151801 0.600000
v 0.361418 1.125868 0.600000
v 0.352882 1.097729 0.600000
v 0.350000 1.068466 0.600000
v 0.352882 1.039202 0.600000
v 0.361418 1.011063 0.600000
v 0.375280 0.985130 0.600000
v 0.393934 0.962400 0.600000
v 0.416665 0.943745 0.600000
v 0.442598 0.929884 0.600000
v 0.470736 0.921348 0.600000
v 0.471299 1.215584 0.594291
v 0.443700 1.207048 0.588801
v 0.418266 1.193186 0.583742
v 0.395972 1.174532 0.579308
v 0.377676 1.151801 0.575668
v 0.364081 1.125868 0.572964
v 0.355709 1.097729 0.571299
v 0.352882 1.068466 0.570736
v 0.355709 1.039202 0.571299
v 0.364081 1.011063 0.572964
v 0.377676 0.985130 0.575668
v 0.395972 0.962400 0.579308
v 0.418266 0.943745 0.583742
v 0.443700 0.929884 0.588801
v 0.471299 0.921348 0.594291
v 0.472964 1.215584 0.588801
v 0.446967 1.207048 0.578033
v 0.423008 1.193186 0.568109
v 0.402008 1.174532 0.559410
v 0.384773 1.151801 0.552272
v 0.371967 1.125868 0.546967
v 0.364081 1.097729 0.543700
v 0.361418 1.068466 0.542597
v 0.364081 1.039202 0.543700
v 0.371967 1.011063 0.546967
v 0.384773 0.985130 0.552272
v 0.402008 0.962400 0.559410
v 0.423008 0.943745 0.568109
v 0.446967 0.929884 0.578033
v 0.472964 0.921348 0.588801
v 0.475668 1.215584 0.583742
v 0.452272 1.207048 0.568109
v 0.430709 1.193186 0.553701
v 0.411809 1.174532 0.541073
v 0.396299 1.151801 0.530709
v 0.384773 1.125868 0.523008
v 0.377676 1.097729 0.518266
v 0.375280 1.068466 0.516665
v 0.377676 1.039202 0.518266
v 0.384773 1.011063 0.523008
v 0.396299 0.985130 0.530709
v 0.411809 0.962400 0.541073
v 0.430709 0.943745 0.553701
v 0.452272 0.929884 0.568109
v 0.475668 0.921348 0.583742
v 0.479308 1.215584 0.579308
v 0.459410 1.207048 0.559410
v 0.441073 1.193186 0.541073
v 0.425000 1.174532 0.525000
v 0.411809 1.151801 0.511809
v 0.402008 1.125868 0.502008
v 0.395972 1.097729 0.495972
v 0.393934 1.068466 0.493934
v 0.395972 1.039202 0.495972
v 0.402008 1.011063 0.502008
v 0.411809 0.985130 0.511809
v 0.425000 0.962400 0.525000
v 0.441073 0.943745 0.541073
v 0.459410 0.929884 0.559410
v 0.479308 0.921348 0.579308
v 0.500000 0.918466 0.600000
v 0.483742 1.215584 0.575668
v 0.468109 1.207048 0.552272
v 0.453701 1.193186 0.530709
v 0.441073 1.174532 0.511809
v 0.430709 1.151801 0.496299
v 0.423008 1.125868 0.484773
v 0.418266 1.097729 0.477676
v 0.416665 1.068466 0.475280
v 0.418266 1.039202 0.477676
v 0.423008 1.011063 0.484773
v 0.430709 0.985130 0.496299
v 0.441073 0.962400 0.511809
v 0.453701 0.943745 0.530709
v 0.468109 0.929884 0.552272
v 0.483742 0.921348 0.575668
v 0.488801 1.215584 0.572964
v 0.478033 1.207048 0.546967
v 0.468109 1.193186 0.523008
v 0.459410 1.174532 0.502008
v 0.452272 1.151801 0.484773
v 0.446967 1.125868 0.471967
v 0.443701 1.097729 0.464081
v 0.442598 1.068466 0.461418
v 0.443701 1.039202 0.464081
v 0.446967 1.011063 0.471967
v 0.452272 0.985130 0.484773
v 0.459410 0.962400 0.502008
v 0.468109 0.943745 0.523008
v 0.478033 0.929884 0.546967
v 0.488801 0.921348 0.572964
v 0.494291 1.215584 0.571299
v 0.488801 1.207048 0.543701
v 0.483742 1.193186 0.518266
v 0.479308 1.174532 0.495972
v 0.475668 1.151801 0.477676
v 0.472964 1.125868 0.464081
v 0.471299 1.097729 0.455709
v 0.470737 1.068466 0.452882
v 0.471299 1.039202 0.455709
v 0.472964 1.011063 0.464081
v 0.475668 0.985130 0.477676
v 0.479308 0.962400 0.495972
v 0.483742 0.943745 0.518266
v 0.488801 0.929884 0.543701
v 0.494291 0.921348 0.571299
v 0.500000 1.215584 0.570737
v 0.500000 1.207048 0.542598
v 0.500000 1.193186 0.516665
v 0.500000 1.174532 0.493934
v 0.500000 1.151801 0.475280
v 0.500000 1.125868 0.461418
v 0.500000 1.097729 0.452882
v 0.500000 1.068466 0.450000
v 0.500000 1.039202 0.452882
v 0.500000 1.011063 0.461418
v 0.500000 0.985130 0.475280
v 0.500000 0.962400 0.493934
v 0.500000 0.943745 0.516665
v 0.500000 0.929884 0.542598
v 0.500000 0.921348 0.570737
v 0.505709 1.215584 0.571299
v 0.511199 1.207048 0.543701
v 0.516258 1.193186 0.518266
v 0.520692 1.174532 0.495972
v 0.524332 1.151801 0.477676
v 0.527036 1.125868 0.464081
v 0.528701 1.097729 0.455709
v 0.529264 1.068466 0.452882
v 0.528701 1.039202 0.455709
v 0.527036 1.011063 0.464081
v 0.524332 0.985130 0.477676
v 0.520692 0.962400 0.495972
v 0.516258 0.943745 0.518266
v 0.511199 0.929884 0.543701
v 0.505709 0.921348 0.571299
v 0.511199 1.215584 0.572964
v 0.521967 1.207048 0.546967
v 0.531891 1.193186 0.523008
v 0.540590 1.174532 0.502008
v 0.547728 1.151801 0.484773
v 0.553033 1.125868 0.471967
v 0.556300 1.097729 0.464081
v 0.557403 1.068466 0.461418
v 0.556300 1.039202 0.464081
v 0.553033 1.011063 0.471967
v 0.547728 0.985130 0.484773
v 0.540590 0.962400 0.502008
v 0.531891 0.943745 0.523008
v 0.521967 0.929884 0.546967
v 0.511199 0.921348 0.572964
v 0.516258 1.215584 0.575668
v 0.531891 1.207048 0.552272
v 0.546299 1.193186 0.530709
v 0.558927 1.174532 0.511809
v 0.569291 1.151801 0.496299
v 0.576992 1.125868 0.484773
v 0.581734 1.097729 0.477676
v 0.583336 1.068466 0.475280
v 0.581734 1.039202 0.477676
v 0.576992 1.011063 0.484773
v 0.569291 0.985130 0.496299
v 0.558927 0.962400 0.511809
v 0.546299 0.943745 0.530709
v 0.531891 0.929884 0.552272
v 0.516258 0.921348 0.575668
v 0.520692 1.215584 0.579308
v 0.540590 1.207048 0.559410
v 0.558927 1.193186 0.541073
v 0.575000 1.174532 0.525000
v 0.588191 1.151801 0.511809
v 0.597992 1.125868 0.502008
v 0.604028 1.097729 0.495972
v 0.606066 1.068466 0.493934
v 0.604028 1.039202 0.495972
v 0.597992 1.011063 0.502008
v 0.588191 0.985130 0.511809
v 0.575000 0.962400 0.525000
v 0.558927 0.943745 0.541073
v 0.540590 0.929884 0.559410
v 0.520692 0.921348 0.579308
v 0.524332 1.215584 0.583742
v 0.547728 1.207048 0.568109
v 0.569291 1.193186 0.553701
v 0.588191 1.174532 0.541073
v 0.603701 1.151801 0.530709
v 0.615227 1.125868 0.523008
v 0.622324 1.097729 0.518266
v 0.624720 1.068466 0.516665
v 0.622324 1.039202 0.518266
v 0.615227 1.011063 0.523008
v 0.603701 0.985130 0.530709
v 0.588191 0.962400 0.541073
v 0.569291 0.943745 0.553701
v 0.547728 0.929884 0.568109
v 0.524332 0.921348 0.583742
v 0.527036 1.215584 0.588801
v 0.553033 1.207048 0.578033
v 0.576992 1.193186 0.568109
v 0.597992 1.174532 0.559410
v 0.615227 1.151801 0.552272
v 0.628033 1.125868 0.546967
v 0.635919 1.097729 0.543701
v 0.638582 1.068466 0.542598
v 0.635919 1.039202 0.543701
v 0.628033 1.011063 0.546967
v 0.615227 0.985130 0.552272
v 0.597992 0.962400 0.559410
v 0.576992 0.943745 0.568109
v 0.553033 0.929884 0.578033
v 0.527036 0.921348 0.588801
v 0.528701 1.215584 0.594291
v 0.556300 1.207048 0.588801
v 0.581734 1.193186 0.583742
v 0.604028 1.174532 0.579308
v 0.622324 1.151801 0.575668
v 0.635919 1.125868 0.572964
v 0.644291 1.097729 0.571299
v 0.647118 1.068466 0.570737
v 0.644291 1.039202 0.571299
v 0.635919 1.011063 0.572964
v 0.622324 0.985130 0.575668
v 0.604028 0.962400 0.579308
v 0.581734 0.943745 0.583742
v 0.556300 0.929884 0.588801
v 0.528701 0.921348 0.594291
v 0.529263 1.215584 0.600000
v 0.557402 1.207048 0.600000
v 0.606066 1.174532 0.600000
v 0.638582 1.125868 0.600000
v 0.638582 1.011063 0.600000
v 0.606066 0.962400 0.600000
v 0.583335 0.943745 0.600000
v 0.557402 0.929884 0.600000
v 0.529263 0.921348 0.600000
vn 0.8786 -0.4696 0.0865
vn 0.6332 0.7715 0.0624
vn 0.7708 -0.6326 0.0759
vn 0.7708 0.6326 0.0759
vn 0.6332 -0.7715 0.0624
vn 0.8786 0.4696 0.0865
vn 0.4709 -0.8810 0.0464
vn 0.9527 0.2890 0.0938
vn 0.2902 -0.9565 0.0286
vn 0.9904 0.0975 0.0975
vn 0.0980 0.9951 0.0097
vn 0.0980 -0.9951 0.0097
vn 0.9904 -0.0975 0.0975
vn 0.2902 0.9565 0.0286
vn 0.9527 -0.2890 0.0938
vn 0.4709 0.8810 0.0464
vn 0.9161 -0.2890 0.2779
vn 0.4528 0.8810 0.1374
vn 0.8448 -0.4696 0.2563
vn 0.6088 0.7715 0.1847
vn 0.7412 -0.6326 0.2248
vn 0.7412 0.6326 0.2248
vn 0.6088 -0.7715 0.1847
vn 0.8448 0.4696 0.2563
vn 0.4528 -0.8810 0.1374
vn 0.9161 0.2890 0.2779
vn 0.2790 -0.9565 0.0846
vn 0.9524 0.0976 0.2889
vn 0.0942 0.9951 0.0286
vn 0.0942 -0.9951 0.0286
vn 0.9524 -0.0976 0.2889
vn 0.2790 0.9565 0.0846
vn 0.4173 -0.8810 0.2230
vn 0.8443 0.2890 0.4513
vn 0.2571 -0.9565 0.1374
vn 0.8777 0.0975 0.4691
vn 0.0869 0.9951 0.0464
vn 0.0869 -0.9951 0.0464
vn 0.8777 -0.0975 0.4691
vn 0.2571 0.9565 0.1374
vn 0.8443 -0.2890 0.4513
vn 0.4173 0.8810 0.2230
vn 0.7786 -0.4696 0.4162
vn 0.5611 0.7715 0.2999
vn 0.6831 -0.6326 0.3651
vn 0.6831 0.6326 0.3651
vn 0.5611 -0.7715 0.2999
vn 0.7786 0.4696 0.4162
vn 0.3658 0.8810 0.3002
vn 0.6825 -0.4696 0.5601
vn 0.4918 0.7715 0.4036
vn 0.5987 -0.6326 0.4913
vn 0.5987 0.6326 0.4913
vn 0.4918 -0.7715 0.4036
vn 0.6825 0.4696 0.5601
vn 0.3658 -0.8810 0.3002
vn 0.7400 0.2890 0.6073
vn 0.2254 -0.9565 0.1850
vn 0.7693 0.0975 0.6314
vn 0.0761 0.9951 0.0625
vn 0.0761 -0.9951 0.0625
vn 0.7693 -0.0975 0.6314
vn 0.2254 0.9565 0.1850
vn 0.7400 -0.2890 0.6073
vn 0.6073 0.2890 0.7400
vn 0.1850 -0.9565 0.2254
vn 0.6314 0.0975 0.7693
vn 0.0625 0.9951 0.0761
vn 0.0625 -0.9951 0.0761
vn 0.6314 -0.0975 0.7693
vn 0.1850 0.9565 0.2254
vn 0.6073 -0.2890 0.7400
vn 0.3002 0.8810 0.3658
vn 0.5601 -0.4696 0.6825
vn 0.4036 0.7715 0.4918
vn 0.4913 -0.6326 0.5987
vn 0.4913 0.6326 0.5987
vn 0.4036 -0.7715 0.4918
vn 0.5601 0.4696 0.6825
vn 0.3002 -0.8810 0.3658
vn 0.4162 -0.4696 0.7786
vn 0.2999 0.7715 0.5611
vn 0.3651 -0.6326 0.6831
vn 0.3651 0.6326 0.6831
vn 0.2999 -0.7715 0.5611
vn 0.4162 0.4696 0.7786
vn 0.2230 -0.8810 0.4173
vn 0.4513 0.2890 0.8443
vn 0.1374 -0.9565 0.2571
vn 0.4691 0.0975 0.8777
vn 0.0464 0.9951 0.0869
vn 0.0464 -0.9951 0.0869
vn 0.4691 -0.0975 0.8777
vn 0.1374 0.9565 0.2571
vn 0.4513 -0.2890 0.8443
vn 0.2230 0.8810 0.4173
vn 0.0846 -0.9565 0.2790
vn 0.2889 0.0975 0.9524
vn 0.0286 0.9951 0.0942
vn 0.0286 -0.9951 0.0942
vn 0.2889 -0.0975 0.9524
vn 0.0846 0.9565 0.2790
vn 0.2779 -0.2890 0.9161
vn 0.1374 0.8810 0.4528
vn 0.2563 -0.4696 0.8448
vn 0.1847 0.7715 0.6088
vn 0.2248 -0.6326 0.7412
vn 0.2248 0.6326 0.7412
vn 0.1847 -0.7715 0.6088
vn 0.2563 0.4696 0.8448
vn 0.1374 -0.8810 0.4528
vn 0.2779 0.2890 0.9161
vn 0.0759 -0.6326 0.7708
vn 0.0759 0.6326 0.7708
vn 0.0624 -0.7715 0.6332
vn 0.0865 0.4696 0.8786
vn 0.0464 -0.8810 0.4709
vn 0.0938 0.2890 0.9527
vn 0.0286 -0.9565 0.2902
vn 0.0975 0.0975 0.9904
vn 0.0097 0.9951 0.0980
vn 0.0097 -0.9951 0.0980
vn 0.0975 -0.0975 0.9904
vn 0.0286 0.9565 0.2902
vn 0.0938 -0.2890 0.9527
vn 0.0464 0.8810 0.4709
vn 0.0865 -0.4696 0.8786
vn 0.0624 0.7715 0.6332
vn -0.0097 0.9951 0.0980
vn -0.0097 -0.9951 0.0980
vn -0.0976 -0.0975 0.9904
vn -0.0286 0.9565 0.2902
vn -0.0938 -0.2890 0.9527
vn -0.0464 0.8810 0.4709
vn -0.0865 -0.4696 0.8786
vn -0.0624 0.7715 0.6332
vn -0.0759 -0.6326 0.7708
vn -0.0759 0.6326 0.7708
vn -0.0624 -0.7715 0.6332
vn -0.0865 0.4696 0.8786
vn -0.0464 -0.8810 0.4709
vn -0.0938 0.2890 0.9527
vn -0.0286 -0.9565 0.2902
vn -0.0976 0.0975 0.9904
vn -0.2248 0.6326 0.7412
vn -0.1847 -0.7715 0.6088
vn -0.2563 0.4696 0.8448
vn -0.1374 -0.8810 0.4528
vn -0.2779 0.2890 0.9161
vn -0.0846 -0.9565 0.2790
vn -0.2889 0.0975 0.9524
vn -0.0286 0.9951 0.0942
vn -0.0286 -0.9951 0.0942
vn -0.2889 -0.0975 0.9524
vn -0.0846 0.9565 0.2790
vn -0.2779 -0.2890 0.9161
vn -0.1374 0.8810 0.4528
vn -0.2563 -0.4696 0.8448
vn -0.1847 0.7715 0.6088
vn -0.2248 -0.6326 0.7412
vn -0.4691 -0.0975 0.8777
vn -0.1374 0.9565 0.2571
vn -0.4513 -0.2890 0.8443
vn -0.2230 0.8810 0.4173
vn -0.4162 -0.4696 0.7786
vn -0.2999 0.7715 0.5611
vn -0.3651 -0.6326 0.6831
vn -0.3651 0.6326 0.6831
vn -0.2999 -0.7715 0.5611
vn -0.4162 0.4696 0.7786
vn -0.2230 -0.8810 0.4173
vn -0.4513 0.2890 0.8443
vn -0.1374 -0.9565 0.2571
vn -0.4691 0.0975 0.8777
vn -0.0464 0.9951 0.0869
vn -0.0464 -0.9951 0.0869
vn -0.4036 -0.7715 0.4918
vn -0.5601 0.4696 0.6825
vn -0.3002 -0.8810 0.3658
vn -0.6073 0.2890 0.7400
vn -0.1850 -0.9565 0.2254
vn -0.6314 0.0975 0.7693
vn -0.0625 0.9951 0.0761
vn -0.0625 -0.9951 0.0761
vn -0.6314 -0.0975 0.7693
vn -0.1850 0.9565 0.2254
vn -0.6073 -0.2890 0.7400
vn -0.3002 0.8810 0.3658
vn -0.5601 -0.4696 0.6825
vn -0.4036 0.7715 0.4918
vn -0.4913 -0.6326 0.5987
vn -0.4913 0.6326 0.5987
vn -0.2254 0.9565 0.1850
vn -0.7400 -0.2890 0.6073
vn -0.3658 0.8810 0.3002
vn -0.6825 -0.4696 0.5601
vn -0.4918 0.7715 0.4036
vn -0.5987 -0.6326 0.4913
vn -0.5987 0.6326 0.4913
vn -0.4918 -0.7715 0.4036
vn -0.6825 0.4696 0.5601
vn -0.3658 -0.8810 0.3002
vn -0.7400 0.2890 0.6073
vn -0.2254 -0.9565 0.1850
vn -0.7693 0.0975 0.6314
vn -0.0761 0.9951 0.0625
vn -0.0761 -0.9951 0.0625
vn -0.7693 -0.0975 0.6314
vn -0.7786 0.4696 0.4162
vn -0.4173 -0.8810 0.2230
vn -0.8443 0.2890 0.4513
vn -0.2571 -0.9565 0.1374
vn -0.8777 0.0975 0.4691
vn -0.0869 0.9951 0.0464
vn -0.0869 -0.9951 0.0464
vn -0.8777 -0.0975 0.4691
vn -0.2571 0.9565 0.1374
vn -0.8443 -0.2890 0.4513
vn -0.4173 0.8810 0.2230
vn -0.7786 -0.4696 0.4162
vn -0.5611 0.7715 0.2999
vn -0.6831 -0.6326 0.3651
vn -0.6831 0.6326 0.3651
vn -0.5611 -0.7715 0.2999
vn -0.9161 -0.2890 0.2779
vn -0.4528 0.8810 0.1374
vn -0.8448 -0.4696 0.2563
vn -0.6088 0.7715 0.1847
vn -0.7412 -0.6326 0.2248
vn -0.7412 0.6326 0.2248
vn -0.6088 -0.7715 0.1847
vn -0.8448 0.4696 0.2563
vn -0.4528 -0.8810 0.1374
vn -0.9161 0.2890 0.2779
vn -0.2790 -0.9565 0.0846
vn -0.9524 0.0975 0.2889
vn -0.0942 0.9951 0.0286
vn -0.0942 -0.9951 0.0286
vn -0.9524 -0.0975 0.2889
vn -0.2790 0.9565 0.0846
vn -0.4709 -0.8810 0.0464
vn -0.9527 0.2890 0.0938
vn -0.2902 -0.9565 0.0286
vn -0.9904 0.0975 0.0975
vn -0.0980 0.9951 0.0097
vn -0.0980 -0.9951 0.0097
vn -0.9904 -0.0975 0.0975
vn -0.2902 0.9565 0.0286
vn -0.9527 -0.2890 0.0938
vn -0.4709 0.8810 0.0464
vn -0.8786 -0.4696 0.0865
vn -0.6332 0.7715 0.0624
vn -0.7708 -0.6326 0.0759
vn -0.7708 0.6326 0.0759
vn -0.6332 -0.7715 0.0624
vn -0.8786 0.4696 0.0865
vn -0.8786 -0.4696 -0.0865
vn -0.6332 0.7715 -0.0624
vn -0.7708 -0.6326 -0.0759
vn -0.7708 0.6326 -0.0759
vn -0.6332 -0.7715 -0.0624
vn -0.8786 0.4696 -0.0865
vn -0.4709 -0.8810 -0.0464
vn -0.9527 0.2890 -0.0938
vn -0.2902 -0.9565 -0.0286
vn -0.9904 0.0975 -0.0976
vn -0.0980 0.9951 -0.0097
vn -0.0980 -0.9951 -0.0097
vn -0.9904 -0.0975 -0.0976
vn -0.2902 0.9565 -0.0286
vn -0.9527 -0.2890 -0.0938
vn -0.4709 0.8810 -0.0464
vn -0.2790 -0.9565 -0.0846
vn -0.9524 0.0975 -0.2889
vn -0.0942 0.9951 -0.0286
vn -0.0942 -0.9951 -0.0286
vn -0.9524 -0.0975 -0.2889
vn -0.2790 0.9565 -0.0846
vn -0.9161 -0.2890 -0.2779
vn -0.4528 0.8810 -0.1374
vn -0.8448 -0.4696 -0.2563
vn -0.6088 0.7715 -0.1847
vn -0.7412 -0.6326 -0.2248
vn -0.7412 0.6326 -0.2248
vn -0.6088 -0.7715 -0.1847
vn -0.8448 0.4696 -0.2563
vn -0.4528 -0.8810 -0.1374
vn -0.9161 0.2890 -0.2779
vn -0.5611 0.7715 -0.2999
vn -0.6831 -0.6326 -0.3651
vn -0.6831 0.6326 -0.3651
vn -0.5611 -0.7715 -0.2999
vn -0.7786 0.4696 -0.4162
vn -0.4173 -0.8810 -0.2230
vn -0.8443 0.2890 -0.4513
vn -0.2571 -0.9565 -0.1374
vn -0.8777 0.0975 -0.4691
vn -0.0869 0.9951 -0.0464
vn -0.0869 -0.9951 -0.0464
vn -0.8777 -0.0975 -0.4691
vn -0.2571 0.9565 -0.1374
vn -0.8443 -0.2890 -0.4513
vn -0.4173 0.8810 -0.2230
vn -0.7786 -0.4696 -0.4162
vn -0.7693 0.0975 -0.6314
vn -0.0761 0.9951 -0.0625
vn -0.0761 -0.9951 -0.0625
vn -0.7693 -0.0975 -0.6314
vn -0.2254 0.9565 -0.1850
vn -0.7400 -0.2890 -0.6073
vn -0.3658 0.8810 -0.3002
vn -0.6825 -0.4696 -0.5601
vn -0.4918 0.7715 -0.4036
vn -0.5987 -0.6326 -0.4913
vn -0.5987 0.6326 -0.4913
vn -0.4918 -0.7715 -0.4036
vn -0.6825 0.4696 -0.5601
vn -0.3658 -0.8810 -0.3002
vn -0.7400 0.2890 -0.6073
vn -0.2254 -0.9565 -0.1850
vn -0.4913 -0.6326 -0.5987
vn -0.4913 0.6326 -0.5987
vn -0.4036 -0.7715 -0.4918
vn -0.5601 0.4696 -0.6825
vn -0.3002 -0.8810 -0.3658
vn -0.6073 0.2890 -0.7400
vn -0.1850 -0.9565 -0.2254
vn -0.6314 0.0975 -0.7693
vn -0.0625 0.9951 -0.0761
vn -0.0625 -0.9951 -0.0761
vn -0.6314 -0.0975 -0.7693
vn -0.1850 0.9565 -0.2254
vn -0.6073 -0.2890 -0.7400
vn -0.3002 0.8810 -0.3658
vn -0.5601 -0.4696 -0.6825
vn -0.4036 0.7715 -0.4918
vn -0.0464 0.9951 -0.0869
vn -0.0464 -0.9951 -0.0869
vn -0.4691 -0.0975 -0.8777
vn -0.1374 0.9565 -0.2571
vn -0.4513 -0.2890 -0.8443
vn -0.2230 0.8810 -0.4173
vn -0.4162 -0.4696 -0.7786
vn -0.2999 0.7715 -0.5611
vn -0.3651 -0.6326 -0.6831
vn -0.3651 0.6326 -0.6831
vn -0.2999 -0.7715 -0.5611
vn -0.4162 0.4696 -0.7786
vn -0.2230 -0.8810 -0.4173
vn -0.4513 0.2890 -0.8443
vn -0.1374 -0.9565 -0.2571
vn -0.4691 0.0975 -0.8777
vn -0.2248 0.6326 -0.7412
vn -0.1847 -0.7715 -0.6088
vn -0.2563 0.4696 -0.8448
vn -0.1374 -0.8810 -0.4528
vn -0.2779 0.2890 -0.9161
vn -0.0846 -0.9565 -0.2790
vn -0.2889 0.0975 -0.9524
vn -0.0286 0.9951 -0.0942
vn -0.0286 -0.9951 -0.0942
vn -0.2889 -0.0975 -0.9524
vn -0.0846 0.9565 -0.2790
vn -0.2779 -0.2890 -0.9161
vn -0.1374 0.8810 -0.4528
vn -0.2563 -0.4696 -0.8448
vn -0.1847 0.7715 -0.6088
vn -0.2248 -0.6326 -0.7412
vn -0.0975 -0.0975 -0.9904
vn -0.0286 0.9565 -0.2902
vn -0.0938 -0.2890 -0.9527
vn -0.0464 0.8810 -0.4709
vn -0.0865 -0.4696 -0.8786
vn -0.0624 0.7715 -0.6332
vn -0.0759 -0.6326 -0.7708
vn -0.0759 0.6326 -0.7708
vn -0.0624 -0.7715 -0.6332
vn -0.0865 0.4696 -0.8786
vn -0.0464 -0.8810 -0.4709
vn -0.0938 0.2890 -0.9527
vn -0.0286 -0.9565 -0.2902
vn -0.0975 0.0975 -0.9904
vn -0.0097 0.9951 -0.0980
vn -0.0097 -0.9951 -0.0980
vn 0.0624 -0.7715 -0.6332
vn 0.0865 0.4696 -0.8786
vn 0.0464 -0.8810 -0.4709
vn 0.0938 0.2890 -0.9527
vn 0.0286 -0.9565 -0.2902
vn 0.0976 0.0975 -0.9904
vn 0.0097 0.9951 -0.0980
vn 0.0097 -0.9951 -0.0980
vn 0.0976 -0.0975 -0.9904
vn 0.0286 0.9565 -0.2902
vn 0.0938 -0.2890 -0.9527
vn 0.0464 0.8810 -0.4709
vn 0.0865 -0.4696 -0.8786
vn 0.0624 0.7715 -0.6332
vn 0.0759 -0.6326 -0.7708
vn 0.0759 0.6326 -0.7708
vn 0.2779 -0.2890 -0.9161
vn 0.1374 0.8810 -0.4528
vn 0.2563 -0.4696 -0.8448
vn 0.1847 0.7715 -0.6088
vn 0.2248 -0.6326 -0.7412
vn 0.2248 0.6326 -0.7412
vn 0.1847 -0.7715 -0.6088
vn 0.2563 0.4696 -0.8448
vn 0.1374 -0.8810 -0.4528
vn 0.2779 0.2890 -0.9161
vn 0.0846 -0.9565 -0.2790
vn 0.2889 0.0975 -0.9524
vn 0.0286 0.9951 -0.0942
vn 0.0286 -0.9951 -0.0942
vn 0.2889 -0.0975 -0.9524
vn 0.0846 0.9565 -0.2790
vn 0.2231 -0.8810 -0.4173
vn 0.4513 0.2890 -0.8443
vn 0.1374 -0.9565 -0.2571
vn 0.4691 0.0975 -0.8777
vn 0.0464 0.9951 -0.0869
vn 0.0464 -0.9951 -0.0869
vn 0.4691 -0.0975 -0.8777
vn 0.1374 0.9565 -0.2571
vn 0.4513 -0.2890 -0.8443
vn 0.2231 0.8810 -0.4173
vn 0.4162 -0.4696 -0.7786
vn 0.2999 0.7715 -0.5611
vn 0.3651 -0.6326 -0.6831
vn 0.3651 0.6326 -0.6831
vn 0.2999 -0.7715 -0.5611
vn 0.4162 0.4696 -0.7786
vn 0.3002 0.8810 -0.3658
vn 0.5601 -0.4696 -0.6825
vn 0.4036 0.7715 -0.4918
vn 0.4913 -0.6326 -0.5987
vn 0.4913 0.6326 -0.5987
vn 0.4036 -0.7715 -0.4918
vn 0.5601 0.4696 -0.6825
vn 0.3002 -0.8810 -0.3658
vn 0.6073 0.2890 -0.7400
vn 0.1850 -0.9565 -0.2254
vn 0.6314 0.0975 -0.7693
vn 0.0625 0.9951 -0.0761
vn 0.0625 -0.9951 -0.0761
vn 0.6314 -0.0975 -0.7693
vn 0.1850 0.9565 -0.2254
vn 0.6073 -0.2890 -0.7400
vn 0.7400 0.2890 -0.6073
vn 0.2254 -0.9565 -0.1850
vn 0.7693 0.0975 -0.6314
vn 0.0761 0.9951 -0.0625
vn 0.0761 -0.9951 -0.0625
vn 0.7693 -0.0975 -0.6314
vn 0.2254 0.9565 -0.1850
vn 0.7400 -0.2890 -0.6073
vn 0.3658 0.8810 -0.3002
vn 0.6825 -0.4696 -0.5601
vn 0.4918 0.7715 -0.4036
vn 0.5987 -0.6326 -0.4913
vn 0.5987 0.6326 -0.4913
vn 0.4918 -0.7715 -0.4036
vn 0.6825 0.4696 -0.5601
vn 0.3658 -0.8810 -0.3002
vn 0.7786 -0.4696 -0.4162
vn 0.5611 0.7715 -0.2999
vn 0.6831 -0.6326 -0.3651
vn 0.6831 0.6326 -0.3651
vn 0.5611 -0.7715 -0.2999
vn 0.7786 0.4696 -0.4162
vn 0.4173 -0.8810 -0.2230
vn 0.8443 0.2890 -0.4513
vn 0.2571 -0.9565 -0.1374
vn 0.8777 0.0975 -0.4691
vn 0.0869 0.9951 -0.0464
vn 0.0869 -0.9951 -0.0464
vn 0.8777 -0.0975 -0.4691
vn 0.2571 0.9565 -0.1374
vn 0.8443 -0.2890 -0.4513
vn 0.4173 0.8810 -0.2230
vn 0.2790 -0.9565 -0.0846
vn 0.9524 0.0975 -0.2889
vn 0.0942 0.9951 -0.0286
vn 0.0942 -0.9951 -0.0286
vn 0.9524 -0.0975 -0.2889
vn 0.2790 0.9565 -0.0846
vn 0.9161 -0.2890 -0.2779
vn 0.4528 0.8810 -0.1374
vn 0.8448 -0.4696 -0.2563
vn 0.6088 0.7715 -0.1847
vn 0.7412 -0.6326 -0.2248
vn 0.7412 0.6326 -0.2248
vn 0.6088 -0.7715 -0.1847
vn 0.8448 0.4696 -0.2563
vn 0.4528 -0.8810 -0.1374
vn 0.9161 0.2890 -0.2779
vn 0.6332 0.7715 -0.0624
vn 0.7708 -0.6326 -0.0759
vn 0.7708 0.6326 -0.0759
vn 0.6332 -0.7715 -0.0624
vn 0.8786 0.4696 -0.0865
vn 0.4709 -0.8810 -0.0464
vn 0.9527 0.2890 -0.0938
vn 0.2902 -0.9565 -0.0286
vn 0.9904 0.0975 -0.0976
vn 0.0980 0.9951 -0.0097
vn 0.0980 -0.9951 -0.0097
vn 0.9904 -0.0975 -0.0976
vn 0.2902 0.9565 -0.0286
vn 0.9527 -0.2890 -0.0938
vn 0.4709 0.8810 -0.0464
vn 0.8786 -0.4696 -0.0865
vt 0.750000 0.312500
vt 0.750000 0.375000
vt 0.718750 0.375000
vt 0.718750 0.312500
vt 0.750000 0.750000
vt 0.750000 0.812500
vt 0.718750 0.812500
vt 0.718750 0.750000
vt 0.750000 0.250000
vt 0.718750 0.250000
vt 0.750000 0.687500
vt 0.718750 0.687500
vt 0.750000 0.187500
vt 0.718750 0.187500
vt 0.750000 0.625000
vt 0.718750 0.625000
vt 0.750000 0.125000
vt 0.718750 0.125000
vt 0.750000 0.562500
vt 0.718750 0.562500
vt 0.750000 0.062500
vt 0.718750 0.062500
vt 0.750000 0.500000
vt 0.718750 0.500000
vt 0.750000 0.937500
vt 0.734375 1.000000
vt 0.718750 0.937500
vt 0.734375 0.000000
vt 0.750000 0.437500
vt 0.718750 0.437500
vt 0.750000 0.875000
vt 0.718750 0.875000
vt 0.687500 0.437500
vt 0.687500 0.375000
vt 0.687500 0.875000
vt 0.687500 0.812500
vt 0.687500 0.312500
vt 0.687500 0.750000
vt 0.687500 0.250000
vt 0.687500 0.687500
vt 0.687500 0.187500
vt 0.687500 0.625000
vt 0.687500 0.125000
vt 0.687500 0.562500
vt 0.687500 0.062500
vt 0.687500 0.500000
vt 0.703125 1.000000
vt 0.687500 0.937500
vt 0.703125 0.000000
vt 0.656250 0.187500
vt 0.656250 0.125000
vt 0.656250 0.625000
vt 0.656250 0.562500
vt 0.656250 0.062500
vt 0.656250 0.500000
vt 0.671875 1.000000
vt 0.656250 0.937500
vt 0.671875 0.000000
vt 0.656250 0.437500
vt 0.656250 0.875000
vt 0.656250 0.375000
vt 0.656250 0.812500
vt 0.656250 0.312500
vt 0.656250 0.750000
vt 0.656250 0.250000
vt 0.656250 0.687500
vt 0.625000 0.875000
vt 0.625000 0.812500
vt 0.625000 0.375000
vt 0.625000 0.312500
vt 0.625000 0.750000
vt 0.625000 0.250000
vt 0.625000 0.687500
vt 0.625000 0.187500
vt 0.625000 0.625000
vt 0.625000 0.125000
vt 0.625000 0.562500
vt 0.625000 0.062500
vt 0.625000 0.500000
vt 0.640625 1.000000
vt 0.625000 0.937500
vt 0.640625 0.000000
vt 0.625000 0.437500
vt 0.593750 0.625000
vt 0.593750 0.562500
vt 0.593750 0.125000
vt 0.593750 0.062500
vt 0.593750 0.500000
vt 0.609375 1.000000
vt 0.593750 0.937500
vt 0.609375 0.000000
vt 0.593750 0.437500
vt 0.593750 0.875000
vt 0.593750 0.375000
vt 0.593750 0.812500
vt 0.593750 0.312500
vt 0.593750 0.750000
vt 0.593750 0.250000
vt 0.593750 0.687500
vt 0.593750 0.187500
vt 0.562500 0.375000
vt 0.562500 0.312500
vt 0.562500 0.812500
vt 0.562500 0.750000
vt 0.562500 0.250000
vt 0.562500 0.687500
vt 0.562500 0.187500
vt 0.562500 0.625000
vt 0.562500 0.125000
vt 0.562500 0.562500
vt 0.562500 0.062500
vt 0.562500 0.500000
vt 0.578125 1.000000
vt 0.562500 0.937500
vt 0.578125 0.000000
vt 0.562500 0.437500
vt 0.562500 0.875000
vt 0.531250 0.125000
vt 0.531250 0.062500
vt 0.531250 0.562500
vt 0.531250 0.500000
vt 0.546875 1.000000
vt 0.531250 0.937500
vt 0.546875 0.000000
vt 0.531250 0.437500
vt 0.531250 0.875000
vt 0.531250 0.375000
vt 0.531250 0.812500
vt 0.531250 0.312500
vt 0.531250 0.750000
vt 0.531250 0.250000
vt 0.531250 0.687500
vt 0.531250 0.187500
vt 0.531250 0.625000
vt 0.500000 0.312500
vt 0.500000 0.250000
vt 0.500000 0.750000
vt 0.500000 0.687500
vt 0.500000 0.187500
vt 0.500000 0.625000
vt 0.500000 0.125000
vt 0.500000 0.562500
vt 0.500000 0.062500
vt 0.500000 0.500000
vt 0.515625 1.000000
vt 0.500000 0.937500
vt 0.515625 0.000000
vt 0.500000 0.437500
vt 0.500000 0.875000
vt 0.500000 0.375000
vt 0.500000 0.812500
vt 0.484375 1.000000
vt 0.468750 0.937500
vt 0.484375 0.000000
vt 0.468750 0.062500
vt 0.468750 0.500000
vt 0.468750 0.437500
vt 0.468750 0.875000
vt 0.468750 0.375000
vt 0.468750 0.812500
vt 0.468750 0.312500
vt 0.468750 0.750000
vt 0.468750 0.250000
vt 0.468750 0.687500
vt 0.468750 0.187500
vt 0.468750 0.625000
vt 0.468750 0.125000
vt 0.468750 0.562500
vt 0.437500 0.750000
vt 0.437500 0.687500
vt 0.437500 0.250000
vt 0.437500 0.187500
vt 0.437500 0.625000
vt 0.437500 0.125000
vt 0.437500 0.562500
vt 0.437500 0.062500
vt 0.437500 0.500000
vt 0.453125 1.000000
vt 0.437500 0.937500
vt 0.453125 0.000000
vt 0.437500 0.437500
vt 0.437500 0.875000
vt 0.437500 0.375000
vt 0.437500 0.812500
vt 0.437500 0.312500
vt 0.406250 0.500000
vt 0.406250 0.437500
vt 0.406250 0.937500
vt 0.406250 0.875000
vt 0.406250 0.375000
vt 0.406250 0.812500
vt 0.406250 0.312500
vt 0.406250 0.750000
vt 0.406250 0.250000
vt 0.406250 0.687500
vt 0.406250 0.187500
vt 0.406250 0.625000
vt 0.406250 0.125000
vt 0.406250 0.562500
vt 0.406250 0.062500
vt 0.421875 1.000000
vt 0.421875 0.000000
vt 0.375000 0.250000
vt 0.375000 0.187500
vt 0.375000 0.687500
vt 0.375000 0.625000
vt 0.375000 0.125000
vt 0.375000 0.562500
vt 0.375000 0.062500
vt 0.375000 0.500000
vt 0.390625 1.000000
vt 0.375000 0.937500
vt 0.390625 0.000000
vt 0.375000 0.437500
vt 0.375000 0.875000
vt 0.375000 0.375000
vt 0.375000 0.812500
vt 0.375000 0.312500
vt 0.375000 0.750000
vt 0.343750 0.937500
vt 0.343750 0.875000
vt 0.343750 0.437500
vt 0.343750 0.375000
vt 0.343750 0.812500
vt 0.343750 0.312500
vt 0.343750 0.750000
vt 0.343750 0.250000
vt 0.343750 0.687500
vt 0.343750 0.187500
vt 0.343750 0.625000
vt 0.343750 0.125000
vt 0.343750 0.562500
vt 0.343750 0.062500
vt 0.343750 0.500000
vt 0.359375 1.000000
vt 0.359375 0.000000
vt 0.312500 0.687500
vt 0.312500 0.625000
vt 0.312500 0.187500
vt 0.312500 0.125000
vt 0.312500 0.562500
vt 0.312500 0.062500
vt 0.312500 0.500000
vt 0.328125 1.000000
vt 0.312500 0.937500
vt 0.328125 0.000000
vt 0.312500 0.437500
vt 0.312500 0.875000
vt 0.312500 0.375000
vt 0.312500 0.812500
vt 0.312500 0.312500
vt 0.312500 0.750000
vt 0.312500 0.250000
vt 0.281250 0.437500
vt 0.281250 0.375000
vt 0.281250 0.875000
vt 0.281250 0.812500
vt 0.281250 0.312500
vt 0.281250 0.750000
vt 0.281250 0.250000
vt 0.281250 0.687500
vt 0.281250 0.187500
vt 0.281250 0.625000
vt 0.281250 0.125000
vt 0.281250 0.562500
vt 0.281250 0.062500
vt 0.281250 0.500000
vt 0.296875 1.000000
vt 0.281250 0.937500
vt 0.296875 0.000000
vt 0.250000 0.187500
vt 0.250000 0.125000
vt 0.250000 0.625000
vt 0.250000 0.562500
vt 0.250000 0.062500
vt 0.250000 0.500000
vt 0.265625 1.000000
vt 0.250000 0.937500
vt 0.265625 0.000000
vt 0.250000 0.437500
vt 0.250000 0.875000
vt 0.250000 0.375000
vt 0.250000 0.812500
vt 0.250000 0.312500
vt 0.250000 0.750000
vt 0.250000 0.250000
vt 0.250000 0.687500
vt 0.218750 0.375000
vt 0.218750 0.312500
vt 0.218750 0.812500
vt 0.218750 0.750000
vt 0.218750 0.250000
vt 0.218750 0.687500
vt 0.218750 0.187500
vt 0.218750 0.625000
vt 0.218750 0.125000
vt 0.218750 0.562500
vt 0.218750 0.062500
vt 0.218750 0.500000
vt 0.234375 1.000000
vt 0.218750 0.937500
vt 0.234375 0.000000
vt 0.218750 0.437500
vt 0.218750 0.875000
vt 0.187500 0.125000
vt 0.187500 0.062500
vt 0.187500 0.562500
vt 0.187500 0.500000
vt 0.203125 1.000000
vt 0.187500 0.937500
vt 0.203125 0.000000
vt 0.187500 0.437500
vt 0.187500 0.875000
vt 0.187500 0.375000
vt 0.187500 0.812500
vt 0.187500 0.312500
vt 0.187500 0.750000
vt 0.187500 0.250000
vt 0.187500 0.687500
vt 0.187500 0.187500
vt 0.187500 0.625000
vt 0.156250 0.812500
vt 0.156250 0.750000
vt 0.156250 0.312500
vt 0.156250 0.250000
vt 0.156250 0.687500
vt 0.156250 0.187500
vt 0.156250 0.625000
vt 0.156250 0.125000
vt 0.156250 0.562500
vt 0.156250 0.062500
vt 0.156250 0.500000
vt 0.171875 1.000000
vt 0.156250 0.937500
vt 0.171875 0.000000
vt 0.156250 0.437500
vt 0.156250 0.875000
vt 0.156250 0.375000
vt 0.125000 0.562500
vt 0.125000 0.500000
vt 0.140625 1.000000
vt 0.125000 0.937500
vt 0.140625 0.000000
vt 0.125000 0.062500
vt 0.125000 0.437500
vt 0.125000 0.875000
vt 0.125000 0.375000
vt 0.125000 0.812500
vt 0.125000 0.312500
vt 0.125000 0.750000
vt 0.125000 0.250000
vt 0.125000 0.687500
vt 0.125000 0.187500
vt 0.125000 0.625000
vt 0.125000 0.125000
vt 0.093750 0.312500
vt 0.093750 0.250000
vt 0.093750 0.750000
vt 0.093750 0.687500
vt 0.093750 0.187500
vt 0.093750 0.625000
vt 0.093750 0.125000
vt 0.093750 0.562500
vt 0.093750 0.062500
vt 0.093750 0.500000
vt 0.109375 1.000000
vt 0.093750 0.937500
vt 0.109375 0.000000
vt 0.093750 0.437500
vt 0.093750 0.875000
vt 0.093750 0.375000
vt 0.093750 0.812500
vt 0.078125 1.000000
vt 0.062500 0.937500
vt 0.078125 0.000000
vt 0.062500 0.062500
vt 0.062500 0.500000
vt 0.062500 0.437500
vt 0.062500 0.875000
vt 0.062500 0.375000
vt 0.062500 0.812500
vt 0.062500 0.312500
vt 0.062500 0.750000
vt 0.062500 0.250000
vt 0.062500 0.687500
vt 0.062500 0.187500
vt 0.062500 0.625000
vt 0.062500 0.125000
vt 0.062500 0.562500
vt 0.031250 0.750000
vt 0.031250 0.687500
vt 0.031250 0.250000
vt 0.031250 0.187500
vt 0.031250 0.625000
vt 0.031250 0.125000
vt 0.031250 0.562500
vt 0.031250 0.062500
vt 0.031250 0.500000
vt 0.046875 1.000000
vt 0.031250 0.937500
vt 0.046875 0.000000
vt 0.031250 0.437500
vt 0.031250 0.875000
vt 0.031250 0.375000
vt 0.031250 0.812500
vt 0.031250 0.312500
vt 0.000000 0.500000
vt 0.000000 0.437500
vt 0.000000 0.937500
vt 0.000000 0.875000
vt 0.000000 0.375000
vt 0.000000 0.812500
vt 0.000000 0.312500
vt 0.000000 0.750000
vt 0.000000 0.250000
vt 0.000000 0.687500
vt 0.000000 0.187500
vt 0.000000 0.625000
vt 0.000000 0.125000
vt 0.000000 0.562500
vt 0.000000 0.062500
vt 0.015625 1.000000
vt 0.015625 0.000000
vt 1.000000 0.187500
vt 1.000000 0.250000
vt 0.968750 0.250000
vt 0.968750 0.187500
vt 1.000000 0.625000
vt 1.000000 0.687500
vt 0.968750 0.687500
vt 0.968750 0.625000
vt 1.000000 0.125000
vt 0.968750 0.125000
vt 1.000000 0.562500
vt 0.968750 0.562500
vt 1.000000 0.062500
vt 0.968750 0.062500
vt 1.000000 0.500000
vt 0.968750 0.500000
vt 1.000000 0.937500
vt 0.984375 1.000000
vt 0.968750 0.937500
vt 0.984375 0.000000
vt 1.000000 0.437500
vt 0.968750 0.437500
vt 1.000000 0.875000
vt 0.968750 0.875000
vt 1.000000 0.375000
vt 0.968750 0.375000
vt 1.000000 0.812500
vt 0.968750 0.812500
vt 1.000000 0.312500
vt 0.968750 0.312500
vt 1.000000 0.750000
vt 0.968750 0.750000
vt 0.937500 0.437500
vt 0.937500 0.375000
vt 0.937500 0.875000
vt 0.937500 0.812500
vt 0.937500 0.312500
vt 0.937500 0.750000
vt 0.937500 0.250000
vt 0.937500 0.687500
vt 0.937500 0.187500
vt 0.937500 0.625000
vt 0.937500 0.125000
vt 0.937500 0.562500
vt 0.937500 0.062500
vt 0.937500 0.500000
vt 0.953125 1.000000
vt 0.937500 0.937500
vt 0.953125 0.000000
vt 0.906250 0.187500
vt 0.906250 0.125000
vt 0.906250 0.625000
vt 0.906250 0.562500
vt 0.906250 0.062500
vt 0.906250 0.500000
vt 0.921875 1.000000
vt 0.906250 0.937500
vt 0.921875 0.000000
vt 0.906250 0.437500
vt 0.906250 0.875000
vt 0.906250 0.375000
vt 0.906250 0.812500
vt 0.906250 0.312500
vt 0.906250 0.750000
vt 0.906250 0.250000
vt 0.906250 0.687500
vt 0.875000 0.875000
vt 0.875000 0.812500
vt 0.875000 0.375000
vt 0.875000 0.312500
vt 0.875000 0.750000
vt 0.875000 0.250000
vt 0.875000 0.687500
vt 0.875000 0.187500
vt 0.875000 0.625000
vt 0.875000 0.125000
vt 0.875000 0.562500
vt 0.875000 0.062500
vt 0.875000 0.500000
vt 0.890625 1.000000
vt 0.875000 0.937500
vt 0.890625 0.000000
vt 0.875000 0.437500
vt 0.843750 0.625000
vt 0.843750 0.562500
vt 0.843750 0.125000
vt 0.843750 0.062500
vt 0.843750 0.500000
vt 0.859375 1.000000
vt 0.843750 0.937500
vt 0.859375 0.000000
vt 0.843750 0.437500
vt 0.843750 0.875000
vt 0.843750 0.375000
vt 0.843750 0.812500
vt 0.843750 0.312500
vt 0.843750 0.750000
vt 0.843750 0.250000
vt 0.843750 0.687500
vt 0.843750 0.187500
vt 0.812500 0.375000
vt 0.812500 0.312500
vt 0.812500 0.812500
vt 0.812500 0.750000
vt 0.812500 0.250000
vt 0.812500 0.687500
vt 0.812500 0.187500
vt 0.812500 0.625000
vt 0.812500 0.125000
vt 0.812500 0.562500
vt 0.812500 0.062500
vt 0.812500 0.500000
vt 0.828125 1.000000
vt 0.812500 0.937500
vt 0.828125 0.000000
vt 0.812500 0.437500
vt 0.812500 0.875000
vt 0.781250 0.125000
vt 0.781250 0.062500
vt 0.781250 0.562500
vt 0.781250 0.500000
vt 0.796875 1.000000
vt 0.781250 0.937500
vt 0.796875 0.000000
vt 0.781250 0.437500
vt 0.781250 0.875000
vt 0.781250 0.375000
vt 0.781250 0.812500
vt 0.781250 0.312500
vt 0.781250 0.750000
vt 0.781250 0.250000
vt 0.781250 0.687500
vt 0.781250 0.187500
vt 0.781250 0.625000
vt 0.765625 1.000000
vt 0.765625 0.000000
s 0
usemtl base
f 696/978/627 1168/979/627 706/980/627 707/981/627
f 1166/982/628 691/983/628 699/984/628 700/985/628
f 1169/986/629 696/978/629 707/981/629 708/987/629
f 692/988/630 1166/982/630 700/985/630 701/989/630
f 1170/990/631 1169/986/631 708/987/631 709/991/631
f 1167/992/632 692/988/632 701/989/632 702/993/632
f 1171/994/633 1170/990/633 709/991/633 710/995/633
f 693/996/634 1167/992/634 702/993/634 703/997/634
f 1172/998/635 1171/994/635 710/995/635 711/999/635
f 694/1000/636 693/996/636 703/997/636 704/1001/636
f 1164/1002/637 772/1003/637 697/1004/637
f 998/1005/638 1172/998/638 711/999/638
f 695/1006/639 694/1000/639 704/1001/639 705/1007/639
f 1165/1008/640 1164/1002/640 697/1004/640 698/1009/640
f 1168/979/641 695/1006/641 705/1007/641 706/980/641
f 691/983/642 1165/1008/642 698/1009/642 699/984/642
f 706/980/643 705/1007/643 720/1010/643 721/1011/643
f 699/984/644 698/1009/644 713/1012/644 714/1013/644
f 707/981/645 706/980/645 721/1011/645 722/1014/645
f 700/985/646 699/984/646 714/1013/646 715/1015/646
f 708/987/647 707/981/647 722/1014/647 723/1016/647
f 701/989/648 700/985/648 715/1015/648 716/1017/648
f 709/991/649 708/987/649 723/1016/649 724/1018/649
f 702/993/650 701/989/650 716/1017/650 717/1019/650
f 710/995/651 709/991/651 724/1018/651 725/1020/651
f 703/997/652 702/993/652 717/1019/652 718/1021/652
f 711/999/653 710/995/653 725/1020/653 726/1022/653
f 704/1001/654 703/997/654 718/1021/654 719/1023/654
f 697/1004/655 772/1024/655 712/1025/655
f 998/1026/656 711/999/656 726/1022/656
f 705/1007/657 704/1001/657 719/1023/657 720/1010/657
f 698/1009/658 697/1004/658 712/1025/658 713/1012/658
f 725/1020/659 724/1018/659 739/1027/659 740/1028/659
f 718/1021/660 717/1019/660 732/1029/660 733/1030/660
f 726/1022/661 725/1020/661 740/1028/661 741/1031/661
f 719/1023/662 718/1021/662 733/1030/662 734/1032/662
f 712/1025/663 772/1033/663 727/1034/663
f 998/1035/664 726/1022/664 741/1031/664
f 720/1010/665 719/1023/665 734/1032/665 735/1036/665
f 713/1012/666 712/1025/666 727/1034/666 728/1037/666
f 721/1011/667 720/1010/667 735/1036/667 736/1038/667
f 714/1013/668 713/1012/668 728/1037/668 729/1039/668
f 722/1014/669 721/1011/669 736/1038/669 737/1040/669
f 715/1015/670 714/1013/670 729/1039/670 730/1041/670
f 723/1016/671 722/1014/671 737/1040/671 738/1042/671
f 716/1017/672 715/1015/672 730/1041/672 731/1043/672
f 724/1018/673 723/1016/673 738/1042/673 739/1027/673
f 717/1019/674 716/1017/674 731/1043/674 732/1029/674
f 729/1039/675 728/1037/675 743/1044/675 744/1045/675
f 737/1040/676 736/1038/676 751/1046/676 752/1047/676
f 730/1041/677 729/1039/677 744/1045/677 745/1048/677
f 738/1042/678 737/1040/678 752/1047/678 753/1049/678
f 731/1043/679 730/1041/679 745/1048/679 746/1050/679
f 739/1027/680 738/1042/680 753/1049/680 754/1051/680
f 732/1029/681 731/1043/681 746/1050/681 747/1052/681
f 740/1028/682 739/1027/682 754/1051/682 755/1053/682
f 733/1030/683 732/1029/683 747/1052/683 748/1054/683
f 741/1031/684 740/1028/684 755/1053/684 756/1055/684
f 734/1032/685 733/1030/685 748/1054/685 749/1056/685
f 727/1034/686 772/1057/686 742/1058/686
f 998/1059/687 741/1031/687 756/1055/687
f 735/1036/688 734/1032/688 749/1056/688 750/1060/688
f 728/1037/689 727/1034/689 742/1058/689 743/1044/689
f 736/1038/690 735/1036/690 750/1060/690 751/1046/690
f 748/1054/691 747/1052/691 762/1061/691 763/1062/691
f 756/1055/692 755/1053/692 770/1063/692 771/1064/692
f 749/1056/693 748/1054/693 763/1062/693 764/1065/693
f 742/1058/694 772/1066/694 757/1067/694
f 998/1068/695 756/1055/695 771/1064/695
f 750/1060/696 749/1056/696 764/1065/696 765/1069/696
f 743/1044/697 742/1058/697 757/1067/697 758/1070/697
f 751/1046/698 750/1060/698 765/1069/698 766/1071/698
f 744/1045/699 743/1044/699 758/1070/699 759/1072/699
f 752/1047/700 751/1046/700 766/1071/700 767/1073/700
f 745/1048/701 744/1045/701 759/1072/701 760/1074/701
f 753/1049/702 752/1047/702 767/1073/702 768/1075/702
f 746/1050/703 745/1048/703 760/1074/703 761/1076/703
f 754/1051/704 753/1049/704 768/1075/704 769/1077/704
f 747/1052/705 746/1050/705 761/1076/705 762/1061/705
f 755/1053/706 754/1051/706 769/1077/706 770/1063/706
f 767/1073/707 766/1071/707 782/1078/707 783/1079/707
f 760/1074/708 759/1072/708 775/1080/708 776/1081/708
f 768/1075/709 767/1073/709 783/1079/709 784/1082/709
f 761/1076/710 760/1074/710 776/1081/710 777/1083/710
f 769/1077/711 768/1075/711 784/1082/711 785/1084/711
f 762/1061/712 761/1076/712 777/1083/712 778/1085/712
f 770/1063/713 769/1077/713 785/1084/713 786/1086/713
f 763/1062/714 762/1061/714 778/1085/714 779/1087/714
f 771/1064/715 770/1063/715 786/1086/715 787/1088/715
f 764/1065/716 763/1062/716 779/1087/716 780/1089/716
f 757/1067/717 772/1090/717 773/1091/717
f 998/1092/718 771/1064/718 787/1088/718
f 765/1069/719 764/1065/719 780/1089/719 781/1093/719
f 758/1070/720 757/1067/720 773/1091/720 774/1094/720
f 766/1071/721 765/1069/721 781/1093/721 782/1078/721
f 759/1072/722 758/1070/722 774/1094/722 775/1080/722
f 787/1088/723 786/1086/723 801/1095/723 802/1096/723
f 780/1089/724 779/1087/724 794/1097/724 795/1098/724
f 773/1091/725 772/1099/725 788/1100/725
f 998/1101/726 787/1088/726 802/1096/726
f 781/1093/727 780/1089/727 795/1098/727 796/1102/727
f 774/1094/728 773/1091/728 788/1100/728 789/1103/728
f 782/1078/729 781/1093/729 796/1102/729 797/1104/729
f 775/1080/730 774/1094/730 789/1103/730 790/1105/730
f 783/1079/731 782/1078/731 797/1104/731 798/1106/731
f 776/1081/732 775/1080/732 790/1105/732 791/1107/732
f 784/1082/733 783/1079/733 798/1106/733 799/1108/733
f 777/1083/734 776/1081/734 791/1107/734 792/1109/734
f 785/1084/735 784/1082/735 799/1108/735 800/1110/735
f 778/1085/736 777/1083/736 792/1109/736 793/1111/736
f 786/1086/737 785/1084/737 800/1110/737 801/1095/737
f 779/1087/738 778/1085/738 793/1111/738 794/1097/738
f 799/1108/739 798/1106/739 813/1112/739 814/1113/739
f 792/1109/740 791/1107/740 806/1114/740 807/1115/740
f 800/1110/741 799/1108/741 814/1113/741 815/1116/741
f 793/1111/742 792/1109/742 807/1115/742 808/1117/742
f 801/1095/743 800/1110/743 815/1116/743 816/1118/743
f 794/1097/744 793/1111/744 808/1117/744 809/1119/744
f 802/1096/745 801/1095/745 816/1118/745 817/1120/745
f 795/1098/746 794/1097/746 809/1119/746 810/1121/746
f 788/1100/747 772/1122/747 803/1123/747
f 998/1124/748 802/1096/748 817/1120/748
f 796/1102/749 795/1098/749 810/1121/749 811/1125/749
f 789/1103/750 788/1100/750 803/1123/750 804/1126/750
f 797/1104/751 796/1102/751 811/1125/751 812/1127/751
f 790/1105/752 789/1103/752 804/1126/752 805/1128/752
f 798/1106/753 797/1104/753 812/1127/753 813/1112/753
f 791/1107/754 790/1105/754 805/1128/754 806/1114/754
f 803/1123/755 772/1129/755 818/1130/755
f 998/1131/756 817/1120/756 832/1132/756
f 811/1125/757 810/1121/757 825/1133/757 826/1134/757
f 804/1126/758 803/1123/758 818/1130/758 819/1135/758
f 812/1127/759 811/1125/759 826/1134/759 827/1136/759
f 805/1128/760 804/1126/760 819/1135/760 820/1137/760
f 813/1112/761 812/1127/761 827/1136/761 828/1138/761
f 806/1114/762 805/1128/762 820/1137/762 821/1139/762
f 814/1113/763 813/1112/763 828/1138/763 829/1140/763
f 807/1115/764 806/1114/764 821/1139/764 822/1141/764
f 815/1116/765 814/1113/765 829/1140/765 830/1142/765
f 808/1117/766 807/1115/766 822/1141/766 823/1143/766
f 816/1118/767 815/1116/767 830/1142/767 831/1144/767
f 809/1119/768 808/1117/768 823/1143/768 824/1145/768
f 817/1120/769 816/1118/769 831/1144/769 832/1132/769
f 810/1121/770 809/1119/770 824/1145/770 825/1133/770
f 822/1141/771 821/1139/771 836/1146/771 837/1147/771
f 830/1142/772 829/1140/772 844/1148/772 845/1149/772
f 823/1143/773 822/1141/773 837/1147/773 838/1150/773
f 831/1144/774 830/1142/774 845/1149/774 846/1151/774
f 824/1145/775 823/1143/775 838/1150/775 839/1152/775
f 832/1132/776 831/1144/776 846/1151/776 847/1153/776
f 825/1133/777 824/1145/777 839/1152/777 840/1154/777
f 818/1130/778 772/1155/778 833/1156/778
f 998/1157/779 832/1132/779 847/1153/779
f 826/1134/780 825/1133/780 840/1154/780 841/1158/780
f 819/1135/781 818/1130/781 833/1156/781 834/1159/781
f 827/1136/782 826/1134/782 841/1158/782 842/1160/782
f 820/1137/783 819/1135/783 834/1159/783 835/1161/783
f 828/1138/784 827/1136/784 842/1160/784 843/1162/784
f 821/1139/785 820/1137/785 835/1161/785 836/1146/785
f 829/1140/786 828/1138/786 843/1162/786 844/1148/786
f 841/1158/787 840/1154/787 855/1163/787 856/1164/787
f 834/1159/788 833/1156/788 848/1165/788 849/1166/788
f 842/1160/789 841/1158/789 856/1164/789 857/1167/789
f 835/1161/790 834/1159/790 849/1166/790 850/1168/790
f 843/1162/791 842/1160/791 857/1167/791 858/1169/791
f 836/1146/792 835/1161/792 850/1168/792 851/1170/792
f 844/1148/793 843/1162/793 858/1169/793 859/1171/793
f 837/1147/794 836/1146/794 851/1170/794 852/1172/794
f 845/1149/795 844/1148/795 859/1171/795 860/1173/795
f 838/1150/796 837/1147/796 852/1172/796 853/1174/796
f 846/1151/797 845/1149/797 860/1173/797 861/1175/797
f 839/1152/798 838/1150/798 853/1174/798 854/1176/798
f 847/1153/799 846/1151/799 861/1175/799 862/1177/799
f 840/1154/800 839/1152/800 854/1176/800 855/1163/800
f 833/1156/801 772/1178/801 848/1165/801
f 998/1179/802 847/1153/802 862/1177/802
f 860/1173/803 859/1171/803 874/1180/803 875/1181/803
f 853/1174/804 852/1172/804 867/1182/804 868/1183/804
f 861/1175/805 860/1173/805 875/1181/805 876/1184/805
f 854/1176/806 853/1174/806 868/1183/806 869/1185/806
f 862/1177/807 861/1175/807 876/1184/807 877/1186/807
f 855/1163/808 854/1176/808 869/1185/808 870/1187/808
f 848/1165/809 772/1188/809 863/1189/809
f 998/1190/810 862/1177/810 877/1186/810
f 856/1164/811 855/1163/811 870/1187/811 871/1191/811
f 849/1166/812 848/1165/812 863/1189/812 864/1192/812
f 857/1167/813 856/1164/813 871/1191/813 872/1193/813
f 850/1168/814 849/1166/814 864/1192/814 865/1194/814
f 858/1169/815 857/1167/815 872/1193/815 873/1195/815
f 851/1170/816 850/1168/816 865/1194/816 866/1196/816
f 859/1171/817 858/1169/817 873/1195/817 874/1180/817
f 852/1172/818 851/1170/818 866/1196/818 867/1182/818
f 864/1192/819 863/1189/819 878/1197/819 879/1198/819
f 872/1193/820 871/1191/820 886/1199/820 887/1200/820
f 865/1194/821 864/1192/821 879/1198/821 880/1201/821
f 873/1195/822 872/1193/822 887/1200/822 888/1202/822
f 866/1196/823 865/1194/823 880/1201/823 881/1203/823
f 874/1180/824 873/1195/824 888/1202/824 889/1204/824
f 867/1182/825 866/1196/825 881/1203/825 882/1205/825
f 875/1181/826 874/1180/826 889/1204/826 890/1206/826
f 868/1183/827 867/1182/827 882/1205/827 883/1207/827
f 876/1184/828 875/1181/828 890/1206/828 891/1208/828
f 869/1185/829 868/1183/829 883/1207/829 884/1209/829
f 877/1186/830 876/1184/830 891/1208/830 892/1210/830
f 870/1187/831 869/1185/831 884/1209/831 885/1211/831
f 863/1189/832 772/1212/832 878/1197/832
f 998/1213/833 877/1186/833 892/1210/833
f 871/1191/834 870/1187/834 885/1211/834 886/1199/834
f 883/1207/835 882/1205/835 897/1214/835 898/1215/835
f 891/1208/836 890/1206/836 905/1216/836 906/1217/836
f 884/1209/837 883/1207/837 898/1215/837 899/1218/837
f 892/1210/838 891/1208/838 906/1217/838 907/1219/838
f 885/1211/839 884/1209/839 899/1218/839 900/1220/839
f 878/1197/840 772/1221/840 893/1222/840
f 998/1223/841 892/1210/841 907/1219/841
f 886/1199/842 885/1211/842 900/1220/842 901/1224/842
f 879/1198/843 878/1197/843 893/1222/843 894/1225/843
f 887/1200/844 886/1199/844 901/1224/844 902/1226/844
f 880/1201/845 879/1198/845 894/1225/845 895/1227/845
f 888/1202/846 887/1200/846 902/1226/846 903/1228/846
f 881/1203/847 880/1201/847 895/1227/847 896/1229/847
f 889/1204/848 888/1202/848 903/1228/848 904/1230/848
f 882/1205/849 881/1203/849 896/1229/849 897/1214/849
f 890/1206/850 889/1204/850 904/1230/850 905/1216/850
f 902/1226/851 901/1224/851 916/1231/851 917/1232/851
f 895/1227/852 894/1225/852 909/1233/852 910/1234/852
f 903/1228/853 902/1226/853 917/1232/853 918/1235/853
f 896/1229/854 895/1227/854 910/1234/854 911/1236/854
f 904/1230/855 903/1228/855 918/1235/855 919/1237/855
f 897/1214/856 896/1229/856 911/1236/856 912/1238/856
f 905/1216/857 904/1230/857 919/1237/857 920/1239/857
f 898/1215/858 897/1214/858 912/1238/858 913/1240/858
f 906/1217/859 905/1216/859 920/1239/859 921/1241/859
f 899/1218/860 898/1215/860 913/1240/860 914/1242/860
f 907/1219/861 906/1217/861 921/1241/861 922/1243/861
f 900/1220/862 899/1218/862 914/1242/862 915/1244/862
f 893/1222/863 772/1245/863 908/1246/863
f 998/1247/864 907/1219/864 922/1243/864
f 901/1224/865 900/1220/865 915/1244/865 916/1231/865
f 894/1225/866 893/1222/866 908/1246/866 909/1233/866
f 921/1241/867 920/1239/867 935/1248/867 936/1249/867
f 914/1242/868 913/1240/868 928/1250/868 929/1251/868
f 922/1243/869 921/1241/869 936/1249/869 937/1252/869
f 915/1244/870 914/1242/870 929/1251/870 930/1253/870
f 908/1246/871 772/1254/871 923/1255/871
f 998/1256/872 922/1243/872 937/1252/872
f 916/1231/873 915/1244/873 930/1253/873 931/1257/873
f 909/1233/874 908/1246/874 923/1255/874 924/1258/874
f 917/1232/875 916/1231/875 931/1257/875 932/1259/875
f 910/1234/876 909/1233/876 924/1258/876 925/1260/876
f 918/1235/877 917/1232/877 932/1259/877 933/1261/877
f 911/1236/878 910/1234/878 925/1260/878 926/1262/878
f 919/1237/879 918/1235/879 933/1261/879 934/1263/879
f 912/1238/880 911/1236/880 926/1262/880 927/1264/880
f 920/1239/881 919/1237/881 934/1263/881 935/1248/881
f 913/1240/882 912/1238/882 927/1264/882 928/1250/882
f 933/1261/883 932/1259/883 947/1265/883 948/1266/883
f 926/1262/884 925/1260/884 940/1267/884 941/1268/884
f 934/1263/885 933/1261/885 948/1266/885 949/1269/885
f 927/1264/886 926/1262/886 941/1268/886 942/1270/886
f 935/1248/887 934/1263/887 949/1269/887 950/1271/887
f 928/1250/888 927/1264/888 942/1270/888 943/1272/888
f 936/1249/889 935/1248/889 950/1271/889 951/1273/889
f 929/1251/890 928/1250/890 943/1272/890 944/1274/890
f 937/1252/891 936/1249/891 951/1273/891 952/1275/891
f 930/1253/892 929/1251/892 944/1274/892 945/1276/892
f 923/1255/893 772/1277/893 938/1278/893
f 998/1279/894 937/1252/894 952/1275/894
f 931/1257/895 930/1253/895 945/1276/895 946/1280/895
f 924/1258/896 923/1255/896 938/1278/896 939/1281/896
f 932/1259/897 931/1257/897 946/1280/897 947/1265/897
f 925/1260/898 924/1258/898 939/1281/898 940/1267/898
f 952/1275/899 951/1273/899 966/1282/899 967/1283/899
f 945/1276/900 944/1274/900 959/1284/900 960/1285/900
f 938/1278/901 772/1286/901 953/1287/901
f 998/1288/902 952/1275/902 967/1283/902
f 946/1280/903 945/1276/903 960/1285/903 961/1289/903
f 939/1281/904 938/1278/904 953/1287/904 954/1290/904
f 947/1265/905 946/1280/905 961/1289/905 962/1291/905
f 940/1267/906 939/1281/906 954/1290/906 955/1292/906
f 948/1266/907 947/1265/907 962/1291/907 963/1293/907
f 941/1268/908 940/1267/908 955/1292/908 956/1294/908
f 949/1269/909 948/1266/909 963/1293/909 964/1295/909
f 942/1270/910 941/1268/910 956/1294/910 957/1296/910
f 950/1271/911 949/1269/911 964/1295/911 965/1297/911
f 943/1272/912 942/1270/912 957/1296/912 958/1298/912
f 951/1273/913 950/1271/913 965/1297/913 966/1282/913
f 944/1274/914 943/1272/914 958/1298/914 959/1284/914
f 956/1294/915 955/1292/915 970/1299/915 971/1300/915
f 964/1295/916 963/1293/916 978/1301/916 979/1302/916
f 957/1296/917 956/1294/917 971/1300/917 972/1303/917
f 965/1297/918 964/1295/918 979/1302/918 980/1304/918
f 958/1298/919 957/1296/919 972/1303/919 973/1305/919
f 966/1282/920 965/1297/920 980/1304/920 981/1306/920
f 959/1284/921 958/1298/921 973/1305/921 974/1307/921
f 967/1283/922 966/1282/922 981/1306/922 982/1308/922
f 960/1285/923 959/1284/923 974/1307/923 975/1309/923
f 953/1287/924 772/1310/924 968/1311/924
f 998/1312/925 967/1283/925 982/1308/925
f 961/1289/926 960/1285/926 975/1309/926 976/1313/926
f 954/1290/927 953/1287/927 968/1311/927 969/1314/927
f 962/1291/928 961/1289/928 976/1313/928 977/1315/928
f 955/1292/929 954/1290/929 969/1314/929 970/1299/929
f 963/1293/930 962/1291/930 977/1315/930 978/1301/930
f 975/1309/931 974/1307/931 989/1316/931 990/1317/931
f 968/1311/932 772/1318/932 983/1319/932
f 998/1320/933 982/1308/933 997/1321/933
f 976/1313/934 975/1309/934 990/1317/934 991/1322/934
f 969/1314/935 968/1311/935 983/1319/935 984/1323/935
f 977/1315/936 976/1313/936 991/1322/936 992/1324/936
f 970/1299/937 969/1314/937 984/1323/937 985/1325/937
f 978/1301/938 977/1315/938 992/1324/938 993/1326/938
f 971/1300/939 970/1299/939 985/1325/939 986/1327/939
f 979/1302/940 978/1301/940 993/1326/940 994/1328/940
f 972/1303/941 971/1300/941 986/1327/941 987/1329/941
f 980/1304/942 979/1302/942 994/1328/942 995/1330/942
f 973/1305/943 972/1303/943 987/1329/943 988/1331/943
f 981/1306/944 980/1304/944 995/1330/944 996/1332/944
f 974/1307/945 973/1305/945 988/1331/945 989/1316/945
f 982/1308/946 981/1306/946 996/1332/946 997/1321/946
f 994/1328/947 993/1326/947 1009/1333/947 1010/1334/947
f 987/1329/948 986/1327/948 1002/1335/948 1003/1336/948
f 995/1330/949 994/1328/949 1010/1334/949 1011/1337/949
f 988/1331/950 987/1329/950 1003/1336/950 1004/1338/950
f 996/1332/951 995/1330/951 1011/1337/951 1012/1339/951
f 989/1316/952 988/1331/952 1004/1338/952 1005/1340/952
f 997/1321/953 996/1332/953 1012/1339/953 1013/1341/953
f 990/1317/954 989/1316/954 1005/1340/954 1006/1342/954
f 983/1319/955 772/1343/955 999/1344/955
f 998/1345/956 997/1321/956 1013/1341/956
f 991/1322/957 990/1317/957 1006/1342/957 1007/1346/957
f 984/1323/958 983/1319/958 999/1344/958 1000/1347/958
f 992/1324/959 991/1322/959 1007/1346/959 1008/1348/959
f 985/1325/960 984/1323/960 1000/1347/960 1001/1349/960
f 993/1326/961 992/1324/961 1008/1348/961 1009/1333/961
f 986/1327/962 985/1325/962 1001/1349/962 1002/1335/962
f 999/1344/963 772/1350/963 1014/1351/963
f 998/1352/964 1013/1341/964 1028/1353/964
f 1007/1346/965 1006/1342/965 1021/1354/965 1022/1355/965
f 1000/1347/966 999/1344/966 1014/1351/966 1015/1356/966
f 1008/1348/967 1007/1346/967 1022/1355/967 1023/1357/967
f 1001/1349/968 1000/1347/968 1015/1356/968 1016/1358/968
f 1009/1333/969 1008/1348/969 1023/1357/969 1024/1359/969
f 1002/1335/970 1001/1349/970 1016/1358/970 1017/1360/970
f 1010/1334/971 1009/1333/971 1024/1359/971 1025/1361/971
f 1003/1336/972 1002/1335/972 1017/1360/972 1018/1362/972
f 1011/1337/973 1010/1334/973 1025/1361/973 1026/1363/973
f 1004/1338/974 1003/1336/974 1018/1362/974 1019/1364/974
f 1012/1339/975 1011/1337/975 1026/1363/975 1027/1365/975
f 1005/1340/976 1004/1338/976 1019/1364/976 1020/1366/976
f 1013/1341/977 1012/1339/977 1027/1365/977 1028/1353/977
f 1006/1342/978 1005/1340/978 1020/1366/978 1021/1354/978
f 1018/1362/979 1017/1360/979 1032/1367/979 1033/1368/979
f 1026/1363/980 1025/1361/980 1040/1369/980 1041/1370/980
f 1019/1364/981 1018/1362/981 1033/1368/981 1034/1371/981
f 1027/1365/982 1026/1363/982 1041/1370/982 1042/1372/982
f 1020/1366/983 1019/1364/983 1034/1371/983 1035/1373/983
f 1028/1353/984 1027/1365/984 1042/1372/984 1043/1374/984
f 1021/1354/985 1020/1366/985 1035/1373/985 1036/1375/985
f 1014/1351/986 772/1376/986 1029/1377/986
f 998/1378/987 1028/1353/987 1043/1374/987
f 1022/1355/988 1021/1354/988 1036/1375/988 1037/1379/988
f 1015/1356/989 1014/1351/989 1029/1377/989 1030/1380/989
f 1023/1357/990 1022/1355/990 1037/1379/990 1038/1381/990
f 1016/1358/991 1015/1356/991 1030/1380/991 1031/1382/991
f 1024/1359/992 1023/1357/992 1038/1381/992 1039/1383/992
f 1017/1360/993 1016/1358/993 1031/1382/993 1032/1367/993
f 1025/1361/994 1024/1359/994 1039/1383/994 1040/1369/994
f 1037/1379/995 1036/1375/995 1051/1384/995 1052/1385/995
f 1030/1380/996 1029/1377/996 1044/1386/996 1045/1387/996
f 1038/1381/997 1037/1379/997 1052/1385/997 1053/1388/997
f 1031/1382/998 1030/1380/998 1045/1387/998 1046/1389/998
f 1039/1383/999 1038/1381/999 1053/1388/999 1054/1390/999
f 1032/1367/1000 1031/1382/1000 1046/1389/1000 1047/1391/1000
f 1040/1369/1001 1039/1383/1001 1054/1390/1001 1055/1392/1001
f 1033/1368/1002 1032/1367/1002 1047/1391/1002 1048/1393/1002
f 1041/1370/1003 1040/1369/1003 1055/1392/1003 1056/1394/1003
f 1034/1371/1004 1033/1368/1004 1048/1393/1004 1049/1395/1004
f 1042/1372/1005 1041/1370/1005 1056/1394/1005 1057/1396/1005
f 1035/1373/1006 1034/1371/1006 1049/1395/1006 1050/1397/1006
f 1043/1374/1007 1042/1372/1007 1057/1396/1007 1058/1398/1007
f 1036/1375/1008 1035/1373/1008 1050/1397/1008 1051/1384/1008
f 1029/1377/1009 772/1399/1009 1044/1386/1009
f 998/1400/1010 1043/1374/1010 1058/1398/1010
f 1056/1401/1011 1055/1402/1011 1070/1403/1011 1071/1404/1011
f 1049/1405/1012 1048/1406/1012 1063/1407/1012 1064/1408/1012
f 1057/1409/1013 1056/1401/1013 1071/1404/1013 1072/1410/1013
f 1050/1411/1014 1049/1405/1014 1064/1408/1014 1065/1412/1014
f 1058/1413/1015 1057/1409/1015 1072/1410/1015 1073/1414/1015
f 1051/1415/1016 1050/1411/1016 1065/1412/1016 1066/1416/1016
f 1044/1417/1017 772/1418/1017 1059/1419/1017
f 998/1420/1018 1058/1413/1018 1073/1414/1018
f 1052/1421/1019 1051/1415/1019 1066/1416/1019 1067/1422/1019
f 1045/1423/1020 1044/1417/1020 1059/1419/1020 1060/1424/1020
f 1053/1425/1021 1052/1421/1021 1067/1422/1021 1068/1426/1021
f 1046/1427/1022 1045/1423/1022 1060/1424/1022 1061/1428/1022
f 1054/1429/1023 1053/1425/1023 1068/1426/1023 1069/1430/1023
f 1047/1431/1024 1046/1427/1024 1061/1428/1024 1062/1432/1024
f 1055/1402/1025 1054/1429/1025 1069/1430/1025 1070/1403/1025
f 1048/1406/1026 1047/1431/1026 1062/1432/1026 1063/1407/1026
f 1068/1426/1027 1067/1422/1027 1082/1433/1027 1083/1434/1027
f 1061/1428/1028 1060/1424/1028 1075/1435/1028 1076/1436/1028
f 1069/1430/1029 1068/1426/1029 1083/1434/1029 1084/1437/1029
f 1062/1432/1030 1061/1428/1030 1076/1436/1030 1077/1438/1030
f 1070/1403/1031 1069/1430/1031 1084/1437/1031 1085/1439/1031
f 1063/1407/1032 1062/1432/1032 1077/1438/1032 1078/1440/1032
f 1071/1404/1033 1070/1403/1033 1085/1439/1033 1086/1441/1033
f 1064/1408/1034 1063/1407/1034 1078/1440/1034 1079/1442/1034
f 1072/1410/1035 1071/1404/1035 1086/1441/1035 1087/1443/1035
f 1065/1412/1036 1064/1408/1036 1079/1442/1036 1080/1444/1036
f 1073/1414/1037 1072/1410/1037 1087/1443/1037 1088/1445/1037
f 1066/1416/1038 1065/1412/1038 1080/1444/1038 1081/1446/1038
f 1059/1419/1039 772/1447/1039 1074/1448/1039
f 998/1449/1040 1073/1414/1040 1088/1445/1040
f 1067/1422/1041 1066/1416/1041 1081/1446/1041 1082/1433/1041
f 1060/1424/1042 1059/1419/1042 1074/1448/1042 1075/1435/1042
f 1087/1443/1043 1086/1441/1043 1101/1450/1043 1102/1451/1043
f 1080/1444/1044 1079/1442/1044 1094/1452/1044 1095/1453/1044
f 1088/1445/1045 1087/1443/1045 1102/1451/1045 1103/1454/1045
f 1081/1446/1046 1080/1444/1046 1095/1453/1046 1096/1455/1046
f 1074/1448/1047 772/1456/1047 1089/1457/1047
f 998/1458/1048 1088/1445/1048 1103/1454/1048
f 1082/1433/1049 1081/1446/1049 1096/1455/1049 1097/1459/1049
f 1075/1435/1050 1074/1448/1050 1089/1457/1050 1090/1460/1050
f 1083/1434/1051 1082/1433/1051 1097/1459/1051 1098/1461/1051
f 1076/1436/1052 1075/1435/1052 1090/1460/1052 1091/1462/1052
f 1084/1437/1053 1083/1434/1053 1098/1461/1053 1099/1463/1053
f 1077/1438/1054 1076/1436/1054 1091/1462/1054 1092/1464/1054
f 1085/1439/1055 1084/1437/1055 1099/1463/1055 1100/1465/1055
f 1078/1440/1056 1077/1438/1056 1092/1464/1056 1093/1466/1056
f 1086/1441/1057 1085/1439/1057 1100/1465/1057 1101/1450/1057
f 1079/1442/1058 1078/1440/1058 1093/1466/1058 1094/1452/1058
f 1091/1462/1059 1090/1460/1059 1105/1467/1059 1106/1468/1059
f 1099/1463/1060 1098/1461/1060 1113/1469/1060 1114/1470/1060
f 1092/1464/1061 1091/1462/1061 1106/1468/1061 1107/1471/1061
f 1100/1465/1062 1099/1463/1062 1114/1470/1062 1115/1472/1062
f 1093/1466/1063 1092/1464/1063 1107/1471/1063 1108/1473/1063
f 1101/1450/1064 1100/1465/1064 1115/1472/1064 1116/1474/1064
f 1094/1452/1065 1093/1466/1065 1108/1473/1065 1109/1475/1065
f 1102/1451/1066 1101/1450/1066 1116/1474/1066 1117/1476/1066
f 1095/1453/1067 1094/1452/1067 1109/1475/1067 1110/1477/1067
f 1103/1454/1068 1102/1451/1068 1117/1476/1068 1118/1478/1068
f 1096/1455/1069 1095/1453/1069 1110/1477/1069 1111/1479/1069
f 1089/1457/1070 772/1480/1070 1104/1481/1070
f 998/1482/1071 1103/1454/1071 1118/1478/1071
f 1097/1459/1072 1096/1455/1072 1111/1479/1072 1112/1483/1072
f 1090/1460/1073 1089/1457/1073 1104/1481/1073 1105/1467/1073
f 1098/1461/1074 1097/1459/1074 1112/1483/1074 1113/1469/1074
f 1110/1477/1075 1109/1475/1075 1124/1484/1075 1125/1485/1075
f 1118/1478/1076 1117/1476/1076 1132/1486/1076 1133/1487/1076
f 1111/1479/1077 1110/1477/1077 1125/1485/1077 1126/1488/1077
f 1104/1481/1078 772/1489/1078 1119/1490/1078
f 998/1491/1079 1118/1478/1079 1133/1487/1079
f 1112/1483/1080 1111/1479/1080 1126/1488/1080 1127/1492/1080
f 1105/1467/1081 1104/1481/1081 1119/1490/1081 1120/1493/1081
f 1113/1469/1082 1112/1483/1082 1127/1492/1082 1128/1494/1082
f 1106/1468/1083 1105/1467/1083 1120/1493/1083 1121/1495/1083
f 1114/1470/1084 1113/1469/1084 1128/1494/1084 1129/1496/1084
f 1107/1471/1085 1106/1468/1085 1121/1495/1085 1122/1497/1085
f 1115/1472/1086 1114/1470/1086 1129/1496/1086 1130/1498/1086
f 1108/1473/1087 1107/1471/1087 1122/1497/1087 1123/1499/1087
f 1116/1474/1088 1115/1472/1088 1130/1498/1088 1131/1500/1088
f 1109/1475/1089 1108/1473/1089 1123/1499/1089 1124/1484/1089
f 1117/1476/1090 1116/1474/1090 1131/1500/1090 1132/1486/1090
f 1129/1496/1091 1128/1494/1091 1143/1501/1091 1144/1502/1091
f 1122/1497/1092 1121/1495/1092 1136/1503/1092 1137/1504/1092
f 1130/1498/1093 1129/1496/1093 1144/1502/1093 1145/1505/1093
f 1123/1499/1094 1122/1497/1094 1137/1504/1094 1138/1506/1094
f 1131/1500/1095 1130/1498/1095 1145/1505/1095 1146/1507/1095
f 1124/1484/1096 1123/1499/1096 1138/1506/1096 1139/1508/1096
f 1132/1486/1097 1131/1500/1097 1146/1507/1097 1147/1509/1097
f 1125/1485/1098 1124/1484/1098 1139/1508/1098 1140/1510/1098
f 1133/1487/1099 1132/1486/1099 1147/1509/1099 1148/1511/1099
f 1126/1488/1100 1125/1485/1100 1140/1510/1100 1141/1512/1100
f 1119/1490/1101 772/1513/1101 1134/1514/1101
f 998/1515/1102 1133/1487/1102 1148/1511/1102
f 1127/1492/1103 1126/1488/1103 1141/1512/1103 1142/1516/1103
f 1120/1493/1104 1119/1490/1104 1134/1514/1104 1135/1517/1104
f 1128/1494/1105 1127/1492/1105 1142/1516/1105 1143/1501/1105
f 1121/1495/1106 1120/1493/1106 1135/1517/1106 1136/1503/1106
f 1148/1511/1107 1147/1509/1107 1162/1518/1107 1163/1519/1107
f 1141/1512/1108 1140/1510/1108 1155/1520/1108 1156/1521/1108
f 1134/1514/1109 772/1522/1109 1149/1523/1109
f 998/1524/1110 1148/1511/1110 1163/1519/1110
f 1142/1516/1111 1141/1512/1111 1156/1521/1111 1157/1525/1111
f 1135/1517/1112 1134/1514/1112 1149/1523/1112 1150/1526/1112
f 1143/1501/1113 1142/1516/1113 1157/1525/1113 1158/1527/1113
f 1136/1503/1114 1135/1517/1114 1150/1526/1114 1151/1528/1114
f 1144/1502/1115 1143/1501/1115 1158/1527/1115 1159/1529/1115
f 1137/1504/1116 1136/1503/1116 1151/1528/1116 1152/1530/1116
f 1145/1505/1117 1144/1502/1117 1159/1529/1117 1160/1531/1117
f 1138/1506/1118 1137/1504/1118 1152/1530/1118 1153/1532/1118
f 1146/1507/1119 1145/1505/1119 1160/1531/1119 1161/1533/1119
f 1139/1508/1120 1138/1506/1120 1153/1532/1120 1154/1534/1120
f 1147/1509/1121 1146/1507/1121 1161/1533/1121 1162/1518/1121
f 1140/1510/1122 1139/1508/1122 1154/1534/1122 1155/1520/1122
f 1152/1530/1123 1151/1528/1123 691/983/1123 1166/982/1123
f 1160/1531/1124 1159/1529/1124 696/978/1124 1169/986/1124
f 1153/1532/1125 1152/1530/1125 1166/982/1125 692/988/1125
f 1161/1533/1126 1160/1531/1126 1169/986/1126 1170/990/1126
f 1154/1534/1127 1153/1532/1127 692/988/1127 1167/992/1127
f 1162/1518/1128 1161/1533/1128 1170/990/1128 1171/994/1128
f 1155/1520/1129 1154/1534/1129 1167/992/1129 693/996/1129
f 1163/1519/1130 1162/1518/1130 1171/994/1130 1172/998/1130
f 1156/1521/1131 1155/1520/1131 693/996/1131 694/1000/1131
f 1149/1523/1132 772/1535/1132 1164/1002/1132
f 998/1536/1133 1163/1519/1133 1172/998/1133
f 1157/1525/1134 1156/1521/1134 694/1000/1134 695/1006/1134
f 1150/1526/1135 1149/1523/1135 1164/1002/1135 1165/1008/1135
f 1158/1527/1136 1157/1525/1136 695/1006/1136 1168/979/1136
f 1151/1528/1137 1150/1526/1137 1165/1008/1137 691/983/1137
f 1159/1529/1138 1158/1527/1138 1168/979/1138 696/978/1138
o Cylinder.003
v -0.400000 1.054800 -0.600000
v -0.400000 1.254800 -0.600000
v -0.401921 1.054800 -0.580491
v -0.401921 1.254800 -0.580491
v -0.407612 1.054800 -0.561732
v -0.407612 1.254800 -0.561732
v -0.416853 1.054800 -0.544443
v -0.416853 1.254800 -0.544443
v -0.429289 1.054800 -0.529289
v -0.429289 1.254800 -0.529289
v -0.444443 1.054800 -0.516853
v -0.444443 1.254800 -0.516853
v -0.461732 1.054800 -0.507612
v -0.461732 1.254800 -0.507612
v -0.480491 1.054800 -0.501921
v -0.480491 1.254800 -0.501921
v -0.500000 1.054800 -0.500000
v -0.500000 1.254800 -0.500000
v -0.519509 1.054800 -0.501921
v -0.519509 1.254800 -0.501921
v -0.538268 1.054800 -0.507612
v -0.538268 1.254800 -0.507612
v -0.555557 1.054800 -0.516853
v -0.555557 1.254800 -0.516853
v -0.570711 1.054800 -0.529289
v -0.570711 1.254800 -0.529289
v -0.583147 1.054800 -0.544443
v -0.583147 1.254800 -0.544443
v -0.592388 1.054800 -0.561732
v -0.592388 1.254800 -0.561732
v -0.598079 1.054800 -0.580491
v -0.598079 1.254800 -0.580491
v -0.600000 1.054800 -0.600000
v -0.600000 1.254800 -0.600000
v -0.598079 1.054800 -0.619509
v -0.598079 1.254800 -0.619509
v -0.592388 1.054800 -0.638268
v -0.592388 1.254800 -0.638268
v -0.583147 1.054800 -0.655557
v -0.583147 1.254800 -0.655557
v -0.570711 1.054800 -0.670711
v -0.570711 1.254800 -0.670711
v -0.555557 1.054800 -0.683147
v -0.555557 1.254800 -0.683147
v -0.538268 1.054800 -0.692388
v -0.538268 1.254800 -0.692388
v -0.519509 1.054800 -0.698079
v -0.519509 1.254800 -0.698079
v -0.500000 1.054800 -0.700000
v -0.500000 1.254800 -0.700000
v -0.480491 1.054800 -0.698079
v -0.480491 1.254800 -0.698079
v -0.461732 1.054800 -0.692388
v -0.461732 1.254800 -0.692388
v -0.444443 1.054800 -0.683147
v -0.444443 1.254800 -0.683147
v -0.429289 1.054800 -0.670711
v -0.429289 1.254800 -0.670711
v -0.416853 1.054800 -0.655557
v -0.416853 1.254800 -0.655557
v -0.407612 1.054800 -0.638268
v -0.407612 1.254800 -0.638268
v -0.401921 1.054800 -0.619509
v -0.401921 1.254800 -0.619509
vn 0.9952 -0.0000 0.0980
vn 0.9569 -0.0000 0.2903
vn 0.8819 -0.0000 0.4714
vn 0.7730 -0.0000 0.6344
vn 0.6344 -0.0000 0.7730
vn 0.4714 -0.0000 0.8819
vn 0.2903 -0.0000 0.9569
vn 0.0980 -0.0000 0.9952
vn -0.0980 -0.0000 0.9952
vn -0.2903 -0.0000 0.9569
vn -0.4714 -0.0000 0.8819
vn -0.6344 -0.0000 0.7730
vn -0.7730 -0.0000 0.6344
vn -0.8819 -0.0000 0.4714
vn -0.9569 -0.0000 0.2903
vn -0.9952 -0.0000 0.0980
vn -0.9952 -0.0000 -0.0980
vn -0.9569 -0.0000 -0.2903
vn -0.8819 -0.0000 -0.4714
vn -0.7730 -0.0000 -0.6344
vn -0.6344 -0.0000 -0.7730
vn -0.4714 -0.0000 -0.8819
vn -0.2903 -0.0000 -0.9569
vn -0.0980 -0.0000 -0.9952
vn 0.0980 -0.0000 -0.9952
vn 0.2903 -0.0000 -0.9569
vn 0.4714 -0.0000 -0.8819
vn 0.6344 -0.0000 -0.7730
vn 0.7730 -0.0000 -0.6344
vn 0.8819 -0.0000 -0.4714
vn -0.0000 1.0000 -0.0000
vn 0.9569 -0.0000 -0.2903
vn 0.9952 -0.0000 -0.0980
vn -0.0000 -1.0000 -0.0000
vt 1.000000 0.500000
vt 1.000000 1.000000
vt 0.968750 1.000000
vt 0.968750 0.500000
vt 0.937500 1.000000
vt 0.937500 0.500000
vt 0.906250 1.000000
vt 0.906250 0.500000
vt 0.875000 1.000000
vt 0.875000 0.500000
vt 0.843750 1.000000
vt 0.843750 0.500000
vt 0.812500 1.000000
vt 0.812500 0.500000
vt 0.781250 1.000000
vt 0.781250 0.500000
vt 0.750000 1.000000
vt 0.750000 0.500000
vt 0.718750 1.000000
vt 0.718750 0.500000
vt 0.687500 1.000000
vt 0.687500 0.500000
vt 0.656250 1.000000
vt 0.656250 0.500000
vt 0.625000 1.000000
vt 0.625000 0.500000
vt 0.593750 1.000000
vt 0.593750 0.500000
vt 0.562500 1.000000
vt 0.562500 0.500000
vt 0.531250 1.000000
vt 0.531250 0.500000
vt 0.500000 1.000000
vt 0.500000 0.500000
vt 0.468750 1.000000
vt 0.468750 0.500000
vt 0.437500 1.000000
vt 0.437500 0.500000
vt 0.406250 1.000000
vt 0.406250 0.500000
vt 0.375000 1.000000
vt 0.375000 0.500000
vt 0.343750 1.000000
vt 0.343750 0.500000
vt 0.312500 1.000000
vt 0.312500 0.500000
vt 0.281250 1.000000
vt 0.281250 0.500000
vt 0.250000 1.000000
vt 0.250000 0.500000
vt 0.218750 1.000000
vt 0.218750 0.500000
vt 0.187500 1.000000
vt 0.187500 0.500000
vt 0.156250 1.000000
vt 0.156250 0.500000
vt 0.125000 1.000000
vt 0.125000 0.500000
vt 0.093750 1.000000
vt 0.093750 0.500000
vt 0.062500 1.000000
vt 0.062500 0.500000
vt 0.296822 0.485388
vt 0.250000 0.490000
vt 0.203178 0.485388
vt 0.158156 0.471731
vt 0.116663 0.449553
vt 0.080294 0.419706
vt 0.050447 0.383337
vt 0.028269 0.341844
vt 0.014612 0.296822
vt 0.010000 0.250000
vt 0.014612 0.203178
vt 0.028269 0.158156
vt 0.050447 0.116663
vt 0.080294 0.080294
vt 0.116663 0.050447
vt 0.158156 0.028269
vt 0.203178 0.014612
vt 0.250000 0.010000
vt 0.296822 0.014612
vt 0.341844 0.028269
vt 0.383337 0.050447
vt 0.419706 0.080294
vt 0.449553 0.116663
vt 0.471731 0.158156
vt 0.485388 0.203178
vt 0.490000 0.250000
vt 0.485388 0.296822
vt 0.471731 0.341844
vt 0.449553 0.383337
vt 0.419706 0.419706
vt 0.383337 0.449553
vt 0.341844 0.471731
vt 0.031250 1.000000
vt 0.031250 0.500000
vt 0.000000 1.000000
vt 0.000000 0.500000
vt 0.750000 0.490000
vt 0.796822 0.485388
vt 0.841844 0.471731
vt 0.883337 0.449553
vt 0.919706 0.419706
vt 0.949553 0.383337
vt 0.971731 0.341844
vt 0.985388 0.296822
vt 0.990000 0.250000
vt 0.985388 0.203178
vt 0.971731 0.158156
vt 0.949553 0.116663
vt 0.919706 0.080294
vt 0.883337 0.050447
vt 0.841844 0.028269
vt 0.796822 0.014612
vt 0.750000 0.010000
vt 0.703178 0.014612
vt 0.658156 0.028269
vt 0.616663 0.050447
vt 0.580294 0.080294
vt 0.550447 0.116663
vt 0.528269 0.158156
vt 0.514612 0.203178
vt 0.510000 0.250000
vt 0.514612 0.296822
vt 0.528269 0.341844
vt 0.550447 0.383337
vt 0.580294 0.419706
vt 0.616663 0.449553
vt 0.658156 0.471731
vt 0.703178 0.485388
s 0
usemtl base
f 1173/1537/1139 1174/1538/1139 1176/1539/1139 1175/1540/1139
f 1175/1540/1140 1176/1539/1140 1178/1541/1140 1177/1542/1140
f 1177/1542/1141 1178/1541/1141 1180/1543/1141 1179/1544/1141
f 1179/1544/1142 1180/1543/1142 1182/1545/1142 1181/1546/1142
f 1181/1546/1143 1182/1545/1143 1184/1547/1143 1183/1548/1143
f 1183/1548/1144 1184/1547/1144 1186/1549/1144 1185/1550/1144
f 1185/1550/1145 1186/1549/1145 1188/1551/1145 1187/1552/1145
f 1187/1552/1146 1188/1551/1146 1190/1553/1146 1189/1554/1146
f 1189/1554/1147 1190/1553/1147 1192/1555/1147 1191/1556/1147
f 1191/1556/1148 1192/1555/1148 1194/1557/1148 1193/1558/1148
f 1193/1558/1149 1194/1557/1149 1196/1559/1149 1195/1560/1149
f 1195/1560/1150 1196/1559/1150 1198/1561/1150 1197/1562/1150
f 1197/1562/1151 1198/1561/1151 1200/1563/1151 1199/1564/1151
f 1199/1564/1152 1200/1563/1152 1202/1565/1152 1201/1566/1152
f 1201/1566/1153 1202/1565/1153 1204/1567/1153 1203/1568/1153
f 1203/1568/1154 1204/1567/1154 1206/1569/1154 1205/1570/1154
f 1205/1570/1155 1206/1569/1155 1208/1571/1155 1207/1572/1155
f 1207/1572/1156 1208/1571/1156 1210/1573/1156 1209/1574/1156
f 1209/1574/1157 1210/1573/1157 1212/1575/1157 1211/1576/1157
f 1211/1576/1158 1212/1575/1158 1214/1577/1158 1213/1578/1158
f 1213/1578/1159 1214/1577/1159 1216/1579/1159 1215/1580/1159
f 1215/1580/1160 1216/1579/1160 1218/1581/1160 1217/1582/1160
f 1217/1582/1161 1218/1581/1161 1220/1583/1161 1219/1584/1161
f 1219/1584/1162 1220/1583/1162 1222/1585/1162 1221/1586/1162
f 1221/1586/1163 1222/1585/1163 1224/1587/1163 1223/1588/1163
f 1223/1588/1164 1224/1587/1164 1226/1589/1164 1225/1590/1164
f 1225/1590/1165 1226/1589/1165 1228/1591/1165 1227/1592/1165
f 1227/1592/1166 1228/1591/1166 1230/1593/1166 1229/1594/1166
f 1229/1594/1167 1230/1593/1167 1232/1595/1167 1231/1596/1167
f 1231/1596/1168 1232/1595/1168 1234/1597/1168 1233/1598/1168
f 1176/1599/1169 1174/1600/1169 1236/1601/1169 1234/1602/1169 1232/1603/1169 1230/1604/1169 1228/1605/1169 1226/1606/1169 1224/1607/1169 1222/1608/1169 1220/1609/1169 1218/1610/1169 1216/1611/1169 1214/1612/1169 1212/1613/1169 1210/1614/1169 1208/1615/1169 1206/1616/1169 1204/1617/1169 1202/1618/1169 1200/1619/1169 1198/1620/1169 1196/1621/1169 1194/1622/1169 1192/1623/1169 1190/1624/1169 1188/1625/1169 1186/1626/1169 1184/1627/1169 1182/1628/1169 1180/1629/1169 1178/1630/1169
f 1233/1598/1170 1234/1597/1170 1236/1631/1170 1235/1632/1170
f 1235/1632/1171 1236/1631/1171 1174/1633/1171 1173/1634/1171
f 1173/1635/1172 1175/1636/1172 1177/1637/1172 1179/1638/1172 1181/1639/1172 1183/1640/1172 1185/1641/1172 1187/1642/1172 1189/1643/1172 1191/1644/1172 1193/1645/1172 1195/1646/1172 1197/1647/1172 1199/1648/1172 1201/1649/1172 1203/1650/1172 1205/1651/1172 1207/1652/1172 1209/1653/1172 1211/1654/1172 1213/1655/1172 1215/1656/1172 1217/1657/1172 1219/1658/1172 1221/1659/1172 1223/1660/1172 1225/1661/1172 1227/1662/1172 1229/1663/1172 1231/1664/1172 1233/1665/1172 1235/1666/1172
o Cube.002
v -0.430000 5.144440 -0.530000
v -0.430000 1.175732 -0.530000
v -0.570000 5.144440 -0.530000
v -0.570000 1.175732 -0.530000
v -0.430000 5.144440 -0.670000
v -0.430000 1.175732 -0.670000
v -0.570000 5.144440 -0.670000
v -0.570000 1.175732 -0.670000
vn -0.0000 1.0000 -0.0000
vn -1.0000 -0.0000 -0.0000
vn -0.0000 -0.0000 -1.0000
vn -0.0000 -1.0000 -0.0000
vn -0.0000 -0.0000 1.0000
vn 1.0000 -0.0000 -0.0000
vt 0.625000 0.500000
vt 0.875000 0.500000
vt 0.875000 0.750000
vt 0.625000 0.750000
vt 0.375000 0.750000
vt 0.625000 1.000000
vt 0.375000 1.000000
vt 0.375000 0.000000
vt 0.625000 0.000000
vt 0.625000 0.250000
vt 0.375000 0.250000
vt 0.125000 0.500000
vt 0.375000 0.500000
vt 0.125000 0.750000
s 0
usemtl base
f 1237/1667/1173 1241/1668/1173 1243/1669/1173 1239/1670/1173
f 1240/1671/1174 1239/1670/1174 1243/1672/1174 1244/1673/1174
f 1244/1674/1175 1243/1675/1175 1241/1676/1175 1242/1677/1175
f 1242/1678/1176 1238/1679/1176 1240/1671/1176 1244/1680/1176
f 1238/1679/1177 1237/1667/1177 1239/1670/1177 1240/1671/1177
f 1242/1677/1178 1241/1676/1178 1237/1667/1178 1238/1679/1178
o Sphere.002
v -0.416664 1.193186 -0.600000
v -0.375280 1.151801 -0.600000
v -0.352882 1.097729 -0.600000
v -0.350000 1.068466 -0.600000
v -0.352882 1.039202 -0.600000
v -0.375280 0.985130 -0.600000
v -0.471299 1.215584 -0.594291
v -0.443700 1.207048 -0.588801
v -0.418266 1.193186 -0.583742
v -0.395972 1.174532 -0.579308
v -0.377676 1.151801 -0.575668
v -0.364081 1.125868 -0.572964
v -0.355709 1.097729 -0.571299
v -0.352882 1.068466 -0.570736
v -0.355709 1.039202 -0.571299
v -0.364081 1.011063 -0.572964
v -0.377676 0.985130 -0.575668
v -0.395972 0.962400 -0.579308
v -0.418266 0.943745 -0.583742
v -0.443700 0.929884 -0.588801
v -0.471299 0.921348 -0.594291
v -0.472964 1.215584 -0.588801
v -0.446967 1.207048 -0.578033
v -0.423008 1.193186 -0.568109
v -0.402008 1.174532 -0.559410
v -0.384773 1.151801 -0.552272
v -0.371967 1.125868 -0.546967
v -0.364081 1.097729 -0.543700
v -0.361418 1.068466 -0.542598
v -0.364081 1.039202 -0.543700
v -0.371967 1.011063 -0.546967
v -0.384773 0.985130 -0.552272
v -0.402008 0.962400 -0.559410
v -0.423008 0.943745 -0.568109
v -0.446967 0.929884 -0.578033
v -0.472964 0.921348 -0.588801
v -0.475668 1.215584 -0.583742
v -0.452272 1.207048 -0.568109
v -0.430709 1.193186 -0.553701
v -0.411809 1.174532 -0.541073
v -0.396299 1.151801 -0.530709
v -0.384773 1.125868 -0.523008
v -0.377676 1.097729 -0.518266
v -0.375280 1.068466 -0.516665
v -0.377676 1.039202 -0.518266
v -0.384773 1.011063 -0.523008
v -0.396299 0.985130 -0.530709
v -0.411809 0.962400 -0.541073
v -0.430709 0.943745 -0.553701
v -0.452272 0.929884 -0.568109
v -0.475668 0.921348 -0.583742
v -0.479308 1.215584 -0.579308
v -0.459410 1.207048 -0.559410
v -0.441073 1.193186 -0.541073
v -0.425000 1.174532 -0.525000
v -0.411809 1.151801 -0.511809
v -0.402008 1.125868 -0.502008
v -0.395972 1.097729 -0.495972
v -0.393934 1.068466 -0.493934
v -0.395972 1.039202 -0.495972
v -0.402008 1.011063 -0.502008
v -0.411809 0.985130 -0.511809
v -0.425000 0.962400 -0.525000
v -0.441073 0.943745 -0.541073
v -0.459410 0.929884 -0.559410
v -0.479308 0.921348 -0.579308
v -0.483742 1.215584 -0.575668
v -0.468109 1.207048 -0.552272
v -0.453701 1.193186 -0.530709
v -0.441073 1.174532 -0.511809
v -0.430709 1.151801 -0.496299
v -0.423008 1.125868 -0.484773
v -0.418266 1.097729 -0.477676
v -0.416664 1.068466 -0.475280
v -0.418266 1.039202 -0.477676
v -0.423008 1.011063 -0.484773
v -0.430709 0.985130 -0.496299
v -0.441073 0.962400 -0.511809
v -0.453701 0.943745 -0.530709
v -0.468109 0.929884 -0.552272
v -0.483742 0.921348 -0.575668
v -0.500000 1.218466 -0.600000
v -0.488801 1.215584 -0.572964
v -0.478033 1.207048 -0.546967
v -0.468109 1.193186 -0.523008
v -0.459410 1.174532 -0.502008
v -0.452272 1.151801 -0.484773
v -0.446967 1.125868 -0.471967
v -0.443700 1.097729 -0.464081
v -0.442598 1.068466 -0.461418
v -0.443700 1.039202 -0.464081
v -0.446967 1.011063 -0.471967
v -0.452272 0.985130 -0.484773
v -0.459410 0.962400 -0.502008
v -0.468109 0.943745 -0.523008
v -0.478033 0.929884 -0.546967
v -0.488801 0.921348 -0.572964
v -0.494291 1.215584 -0.571299
v -0.488801 1.207048 -0.543700
v -0.483742 1.193186 -0.518266
v -0.479308 1.174532 -0.495972
v -0.475668 1.151801 -0.477676
v -0.472964 1.125868 -0.464081
v -0.471299 1.097729 -0.455709
v -0.470736 1.068466 -0.452882
v -0.471299 1.039202 -0.455709
v -0.472964 1.011063 -0.464081
v -0.475668 0.985130 -0.477676
v -0.479308 0.962400 -0.495972
v -0.483742 0.943745 -0.518266
v -0.488801 0.929884 -0.543700
v -0.494291 0.921348 -0.571299
v -0.500000 1.215584 -0.570736
v -0.500000 1.207048 -0.542598
v -0.500000 1.193186 -0.516665
v -0.500000 1.174532 -0.493934
v -0.500000 1.151801 -0.475280
v -0.500000 1.125868 -0.461418
v -0.500000 1.097729 -0.452882
v -0.500000 1.068466 -0.450000
v -0.500000 1.039202 -0.452882
v -0.500000 1.011063 -0.461418
v -0.500000 0.985130 -0.475280
v -0.500000 0.962400 -0.493934
v -0.500000 0.943745 -0.516665
v -0.500000 0.929884 -0.542598
v -0.500000 0.921348 -0.570736
v -0.505709 1.215584 -0.571299
v -0.511199 1.207048 -0.543700
v -0.516258 1.193186 -0.518266
v -0.520692 1.174532 -0.495972
v -0.524332 1.151801 -0.477676
v -0.527036 1.125868 -0.464081
v -0.528701 1.097729 -0.455709
v -0.529264 1.068466 -0.452882
v -0.528701 1.039202 -0.455709
v -0.527036 1.011063 -0.464081
v -0.524332 0.985130 -0.477676
v -0.520692 0.962400 -0.495972
v -0.516258 0.943745 -0.518266
v -0.511199 0.929884 -0.543700
v -0.505709 0.921348 -0.571299
v -0.511199 1.215584 -0.572964
v -0.521967 1.207048 -0.546967
v -0.531891 1.193186 -0.523008
v -0.540590 1.174532 -0.502008
v -0.547728 1.151801 -0.484773
v -0.553033 1.125868 -0.471967
v -0.556300 1.097729 -0.464081
v -0.557402 1.068466 -0.461418
v -0.556300 1.039202 -0.464081
v -0.553033 1.011063 -0.471967
v -0.547728 0.985130 -0.484773
v -0.540590 0.962400 -0.502008
v -0.531891 0.943745 -0.523008
v -0.521967 0.929884 -0.546967
v -0.511199 0.921348 -0.572964
v -0.516258 1.215584 -0.575668
v -0.531891 1.207048 -0.552272
v -0.546299 1.193186 -0.530709
v -0.558927 1.174532 -0.511809
v -0.569291 1.151801 -0.496299
v -0.576992 1.125868 -0.484773
v -0.581734 1.097729 -0.477676
v -0.583336 1.068466 -0.475280
v -0.581734 1.039202 -0.477676
v -0.576992 1.011063 -0.484773
v -0.569291 0.985130 -0.496299
v -0.558927 0.962400 -0.511809
v -0.546299 0.943745 -0.530709
v -0.531891 0.929884 -0.552272
v -0.516258 0.921348 -0.575668
v -0.520692 1.215584 -0.579308
v -0.540590 1.207048 -0.559410
v -0.558927 1.193186 -0.541073
v -0.575000 1.174532 -0.525000
v -0.588191 1.151801 -0.511809
v -0.597992 1.125868 -0.502008
v -0.604028 1.097729 -0.495972
v -0.606066 1.068466 -0.493934
v -0.604028 1.039202 -0.495972
v -0.597992 1.011063 -0.502008
v -0.588191 0.985130 -0.511809
v -0.575000 0.962400 -0.525000
v -0.558927 0.943745 -0.541073
v -0.540590 0.929884 -0.559410
v -0.520692 0.921348 -0.579308
v -0.524332 1.215584 -0.583742
v -0.547728 1.207048 -0.568109
v -0.569291 1.193186 -0.553701
v -0.588191 1.174532 -0.541073
v -0.603701 1.151801 -0.530709
v -0.615227 1.125868 -0.523008
v -0.622324 1.097729 -0.518266
v -0.624720 1.068466 -0.516665
v -0.622324 1.039202 -0.518266
v -0.615227 1.011063 -0.523008
v -0.603701 0.985130 -0.530709
v -0.588191 0.962400 -0.541073
v -0.569291 0.943745 -0.553701
v -0.547728 0.929884 -0.568109
v -0.524332 0.921348 -0.583742
v -0.527036 1.215584 -0.588801
v -0.553033 1.207048 -0.578033
v -0.576992 1.193186 -0.568109
v -0.597992 1.174532 -0.559410
v -0.615227 1.151801 -0.552272
v -0.628033 1.125868 -0.546967
v -0.635919 1.097729 -0.543701
v -0.638582 1.068466 -0.542598
v -0.635919 1.039202 -0.543701
v -0.628033 1.011063 -0.546967
v -0.615227 0.985130 -0.552272
v -0.597992 0.962400 -0.559410
v -0.576992 0.943745 -0.568109
v -0.553033 0.929884 -0.578033
v -0.527036 0.921348 -0.588801
v -0.528701 1.215584 -0.594291
v -0.556300 1.207048 -0.588801
v -0.581734 1.193186 -0.583742
v -0.604028 1.174532 -0.579308
v -0.622324 1.151801 -0.575668
v -0.635919 1.125868 -0.572964
v -0.644291 1.097729 -0.571299
v -0.647118 1.068466 -0.570737
v -0.644291 1.039202 -0.571299
v -0.635919 1.011063 -0.572964
v -0.622324 0.985130 -0.575668
v -0.604028 0.962400 -0.579308
v -0.581734 0.943745 -0.583742
v -0.556300 0.929884 -0.588801
v -0.528701 0.921348 -0.594291
v -0.529264 1.215584 -0.600000
v -0.557402 1.207048 -0.600000
v -0.583336 1.193186 -0.600000
v -0.606066 1.174532 -0.600000
v -0.624720 1.151801 -0.600000
v -0.638582 1.125868 -0.600000
v -0.647118 1.097729 -0.600000
v -0.650000 1.068466 -0.600000
v -0.647118 1.039202 -0.600000
v -0.638582 1.011063 -0.600000
v -0.624720 0.985130 -0.600000
v -0.606066 0.962400 -0.600000
v -0.583336 0.943745 -0.600000
v -0.557402 0.929884 -0.600000
v -0.529264 0.921348 -0.600000
v -0.528701 1.215584 -0.605709
v -0.556300 1.207048 -0.611199
v -0.581734 1.193186 -0.616258
v -0.604028 1.174532 -0.620692
v -0.622324 1.151801 -0.624332
v -0.635919 1.125868 -0.627036
v -0.644291 1.097729 -0.628701
v -0.647118 1.068466 -0.629264
v -0.644291 1.039202 -0.628701
v -0.635919 1.011063 -0.627036
v -0.622324 0.985130 -0.624332
v -0.604028 0.962400 -0.620692
v -0.581734 0.943745 -0.616258
v -0.556300 0.929884 -0.611199
v -0.528701 0.921348 -0.605709
v -0.527036 1.215584 -0.611199
v -0.553033 1.207048 -0.621967
v -0.576992 1.193186 -0.631891
v -0.597992 1.174532 -0.640590
v -0.615227 1.151801 -0.647728
v -0.628033 1.125868 -0.653033
v -0.635919 1.097729 -0.656300
v -0.638582 1.068466 -0.657403
v -0.635919 1.039202 -0.656300
v -0.628033 1.011063 -0.653033
v -0.615227 0.985130 -0.647728
v -0.597992 0.962400 -0.640590
v -0.576992 0.943745 -0.631891
v -0.553033 0.929884 -0.621967
v -0.527036 0.921348 -0.611199
v -0.524332 1.215584 -0.616258
v -0.547728 1.207048 -0.631891
v -0.569291 1.193186 -0.646299
v -0.588191 1.174532 -0.658927
v -0.603701 1.151801 -0.669291
v -0.615227 1.125868 -0.676992
v -0.622324 1.097729 -0.681734
v -0.624720 1.068466 -0.683336
v -0.622324 1.039202 -0.681734
v -0.615227 1.011063 -0.676992
v -0.603701 0.985130 -0.669291
v -0.588191 0.962400 -0.658927
v -0.569291 0.943745 -0.646299
v -0.547728 0.929884 -0.631891
v -0.524332 0.921348 -0.616258
v -0.520692 1.215584 -0.620692
v -0.540590 1.207048 -0.640590
v -0.558927 1.193186 -0.658927
v -0.575000 1.174532 -0.675000
v -0.588191 1.151801 -0.688191
v -0.597992 1.125868 -0.697992
v -0.604028 1.097729 -0.704028
v -0.606066 1.068466 -0.706066
v -0.604028 1.039202 -0.704028
v -0.597992 1.011063 -0.697992
v -0.588191 0.985130 -0.688191
v -0.575000 0.962400 -0.675000
v -0.558927 0.943745 -0.658927
v -0.540590 0.929884 -0.640590
v -0.520692 0.921348 -0.620692
v -0.500000 0.918466 -0.600000
v -0.516258 1.215584 -0.624332
v -0.531891 1.207048 -0.647728
v -0.546299 1.193186 -0.669291
v -0.558927 1.174532 -0.688191
v -0.569291 1.151801 -0.703701
v -0.576992 1.125868 -0.715227
v -0.581734 1.097729 -0.722324
v -0.583335 1.068466 -0.724720
v -0.581734 1.039202 -0.722324
v -0.576992 1.011063 -0.715227
v -0.569291 0.985130 -0.703701
v -0.558927 0.962400 -0.688191
v -0.546299 0.943745 -0.669291
v -0.531891 0.929884 -0.647728
v -0.516258 0.921348 -0.624332
v -0.511199 1.215584 -0.627036
v -0.521967 1.207048 -0.653033
v -0.531891 1.193186 -0.676992
v -0.540590 1.174532 -0.697992
v -0.547728 1.151801 -0.715227
v -0.553033 1.125868 -0.728033
v -0.556300 1.097729 -0.735919
v -0.557402 1.068466 -0.738582
v -0.556300 1.039202 -0.735919
v -0.553033 1.011063 -0.728033
v -0.547728 0.985130 -0.715227
v -0.540590 0.962400 -0.697992
v -0.531891 0.943745 -0.676992
v -0.521967 0.929884 -0.653033
v -0.511199 0.921348 -0.627036
v -0.505709 1.215584 -0.628701
v -0.511199 1.207048 -0.656300
v -0.516258 1.193186 -0.681734
v -0.520692 1.174532 -0.704028
v -0.524332 1.151801 -0.722324
v -0.527036 1.125868 -0.735919
v -0.528701 1.097729 -0.744291
v -0.529263 1.068466 -0.747118
v -0.528701 1.039202 -0.744291
v -0.527036 1.011063 -0.735919
v -0.524332 0.985130 -0.722324
v -0.520692 0.962400 -0.704028
v -0.516258 0.943745 -0.681734
v -0.511199 0.929884 -0.656300
v -0.505709 0.921348 -0.628701
v -0.500000 1.215584 -0.629264
v -0.500000 1.207048 -0.657403
v -0.500000 1.193186 -0.683335
v -0.500000 1.174532 -0.706066
v -0.500000 1.151801 -0.724720
v -0.500000 1.125868 -0.738582
v -0.500000 1.097729 -0.747118
v -0.500000 1.068466 -0.750000
v -0.500000 1.039202 -0.747118
v -0.500000 1.011063 -0.738582
v -0.500000 0.985130 -0.724720
v -0.500000 0.962400 -0.706066
v -0.500000 0.943745 -0.683335
v -0.500000 0.929884 -0.657403
v -0.500000 0.921348 -0.629264
v -0.494291 1.215584 -0.628701
v -0.488801 1.207048 -0.656300
v -0.483742 1.193186 -0.681734
v -0.479308 1.174532 -0.704028
v -0.475668 1.151801 -0.722324
v -0.472964 1.125868 -0.735919
v -0.471299 1.097729 -0.744291
v -0.470736 1.068466 -0.747118
v -0.471299 1.039202 -0.744291
v -0.472964 1.011063 -0.735919
v -0.475668 0.985130 -0.722324
v -0.479308 0.962400 -0.704028
v -0.483742 0.943745 -0.681734
v -0.488801 0.929884 -0.656300
v -0.494291 0.921348 -0.628701
v -0.488801 1.215584 -0.627036
v -0.478033 1.207048 -0.653033
v -0.468109 1.193186 -0.676992
v -0.459410 1.174532 -0.697992
v -0.452272 1.151801 -0.715227
v -0.446967 1.125868 -0.728033
v -0.443700 1.097729 -0.735919
v -0.442597 1.068466 -0.738582
v -0.443700 1.039202 -0.735919
v -0.446967 1.011063 -0.728033
v -0.452272 0.985130 -0.715227
v -0.459410 0.962400 -0.697992
v -0.468109 0.943745 -0.676992
v -0.478033 0.929884 -0.653033
v -0.488801 0.921348 -0.627036
v -0.483742 1.215584 -0.624332
v -0.468109 1.207048 -0.647728
v -0.453701 1.193186 -0.669291
v -0.441073 1.174532 -0.688191
v -0.430709 1.151801 -0.703701
v -0.423008 1.125868 -0.715227
v -0.418266 1.097729 -0.722324
v -0.416664 1.068466 -0.724720
v -0.418266 1.039202 -0.722324
v -0.423008 1.011063 -0.715227
v -0.430709 0.985130 -0.703701
v -0.441073 0.962400 -0.688191
v -0.453701 0.943745 -0.669291
v -0.468109 0.929884 -0.647728
v -0.483742 0.921348 -0.624332
v -0.479308 1.215584 -0.620692
v -0.459410 1.207048 -0.640590
v -0.441073 1.193186 -0.658927
v -0.425000 1.174532 -0.675000
v -0.411809 1.151801 -0.688191
v -0.402008 1.125868 -0.697992
v -0.395972 1.097729 -0.704028
v -0.393934 1.068466 -0.706066
v -0.395972 1.039202 -0.704028
v -0.402008 1.011063 -0.697992
v -0.411809 0.985130 -0.688191
v -0.425000 0.962400 -0.675000
v -0.441073 0.943745 -0.658927
v -0.459410 0.929884 -0.640590
v -0.479308 0.921348 -0.620692
v -0.475668 1.215584 -0.616258
v -0.452272 1.207048 -0.631891
v -0.430709 1.193186 -0.646299
v -0.411809 1.174532 -0.658927
v -0.396299 1.151801 -0.669291
v -0.384773 1.125868 -0.676992
v -0.377676 1.097729 -0.681734
v -0.375280 1.068466 -0.683335
v -0.377676 1.039202 -0.681734
v -0.384773 1.011063 -0.676992
v -0.396299 0.985130 -0.669291
v -0.411809 0.962400 -0.658927
v -0.430709 0.943745 -0.646299
v -0.452272 0.929884 -0.631891
v -0.475668 0.921348 -0.616258
v -0.472964 1.215584 -0.611199
v -0.446967 1.207048 -0.621967
v -0.423008 1.193186 -0.631891
v -0.402008 1.174532 -0.640590
v -0.384773 1.151801 -0.647728
v -0.371967 1.125868 -0.653033
v -0.364081 1.097729 -0.656299
v -0.361418 1.068466 -0.657402
v -0.364081 1.039202 -0.656299
v -0.371967 1.011063 -0.653033
v -0.384773 0.985130 -0.647728
v -0.402008 0.962400 -0.640590
v -0.423008 0.943745 -0.631891
v -0.446967 0.929884 -0.621967
v -0.472964 0.921348 -0.611199
v -0.471299 1.215584 -0.605709
v -0.443700 1.207048 -0.611199
v -0.418266 1.193186 -0.616258
v -0.395972 1.174532 -0.620692
v -0.377676 1.151801 -0.624332
v -0.364081 1.125868 -0.627036
v -0.355709 1.097729 -0.628701
v -0.352882 1.068466 -0.629263
v -0.355709 1.039202 -0.628701
v -0.364081 1.011063 -0.627036
v -0.377676 0.985130 -0.624332
v -0.395972 0.962400 -0.620692
v -0.418266 0.943745 -0.616258
v -0.443700 0.929884 -0.611199
v -0.471299 0.921348 -0.605709
v -0.470736 1.215584 -0.600000
v -0.442598 1.207048 -0.600000
v -0.393934 1.174532 -0.600000
v -0.361418 1.125868 -0.600000
v -0.361418 1.011063 -0.600000
v -0.393934 0.962400 -0.600000
v -0.416665 0.943745 -0.600000
v -0.442598 0.929884 -0.600000
v -0.470736 0.921348 -0.600000
vn 0.8786 -0.4696 0.0865
vn 0.6332 0.7715 0.0624
vn 0.7708 -0.6326 0.0759
vn 0.7708 0.6326 0.0759
vn 0.6332 -0.7715 0.0624
vn 0.8786 0.4696 0.0865
vn 0.4709 -0.8810 0.0464
vn 0.9527 0.2890 0.0938
vn 0.2902 -0.9565 0.0286
vn 0.9904 0.0975 0.0975
vn 0.0980 0.9951 0.0097
vn 0.0980 -0.9951 0.0097
vn 0.9904 -0.0975 0.0975
vn 0.2902 0.9565 0.0286
vn 0.9527 -0.2890 0.0938
vn 0.4709 0.8810 0.0464
vn 0.9161 -0.2890 0.2779
vn 0.4528 0.8810 0.1374
vn 0.8448 -0.4696 0.2563
vn 0.6088 0.7715 0.1847
vn 0.7412 -0.6326 0.2248
vn 0.7412 0.6326 0.2248
vn 0.6088 -0.7715 0.1847
vn 0.8448 0.4696 0.2563
vn 0.4528 -0.8810 0.1374
vn 0.9161 0.2890 0.2779
vn 0.2790 -0.9565 0.0846
vn 0.9524 0.0976 0.2889
vn 0.0942 0.9951 0.0286
vn 0.0942 -0.9951 0.0286
vn 0.9524 -0.0976 0.2889
vn 0.2790 0.9565 0.0846
vn 0.4173 -0.8810 0.2230
vn 0.8443 0.2890 0.4513
vn 0.2571 -0.9565 0.1374
vn 0.8777 0.0975 0.4691
vn 0.0869 0.9951 0.0464
vn 0.0869 -0.9951 0.0464
vn 0.8777 -0.0975 0.4691
vn 0.2571 0.9565 0.1374
vn 0.8443 -0.2890 0.4513
vn 0.4173 0.8810 0.2230
vn 0.7786 -0.4696 0.4162
vn 0.5611 0.7715 0.2999
vn 0.6831 -0.6326 0.3651
vn 0.6831 0.6326 0.3651
vn 0.5611 -0.7715 0.2999
vn 0.7786 0.4696 0.4162
vn 0.3658 0.8810 0.3002
vn 0.6825 -0.4696 0.5601
vn 0.4918 0.7715 0.4036
vn 0.5987 -0.6326 0.4913
vn 0.5987 0.6326 0.4913
vn 0.4918 -0.7715 0.4036
vn 0.6825 0.4696 0.5601
vn 0.3658 -0.8810 0.3002
vn 0.7400 0.2890 0.6073
vn 0.2254 -0.9565 0.1850
vn 0.7693 0.0975 0.6314
vn 0.0761 0.9951 0.0625
vn 0.0761 -0.9951 0.0625
vn 0.7693 -0.0975 0.6314
vn 0.2254 0.9565 0.1850
vn 0.7400 -0.2890 0.6073
vn 0.6073 0.2890 0.7400
vn 0.1850 -0.9565 0.2254
vn 0.6314 0.0975 0.7693
vn 0.0625 0.9951 0.0761
vn 0.0625 -0.9951 0.0761
vn 0.6314 -0.0975 0.7693
vn 0.1850 0.9565 0.2254
vn 0.6073 -0.2890 0.7400
vn 0.3002 0.8810 0.3658
vn 0.5601 -0.4696 0.6825
vn 0.4036 0.7715 0.4918
vn 0.4913 -0.6326 0.5987
vn 0.4913 0.6326 0.5987
vn 0.4036 -0.7715 0.4918
vn 0.5601 0.4696 0.6825
vn 0.3002 -0.8810 0.3658
vn 0.4162 -0.4696 0.7786
vn 0.2999 0.7715 0.5611
vn 0.3651 -0.6326 0.6831
vn 0.3651 0.6326 0.6831
vn 0.2999 -0.7715 0.5611
vn 0.4162 0.4696 0.7786
vn 0.2230 -0.8810 0.4173
vn 0.4513 0.2890 0.8443
vn 0.1374 -0.9565 0.2571
vn 0.4691 0.0975 0.8777
vn 0.0464 0.9951 0.0869
vn 0.0464 -0.9951 0.0869
vn 0.4691 -0.0975 0.8777
vn 0.1374 0.9565 0.2571
vn 0.4513 -0.2890 0.8443
vn 0.2230 0.8810 0.4173
vn 0.0846 -0.9565 0.2790
vn 0.2889 0.0975 0.9524
vn 0.0286 0.9951 0.0942
vn 0.0286 -0.9951 0.0942
vn 0.2889 -0.0975 0.9524
vn 0.0846 0.9565 0.2790
vn 0.2779 -0.2890 0.9161
vn 0.1374 0.8810 0.4528
vn 0.2563 -0.4696 0.8448
vn 0.1847 0.7715 0.6088
vn 0.2248 -0.6326 0.7412
vn 0.2248 0.6326 0.7412
vn 0.1847 -0.7715 0.6088
vn 0.2563 0.4696 0.8448
vn 0.1374 -0.8810 0.4528
vn 0.2779 0.2890 0.9161
vn 0.0759 -0.6326 0.7708
vn 0.0759 0.6326 0.7708
vn 0.0624 -0.7715 0.6332
vn 0.0865 0.4696 0.8786
vn 0.0464 -0.8810 0.4709
vn 0.0938 0.2890 0.9527
vn 0.0286 -0.9565 0.2902
vn 0.0975 0.0975 0.9904
vn 0.0097 0.9951 0.0980
vn 0.0097 -0.9951 0.0980
vn 0.0975 -0.0975 0.9904
vn 0.0286 0.9565 0.2902
vn 0.0938 -0.2890 0.9527
vn 0.0464 0.8810 0.4709
vn 0.0865 -0.4696 0.8786
vn 0.0624 0.7715 0.6332
vn -0.0097 0.9951 0.0980
vn -0.0097 -0.9951 0.0980
vn -0.0976 -0.0975 0.9904
vn -0.0286 0.9565 0.2902
vn -0.0938 -0.2890 0.9527
vn -0.0464 0.8810 0.4709
vn -0.0865 -0.4696 0.8786
vn -0.0624 0.7715 0.6332
vn -0.0759 -0.6326 0.7708
vn -0.0759 0.6326 0.7708
vn -0.0624 -0.7715 0.6332
vn -0.0865 0.4696 0.8786
vn -0.0464 -0.8810 0.4709
vn -0.0938 0.2890 0.9527
vn -0.0286 -0.9565 0.2902
vn -0.0976 0.0975 0.9904
vn -0.2248 0.6326 0.7412
vn -0.1847 -0.7715 0.6088
vn -0.2563 0.4696 0.8448
vn -0.1374 -0.8810 0.4528
vn -0.2779 0.2890 0.9161
vn -0.0846 -0.9565 0.2790
vn -0.2889 0.0975 0.9524
vn -0.0286 0.9951 0.0942
vn -0.0286 -0.9951 0.0942
vn -0.2889 -0.0975 0.9524
vn -0.0846 0.9565 0.2790
vn -0.2779 -0.2890 0.9161
vn -0.1374 0.8810 0.4528
vn -0.2563 -0.4696 0.8448
vn -0.1847 0.7715 0.6088
vn -0.2248 -0.6326 0.7412
vn -0.4691 -0.0975 0.8777
vn -0.1374 0.9565 0.2571
vn -0.4513 -0.2890 0.8443
vn -0.2230 0.8810 0.4173
vn -0.4162 -0.4696 0.7786
vn -0.2999 0.7715 0.5611
vn -0.3651 -0.6326 0.6831
vn -0.3651 0.6326 0.6831
vn -0.2999 -0.7715 0.5611
vn -0.4162 0.4696 0.7786
vn -0.2230 -0.8810 0.4173
vn -0.4513 0.2890 0.8443
vn -0.1374 -0.9565 0.2571
vn -0.4691 0.0975 0.8777
vn -0.0464 0.9951 0.0869
vn -0.0464 -0.9951 0.0869
vn -0.4036 -0.7715 0.4918
vn -0.5601 0.4696 0.6825
vn -0.3002 -0.8810 0.3658
vn -0.6073 0.2890 0.7400
vn -0.1850 -0.9565 0.2254
vn -0.6314 0.0975 0.7693
vn -0.0625 0.9951 0.0761
vn -0.0625 -0.9951 0.0761
vn -0.6314 -0.0975 0.7693
vn -0.1850 0.9565 0.2254
vn -0.6073 -0.2890 0.7400
vn -0.3002 0.8810 0.3658
vn -0.5601 -0.4696 0.6825
vn -0.4036 0.7715 0.4918
vn -0.4913 -0.6326 0.5987
vn -0.4913 0.6326 0.5987
vn -0.2254 0.9565 0.1850
vn -0.7400 -0.2890 0.6073
vn -0.3658 0.8810 0.3002
vn -0.6825 -0.4696 0.5601
vn -0.4918 0.7715 0.4036
vn -0.5987 -0.6326 0.4913
vn -0.5987 0.6326 0.4913
vn -0.4918 -0.7715 0.4036
vn -0.6825 0.4696 0.5601
vn -0.3658 -0.8810 0.3002
vn -0.7400 0.2890 0.6073
vn -0.2254 -0.9565 0.1850
vn -0.7693 0.0975 0.6314
vn -0.0761 0.9951 0.0625
vn -0.0761 -0.9951 0.0625
vn -0.7693 -0.0975 0.6314
vn -0.7786 0.4696 0.4162
vn -0.4173 -0.8810 0.2230
vn -0.8443 0.2890 0.4513
vn -0.2571 -0.9565 0.1374
vn -0.8777 0.0975 0.4691
vn -0.0869 0.9951 0.0464
vn -0.0869 -0.9951 0.0464
vn -0.8777 -0.0975 0.4691
vn -0.2571 0.9565 0.1374
vn -0.8443 -0.2890 0.4513
vn -0.4173 0.8810 0.2230
vn -0.7786 -0.4696 0.4162
vn -0.5611 0.7715 0.2999
vn -0.6831 -0.6326 0.3651
vn -0.6831 0.6326 0.3651
vn -0.5611 -0.7715 0.2999
vn -0.9161 -0.2890 0.2779
vn -0.4528 0.8810 0.1374
vn -0.8448 -0.4696 0.2563
vn -0.6088 0.7715 0.1847
vn -0.7412 -0.6326 0.2248
vn -0.7412 0.6326 0.2248
vn -0.6088 -0.7715 0.1847
vn -0.8448 0.4696 0.2563
vn -0.4528 -0.8810 0.1374
vn -0.9161 0.2890 0.2779
vn -0.2790 -0.9565 0.0846
vn -0.9524 0.0975 0.2889
vn -0.0942 0.9951 0.0286
vn -0.0942 -0.9951 0.0286
vn -0.9524 -0.0975 0.2889
vn -0.2790 0.9565 0.0846
vn -0.4709 -0.8810 0.0464
vn -0.9527 0.2890 0.0938
vn -0.2902 -0.9565 0.0286
vn -0.9904 0.0975 0.0975
vn -0.0980 0.9951 0.0097
vn -0.0980 -0.9951 0.0097
vn -0.9904 -0.0975 0.0975
vn -0.2902 0.9565 0.0286
vn -0.9527 -0.2890 0.0938
vn -0.4709 0.8810 0.0464
vn -0.8786 -0.4696 0.0865
vn -0.6332 0.7715 0.0624
vn -0.7708 -0.6326 0.0759
vn -0.7708 0.6326 0.0759
vn -0.6332 -0.7715 0.0624
vn -0.8786 0.4696 0.0865
vn -0.8786 -0.4696 -0.0865
vn -0.6332 0.7715 -0.0624
vn -0.7708 -0.6326 -0.0759
vn -0.7708 0.6326 -0.0759
vn -0.6332 -0.7715 -0.0624
vn -0.8786 0.4696 -0.0865
vn -0.4709 -0.8810 -0.0464
vn -0.9527 0.2890 -0.0938
vn -0.2902 -0.9565 -0.0286
vn -0.9904 0.0975 -0.0976
vn -0.0980 0.9951 -0.0097
vn -0.0980 -0.9951 -0.0097
vn -0.9904 -0.0975 -0.0976
vn -0.2902 0.9565 -0.0286
vn -0.9527 -0.2890 -0.0938
vn -0.4709 0.8810 -0.0464
vn -0.2790 -0.9565 -0.0846
vn -0.9524 0.0975 -0.2889
vn -0.0942 0.9951 -0.0286
vn -0.0942 -0.9951 -0.0286
vn -0.9524 -0.0975 -0.2889
vn -0.2790 0.9565 -0.0846
vn -0.9161 -0.2890 -0.2779
vn -0.4528 0.8810 -0.1374
vn -0.8448 -0.4696 -0.2563
vn -0.6088 0.7715 -0.1847
vn -0.7412 -0.6326 -0.2248
vn -0.7412 0.6326 -0.2248
vn -0.6088 -0.7715 -0.1847
vn -0.8448 0.4696 -0.2563
vn -0.4528 -0.8810 -0.1374
vn -0.9161 0.2890 -0.2779
vn -0.5611 0.7715 -0.2999
vn -0.6831 -0.6326 -0.3651
vn -0.6831 0.6326 -0.3651
vn -0.5611 -0.7715 -0.2999
vn -0.7786 0.4696 -0.4162
vn -0.4173 -0.8810 -0.2230
vn -0.8443 0.2890 -0.4513
vn -0.2571 -0.9565 -0.1374
vn -0.8777 0.0975 -0.4691
vn -0.0869 0.9951 -0.0464
vn -0.0869 -0.9951 -0.0464
vn -0.8777 -0.0975 -0.4691
vn -0.2571 0.9565 -0.1374
vn -0.8443 -0.2890 -0.4513
vn -0.4173 0.8810 -0.2230
vn -0.7786 -0.4696 -0.4162
vn -0.7693 0.0975 -0.6314
vn -0.0761 0.9951 -0.0625
vn -0.0761 -0.9951 -0.0625
vn -0.7693 -0.0975 -0.6314
vn -0.2254 0.9565 -0.1850
vn -0.7400 -0.2890 -0.6073
vn -0.3658 0.8810 -0.3002
vn -0.6825 -0.4696 -0.5601
vn -0.4918 0.7715 -0.4036
vn -0.5987 -0.6326 -0.4913
vn -0.5987 0.6326 -0.4913
vn -0.4918 -0.7715 -0.4036
vn -0.6825 0.4696 -0.5601
vn -0.3658 -0.8810 -0.3002
vn -0.7400 0.2890 -0.6073
vn -0.2254 -0.9565 -0.1850
vn -0.4913 -0.6326 -0.5987
vn -0.4913 0.6326 -0.5987
vn -0.4036 -0.7715 -0.4918
vn -0.5601 0.4696 -0.6825
vn -0.3002 -0.8810 -0.3658
vn -0.6073 0.2890 -0.7400
vn -0.1850 -0.9565 -0.2254
vn -0.6314 0.0975 -0.7693
vn -0.0625 0.9951 -0.0761
vn -0.0625 -0.9951 -0.0761
vn -0.6314 -0.0975 -0.7693
vn -0.1850 0.9565 -0.2254
vn -0.6073 -0.2890 -0.7400
vn -0.3002 0.8810 -0.3658
vn -0.5601 -0.4696 -0.6825
vn -0.4036 0.7715 -0.4918
vn -0.0464 0.9951 -0.0869
vn -0.0464 -0.9951 -0.0869
vn -0.4691 -0.0975 -0.8777
vn -0.1374 0.9565 -0.2571
vn -0.4513 -0.2890 -0.8443
vn -0.2230 0.8810 -0.4173
vn -0.4162 -0.4696 -0.7786
vn -0.2999 0.7715 -0.5611
vn -0.3651 -0.6326 -0.6831
vn -0.3651 0.6326 -0.6831
vn -0.2999 -0.7715 -0.5611
vn -0.4162 0.4696 -0.7786
vn -0.2230 -0.8810 -0.4173
vn -0.4513 0.2890 -0.8443
vn -0.1374 -0.9565 -0.2571
vn -0.4691 0.0975 -0.8777
vn -0.2248 0.6326 -0.7412
vn -0.1847 -0.7715 -0.6088
vn -0.2563 0.4696 -0.8448
vn -0.1374 -0.8810 -0.4528
vn -0.2779 0.2890 -0.9161
vn -0.0846 -0.9565 -0.2790
vn -0.2889 0.0975 -0.9524
vn -0.0286 0.9951 -0.0942
vn -0.0286 -0.9951 -0.0942
vn -0.2889 -0.0975 -0.9524
vn -0.0846 0.9565 -0.2790
vn -0.2779 -0.2890 -0.9161
vn -0.1374 0.8810 -0.4528
vn -0.2563 -0.4696 -0.8448
vn -0.1847 0.7715 -0.6088
vn -0.2248 -0.6326 -0.7412
vn -0.0975 -0.0975 -0.9904
vn -0.0286 0.9565 -0.2902
vn -0.0938 -0.2890 -0.9527
vn -0.0464 0.8810 -0.4709
vn -0.0865 -0.4696 -0.8786
vn -0.0624 0.7715 -0.6332
vn -0.0759 -0.6326 -0.7708
vn -0.0759 0.6326 -0.7708
vn -0.0624 -0.7715 -0.6332
vn -0.0865 0.4696 -0.8786
vn -0.0464 -0.8810 -0.4709
vn -0.0938 0.2890 -0.9527
vn -0.0286 -0.9565 -0.2902
vn -0.0975 0.0975 -0.9904
vn -0.0097 0.9951 -0.0980
vn -0.0097 -0.9951 -0.0980
vn 0.0624 -0.7715 -0.6332
vn 0.0865 0.4696 -0.8786
vn 0.0464 -0.8810 -0.4709
vn 0.0938 0.2890 -0.9527
vn 0.0286 -0.9565 -0.2902
vn 0.0976 0.0975 -0.9904
vn 0.0097 0.9951 -0.0980
vn 0.0097 -0.9951 -0.0980
vn 0.0976 -0.0975 -0.9904
vn 0.0286 0.9565 -0.2902
vn 0.0938 -0.2890 -0.9527
vn 0.0464 0.8810 -0.4709
vn 0.0865 -0.4696 -0.8786
vn 0.0624 0.7715 -0.6332
vn 0.0759 -0.6326 -0.7708
vn 0.0759 0.6326 -0.7708
vn 0.2779 -0.2890 -0.9161
vn 0.1374 0.8810 -0.4528
vn 0.2563 -0.4696 -0.8448
vn 0.1847 0.7715 -0.6088
vn 0.2248 -0.6326 -0.7412
vn 0.2248 0.6326 -0.7412
vn 0.1847 -0.7715 -0.6088
vn 0.2563 0.4696 -0.8448
vn 0.1374 -0.8810 -0.4528
vn 0.2779 0.2890 -0.9161
vn 0.0846 -0.9565 -0.2790
vn 0.2889 0.0975 -0.9524
vn 0.0286 0.9951 -0.0942
vn 0.0286 -0.9951 -0.0942
vn 0.2889 -0.0975 -0.9524
vn 0.0846 0.9565 -0.2790
vn 0.2231 -0.8810 -0.4173
vn 0.4513 0.2890 -0.8443
vn 0.1374 -0.9565 -0.2571
vn 0.4691 0.0975 -0.8777
vn 0.0464 0.9951 -0.0869
vn 0.0464 -0.9951 -0.0869
vn 0.4691 -0.0975 -0.8777
vn 0.1374 0.9565 -0.2571
vn 0.4513 -0.2890 -0.8443
vn 0.2231 0.8810 -0.4173
vn 0.4162 -0.4696 -0.7786
vn 0.2999 0.7715 -0.5611
vn 0.3651 -0.6326 -0.6831
vn 0.3651 0.6326 -0.6831
vn 0.2999 -0.7715 -0.5611
vn 0.4162 0.4696 -0.7786
vn 0.3002 0.8810 -0.3658
vn 0.5601 -0.4696 -0.6825
vn 0.4036 0.7715 -0.4918
vn 0.4913 -0.6326 -0.5987
vn 0.4913 0.6326 -0.5987
vn 0.4036 -0.7715 -0.4918
vn 0.5601 0.4696 -0.6825
vn 0.3002 -0.8810 -0.3658
vn 0.6073 0.2890 -0.7400
vn 0.1850 -0.9565 -0.2254
vn 0.6314 0.0975 -0.7693
vn 0.0625 0.9951 -0.0761
vn 0.0625 -0.9951 -0.0761
vn 0.6314 -0.0975 -0.7693
vn 0.1850 0.9565 -0.2254
vn 0.6073 -0.2890 -0.7400
vn 0.7400 0.2890 -0.6073
vn 0.2254 -0.9565 -0.1850
vn 0.7693 0.0975 -0.6314
vn 0.0761 0.9951 -0.0625
vn 0.0761 -0.9951 -0.0625
vn 0.7693 -0.0975 -0.6314
vn 0.2254 0.9565 -0.1850
vn 0.7400 -0.2890 -0.6073
vn 0.3658 0.8810 -0.3002
vn 0.6825 -0.4696 -0.5601
vn 0.4918 0.7715 -0.4036
vn 0.5987 -0.6326 -0.4913
vn 0.5987 0.6326 -0.4913
vn 0.4918 -0.7715 -0.4036
vn 0.6825 0.4696 -0.5601
vn 0.3658 -0.8810 -0.3002
vn 0.7786 -0.4696 -0.4162
vn 0.5611 0.7715 -0.2999
vn 0.6831 -0.6326 -0.3651
vn 0.6831 0.6326 -0.3651
vn 0.5611 -0.7715 -0.2999
vn 0.7786 0.4696 -0.4162
vn 0.4173 -0.8810 -0.2230
vn 0.8443 0.2890 -0.4513
vn 0.2571 -0.9565 -0.1374
vn 0.8777 0.0975 -0.4691
vn 0.0869 0.9951 -0.0464
vn 0.0869 -0.9951 -0.0464
vn 0.8777 -0.0975 -0.4691
vn 0.2571 0.9565 -0.1374
vn 0.8443 -0.2890 -0.4513
vn 0.4173 0.8810 -0.2230
vn 0.2790 -0.9565 -0.0846
vn 0.9524 0.0975 -0.2889
vn 0.0942 0.9951 -0.0286
vn 0.0942 -0.9951 -0.0286
vn 0.9524 -0.0975 -0.2889
vn 0.2790 0.9565 -0.0846
vn 0.9161 -0.2890 -0.2779
vn 0.4528 0.8810 -0.1374
vn 0.8448 -0.4696 -0.2563
vn 0.6088 0.7715 -0.1847
vn 0.7412 -0.6326 -0.2248
vn 0.7412 0.6326 -0.2248
vn 0.6088 -0.7715 -0.1847
vn 0.8448 0.4696 -0.2563
vn 0.4528 -0.8810 -0.1374
vn 0.9161 0.2890 -0.2779
vn 0.6332 0.7715 -0.0624
vn 0.7708 -0.6326 -0.0759
vn 0.7708 0.6326 -0.0759
vn 0.6332 -0.7715 -0.0624
vn 0.8786 0.4696 -0.0865
vn 0.4709 -0.8810 -0.0464
vn 0.9527 0.2890 -0.0938
vn 0.2902 -0.9565 -0.0286
vn 0.9904 0.0975 -0.0976
vn 0.0980 0.9951 -0.0097
vn 0.0980 -0.9951 -0.0097
vn 0.9904 -0.0975 -0.0976
vn 0.2902 0.9565 -0.0286
vn 0.9527 -0.2890 -0.0938
vn 0.4709 0.8810 -0.0464
vn 0.8786 -0.4696 -0.0865
vt 0.750000 0.312500
vt 0.750000 0.375000
vt 0.718750 0.375000
vt 0.718750 0.312500
vt 0.750000 0.750000
vt 0.750000 0.812500
vt 0.718750 0.812500
vt 0.718750 0.750000
vt 0.750000 0.250000
vt 0.718750 0.250000
vt 0.750000 0.687500
vt 0.718750 0.687500
vt 0.750000 0.187500
vt 0.718750 0.187500
vt 0.750000 0.625000
vt 0.718750 0.625000
vt 0.750000 0.125000
vt 0.718750 0.125000
vt 0.750000 0.562500
vt 0.718750 0.562500
vt 0.750000 0.062500
vt 0.718750 0.062500
vt 0.750000 0.500000
vt 0.718750 0.500000
vt 0.750000 0.937500
vt 0.734375 1.000000
vt 0.718750 0.937500
vt 0.734375 0.000000
vt 0.750000 0.437500
vt 0.718750 0.437500
vt 0.750000 0.875000
vt 0.718750 0.875000
vt 0.687500 0.437500
vt 0.687500 0.375000
vt 0.687500 0.875000
vt 0.687500 0.812500
vt 0.687500 0.312500
vt 0.687500 0.750000
vt 0.687500 0.250000
vt 0.687500 0.687500
vt 0.687500 0.187500
vt 0.687500 0.625000
vt 0.687500 0.125000
vt 0.687500 0.562500
vt 0.687500 0.062500
vt 0.687500 0.500000
vt 0.703125 1.000000
vt 0.687500 0.937500
vt 0.703125 0.000000
vt 0.656250 0.187500
vt 0.656250 0.125000
vt 0.656250 0.625000
vt 0.656250 0.562500
vt 0.656250 0.062500
vt 0.656250 0.500000
vt 0.671875 1.000000
vt 0.656250 0.937500
vt 0.671875 0.000000
vt 0.656250 0.437500
vt 0.656250 0.875000
vt 0.656250 0.375000
vt 0.656250 0.812500
vt 0.656250 0.312500
vt 0.656250 0.750000
vt 0.656250 0.250000
vt 0.656250 0.687500
vt 0.625000 0.875000
vt 0.625000 0.812500
vt 0.625000 0.375000
vt 0.625000 0.312500
vt 0.625000 0.750000
vt 0.625000 0.250000
vt 0.625000 0.687500
vt 0.625000 0.187500
vt 0.625000 0.625000
vt 0.625000 0.125000
vt 0.625000 0.562500
vt 0.625000 0.062500
vt 0.625000 0.500000
vt 0.640625 1.000000
vt 0.625000 0.937500
vt 0.640625 0.000000
vt 0.625000 0.437500
vt 0.593750 0.625000
vt 0.593750 0.562500
vt 0.593750 0.125000
vt 0.593750 0.062500
vt 0.593750 0.500000
vt 0.609375 1.000000
vt 0.593750 0.937500
vt 0.609375 0.000000
vt 0.593750 0.437500
vt 0.593750 0.875000
vt 0.593750 0.375000
vt 0.593750 0.812500
vt 0.593750 0.312500
vt 0.593750 0.750000
vt 0.593750 0.250000
vt 0.593750 0.687500
vt 0.593750 0.187500
vt 0.562500 0.375000
vt 0.562500 0.312500
vt 0.562500 0.812500
vt 0.562500 0.750000
vt 0.562500 0.250000
vt 0.562500 0.687500
vt 0.562500 0.187500
vt 0.562500 0.625000
vt 0.562500 0.125000
vt 0.562500 0.562500
vt 0.562500 0.062500
vt 0.562500 0.500000
vt 0.578125 1.000000
vt 0.562500 0.937500
vt 0.578125 0.000000
vt 0.562500 0.437500
vt 0.562500 0.875000
vt 0.531250 0.125000
vt 0.531250 0.062500
vt 0.531250 0.562500
vt 0.531250 0.500000
vt 0.546875 1.000000
vt 0.531250 0.937500
vt 0.546875 0.000000
vt 0.531250 0.437500
vt 0.531250 0.875000
vt 0.531250 0.375000
vt 0.531250 0.812500
vt 0.531250 0.312500
vt 0.531250 0.750000
vt 0.531250 0.250000
vt 0.531250 0.687500
vt 0.531250 0.187500
vt 0.531250 0.625000
vt 0.500000 0.312500
vt 0.500000 0.250000
vt 0.500000 0.750000
vt 0.500000 0.687500
vt 0.500000 0.187500
vt 0.500000 0.625000
vt 0.500000 0.125000
vt 0.500000 0.562500
vt 0.500000 0.062500
vt 0.500000 0.500000
vt 0.515625 1.000000
vt 0.500000 0.937500
vt 0.515625 0.000000
vt 0.500000 0.437500
vt 0.500000 0.875000
vt 0.500000 0.375000
vt 0.500000 0.812500
vt 0.484375 1.000000
vt 0.468750 0.937500
vt 0.484375 0.000000
vt 0.468750 0.062500
vt 0.468750 0.500000
vt 0.468750 0.437500
vt 0.468750 0.875000
vt 0.468750 0.375000
vt 0.468750 0.812500
vt 0.468750 0.312500
vt 0.468750 0.750000
vt 0.468750 0.250000
vt 0.468750 0.687500
vt 0.468750 0.187500
vt 0.468750 0.625000
vt 0.468750 0.125000
vt 0.468750 0.562500
vt 0.437500 0.750000
vt 0.437500 0.687500
vt 0.437500 0.250000
vt 0.437500 0.187500
vt 0.437500 0.625000
vt 0.437500 0.125000
vt 0.437500 0.562500
vt 0.437500 0.062500
vt 0.437500 0.500000
vt 0.453125 1.000000
vt 0.437500 0.937500
vt 0.453125 0.000000
vt 0.437500 0.437500
vt 0.437500 0.875000
vt 0.437500 0.375000
vt 0.437500 0.812500
vt 0.437500 0.312500
vt 0.406250 0.500000
vt 0.406250 0.437500
vt 0.406250 0.937500
vt 0.406250 0.875000
vt 0.406250 0.375000
vt 0.406250 0.812500
vt 0.406250 0.312500
vt 0.406250 0.750000
vt 0.406250 0.250000
vt 0.406250 0.687500
vt 0.406250 0.187500
vt 0.406250 0.625000
vt 0.406250 0.125000
vt 0.406250 0.562500
vt 0.406250 0.062500
vt 0.421875 1.000000
vt 0.421875 0.000000
vt 0.375000 0.250000
vt 0.375000 0.187500
vt 0.375000 0.687500
vt 0.375000 0.625000
vt 0.375000 0.125000
vt 0.375000 0.562500
vt 0.375000 0.062500
vt 0.375000 0.500000
vt 0.390625 1.000000
vt 0.375000 0.937500
vt 0.390625 0.000000
vt 0.375000 0.437500
vt 0.375000 0.875000
vt 0.375000 0.375000
vt 0.375000 0.812500
vt 0.375000 0.312500
vt 0.375000 0.750000
vt 0.343750 0.937500
vt 0.343750 0.875000
vt 0.343750 0.437500
vt 0.343750 0.375000
vt 0.343750 0.812500
vt 0.343750 0.312500
vt 0.343750 0.750000
vt 0.343750 0.250000
vt 0.343750 0.687500
vt 0.343750 0.187500
vt 0.343750 0.625000
vt 0.343750 0.125000
vt 0.343750 0.562500
vt 0.343750 0.062500
vt 0.343750 0.500000
vt 0.359375 1.000000
vt 0.359375 0.000000
vt 0.312500 0.687500
vt 0.312500 0.625000
vt 0.312500 0.187500
vt 0.312500 0.125000
vt 0.312500 0.562500
vt 0.312500 0.062500
vt 0.312500 0.500000
vt 0.328125 1.000000
vt 0.312500 0.937500
vt 0.328125 0.000000
vt 0.312500 0.437500
vt 0.312500 0.875000
vt 0.312500 0.375000
vt 0.312500 0.812500
vt 0.312500 0.312500
vt 0.312500 0.750000
vt 0.312500 0.250000
vt 0.281250 0.437500
vt 0.281250 0.375000
vt 0.281250 0.875000
vt 0.281250 0.812500
vt 0.281250 0.312500
vt 0.281250 0.750000
vt 0.281250 0.250000
vt 0.281250 0.687500
vt 0.281250 0.187500
vt 0.281250 0.625000
vt 0.281250 0.125000
vt 0.281250 0.562500
vt 0.281250 0.062500
vt 0.281250 0.500000
vt 0.296875 1.000000
vt 0.281250 0.937500
vt 0.296875 0.000000
vt 0.250000 0.187500
vt 0.250000 0.125000
vt 0.250000 0.625000
vt 0.250000 0.562500
vt 0.250000 0.062500
vt 0.250000 0.500000
vt 0.265625 1.000000
vt 0.250000 0.937500
vt 0.265625 0.000000
vt 0.250000 0.437500
vt 0.250000 0.875000
vt 0.250000 0.375000
vt 0.250000 0.812500
vt 0.250000 0.312500
vt 0.250000 0.750000
vt 0.250000 0.250000
vt 0.250000 0.687500
vt 0.218750 0.375000
vt 0.218750 0.312500
vt 0.218750 0.812500
vt 0.218750 0.750000
vt 0.218750 0.250000
vt 0.218750 0.687500
vt 0.218750 0.187500
vt 0.218750 0.625000
vt 0.218750 0.125000
vt 0.218750 0.562500
vt 0.218750 0.062500
vt 0.218750 0.500000
vt 0.234375 1.000000
vt 0.218750 0.937500
vt 0.234375 0.000000
vt 0.218750 0.437500
vt 0.218750 0.875000
vt 0.187500 0.125000
vt 0.187500 0.062500
vt 0.187500 0.562500
vt 0.187500 0.500000
vt 0.203125 1.000000
vt 0.187500 0.937500
vt 0.203125 0.000000
vt 0.187500 0.437500
vt 0.187500 0.875000
vt 0.187500 0.375000
vt 0.187500 0.812500
vt 0.187500 0.312500
vt 0.187500 0.750000
vt 0.187500 0.250000
vt 0.187500 0.687500
vt 0.187500 0.187500
vt 0.187500 0.625000
vt 0.156250 0.812500
vt 0.156250 0.750000
vt 0.156250 0.312500
vt 0.156250 0.250000
vt 0.156250 0.687500
vt 0.156250 0.187500
vt 0.156250 0.625000
vt 0.156250 0.125000
vt 0.156250 0.562500
vt 0.156250 0.062500
vt 0.156250 0.500000
vt 0.171875 1.000000
vt 0.156250 0.937500
vt 0.171875 0.000000
vt 0.156250 0.437500
vt 0.156250 0.875000
vt 0.156250 0.375000
vt 0.125000 0.562500
vt 0.125000 0.500000
vt 0.140625 1.000000
vt 0.125000 0.937500
vt 0.140625 0.000000
vt 0.125000 0.062500
vt 0.125000 0.437500
vt 0.125000 0.875000
vt 0.125000 0.375000
vt 0.125000 0.812500
vt 0.125000 0.312500
vt 0.125000 0.750000
vt 0.125000 0.250000
vt 0.125000 0.687500
vt 0.125000 0.187500
vt 0.125000 0.625000
vt 0.125000 0.125000
vt 0.093750 0.312500
vt 0.093750 0.250000
vt 0.093750 0.750000
vt 0.093750 0.687500
vt 0.093750 0.187500
vt 0.093750 0.625000
vt 0.093750 0.125000
vt 0.093750 0.562500
vt 0.093750 0.062500
vt 0.093750 0.500000
vt 0.109375 1.000000
vt 0.093750 0.937500
vt 0.109375 0.000000
vt 0.093750 0.437500
vt 0.093750 0.875000
vt 0.093750 0.375000
vt 0.093750 0.812500
vt 0.078125 1.000000
vt 0.062500 0.937500
vt 0.078125 0.000000
vt 0.062500 0.062500
vt 0.062500 0.500000
vt 0.062500 0.437500
vt 0.062500 0.875000
vt 0.062500 0.375000
vt 0.062500 0.812500
vt 0.062500 0.312500
vt 0.062500 0.750000
vt 0.062500 0.250000
vt 0.062500 0.687500
vt 0.062500 0.187500
vt 0.062500 0.625000
vt 0.062500 0.125000
vt 0.062500 0.562500
vt 0.031250 0.750000
vt 0.031250 0.687500
vt 0.031250 0.250000
vt 0.031250 0.187500
vt 0.031250 0.625000
vt 0.031250 0.125000
vt 0.031250 0.562500
vt 0.031250 0.062500
vt 0.031250 0.500000
vt 0.046875 1.000000
vt 0.031250 0.937500
vt 0.046875 0.000000
vt 0.031250 0.437500
vt 0.031250 0.875000
vt 0.031250 0.375000
vt 0.031250 0.812500
vt 0.031250 0.312500
vt 0.000000 0.500000
vt 0.000000 0.437500
vt 0.000000 0.937500
vt 0.000000 0.875000
vt 0.000000 0.375000
vt 0.000000 0.812500
vt 0.000000 0.312500
vt 0.000000 0.750000
vt 0.000000 0.250000
vt 0.000000 0.687500
vt 0.000000 0.187500
vt 0.000000 0.625000
vt 0.000000 0.125000
vt 0.000000 0.562500
vt 0.000000 0.062500
vt 0.015625 1.000000
vt 0.015625 0.000000
vt 1.000000 0.187500
vt 1.000000 0.250000
vt 0.968750 0.250000
vt 0.968750 0.187500
vt 1.000000 0.625000
vt 1.000000 0.687500
vt 0.968750 0.687500
vt 0.968750 0.625000
vt 1.000000 0.125000
vt 0.968750 0.125000
vt 1.000000 0.562500
vt 0.968750 0.562500
vt 1.000000 0.062500
vt 0.968750 0.062500
vt 1.000000 0.500000
vt 0.968750 0.500000
vt 1.000000 0.937500
vt 0.984375 1.000000
vt 0.968750 0.937500
vt 0.984375 0.000000
vt 1.000000 0.437500
vt 0.968750 0.437500
vt 1.000000 0.875000
vt 0.968750 0.875000
vt 1.000000 0.375000
vt 0.968750 0.375000
vt 1.000000 0.812500
vt 0.968750 0.812500
vt 1.000000 0.312500
vt 0.968750 0.312500
vt 1.000000 0.750000
vt 0.968750 0.750000
vt 0.937500 0.437500
vt 0.937500 0.375000
vt 0.937500 0.875000
vt 0.937500 0.812500
vt 0.937500 0.312500
vt 0.937500 0.750000
vt 0.937500 0.250000
vt 0.937500 0.687500
vt 0.937500 0.187500
vt 0.937500 0.625000
vt 0.937500 0.125000
vt 0.937500 0.562500
vt 0.937500 0.062500
vt 0.937500 0.500000
vt 0.953125 1.000000
vt 0.937500 0.937500
vt 0.953125 0.000000
vt 0.906250 0.187500
vt 0.906250 0.125000
vt 0.906250 0.625000
vt 0.906250 0.562500
vt 0.906250 0.062500
vt 0.906250 0.500000
vt 0.921875 1.000000
vt 0.906250 0.937500
vt 0.921875 0.000000
vt 0.906250 0.437500
vt 0.906250 0.875000
vt 0.906250 0.375000
vt 0.906250 0.812500
vt 0.906250 0.312500
vt 0.906250 0.750000
vt 0.906250 0.250000
vt 0.906250 0.687500
vt 0.875000 0.875000
vt 0.875000 0.812500
vt 0.875000 0.375000
vt 0.875000 0.312500
vt 0.875000 0.750000
vt 0.875000 0.250000
vt 0.875000 0.687500
vt 0.875000 0.187500
vt 0.875000 0.625000
vt 0.875000 0.125000
vt 0.875000 0.562500
vt 0.875000 0.062500
vt 0.875000 0.500000
vt 0.890625 1.000000
vt 0.875000 0.937500
vt 0.890625 0.000000
vt 0.875000 0.437500
vt 0.843750 0.625000
vt 0.843750 0.562500
vt 0.843750 0.125000
vt 0.843750 0.062500
vt 0.843750 0.500000
vt 0.859375 1.000000
vt 0.843750 0.937500
vt 0.859375 0.000000
vt 0.843750 0.437500
vt 0.843750 0.875000
vt 0.843750 0.375000
vt 0.843750 0.812500
vt 0.843750 0.312500
vt 0.843750 0.750000
vt 0.843750 0.250000
vt 0.843750 0.687500
vt 0.843750 0.187500
vt 0.812500 0.375000
vt 0.812500 0.312500
vt 0.812500 0.812500
vt 0.812500 0.750000
vt 0.812500 0.250000
vt 0.812500 0.687500
vt 0.812500 0.187500
vt 0.812500 0.625000
vt 0.812500 0.125000
vt 0.812500 0.562500
vt 0.812500 0.062500
vt 0.812500 0.500000
vt 0.828125 1.000000
vt 0.812500 0.937500
vt 0.828125 0.000000
vt 0.812500 0.437500
vt 0.812500 0.875000
vt 0.781250 0.125000
vt 0.781250 0.062500
vt 0.781250 0.562500
vt 0.781250 0.500000
vt 0.796875 1.000000
vt 0.781250 0.937500
vt 0.796875 0.000000
vt 0.781250 0.437500
vt 0.781250 0.875000
vt 0.781250 0.375000
vt 0.781250 0.812500
vt 0.781250 0.312500
vt 0.781250 0.750000
vt 0.781250 0.250000
vt 0.781250 0.687500
vt 0.781250 0.187500
vt 0.781250 0.625000
vt 0.765625 1.000000
vt 0.765625 0.000000
s 0
usemtl base
f 1250/1681/1179 1722/1682/1179 1260/1683/1179 1261/1684/1179
f 1720/1685/1180 1245/1686/1180 1253/1687/1180 1254/1688/1180
f 1723/1689/1181 1250/1681/1181 1261/1684/1181 1262/1690/1181
f 1246/1691/1182 1720/1685/1182 1254/1688/1182 1255/1692/1182
f 1724/1693/1183 1723/1689/1183 1262/1690/1183 1263/1694/1183
f 1721/1695/1184 1246/1691/1184 1255/1692/1184 1256/1696/1184
f 1725/1697/1185 1724/1693/1185 1263/1694/1185 1264/1698/1185
f 1247/1699/1186 1721/1695/1186 1256/1696/1186 1257/1700/1186
f 1726/1701/1187 1725/1697/1187 1264/1698/1187 1265/1702/1187
f 1248/1703/1188 1247/1699/1188 1257/1700/1188 1258/1704/1188
f 1718/1705/1189 1326/1706/1189 1251/1707/1189
f 1552/1708/1190 1726/1701/1190 1265/1702/1190
f 1249/1709/1191 1248/1703/1191 1258/1704/1191 1259/1710/1191
f 1719/1711/1192 1718/1705/1192 1251/1707/1192 1252/1712/1192
f 1722/1682/1193 1249/1709/1193 1259/1710/1193 1260/1683/1193
f 1245/1686/1194 1719/1711/1194 1252/1712/1194 1253/1687/1194
f 1260/1683/1195 1259/1710/1195 1274/1713/1195 1275/1714/1195
f 1253/1687/1196 1252/1712/1196 1267/1715/1196 1268/1716/1196
f 1261/1684/1197 1260/1683/1197 1275/1714/1197 1276/1717/1197
f 1254/1688/1198 1253/1687/1198 1268/1716/1198 1269/1718/1198
f 1262/1690/1199 1261/1684/1199 1276/1717/1199 1277/1719/1199
f 1255/1692/1200 1254/1688/1200 1269/1718/1200 1270/1720/1200
f 1263/1694/1201 1262/1690/1201 1277/1719/1201 1278/1721/1201
f 1256/1696/1202 1255/1692/1202 1270/1720/1202 1271/1722/1202
f 1264/1698/1203 1263/1694/1203 1278/1721/1203 1279/1723/1203
f 1257/1700/1204 1256/1696/1204 1271/1722/1204 1272/1724/1204
f 1265/1702/1205 1264/1698/1205 1279/1723/1205 1280/1725/1205
f 1258/1704/1206 1257/1700/1206 1272/1724/1206 1273/1726/1206
f 1251/1707/1207 1326/1727/1207 1266/1728/1207
f 1552/1729/1208 1265/1702/1208 1280/1725/1208
f 1259/1710/1209 1258/1704/1209 1273/1726/1209 1274/1713/1209
f 1252/1712/1210 1251/1707/1210 1266/1728/1210 1267/1715/1210
f 1279/1723/1211 1278/1721/1211 1293/1730/1211 1294/1731/1211
f 1272/1724/1212 1271/1722/1212 1286/1732/1212 1287/1733/1212
f 1280/1725/1213 1279/1723/1213 1294/1731/1213 1295/1734/1213
f 1273/1726/1214 1272/1724/1214 1287/1733/1214 1288/1735/1214
f 1266/1728/1215 1326/1736/1215 1281/1737/1215
f 1552/1738/1216 1280/1725/1216 1295/1734/1216
f 1274/1713/1217 1273/1726/1217 1288/1735/1217 1289/1739/1217
f 1267/1715/1218 1266/1728/1218 1281/1737/1218 1282/1740/1218
f 1275/1714/1219 1274/1713/1219 1289/1739/1219 1290/1741/1219
f 1268/1716/1220 1267/1715/1220 1282/1740/1220 1283/1742/1220
f 1276/1717/1221 1275/1714/1221 1290/1741/1221 1291/1743/1221
f 1269/1718/1222 1268/1716/1222 1283/1742/1222 1284/1744/1222
f 1277/1719/1223 1276/1717/1223 1291/1743/1223 1292/1745/1223
f 1270/1720/1224 1269/1718/1224 1284/1744/1224 1285/1746/1224
f 1278/1721/1225 1277/1719/1225 1292/1745/1225 1293/1730/1225
f 1271/1722/1226 1270/1720/1226 1285/1746/1226 1286/1732/1226
f 1283/1742/1227 1282/1740/1227 1297/1747/1227 1298/1748/1227
f 1291/1743/1228 1290/1741/1228 1305/1749/1228 1306/1750/1228
f 1284/1744/1229 1283/1742/1229 1298/1748/1229 1299/1751/1229
f 1292/1745/1230 1291/1743/1230 1306/1750/1230 1307/1752/1230
f 1285/1746/1231 1284/1744/1231 1299/1751/1231 1300/1753/1231
f 1293/1730/1232 1292/1745/1232 1307/1752/1232 1308/1754/1232
f 1286/1732/1233 1285/1746/1233 1300/1753/1233 1301/1755/1233
f 1294/1731/1234 1293/1730/1234 1308/1754/1234 1309/1756/1234
f 1287/1733/1235 1286/1732/1235 1301/1755/1235 1302/1757/1235
f 1295/1734/1236 1294/1731/1236 1309/1756/1236 1310/1758/1236
f 1288/1735/1237 1287/1733/1237 1302/1757/1237 1303/1759/1237
f 1281/1737/1238 1326/1760/1238 1296/1761/1238
f 1552/1762/1239 1295/1734/1239 1310/1758/1239
f 1289/1739/1240 1288/1735/1240 1303/1759/1240 1304/1763/1240
f 1282/1740/1241 1281/1737/1241 1296/1761/1241 1297/1747/1241
f 1290/1741/1242 1289/1739/1242 1304/1763/1242 1305/1749/1242
f 1302/1757/1243 1301/1755/1243 1316/1764/1243 1317/1765/1243
f 1310/1758/1244 1309/1756/1244 1324/1766/1244 1325/1767/1244
f 1303/1759/1245 1302/1757/1245 1317/1765/1245 1318/1768/1245
f 1296/1761/1246 1326/1769/1246 1311/1770/1246
f 1552/1771/1247 1310/1758/1247 1325/1767/1247
f 1304/1763/1248 1303/1759/1248 1318/1768/1248 1319/1772/1248
f 1297/1747/1249 1296/1761/1249 1311/1770/1249 1312/1773/1249
f 1305/1749/1250 1304/1763/1250 1319/1772/1250 1320/1774/1250
f 1298/1748/1251 1297/1747/1251 1312/1773/1251 1313/1775/1251
f 1306/1750/1252 1305/1749/1252 1320/1774/1252 1321/1776/1252
f 1299/1751/1253 1298/1748/1253 1313/1775/1253 1314/1777/1253
f 1307/1752/1254 1306/1750/1254 1321/1776/1254 1322/1778/1254
f 1300/1753/1255 1299/1751/1255 1314/1777/1255 1315/1779/1255
f 1308/1754/1256 1307/1752/1256 1322/1778/1256 1323/1780/1256
f 1301/1755/1257 1300/1753/1257 1315/1779/1257 1316/1764/1257
f 1309/1756/1258 1308/1754/1258 1323/1780/1258 1324/1766/1258
f 1321/1776/1259 1320/1774/1259 1336/1781/1259 1337/1782/1259
f 1314/1777/1260 1313/1775/1260 1329/1783/1260 1330/1784/1260
f 1322/1778/1261 1321/1776/1261 1337/1782/1261 1338/1785/1261
f 1315/1779/1262 1314/1777/1262 1330/1784/1262 1331/1786/1262
f 1323/1780/1263 1322/1778/1263 1338/1785/1263 1339/1787/1263
f 1316/1764/1264 1315/1779/1264 1331/1786/1264 1332/1788/1264
f 1324/1766/1265 1323/1780/1265 1339/1787/1265 1340/1789/1265
f 1317/1765/1266 1316/1764/1266 1332/1788/1266 1333/1790/1266
f 1325/1767/1267 1324/1766/1267 1340/1789/1267 1341/1791/1267
f 1318/1768/1268 1317/1765/1268 1333/1790/1268 1334/1792/1268
f 1311/1770/1269 1326/1793/1269 1327/1794/1269
f 1552/1795/1270 1325/1767/1270 1341/1791/1270
f 1319/1772/1271 1318/1768/1271 1334/1792/1271 1335/1796/1271
f 1312/1773/1272 1311/1770/1272 1327/1794/1272 1328/1797/1272
f 1320/1774/1273 1319/1772/1273 1335/1796/1273 1336/1781/1273
f 1313/1775/1274 1312/1773/1274 1328/1797/1274 1329/1783/1274
f 1341/1791/1275 1340/1789/1275 1355/1798/1275 1356/1799/1275
f 1334/1792/1276 1333/1790/1276 1348/1800/1276 1349/1801/1276
f 1327/1794/1277 1326/1802/1277 1342/1803/1277
f 1552/1804/1278 1341/1791/1278 1356/1799/1278
f 1335/1796/1279 1334/1792/1279 1349/1801/1279 1350/1805/1279
f 1328/1797/1280 1327/1794/1280 1342/1803/1280 1343/1806/1280
f 1336/1781/1281 1335/1796/1281 1350/1805/1281 1351/1807/1281
f 1329/1783/1282 1328/1797/1282 1343/1806/1282 1344/1808/1282
f 1337/1782/1283 1336/1781/1283 1351/1807/1283 1352/1809/1283
f 1330/1784/1284 1329/1783/1284 1344/1808/1284 1345/1810/1284
f 1338/1785/1285 1337/1782/1285 1352/1809/1285 1353/1811/1285
f 1331/1786/1286 1330/1784/1286 1345/1810/1286 1346/1812/1286
f 1339/1787/1287 1338/1785/1287 1353/1811/1287 1354/1813/1287
f 1332/1788/1288 1331/1786/1288 1346/1812/1288 1347/1814/1288
f 1340/1789/1289 1339/1787/1289 1354/1813/1289 1355/1798/1289
f 1333/1790/1290 1332/1788/1290 1347/1814/1290 1348/1800/1290
f 1353/1811/1291 1352/1809/1291 1367/1815/1291 1368/1816/1291
f 1346/1812/1292 1345/1810/1292 1360/1817/1292 1361/1818/1292
f 1354/1813/1293 1353/1811/1293 1368/1816/1293 1369/1819/1293
f 1347/1814/1294 1346/1812/1294 1361/1818/1294 1362/1820/1294
f 1355/1798/1295 1354/1813/1295 1369/1819/1295 1370/1821/1295
f 1348/1800/1296 1347/1814/1296 1362/1820/1296 1363/1822/1296
f 1356/1799/1297 1355/1798/1297 1370/1821/1297 1371/1823/1297
f 1349/1801/1298 1348/1800/1298 1363/1822/1298 1364/1824/1298
f 1342/1803/1299 1326/1825/1299 1357/1826/1299
f 1552/1827/1300 1356/1799/1300 1371/1823/1300
f 1350/1805/1301 1349/1801/1301 1364/1824/1301 1365/1828/1301
f 1343/1806/1302 1342/1803/1302 1357/1826/1302 1358/1829/1302
f 1351/1807/1303 1350/1805/1303 1365/1828/1303 1366/1830/1303
f 1344/1808/1304 1343/1806/1304 1358/1829/1304 1359/1831/1304
f 1352/1809/1305 1351/1807/1305 1366/1830/1305 1367/1815/1305
f 1345/1810/1306 1344/1808/1306 1359/1831/1306 1360/1817/1306
f 1357/1826/1307 1326/1832/1307 1372/1833/1307
f 1552/1834/1308 1371/1823/1308 1386/1835/1308
f 1365/1828/1309 1364/1824/1309 1379/1836/1309 1380/1837/1309
f 1358/1829/1310 1357/1826/1310 1372/1833/1310 1373/1838/1310
f 1366/1830/1311 1365/1828/1311 1380/1837/1311 1381/1839/1311
f 1359/1831/1312 1358/1829/1312 1373/1838/1312 1374/1840/1312
f 1367/1815/1313 1366/1830/1313 1381/1839/1313 1382/1841/1313
f 1360/1817/1314 1359/1831/1314 1374/1840/1314 1375/1842/1314
f 1368/1816/1315 1367/1815/1315 1382/1841/1315 1383/1843/1315
f 1361/1818/1316 1360/1817/1316 1375/1842/1316 1376/1844/1316
f 1369/1819/1317 1368/1816/1317 1383/1843/1317 1384/1845/1317
f 1362/1820/1318 1361/1818/1318 1376/1844/1318 1377/1846/1318
f 1370/1821/1319 1369/1819/1319 1384/1845/1319 1385/1847/1319
f 1363/1822/1320 1362/1820/1320 1377/1846/1320 1378/1848/1320
f 1371/1823/1321 1370/1821/1321 1385/1847/1321 1386/1835/1321
f 1364/1824/1322 1363/1822/1322 1378/1848/1322 1379/1836/1322
f 1376/1844/1323 1375/1842/1323 1390/1849/1323 1391/1850/1323
f 1384/1845/1324 1383/1843/1324 1398/1851/1324 1399/1852/1324
f 1377/1846/1325 1376/1844/1325 1391/1850/1325 1392/1853/1325
f 1385/1847/1326 1384/1845/1326 1399/1852/1326 1400/1854/1326
f 1378/1848/1327 1377/1846/1327 1392/1853/1327 1393/1855/1327
f 1386/1835/1328 1385/1847/1328 1400/1854/1328 1401/1856/1328
f 1379/1836/1329 1378/1848/1329 1393/1855/1329 1394/1857/1329
f 1372/1833/1330 1326/1858/1330 1387/1859/1330
f 1552/1860/1331 1386/1835/1331 1401/1856/1331
f 1380/1837/1332 1379/1836/1332 1394/1857/1332 1395/1861/1332
f 1373/1838/1333 1372/1833/1333 1387/1859/1333 1388/1862/1333
f 1381/1839/1334 1380/1837/1334 1395/1861/1334 1396/1863/1334
f 1374/1840/1335 1373/1838/1335 1388/1862/1335 1389/1864/1335
f 1382/1841/1336 1381/1839/1336 1396/1863/1336 1397/1865/1336
f 1375/1842/1337 1374/1840/1337 1389/1864/1337 1390/1849/1337
f 1383/1843/1338 1382/1841/1338 1397/1865/1338 1398/1851/1338
f 1395/1861/1339 1394/1857/1339 1409/1866/1339 1410/1867/1339
f 1388/1862/1340 1387/1859/1340 1402/1868/1340 1403/1869/1340
f 1396/1863/1341 1395/1861/1341 1410/1867/1341 1411/1870/1341
f 1389/1864/1342 1388/1862/1342 1403/1869/1342 1404/1871/1342
f 1397/1865/1343 1396/1863/1343 1411/1870/1343 1412/1872/1343
f 1390/1849/1344 1389/1864/1344 1404/1871/1344 1405/1873/1344
f 1398/1851/1345 1397/1865/1345 1412/1872/1345 1413/1874/1345
f 1391/1850/1346 1390/1849/1346 1405/1873/1346 1406/1875/1346
f 1399/1852/1347 1398/1851/1347 1413/1874/1347 1414/1876/1347
f 1392/1853/1348 1391/1850/1348 1406/1875/1348 1407/1877/1348
f 1400/1854/1349 1399/1852/1349 1414/1876/1349 1415/1878/1349
f 1393/1855/1350 1392/1853/1350 1407/1877/1350 1408/1879/1350
f 1401/1856/1351 1400/1854/1351 1415/1878/1351 1416/1880/1351
f 1394/1857/1352 1393/1855/1352 1408/1879/1352 1409/1866/1352
f 1387/1859/1353 1326/1881/1353 1402/1868/1353
f 1552/1882/1354 1401/1856/1354 1416/1880/1354
f 1414/1876/1355 1413/1874/1355 1428/1883/1355 1429/1884/1355
f 1407/1877/1356 1406/1875/1356 1421/1885/1356 1422/1886/1356
f 1415/1878/1357 1414/1876/1357 1429/1884/1357 1430/1887/1357
f 1408/1879/1358 1407/1877/1358 1422/1886/1358 1423/1888/1358
f 1416/1880/1359 1415/1878/1359 1430/1887/1359 1431/1889/1359
f 1409/1866/1360 1408/1879/1360 1423/1888/1360 1424/1890/1360
f 1402/1868/1361 1326/1891/1361 1417/1892/1361
f 1552/1893/1362 1416/1880/1362 1431/1889/1362
f 1410/1867/1363 1409/1866/1363 1424/1890/1363 1425/1894/1363
f 1403/1869/1364 1402/1868/1364 1417/1892/1364 1418/1895/1364
f 1411/1870/1365 1410/1867/1365 1425/1894/1365 1426/1896/1365
f 1404/1871/1366 1403/1869/1366 1418/1895/1366 1419/1897/1366
f 1412/1872/1367 1411/1870/1367 1426/1896/1367 1427/1898/1367
f 1405/1873/1368 1404/1871/1368 1419/1897/1368 1420/1899/1368
f 1413/1874/1369 1412/1872/1369 1427/1898/1369 1428/1883/1369
f 1406/1875/1370 1405/1873/1370 1420/1899/1370 1421/1885/1370
f 1418/1895/1371 1417/1892/1371 1432/1900/1371 1433/1901/1371
f 1426/1896/1372 1425/1894/1372 1440/1902/1372 1441/1903/1372
f 1419/1897/1373 1418/1895/1373 1433/1901/1373 1434/1904/1373
f 1427/1898/1374 1426/1896/1374 1441/1903/1374 1442/1905/1374
f 1420/1899/1375 1419/1897/1375 1434/1904/1375 1435/1906/1375
f 1428/1883/1376 1427/1898/1376 1442/1905/1376 1443/1907/1376
f 1421/1885/1377 1420/1899/1377 1435/1906/1377 1436/1908/1377
f 1429/1884/1378 1428/1883/1378 1443/1907/1378 1444/1909/1378
f 1422/1886/1379 1421/1885/1379 1436/1908/1379 1437/1910/1379
f 1430/1887/1380 1429/1884/1380 1444/1909/1380 1445/1911/1380
f 1423/1888/1381 1422/1886/1381 1437/1910/1381 1438/1912/1381
f 1431/1889/1382 1430/1887/1382 1445/1911/1382 1446/1913/1382
f 1424/1890/1383 1423/1888/1383 1438/1912/1383 1439/1914/1383
f 1417/1892/1384 1326/1915/1384 1432/1900/1384
f 1552/1916/1385 1431/1889/1385 1446/1913/1385
f 1425/1894/1386 1424/1890/1386 1439/1914/1386 1440/1902/1386
f 1437/1910/1387 1436/1908/1387 1451/1917/1387 1452/1918/1387
f 1445/1911/1388 1444/1909/1388 1459/1919/1388 1460/1920/1388
f 1438/1912/1389 1437/1910/1389 1452/1918/1389 1453/1921/1389
f 1446/1913/1390 1445/1911/1390 1460/1920/1390 1461/1922/1390
f 1439/1914/1391 1438/1912/1391 1453/1921/1391 1454/1923/1391
f 1432/1900/1392 1326/1924/1392 1447/1925/1392
f 1552/1926/1393 1446/1913/1393 1461/1922/1393
f 1440/1902/1394 1439/1914/1394 1454/1923/1394 1455/1927/1394
f 1433/1901/1395 1432/1900/1395 1447/1925/1395 1448/1928/1395
f 1441/1903/1396 1440/1902/1396 1455/1927/1396 1456/1929/1396
f 1434/1904/1397 1433/1901/1397 1448/1928/1397 1449/1930/1397
f 1442/1905/1398 1441/1903/1398 1456/1929/1398 1457/1931/1398
f 1435/1906/1399 1434/1904/1399 1449/1930/1399 1450/1932/1399
f 1443/1907/1400 1442/1905/1400 1457/1931/1400 1458/1933/1400
f 1436/1908/1401 1435/1906/1401 1450/1932/1401 1451/1917/1401
f 1444/1909/1402 1443/1907/1402 1458/1933/1402 1459/1919/1402
f 1456/1929/1403 1455/1927/1403 1470/1934/1403 1471/1935/1403
f 1449/1930/1404 1448/1928/1404 1463/1936/1404 1464/1937/1404
f 1457/1931/1405 1456/1929/1405 1471/1935/1405 1472/1938/1405
f 1450/1932/1406 1449/1930/1406 1464/1937/1406 1465/1939/1406
f 1458/1933/1407 1457/1931/1407 1472/1938/1407 1473/1940/1407
f 1451/1917/1408 1450/1932/1408 1465/1939/1408 1466/1941/1408
f 1459/1919/1409 1458/1933/1409 1473/1940/1409 1474/1942/1409
f 1452/1918/1410 1451/1917/1410 1466/1941/1410 1467/1943/1410
f 1460/1920/1411 1459/1919/1411 1474/1942/1411 1475/1944/1411
f 1453/1921/1412 1452/1918/1412 1467/1943/1412 1468/1945/1412
f 1461/1922/1413 1460/1920/1413 1475/1944/1413 1476/1946/1413
f 1454/1923/1414 1453/1921/1414 1468/1945/1414 1469/1947/1414
f 1447/1925/1415 1326/1948/1415 1462/1949/1415
f 1552/1950/1416 1461/1922/1416 1476/1946/1416
f 1455/1927/1417 1454/1923/1417 1469/1947/1417 1470/1934/1417
f 1448/1928/1418 1447/1925/1418 1462/1949/1418 1463/1936/1418
f 1475/1944/1419 1474/1942/1419 1489/1951/1419 1490/1952/1419
f 1468/1945/1420 1467/1943/1420 1482/1953/1420 1483/1954/1420
f 1476/1946/1421 1475/1944/1421 1490/1952/1421 1491/1955/1421
f 1469/1947/1422 1468/1945/1422 1483/1954/1422 1484/1956/1422
f 1462/1949/1423 1326/1957/1423 1477/1958/1423
f 1552/1959/1424 1476/1946/1424 1491/1955/1424
f 1470/1934/1425 1469/1947/1425 1484/1956/1425 1485/1960/1425
f 1463/1936/1426 1462/1949/1426 1477/1958/1426 1478/1961/1426
f 1471/1935/1427 1470/1934/1427 1485/1960/1427 1486/1962/1427
f 1464/1937/1428 1463/1936/1428 1478/1961/1428 1479/1963/1428
f 1472/1938/1429 1471/1935/1429 1486/1962/1429 1487/1964/1429
f 1465/1939/1430 1464/1937/1430 1479/1963/1430 1480/1965/1430
f 1473/1940/1431 1472/1938/1431 1487/1964/1431 1488/1966/1431
f 1466/1941/1432 1465/1939/1432 1480/1965/1432 1481/1967/1432
f 1474/1942/1433 1473/1940/1433 1488/1966/1433 1489/1951/1433
f 1467/1943/1434 1466/1941/1434 1481/1967/1434 1482/1953/1434
f 1487/1964/1435 1486/1962/1435 1501/1968/1435 1502/1969/1435
f 1480/1965/1436 1479/1963/1436 1494/1970/1436 1495/1971/1436
f 1488/1966/1437 1487/1964/1437 1502/1969/1437 1503/1972/1437
f 1481/1967/1438 1480/1965/1438 1495/1971/1438 1496/1973/1438
f 1489/1951/1439 1488/1966/1439 1503/1972/1439 1504/1974/1439
f 1482/1953/1440 1481/1967/1440 1496/1973/1440 1497/1975/1440
f 1490/1952/1441 1489/1951/1441 1504/1974/1441 1505/1976/1441
f 1483/1954/1442 1482/1953/1442 1497/1975/1442 1498/1977/1442
f 1491/1955/1443 1490/1952/1443 1505/1976/1443 1506/1978/1443
f 1484/1956/1444 1483/1954/1444 1498/1977/1444 1499/1979/1444
f 1477/1958/1445 1326/1980/1445 1492/1981/1445
f 1552/1982/1446 1491/1955/1446 1506/1978/1446
f 1485/1960/1447 1484/1956/1447 1499/1979/1447 1500/1983/1447
f 1478/1961/1448 1477/1958/1448 1492/1981/1448 1493/1984/1448
f 1486/1962/1449 1485/1960/1449 1500/1983/1449 1501/1968/1449
f 1479/1963/1450 1478/1961/1450 1493/1984/1450 1494/1970/1450
f 1506/1978/1451 1505/1976/1451 1520/1985/1451 1521/1986/1451
f 1499/1979/1452 1498/1977/1452 1513/1987/1452 1514/1988/1452
f 1492/1981/1453 1326/1989/1453 1507/1990/1453
f 1552/1991/1454 1506/1978/1454 1521/1986/1454
f 1500/1983/1455 1499/1979/1455 1514/1988/1455 1515/1992/1455
f 1493/1984/1456 1492/1981/1456 1507/1990/1456 1508/1993/1456
f 1501/1968/1457 1500/1983/1457 1515/1992/1457 1516/1994/1457
f 1494/1970/1458 1493/1984/1458 1508/1993/1458 1509/1995/1458
f 1502/1969/1459 1501/1968/1459 1516/1994/1459 1517/1996/1459
f 1495/1971/1460 1494/1970/1460 1509/1995/1460 1510/1997/1460
f 1503/1972/1461 1502/1969/1461 1517/1996/1461 1518/1998/1461
f 1496/1973/1462 1495/1971/1462 1510/1997/1462 1511/1999/1462
f 1504/1974/1463 1503/1972/1463 1518/1998/1463 1519/2000/1463
f 1497/1975/1464 1496/1973/1464 1511/1999/1464 1512/2001/1464
f 1505/1976/1465 1504/1974/1465 1519/2000/1465 1520/1985/1465
f 1498/1977/1466 1497/1975/1466 1512/2001/1466 1513/1987/1466
f 1510/1997/1467 1509/1995/1467 1524/2002/1467 1525/2003/1467
f 1518/1998/1468 1517/1996/1468 1532/2004/1468 1533/2005/1468
f 1511/1999/1469 1510/1997/1469 1525/2003/1469 1526/2006/1469
f 1519/2000/1470 1518/1998/1470 1533/2005/1470 1534/2007/1470
f 1512/2001/1471 1511/1999/1471 1526/2006/1471 1527/2008/1471
f 1520/1985/1472 1519/2000/1472 1534/2007/1472 1535/2009/1472
f 1513/1987/1473 1512/2001/1473 1527/2008/1473 1528/2010/1473
f 1521/1986/1474 1520/1985/1474 1535/2009/1474 1536/2011/1474
f 1514/1988/1475 1513/1987/1475 1528/2010/1475 1529/2012/1475
f 1507/1990/1476 1326/2013/1476 1522/2014/1476
f 1552/2015/1477 1521/1986/1477 1536/2011/1477
f 1515/1992/1478 1514/1988/1478 1529/2012/1478 1530/2016/1478
f 1508/1993/1479 1507/1990/1479 1522/2014/1479 1523/2017/1479
f 1516/1994/1480 1515/1992/1480 1530/2016/1480 1531/2018/1480
f 1509/1995/1481 1508/1993/1481 1523/2017/1481 1524/2002/1481
f 1517/1996/1482 1516/1994/1482 1531/2018/1482 1532/2004/1482
f 1529/2012/1483 1528/2010/1483 1543/2019/1483 1544/2020/1483
f 1522/2014/1484 1326/2021/1484 1537/2022/1484
f 1552/2023/1485 1536/2011/1485 1551/2024/1485
f 1530/2016/1486 1529/2012/1486 1544/2020/1486 1545/2025/1486
f 1523/2017/1487 1522/2014/1487 1537/2022/1487 1538/2026/1487
f 1531/2018/1488 1530/2016/1488 1545/2025/1488 1546/2027/1488
f 1524/2002/1489 1523/2017/1489 1538/2026/1489 1539/2028/1489
f 1532/2004/1490 1531/2018/1490 1546/2027/1490 1547/2029/1490
f 1525/2003/1491 1524/2002/1491 1539/2028/1491 1540/2030/1491
f 1533/2005/1492 1532/2004/1492 1547/2029/1492 1548/2031/1492
f 1526/2006/1493 1525/2003/1493 1540/2030/1493 1541/2032/1493
f 1534/2007/1494 1533/2005/1494 1548/2031/1494 1549/2033/1494
f 1527/2008/1495 1526/2006/1495 1541/2032/1495 1542/2034/1495
f 1535/2009/1496 1534/2007/1496 1549/2033/1496 1550/2035/1496
f 1528/2010/1497 1527/2008/1497 1542/2034/1497 1543/2019/1497
f 1536/2011/1498 1535/2009/1498 1550/2035/1498 1551/2024/1498
f 1548/2031/1499 1547/2029/1499 1563/2036/1499 1564/2037/1499
f 1541/2032/1500 1540/2030/1500 1556/2038/1500 1557/2039/1500
f 1549/2033/1501 1548/2031/1501 1564/2037/1501 1565/2040/1501
f 1542/2034/1502 1541/2032/1502 1557/2039/1502 1558/2041/1502
f 1550/2035/1503 1549/2033/1503 1565/2040/1503 1566/2042/1503
f 1543/2019/1504 1542/2034/1504 1558/2041/1504 1559/2043/1504
f 1551/2024/1505 1550/2035/1505 1566/2042/1505 1567/2044/1505
f 1544/2020/1506 1543/2019/1506 1559/2043/1506 1560/2045/1506
f 1537/2022/1507 1326/2046/1507 1553/2047/1507
f 1552/2048/1508 1551/2024/1508 1567/2044/1508
f 1545/2025/1509 1544/2020/1509 1560/2045/1509 1561/2049/1509
f 1538/2026/1510 1537/2022/1510 1553/2047/1510 1554/2050/1510
f 1546/2027/1511 1545/2025/1511 1561/2049/1511 1562/2051/1511
f 1539/2028/1512 1538/2026/1512 1554/2050/1512 1555/2052/1512
f 1547/2029/1513 1546/2027/1513 1562/2051/1513 1563/2036/1513
f 1540/2030/1514 1539/2028/1514 1555/2052/1514 1556/2038/1514
f 1553/2047/1515 1326/2053/1515 1568/2054/1515
f 1552/2055/1516 1567/2044/1516 1582/2056/1516
f 1561/2049/1517 1560/2045/1517 1575/2057/1517 1576/2058/1517
f 1554/2050/1518 1553/2047/1518 1568/2054/1518 1569/2059/1518
f 1562/2051/1519 1561/2049/1519 1576/2058/1519 1577/2060/1519
f 1555/2052/1520 1554/2050/1520 1569/2059/1520 1570/2061/1520
f 1563/2036/1521 1562/2051/1521 1577/2060/1521 1578/2062/1521
f 1556/2038/1522 1555/2052/1522 1570/2061/1522 1571/2063/1522
f 1564/2037/1523 1563/2036/1523 1578/2062/1523 1579/2064/1523
f 1557/2039/1524 1556/2038/1524 1571/2063/1524 1572/2065/1524
f 1565/2040/1525 1564/2037/1525 1579/2064/1525 1580/2066/1525
f 1558/2041/1526 1557/2039/1526 1572/2065/1526 1573/2067/1526
f 1566/2042/1527 1565/2040/1527 1580/2066/1527 1581/2068/1527
f 1559/2043/1528 1558/2041/1528 1573/2067/1528 1574/2069/1528
f 1567/2044/1529 1566/2042/1529 1581/2068/1529 1582/2056/1529
f 1560/2045/1530 1559/2043/1530 1574/2069/1530 1575/2057/1530
f 1572/2065/1531 1571/2063/1531 1586/2070/1531 1587/2071/1531
f 1580/2066/1532 1579/2064/1532 1594/2072/1532 1595/2073/1532
f 1573/2067/1533 1572/2065/1533 1587/2071/1533 1588/2074/1533
f 1581/2068/1534 1580/2066/1534 1595/2073/1534 1596/2075/1534
f 1574/2069/1535 1573/2067/1535 1588/2074/1535 1589/2076/1535
f 1582/2056/1536 1581/2068/1536 1596/2075/1536 1597/2077/1536
f 1575/2057/1537 1574/2069/1537 1589/2076/1537 1590/2078/1537
f 1568/2054/1538 1326/2079/1538 1583/2080/1538
f 1552/2081/1539 1582/2056/1539 1597/2077/1539
f 1576/2058/1540 1575/2057/1540 1590/2078/1540 1591/2082/1540
f 1569/2059/1541 1568/2054/1541 1583/2080/1541 1584/2083/1541
f 1577/2060/1542 1576/2058/1542 1591/2082/1542 1592/2084/1542
f 1570/2061/1543 1569/2059/1543 1584/2083/1543 1585/2085/1543
f 1578/2062/1544 1577/2060/1544 1592/2084/1544 1593/2086/1544
f 1571/2063/1545 1570/2061/1545 1585/2085/1545 1586/2070/1545
f 1579/2064/1546 1578/2062/1546 1593/2086/1546 1594/2072/1546
f 1591/2082/1547 1590/2078/1547 1605/2087/1547 1606/2088/1547
f 1584/2083/1548 1583/2080/1548 1598/2089/1548 1599/2090/1548
f 1592/2084/1549 1591/2082/1549 1606/2088/1549 1607/2091/1549
f 1585/2085/1550 1584/2083/1550 1599/2090/1550 1600/2092/1550
f 1593/2086/1551 1592/2084/1551 1607/2091/1551 1608/2093/1551
f 1586/2070/1552 1585/2085/1552 1600/2092/1552 1601/2094/1552
f 1594/2072/1553 1593/2086/1553 1608/2093/1553 1609/2095/1553
f 1587/2071/1554 1586/2070/1554 1601/2094/1554 1602/2096/1554
f 1595/2073/1555 1594/2072/1555 1609/2095/1555 1610/2097/1555
f 1588/2074/1556 1587/2071/1556 1602/2096/1556 1603/2098/1556
f 1596/2075/1557 1595/2073/1557 1610/2097/1557 1611/2099/1557
f 1589/2076/1558 1588/2074/1558 1603/2098/1558 1604/2100/1558
f 1597/2077/1559 1596/2075/1559 1611/2099/1559 1612/2101/1559
f 1590/2078/1560 1589/2076/1560 1604/2100/1560 1605/2087/1560
f 1583/2080/1561 1326/2102/1561 1598/2089/1561
f 1552/2103/1562 1597/2077/1562 1612/2101/1562
f 1610/2104/1563 1609/2105/1563 1624/2106/1563 1625/2107/1563
f 1603/2108/1564 1602/2109/1564 1617/2110/1564 1618/2111/1564
f 1611/2112/1565 1610/2104/1565 1625/2107/1565 1626/2113/1565
f 1604/2114/1566 1603/2108/1566 1618/2111/1566 1619/2115/1566
f 1612/2116/1567 1611/2112/1567 1626/2113/1567 1627/2117/1567
f 1605/2118/1568 1604/2114/1568 1619/2115/1568 1620/2119/1568
f 1598/2120/1569 1326/2121/1569 1613/2122/1569
f 1552/2123/1570 1612/2116/1570 1627/2117/1570
f 1606/2124/1571 1605/2118/1571 1620/2119/1571 1621/2125/1571
f 1599/2126/1572 1598/2120/1572 1613/2122/1572 1614/2127/1572
f 1607/2128/1573 1606/2124/1573 1621/2125/1573 1622/2129/1573
f 1600/2130/1574 1599/2126/1574 1614/2127/1574 1615/2131/1574
f 1608/2132/1575 1607/2128/1575 1622/2129/1575 1623/2133/1575
f 1601/2134/1576 1600/2130/1576 1615/2131/1576 1616/2135/1576
f 1609/2105/1577 1608/2132/1577 1623/2133/1577 1624/2106/1577
f 1602/2109/1578 1601/2134/1578 1616/2135/1578 1617/2110/1578
f 1622/2129/1579 1621/2125/1579 1636/2136/1579 1637/2137/1579
f 1615/2131/1580 1614/2127/1580 1629/2138/1580 1630/2139/1580
f 1623/2133/1581 1622/2129/1581 1637/2137/1581 1638/2140/1581
f 1616/2135/1582 1615/2131/1582 1630/2139/1582 1631/2141/1582
f 1624/2106/1583 1623/2133/1583 1638/2140/1583 1639/2142/1583
f 1617/2110/1584 1616/2135/1584 1631/2141/1584 1632/2143/1584
f 1625/2107/1585 1624/2106/1585 1639/2142/1585 1640/2144/1585
f 1618/2111/1586 1617/2110/1586 1632/2143/1586 1633/2145/1586
f 1626/2113/1587 1625/2107/1587 1640/2144/1587 1641/2146/1587
f 1619/2115/1588 1618/2111/1588 1633/2145/1588 1634/2147/1588
f 1627/2117/1589 1626/2113/1589 1641/2146/1589 1642/2148/1589
f 1620/2119/1590 1619/2115/1590 1634/2147/1590 1635/2149/1590
f 1613/2122/1591 1326/2150/1591 1628/2151/1591
f 1552/2152/1592 1627/2117/1592 1642/2148/1592
f 1621/2125/1593 1620/2119/1593 1635/2149/1593 1636/2136/1593
f 1614/2127/1594 1613/2122/1594 1628/2151/1594 1629/2138/1594
f 1641/2146/1595 1640/2144/1595 1655/2153/1595 1656/2154/1595
f 1634/2147/1596 1633/2145/1596 1648/2155/1596 1649/2156/1596
f 1642/2148/1597 1641/2146/1597 1656/2154/1597 1657/2157/1597
f 1635/2149/1598 1634/2147/1598 1649/2156/1598 1650/2158/1598
f 1628/2151/1599 1326/2159/1599 1643/2160/1599
f 1552/2161/1600 1642/2148/1600 1657/2157/1600
f 1636/2136/1601 1635/2149/1601 1650/2158/1601 1651/2162/1601
f 1629/2138/1602 1628/2151/1602 1643/2160/1602 1644/2163/1602
f 1637/2137/1603 1636/2136/1603 1651/2162/1603 1652/2164/1603
f 1630/2139/1604 1629/2138/1604 1644/2163/1604 1645/2165/1604
f 1638/2140/1605 1637/2137/1605 1652/2164/1605 1653/2166/1605
f 1631/2141/1606 1630/2139/1606 1645/2165/1606 1646/2167/1606
f 1639/2142/1607 1638/2140/1607 1653/2166/1607 1654/2168/1607
f 1632/2143/1608 1631/2141/1608 1646/2167/1608 1647/2169/1608
f 1640/2144/1609 1639/2142/1609 1654/2168/1609 1655/2153/1609
f 1633/2145/1610 1632/2143/1610 1647/2169/1610 1648/2155/1610
f 1645/2165/1611 1644/2163/1611 1659/2170/1611 1660/2171/1611
f 1653/2166/1612 1652/2164/1612 1667/2172/1612 1668/2173/1612
f 1646/2167/1613 1645/2165/1613 1660/2171/1613 1661/2174/1613
f 1654/2168/1614 1653/2166/1614 1668/2173/1614 1669/2175/1614
f 1647/2169/1615 1646/2167/1615 1661/2174/1615 1662/2176/1615
f 1655/2153/1616 1654/2168/1616 1669/2175/1616 1670/2177/1616
f 1648/2155/1617 1647/2169/1617 1662/2176/1617 1663/2178/1617
f 1656/2154/1618 1655/2153/1618 1670/2177/1618 1671/2179/1618
f 1649/2156/1619 1648/2155/1619 1663/2178/1619 1664/2180/1619
f 1657/2157/1620 1656/2154/1620 1671/2179/1620 1672/2181/1620
f 1650/2158/1621 1649/2156/1621 1664/2180/1621 1665/2182/1621
f 1643/2160/1622 1326/2183/1622 1658/2184/1622
f 1552/2185/1623 1657/2157/1623 1672/2181/1623
f 1651/2162/1624 1650/2158/1624 1665/2182/1624 1666/2186/1624
f 1644/2163/1625 1643/2160/1625 1658/2184/1625 1659/2170/1625
f 1652/2164/1626 1651/2162/1626 1666/2186/1626 1667/2172/1626
f 1664/2180/1627 1663/2178/1627 1678/2187/1627 1679/2188/1627
f 1672/2181/1628 1671/2179/1628 1686/2189/1628 1687/2190/1628
f 1665/2182/1629 1664/2180/1629 1679/2188/1629 1680/2191/1629
f 1658/2184/1630 1326/2192/1630 1673/2193/1630
f 1552/2194/1631 1672/2181/1631 1687/2190/1631
f 1666/2186/1632 1665/2182/1632 1680/2191/1632 1681/2195/1632
f 1659/2170/1633 1658/2184/1633 1673/2193/1633 1674/2196/1633
f 1667/2172/1634 1666/2186/1634 1681/2195/1634 1682/2197/1634
f 1660/2171/1635 1659/2170/1635 1674/2196/1635 1675/2198/1635
f 1668/2173/1636 1667/2172/1636 1682/2197/1636 1683/2199/1636
f 1661/2174/1637 1660/2171/1637 1675/2198/1637 1676/2200/1637
f 1669/2175/1638 1668/2173/1638 1683/2199/1638 1684/2201/1638
f 1662/2176/1639 1661/2174/1639 1676/2200/1639 1677/2202/1639
f 1670/2177/1640 1669/2175/1640 1684/2201/1640 1685/2203/1640
f 1663/2178/1641 1662/2176/1641 1677/2202/1641 1678/2187/1641
f 1671/2179/1642 1670/2177/1642 1685/2203/1642 1686/2189/1642
f 1683/2199/1643 1682/2197/1643 1697/2204/1643 1698/2205/1643
f 1676/2200/1644 1675/2198/1644 1690/2206/1644 1691/2207/1644
f 1684/2201/1645 1683/2199/1645 1698/2205/1645 1699/2208/1645
f 1677/2202/1646 1676/2200/1646 1691/2207/1646 1692/2209/1646
f 1685/2203/1647 1684/2201/1647 1699/2208/1647 1700/2210/1647
f 1678/2187/1648 1677/2202/1648 1692/2209/1648 1693/2211/1648
f 1686/2189/1649 1685/2203/1649 1700/2210/1649 1701/2212/1649
f 1679/2188/1650 1678/2187/1650 1693/2211/1650 1694/2213/1650
f 1687/2190/1651 1686/2189/1651 1701/2212/1651 1702/2214/1651
f 1680/2191/1652 1679/2188/1652 1694/2213/1652 1695/2215/1652
f 1673/2193/1653 1326/2216/1653 1688/2217/1653
f 1552/2218/1654 1687/2190/1654 1702/2214/1654
f 1681/2195/1655 1680/2191/1655 1695/2215/1655 1696/2219/1655
f 1674/2196/1656 1673/2193/1656 1688/2217/1656 1689/2220/1656
f 1682/2197/1657 1681/2195/1657 1696/2219/1657 1697/2204/1657
f 1675/2198/1658 1674/2196/1658 1689/2220/1658 1690/2206/1658
f 1702/2214/1659 1701/2212/1659 1716/2221/1659 1717/2222/1659
f 1695/2215/1660 1694/2213/1660 1709/2223/1660 1710/2224/1660
f 1688/2217/1661 1326/2225/1661 1703/2226/1661
f 1552/2227/1662 1702/2214/1662 1717/2222/1662
f 1696/2219/1663 1695/2215/1663 1710/2224/1663 1711/2228/1663
f 1689/2220/1664 1688/2217/1664 1703/2226/1664 1704/2229/1664
f 1697/2204/1665 1696/2219/1665 1711/2228/1665 1712/2230/1665
f 1690/2206/1666 1689/2220/1666 1704/2229/1666 1705/2231/1666
f 1698/2205/1667 1697/2204/1667 1712/2230/1667 1713/2232/1667
f 1691/2207/1668 1690/2206/1668 1705/2231/1668 1706/2233/1668
f 1699/2208/1669 1698/2205/1669 1713/2232/1669 1714/2234/1669
f 1692/2209/1670 1691/2207/1670 1706/2233/1670 1707/2235/1670
f 1700/2210/1671 1699/2208/1671 1714/2234/1671 1715/2236/1671
f 1693/2211/1672 1692/2209/1672 1707/2235/1672 1708/2237/1672
f 1701/2212/1673 1700/2210/1673 1715/2236/1673 1716/2221/1673
f 1694/2213/1674 1693/2211/1674 1708/2237/1674 1709/2223/1674
f 1706/2233/1675 1705/2231/1675 1245/1686/1675 1720/1685/1675
f 1714/2234/1676 1713/2232/1676 1250/1681/1676 1723/1689/1676
f 1707/2235/1677 1706/2233/1677 1720/1685/1677 1246/1691/1677
f 1715/2236/1678 1714/2234/1678 1723/1689/1678 1724/1693/1678
f 1708/2237/1679 1707/2235/1679 1246/1691/1679 1721/1695/1679
f 1716/2221/1680 1715/2236/1680 1724/1693/1680 1725/1697/1680
f 1709/2223/1681 1708/2237/1681 1721/1695/1681 1247/1699/1681
f 1717/2222/1682 1716/2221/1682 1725/1697/1682 1726/1701/1682
f 1710/2224/1683 1709/2223/1683 1247/1699/1683 1248/1703/1683
f 1703/2226/1684 1326/2238/1684 1718/1705/1684
f 1552/2239/1685 1717/2222/1685 1726/1701/1685
f 1711/2228/1686 1710/2224/1686 1248/1703/1686 1249/1709/1686
f 1704/2229/1687 1703/2226/1687 1718/1705/1687 1719/1711/1687
f 1712/2230/1688 1711/2228/1688 1249/1709/1688 1722/1682/1688
f 1705/2231/1689 1704/2229/1689 1719/1711/1689 1245/1686/1689
f 1713/2232/1690 1712/2230/1690 1722/1682/1690 1250/1681/1690
o Cylinder.004
v 0.600000 1.054800 -0.600000
v 0.600000 1.254800 -0.600000
v 0.598079 1.054800 -0.580491
v 0.598079 1.254800 -0.580491
v 0.592388 1.054800 -0.561732
v 0.592388 1.254800 -0.561732
v 0.583147 1.054800 -0.544443
v 0.583147 1.254800 -0.544443
v 0.570711 1.054800 -0.529289
v 0.570711 1.254800 -0.529289
v 0.555557 1.054800 -0.516853
v 0.555557 1.254800 -0.516853
v 0.538268 1.054800 -0.507612
v 0.538268 1.254800 -0.507612
v 0.519509 1.054800 -0.501921
v 0.519509 1.254800 -0.501921
v 0.500000 1.054800 -0.500000
v 0.500000 1.254800 -0.500000
v 0.480491 1.054800 -0.501921
v 0.480491 1.254800 -0.501921
v 0.461732 1.054800 -0.507612
v 0.461732 1.254800 -0.507612
v 0.444443 1.054800 -0.516853
v 0.444443 1.254800 -0.516853
v 0.429289 1.054800 -0.529289
v 0.429289 1.254800 -0.529289
v 0.416853 1.054800 -0.544443
v 0.416853 1.254800 -0.544443
v 0.407612 1.054800 -0.561732
v 0.407612 1.254800 -0.561732
v 0.401921 1.054800 -0.580491
v 0.401921 1.254800 -0.580491
v 0.400000 1.054800 -0.600000
v 0.400000 1.254800 -0.600000
v 0.401921 1.054800 -0.619509
v 0.401921 1.254800 -0.619509
v 0.407612 1.054800 -0.638268
v 0.407612 1.254800 -0.638268
v 0.416853 1.054800 -0.655557
v 0.416853 1.254800 -0.655557
v 0.429289 1.054800 -0.670711
v 0.429289 1.254800 -0.670711
v 0.444443 1.054800 -0.683147
v 0.444443 1.254800 -0.683147
v 0.461732 1.054800 -0.692388
v 0.461732 1.254800 -0.692388
v 0.480491 1.054800 -0.698079
v 0.480491 1.254800 -0.698079
v 0.500000 1.054800 -0.700000
v 0.500000 1.254800 -0.700000
v 0.519509 1.054800 -0.698079
v 0.519509 1.254800 -0.698079
v 0.538268 1.054800 -0.692388
v 0.538268 1.254800 -0.692388
v 0.555557 1.054800 -0.683147
v 0.555557 1.254800 -0.683147
v 0.570711 1.054800 -0.670711
v 0.570711 1.254800 -0.670711
v 0.583147 1.054800 -0.655557
v 0.583147 1.254800 -0.655557
v 0.592388 1.054800 -0.638268
v 0.592388 1.254800 -0.638268
v 0.598079 1.054800 -0.619509
v 0.598079 1.254800 -0.619509
vn 0.9952 -0.0000 0.0980
vn 0.9569 -0.0000 0.2903
vn 0.8819 -0.0000 0.4714
vn 0.7730 -0.0000 0.6344
vn 0.6344 -0.0000 0.7730
vn 0.4714 -0.0000 0.8819
vn 0.2903 -0.0000 0.9569
vn 0.0980 -0.0000 0.9952
vn -0.0980 -0.0000 0.9952
vn -0.2903 -0.0000 0.9569
vn -0.4714 -0.0000 0.8819
vn -0.6344 -0.0000 0.7730
vn -0.7730 -0.0000 0.6344
vn -0.8819 -0.0000 0.4714
vn -0.9569 -0.0000 0.2903
vn -0.9952 -0.0000 0.0980
vn -0.9952 -0.0000 -0.0980
vn -0.9569 -0.0000 -0.2903
vn -0.8819 -0.0000 -0.4714
vn -0.7730 -0.0000 -0.6344
vn -0.6344 -0.0000 -0.7730
vn -0.4714 -0.0000 -0.8819
vn -0.2903 -0.0000 -0.9569
vn -0.0980 -0.0000 -0.9952
vn 0.0980 -0.0000 -0.9952
vn 0.2903 -0.0000 -0.9569
vn 0.4714 -0.0000 -0.8819
vn 0.6344 -0.0000 -0.7730
vn 0.7730 -0.0000 -0.6344
vn 0.8819 -0.0000 -0.4714
vn -0.0000 1.0000 -0.0000
vn 0.9569 -0.0000 -0.2903
vn 0.9952 -0.0000 -0.0980
vn -0.0000 -1.0000 -0.0000
vt 1.000000 0.500000
vt 1.000000 1.000000
vt 0.968750 1.000000
vt 0.968750 0.500000
vt 0.937500 1.000000
vt 0.937500 0.500000
vt 0.906250 1.000000
vt 0.906250 0.500000
vt 0.875000 1.000000
vt 0.875000 0.500000
vt 0.843750 1.000000
vt 0.843750 0.500000
vt 0.812500 1.000000
vt 0.812500 0.500000
vt 0.781250 1.000000
vt 0.781250 0.500000
vt 0.750000 1.000000
vt 0.750000 0.500000
vt 0.718750 1.000000
vt 0.718750 0.500000
vt 0.687500 1.000000
vt 0.687500 0.500000
vt 0.656250 1.000000
vt 0.656250 0.500000
vt 0.625000 1.000000
vt 0.625000 0.500000
vt 0.593750 1.000000
vt 0.593750 0.500000
vt 0.562500 1.000000
vt 0.562500 0.500000
vt 0.531250 1.000000
vt 0.531250 0.500000
vt 0.500000 1.000000
vt 0.500000 0.500000
vt 0.468750 1.000000
vt 0.468750 0.500000
vt 0.437500 1.000000
vt 0.437500 0.500000
vt 0.406250 1.000000
vt 0.406250 0.500000
vt 0.375000 1.000000
vt 0.375000 0.500000
vt 0.343750 1.000000
vt 0.343750 0.500000
vt 0.312500 1.000000
vt 0.312500 0.500000
vt 0.281250 1.000000
vt 0.281250 0.500000
vt 0.250000 1.000000
vt 0.250000 0.500000
vt 0.218750 1.000000
vt 0.218750 0.500000
vt 0.187500 1.000000
vt 0.187500 0.500000
vt 0.156250 1.000000
vt 0.156250 0.500000
vt 0.125000 1.000000
vt 0.125000 0.500000
vt 0.093750 1.000000
vt 0.093750 0.500000
vt 0.062500 1.000000
vt 0.062500 0.500000
vt 0.296822 0.485388
vt 0.250000 0.490000
vt 0.203178 0.485388
vt 0.158156 0.471731
vt 0.116663 0.449553
vt 0.080294 0.419706
vt 0.050447 0.383337
vt 0.028269 0.341844
vt 0.014612 0.296822
vt 0.010000 0.250000
vt 0.014612 0.203178
vt 0.028269 0.158156
vt 0.050447 0.116663
vt 0.080294 0.080294
vt 0.116663 0.050447
vt 0.158156 0.028269
vt 0.203178 0.014612
vt 0.250000 0.010000
vt 0.296822 0.014612
vt 0.341844 0.028269
vt 0.383337 0.050447
vt 0.419706 0.080294
vt 0.449553 0.116663
vt 0.471731 0.158156
vt 0.485388 0.203178
vt 0.490000 0.250000
vt 0.485388 0.296822
vt 0.471731 0.341844
vt 0.449553 0.383337
vt 0.419706 0.419706
vt 0.383337 0.449553
vt 0.341844 0.471731
vt 0.031250 1.000000
vt 0.031250 0.500000
vt 0.000000 1.000000
vt 0.000000 0.500000
vt 0.750000 0.490000
vt 0.796822 0.485388
vt 0.841844 0.471731
vt 0.883337 0.449553
vt 0.919706 0.419706
vt 0.949553 0.383337
vt 0.971731 0.341844
vt 0.985388 0.296822
vt 0.990000 0.250000
vt 0.985388 0.203178
vt 0.971731 0.158156
vt 0.949553 0.116663
vt 0.919706 0.080294
vt 0.883337 0.050447
vt 0.841844 0.028269
vt 0.796822 0.014612
vt 0.750000 0.010000
vt 0.703178 0.014612
vt 0.658156 0.028269
vt 0.616663 0.050447
vt 0.580294 0.080294
vt 0.550447 0.116663
vt 0.528269 0.158156
vt 0.514612 0.203178
vt 0.510000 0.250000
vt 0.514612 0.296822
vt 0.528269 0.341844
vt 0.550447 0.383337
vt 0.580294 0.419706
vt 0.616663 0.449553
vt 0.658156 0.471731
vt 0.703178 0.485388
s 0
usemtl base
f 1727/2240/1691 1728/2241/1691 1730/2242/1691 1729/2243/1691
f 1729/2243/1692 1730/2242/1692 1732/2244/1692 1731/2245/1692
f 1731/2245/1693 1732/2244/1693 1734/2246/1693 1733/2247/1693
f 1733/2247/1694 1734/2246/1694 1736/2248/1694 1735/2249/1694
f 1735/2249/1695 1736/2248/1695 1738/2250/1695 1737/2251/1695
f 1737/2251/1696 1738/2250/1696 1740/2252/1696 1739/2253/1696
f 1739/2253/1697 1740/2252/1697 1742/2254/1697 1741/2255/1697
f 1741/2255/1698 1742/2254/1698 1744/2256/1698 1743/2257/1698
f 1743/2257/1699 1744/2256/1699 1746/2258/1699 1745/2259/1699
f 1745/2259/1700 1746/2258/1700 1748/2260/1700 1747/2261/1700
f 1747/2261/1701 1748/2260/1701 1750/2262/1701 1749/2263/1701
f 1749/2263/1702 1750/2262/1702 1752/2264/1702 1751/2265/1702
f 1751/2265/1703 1752/2264/1703 1754/2266/1703 1753/2267/1703
f 1753/2267/1704 1754/2266/1704 1756/2268/1704 1755/2269/1704
f 1755/2269/1705 1756/2268/1705 1758/2270/1705 1757/2271/1705
f 1757/2271/1706 1758/2270/1706 1760/2272/1706 1759/2273/1706
f 1759/2273/1707 1760/2272/1707 1762/2274/1707 1761/2275/1707
f 1761/2275/1708 1762/2274/1708 1764/2276/1708 1763/2277/1708
f 1763/2277/1709 1764/2276/1709 1766/2278/1709 1765/2279/1709
f 1765/2279/1710 1766/2278/1710 1768/2280/1710 1767/2281/1710
f 1767/2281/1711 1768/2280/1711 1770/2282/1711 1769/2283/1711
f 1769/2283/1712 1770/2282/1712 1772/2284/1712 1771/2285/1712
f 1771/2285/1713 1772/2284/1713 1774/2286/1713 1773/2287/1713
f 1773/2287/1714 1774/2286/1714 1776/2288/1714 1775/2289/1714
f 1775/2289/1715 1776/2288/1715 1778/2290/1715 1777/2291/1715
f 1777/2291/1716 1778/2290/1716 1780/2292/1716 1779/2293/1716
f 1779/2293/1717 1780/2292/1717 1782/2294/1717 1781/2295/1717
f 1781/2295/1718 1782/2294/1718 1784/2296/1718 1783/2297/1718
f 1783/2297/1719 1784/2296/1719 1786/2298/1719 1785/2299/1719
f 1785/2299/1720 1786/2298/1720 1788/2300/1720 1787/2301/1720
f 1730/2302/1721 1728/2303/1721 1790/2304/1721 1788/2305/1721 1786/2306/1721 1784/2307/1721 1782/2308/1721 1780/2309/1721 1778/2310/1721 1776/2311/1721 1774/2312/1721 1772/2313/1721 1770/2314/1721 1768/2315/1721 1766/2316/1721 1764/2317/1721 1762/2318/1721 1760/2319/1721 1758/2320/1721 1756/2321/1721 1754/2322/1721 1752/2323/1721 1750/2324/1721 1748/2325/1721 1746/2326/1721 1744/2327/1721 1742/2328/1721 1740/2329/1721 1738/2330/1721 1736/2331/1721 1734/2332/1721 1732/2333/1721
f 1787/2301/1722 1788/2300/1722 1790/2334/1722 1789/2335/1722
f 1789/2335/1723 1790/2334/1723 1728/2336/1723 1727/2337/1723
f 1727/2338/1724 1729/2339/1724 1731/2340/1724 1733/2341/1724 1735/2342/1724 1737/2343/1724 1739/2344/1724 1741/2345/1724 1743/2346/1724 1745/2347/1724 1747/2348/1724 1749/2349/1724 1751/2350/1724 1753/2351/1724 1755/2352/1724 1757/2353/1724 1759/2354/1724 1761/2355/1724 1763/2356/1724 1765/2357/1724 1767/2358/1724 1769/2359/1724 1771/2360/1724 1773/2361/1724 1775/2362/1724 1777/2363/1724 1779/2364/1724 1781/2365/1724 1783/2366/1724 1785/2367/1724 1787/2368/1724 1789/2369/1724
o Cube.003
v 0.570000 5.056604 -0.530000
v 0.570000 1.175732 -0.530000
v 0.430000 5.056604 -0.530000
v 0.430000 1.175732 -0.530000
v 0.570000 5.056604 -0.670000
v 0.570000 1.175732 -0.670000
v 0.430000 5.056604 -0.670000
v 0.430000 1.175732 -0.670000
vn -0.0000 1.0000 -0.0000
vn -1.0000 -0.0000 -0.0000
vn -0.0000 -0.0000 -1.0000
vn -0.0000 -1.0000 -0.0000
vn -0.0000 -0.0000 1.0000
vn 1.0000 -0.0000 -0.0000
vt 0.625000 0.500000
vt 0.875000 0.500000
vt 0.875000 0.750000
vt 0.625000 0.750000
vt 0.375000 0.750000
vt 0.625000 1.000000
vt 0.375000 1.000000
vt 0.375000 0.000000
vt 0.625000 0.000000
vt 0.625000 0.250000
vt 0.375000 0.250000
vt 0.125000 0.500000
vt 0.375000 0.500000
vt 0.125000 0.750000
s 0
usemtl base
f 1791/2370/1725 1795/2371/1725 1797/2372/1725 1793/2373/1725
f 1794/2374/1726 1793/2373/1726 1797/2375/1726 1798/2376/1726
f 1798/2377/1727 1797/2378/1727 1795/2379/1727 1796/2380/1727
f 1796/2381/1728 1792/2382/1728 1794/2374/1728 1798/2383/1728
f 1792/2382/1729 1791/2370/1729 1793/2373/1729 1794/2374/1729
f 1796/2380/1730 1795/2379/1730 1791/2370/1730 1792/2382/1730
o Sphere.003
v 0.583336 1.193186 -0.600000
v 0.624720 1.151801 -0.600000
v 0.647118 1.097729 -0.600000
v 0.650000 1.068466 -0.600000
v 0.647118 1.039202 -0.600000
v 0.624720 0.985130 -0.600000
v 0.528701 1.215584 -0.594291
v 0.556300 1.207048 -0.588801
v 0.581734 1.193186 -0.583742
v 0.604028 1.174532 -0.579308
v 0.622324 1.151801 -0.575668
v 0.635919 1.125868 -0.572964
v 0.644291 1.097729 -0.571299
v 0.647118 1.068466 -0.570736
v 0.644291 1.039202 -0.571299
v 0.635919 1.011063 -0.572964
v 0.622324 0.985130 -0.575668
v 0.604028 0.962400 -0.579308
v 0.581734 0.943745 -0.583742
v 0.556300 0.929884 -0.588801
v 0.528701 0.921348 -0.594291
v 0.527036 1.215584 -0.588801
v 0.553033 1.207048 -0.578033
v 0.576992 1.193186 -0.568109
v 0.597992 1.174532 -0.559410
v 0.615227 1.151801 -0.552272
v 0.628033 1.125868 -0.546967
v 0.635919 1.097729 -0.543700
v 0.638582 1.068466 -0.542598
v 0.635919 1.039202 -0.543700
v 0.628033 1.011063 -0.546967
v 0.615227 0.985130 -0.552272
v 0.597992 0.962400 -0.559410
v 0.576992 0.943745 -0.568109
v 0.553033 0.929884 -0.578033
v 0.527036 0.921348 -0.588801
v 0.524332 1.215584 -0.583742
v 0.547728 1.207048 -0.568109
v 0.569291 1.193186 -0.553701
v 0.588191 1.174532 -0.541073
v 0.603701 1.151801 -0.530709
v 0.615227 1.125868 -0.523008
v 0.622324 1.097729 -0.518266
v 0.624720 1.068466 -0.516665
v 0.622324 1.039202 -0.518266
v 0.615227 1.011063 -0.523008
v 0.603701 0.985130 -0.530709
v 0.588191 0.962400 -0.541073
v 0.569291 0.943745 -0.553701
v 0.547728 0.929884 -0.568109
v 0.524332 0.921348 -0.583742
v 0.520692 1.215584 -0.579308
v 0.540590 1.207048 -0.559410
v 0.558927 1.193186 -0.541073
v 0.575000 1.174532 -0.525000
v 0.588191 1.151801 -0.511809
v 0.597992 1.125868 -0.502008
v 0.604028 1.097729 -0.495972
v 0.606066 1.068466 -0.493934
v 0.604028 1.039202 -0.495972
v 0.597992 1.011063 -0.502008
v 0.588191 0.985130 -0.511809
v 0.575000 0.962400 -0.525000
v 0.558927 0.943745 -0.541073
v 0.540590 0.929884 -0.559410
v 0.520692 0.921348 -0.579308
v 0.516258 1.215584 -0.575668
v 0.531891 1.207048 -0.552272
v 0.546299 1.193186 -0.530709
v 0.558927 1.174532 -0.511809
v 0.569291 1.151801 -0.496299
v 0.576992 1.125868 -0.484773
v 0.581734 1.097729 -0.477676
v 0.583336 1.068466 -0.475280
v 0.581734 1.039202 -0.477676
v 0.576992 1.011063 -0.484773
v 0.569291 0.985130 -0.496299
v 0.558927 0.962400 -0.511809
v 0.546299 0.943745 -0.530709
v 0.531891 0.929884 -0.552272
v 0.516258 0.921348 -0.575668
v 0.500000 1.218466 -0.600000
v 0.511199 1.215584 -0.572964
v 0.521967 1.207048 -0.546967
v 0.531891 1.193186 -0.523008
v 0.540590 1.174532 -0.502008
v 0.547728 1.151801 -0.484773
v 0.553033 1.125868 -0.471967
v 0.556300 1.097729 -0.464081
v 0.557402 1.068466 -0.461418
v 0.556300 1.039202 -0.464081
v 0.553033 1.011063 -0.471967
v 0.547728 0.985130 -0.484773
v 0.540590 0.962400 -0.502008
v 0.531891 0.943745 -0.523008
v 0.521967 0.929884 -0.546967
v 0.511199 0.921348 -0.572964
v 0.505709 1.215584 -0.571299
v 0.511199 1.207048 -0.543700
v 0.516258 1.193186 -0.518266
v 0.520692 1.174532 -0.495972
v 0.524332 1.151801 -0.477676
v 0.527036 1.125868 -0.464081
v 0.528701 1.097729 -0.455709
v 0.529263 1.068466 -0.452882
v 0.528701 1.039202 -0.455709
v 0.527036 1.011063 -0.464081
v 0.524332 0.985130 -0.477676
v 0.520692 0.962400 -0.495972
v 0.516258 0.943745 -0.518266
v 0.511199 0.929884 -0.543700
v 0.505709 0.921348 -0.571299
v 0.500000 1.215584 -0.570736
v 0.500000 1.207048 -0.542598
v 0.500000 1.193186 -0.516665
v 0.500000 1.174532 -0.493934
v 0.500000 1.151801 -0.475280
v 0.500000 1.125868 -0.461418
v 0.500000 1.097729 -0.452882
v 0.500000 1.068466 -0.450000
v 0.500000 1.039202 -0.452882
v 0.500000 1.011063 -0.461418
v 0.500000 0.985130 -0.475280
v 0.500000 0.962400 -0.493934
v 0.500000 0.943745 -0.516665
v 0.500000 0.929884 -0.542598
v 0.500000 0.921348 -0.570736
v 0.494291 1.215584 -0.571299
v 0.488801 1.207048 -0.543700
v 0.483742 1.193186 -0.518266
v 0.479308 1.174532 -0.495972
v 0.475668 1.151801 -0.477676
v 0.472964 1.125868 -0.464081
v 0.471299 1.097729 -0.455709
v 0.470736 1.068466 -0.452882
v 0.471299 1.039202 -0.455709
v 0.472964 1.011063 -0.464081
v 0.475668 0.985130 -0.477676
v 0.479308 0.962400 -0.495972
v 0.483742 0.943745 -0.518266
v 0.488801 0.929884 -0.543700
v 0.494291 0.921348 -0.571299
v 0.488801 1.215584 -0.572964
v 0.478033 1.207048 -0.546967
v 0.468109 1.193186 -0.523008
v 0.459410 1.174532 -0.502008
v 0.452272 1.151801 -0.484773
v 0.446967 1.125868 -0.471967
v 0.443700 1.097729 -0.464081
v 0.442597 1.068466 -0.461418
v 0.443700 1.039202 -0.464081
v 0.446967 1.011063 -0.471967
v 0.452272 0.985130 -0.484773
v 0.459410 0.962400 -0.502008
v 0.468109 0.943745 -0.523008
v 0.478033 0.929884 -0.546967
v 0.488801 0.921348 -0.572964
v 0.483742 1.215584 -0.575668
v 0.468109 1.207048 -0.552272
v 0.453701 1.193186 -0.530709
v 0.441073 1.174532 -0.511809
v 0.430709 1.151801 -0.496299
v 0.423008 1.125868 -0.484773
v 0.418266 1.097729 -0.477676
v 0.416664 1.068466 -0.475280
v 0.418266 1.039202 -0.477676
v 0.423008 1.011063 -0.484773
v 0.430709 0.985130 -0.496299
v 0.441073 0.962400 -0.511809
v 0.453701 0.943745 -0.530709
v 0.468109 0.929884 -0.552272
v 0.483742 0.921348 -0.575668
v 0.479308 1.215584 -0.579308
v 0.459410 1.207048 -0.559410
v 0.441073 1.193186 -0.541073
v 0.425000 1.174532 -0.525000
v 0.411809 1.151801 -0.511809
v 0.402008 1.125868 -0.502008
v 0.395972 1.097729 -0.495972
v 0.393934 1.068466 -0.493934
v 0.395972 1.039202 -0.495972
v 0.402008 1.011063 -0.502008
v 0.411809 0.985130 -0.511809
v 0.425000 0.962400 -0.525000
v 0.441073 0.943745 -0.541073
v 0.459410 0.929884 -0.559410
v 0.479308 0.921348 -0.579308
v 0.475668 1.215584 -0.583742
v 0.452272 1.207048 -0.568109
v 0.430709 1.193186 -0.553701
v 0.411809 1.174532 -0.541073
v 0.396299 1.151801 -0.530709
v 0.384773 1.125868 -0.523008
v 0.377676 1.097729 -0.518266
v 0.375280 1.068466 -0.516665
v 0.377676 1.039202 -0.518266
v 0.384773 1.011063 -0.523008
v 0.396299 0.985130 -0.530709
v 0.411809 0.962400 -0.541073
v 0.430709 0.943745 -0.553701
v 0.452272 0.929884 -0.568109
v 0.475668 0.921348 -0.583742
v 0.472964 1.215584 -0.588801
v 0.446967 1.207048 -0.578033
v 0.423008 1.193186 -0.568109
v 0.402008 1.174532 -0.559410
v 0.384773 1.151801 -0.552272
v 0.371967 1.125868 -0.546967
v 0.364081 1.097729 -0.543701
v 0.361418 1.068466 -0.542598
v 0.364081 1.039202 -0.543701
v 0.371967 1.011063 -0.546967
v 0.384773 0.985130 -0.552272
v 0.402008 0.962400 -0.559410
v 0.423008 0.943745 -0.568109
v 0.446967 0.929884 -0.578033
v 0.472964 0.921348 -0.588801
v 0.471299 1.215584 -0.594291
v 0.443700 1.207048 -0.588801
v 0.418266 1.193186 -0.583742
v 0.395972 1.174532 -0.579308
v 0.377676 1.151801 -0.575668
v 0.364081 1.125868 -0.572964
v 0.355709 1.097729 -0.571299
v 0.352882 1.068466 -0.570737
v 0.355709 1.039202 -0.571299
v 0.364081 1.011063 -0.572964
v 0.377676 0.985130 -0.575668
v 0.395972 0.962400 -0.579308
v 0.418266 0.943745 -0.583742
v 0.443700 0.929884 -0.588801
v 0.471299 0.921348 -0.594291
v 0.470736 1.215584 -0.600000
v 0.442598 1.207048 -0.600000
v 0.416665 1.193186 -0.600000
v 0.393934 1.174532 -0.600000
v 0.375280 1.151801 -0.600000
v 0.361418 1.125868 -0.600000
v 0.352882 1.097729 -0.600000
v 0.350000 1.068466 -0.600000
v 0.352882 1.039202 -0.600000
v 0.361418 1.011063 -0.600000
v 0.375280 0.985130 -0.600000
v 0.393934 0.962400 -0.600000
v 0.416665 0.943745 -0.600000
v 0.442598 0.929884 -0.600000
v 0.470736 0.921348 -0.600000
v 0.471299 1.215584 -0.605709
v 0.443700 1.207048 -0.611199
v 0.418266 1.193186 -0.616258
v 0.395972 1.174532 -0.620692
v 0.377676 1.151801 -0.624332
v 0.364081 1.125868 -0.627036
v 0.355709 1.097729 -0.628701
v 0.352882 1.068466 -0.629264
v 0.355709 1.039202 -0.628701
v 0.364081 1.011063 -0.627036
v 0.377676 0.985130 -0.624332
v 0.395972 0.962400 -0.620692
v 0.418266 0.943745 -0.616258
v 0.443700 0.929884 -0.611199
v 0.471299 0.921348 -0.605709
v 0.472964 1.215584 -0.611199
v 0.446967 1.207048 -0.621967
v 0.423008 1.193186 -0.631891
v 0.402008 1.174532 -0.640590
v 0.384773 1.151801 -0.647728
v 0.371967 1.125868 -0.653033
v 0.364081 1.097729 -0.656300
v 0.361418 1.068466 -0.657403
v 0.364081 1.039202 -0.656300
v 0.371967 1.011063 -0.653033
v 0.384773 0.985130 -0.647728
v 0.402008 0.962400 -0.640590
v 0.423008 0.943745 -0.631891
v 0.446967 0.929884 -0.621967
v 0.472964 0.921348 -0.611199
v 0.475668 1.215584 -0.616258
v 0.452272 1.207048 -0.631891
v 0.430709 1.193186 -0.646299
v 0.411809 1.174532 -0.658927
v 0.396299 1.151801 -0.669291
v 0.384773 1.125868 -0.676992
v 0.377676 1.097729 -0.681734
v 0.375280 1.068466 -0.683336
v 0.377676 1.039202 -0.681734
v 0.384773 1.011063 -0.676992
v 0.396299 0.985130 -0.669291
v 0.411809 0.962400 -0.658927
v 0.430709 0.943745 -0.646299
v 0.452272 0.929884 -0.631891
v 0.475668 0.921348 -0.616258
v 0.479308 1.215584 -0.620692
v 0.459410 1.207048 -0.640590
v 0.441073 1.193186 -0.658927
v 0.425000 1.174532 -0.675000
v 0.411809 1.151801 -0.688191
v 0.402008 1.125868 -0.697992
v 0.395972 1.097729 -0.704028
v 0.393934 1.068466 -0.706066
v 0.395972 1.039202 -0.704028
v 0.402008 1.011063 -0.697992
v 0.411809 0.985130 -0.688191
v 0.425000 0.962400 -0.675000
v 0.441073 0.943745 -0.658927
v 0.459410 0.929884 -0.640590
v 0.479308 0.921348 -0.620692
v 0.500000 0.918466 -0.600000
v 0.483742 1.215584 -0.624332
v 0.468109 1.207048 -0.647728
v 0.453701 1.193186 -0.669291
v 0.441073 1.174532 -0.688191
v 0.430709 1.151801 -0.703701
v 0.423008 1.125868 -0.715227
v 0.418266 1.097729 -0.722324
v 0.416665 1.068466 -0.724720
v 0.418266 1.039202 -0.722324
v 0.423008 1.011063 -0.715227
v 0.430709 0.985130 -0.703701
v 0.441073 0.962400 -0.688191
v 0.453701 0.943745 -0.669291
v 0.468109 0.929884 -0.647728
v 0.483742 0.921348 -0.624332
v 0.488801 1.215584 -0.627036
v 0.478033 1.207048 -0.653033
v 0.468109 1.193186 -0.676992
v 0.459410 1.174532 -0.697992
v 0.452272 1.151801 -0.715227
v 0.446967 1.125868 -0.728033
v 0.443701 1.097729 -0.735919
v 0.442598 1.068466 -0.738582
v 0.443701 1.039202 -0.735919
v 0.446967 1.011063 -0.728033
v 0.452272 0.985130 -0.715227
v 0.459410 0.962400 -0.697992
v 0.468109 0.943745 -0.676992
v 0.478033 0.929884 -0.653033
v 0.488801 0.921348 -0.627036
v 0.494291 1.215584 -0.628701
v 0.488801 1.207048 -0.656300
v 0.483742 1.193186 -0.681734
v 0.479308 1.174532 -0.704028
v 0.475668 1.151801 -0.722324
v 0.472964 1.125868 -0.735919
v 0.471299 1.097729 -0.744291
v 0.470737 1.068466 -0.747118
v 0.471299 1.039202 -0.744291
v 0.472964 1.011063 -0.735919
v 0.475668 0.985130 -0.722324
v 0.479308 0.962400 -0.704028
v 0.483742 0.943745 -0.681734
v 0.488801 0.929884 -0.656300
v 0.494291 0.921348 -0.628701
v 0.500000 1.215584 -0.629264
v 0.500000 1.207048 -0.657403
v 0.500000 1.193186 -0.683335
v 0.500000 1.174532 -0.706066
v 0.500000 1.151801 -0.724720
v 0.500000 1.125868 -0.738582
v 0.500000 1.097729 -0.747118
v 0.500000 1.068466 -0.750000
v 0.500000 1.039202 -0.747118
v 0.500000 1.011063 -0.738582
v 0.500000 0.985130 -0.724720
v 0.500000 0.962400 -0.706066
v 0.500000 0.943745 -0.683335
v 0.500000 0.929884 -0.657403
v 0.500000 0.921348 -0.629264
v 0.505709 1.215584 -0.628701
v 0.511199 1.207048 -0.656300
v 0.516258 1.193186 -0.681734
v 0.520692 1.174532 -0.704028
v 0.524332 1.151801 -0.722324
v 0.527036 1.125868 -0.735919
v 0.528701 1.097729 -0.744291
v 0.529264 1.068466 -0.747118
v 0.528701 1.039202 -0.744291
v 0.527036 1.011063 -0.735919
v 0.524332 0.985130 -0.722324
v 0.520692 0.962400 -0.704028
v 0.516258 0.943745 -0.681734
v 0.511199 0.929884 -0.656300
v 0.505709 0.921348 -0.628701
v 0.511199 1.215584 -0.627036
v 0.521967 1.207048 -0.653033
v 0.531891 1.193186 -0.676992
v 0.540590 1.174532 -0.697992
v 0.547728 1.151801 -0.715227
v 0.553033 1.125868 -0.728033
v 0.556300 1.097729 -0.735919
v 0.557403 1.068466 -0.738582
v 0.556300 1.039202 -0.735919
v 0.553033 1.011063 -0.728033
v 0.547728 0.985130 -0.715227
v 0.540590 0.962400 -0.697992
v 0.531891 0.943745 -0.676992
v 0.521967 0.929884 -0.653033
v 0.511199 0.921348 -0.627036
v 0.516258 1.215584 -0.624332
v 0.531891 1.207048 -0.647728
v 0.546299 1.193186 -0.669291
v 0.558927 1.174532 -0.688191
v 0.569291 1.151801 -0.703701
v 0.576992 1.125868 -0.715227
v 0.581734 1.097729 -0.722324
v 0.583336 1.068466 -0.724720
v 0.581734 1.039202 -0.722324
v 0.576992 1.011063 -0.715227
v 0.569291 0.985130 -0.703701
v 0.558927 0.962400 -0.688191
v 0.546299 0.943745 -0.669291
v 0.531891 0.929884 -0.647728
v 0.516258 0.921348 -0.624332
v 0.520692 1.215584 -0.620692
v 0.540590 1.207048 -0.640590
v 0.558927 1.193186 -0.658927
v 0.575000 1.174532 -0.675000
v 0.588191 1.151801 -0.688191
v 0.597992 1.125868 -0.697992
v 0.604028 1.097729 -0.704028
v 0.606066 1.068466 -0.706066
v 0.604028 1.039202 -0.704028
v 0.597992 1.011063 -0.697992
v 0.588191 0.985130 -0.688191
v 0.575000 0.962400 -0.675000
v 0.558927 0.943745 -0.658927
v 0.540590 0.929884 -0.640590
v 0.520692 0.921348 -0.620692
v 0.524332 1.215584 -0.616258
v 0.547728 1.207048 -0.631891
v 0.569291 1.193186 -0.646299
v 0.588191 1.174532 -0.658927
v 0.603701 1.151801 -0.669291
v 0.615227 1.125868 -0.676992
v 0.622324 1.097729 -0.681734
v 0.624720 1.068466 -0.683335
v 0.622324 1.039202 -0.681734
v 0.615227 1.011063 -0.676992
v 0.603701 0.985130 -0.669291
v 0.588191 0.962400 -0.658927
v 0.569291 0.943745 -0.646299
v 0.547728 0.929884 -0.631891
v 0.524332 0.921348 -0.616258
v 0.527036 1.215584 -0.611199
v 0.553033 1.207048 -0.621967
v 0.576992 1.193186 -0.631891
v 0.597992 1.174532 -0.640590
v 0.615227 1.151801 -0.647728
v 0.628033 1.125868 -0.653033
v 0.635919 1.097729 -0.656299
v 0.638582 1.068466 -0.657402
v 0.635919 1.039202 -0.656299
v 0.628033 1.011063 -0.653033
v 0.615227 0.985130 -0.647728
v 0.597992 0.962400 -0.640590
v 0.576992 0.943745 -0.631891
v 0.553033 0.929884 -0.621967
v 0.527036 0.921348 -0.611199
v 0.528701 1.215584 -0.605709
v 0.556300 1.207048 -0.611199
v 0.581734 1.193186 -0.616258
v 0.604028 1.174532 -0.620692
v 0.622324 1.151801 -0.624332
v 0.635919 1.125868 -0.627036
v 0.644291 1.097729 -0.628701
v 0.647118 1.068466 -0.629263
v 0.644291 1.039202 -0.628701
v 0.635919 1.011063 -0.627036
v 0.622324 0.985130 -0.624332
v 0.604028 0.962400 -0.620692
v 0.581734 0.943745 -0.616258
v 0.556300 0.929884 -0.611199
v 0.528701 0.921348 -0.605709
v 0.529263 1.215584 -0.600000
v 0.557402 1.207048 -0.600000
v 0.606066 1.174532 -0.600000
v 0.638582 1.125868 -0.600000
v 0.638582 1.011063 -0.600000
v 0.606066 0.962400 -0.600000
v 0.583335 0.943745 -0.600000
v 0.557402 0.929884 -0.600000
v 0.529263 0.921348 -0.600000
vn 0.8786 -0.4696 0.0865
vn 0.6332 0.7715 0.0624
vn 0.7708 -0.6326 0.0759
vn 0.7708 0.6326 0.0759
vn 0.6332 -0.7715 0.0624
vn 0.8786 0.4696 0.0865
vn 0.4709 -0.8810 0.0464
vn 0.9527 0.2890 0.0938
vn 0.2902 -0.9565 0.0286
vn 0.9904 0.0975 0.0975
vn 0.0980 0.9951 0.0097
vn 0.0980 -0.9951 0.0097
vn 0.9904 -0.0975 0.0975
vn 0.2902 0.9565 0.0286
vn 0.9527 -0.2890 0.0938
vn 0.4709 0.8810 0.0464
vn 0.9161 -0.2890 0.2779
vn 0.4528 0.8810 0.1374
vn 0.8448 -0.4696 0.2563
vn 0.6088 0.7715 0.1847
vn 0.7412 -0.6326 0.2248
vn 0.7412 0.6326 0.2248
vn 0.6088 -0.7715 0.1847
vn 0.8448 0.4696 0.2563
vn 0.4528 -0.8810 0.1374
vn 0.9161 0.2890 0.2779
vn 0.2790 -0.9565 0.0846
vn 0.9524 0.0976 0.2889
vn 0.0942 0.9951 0.0286
vn 0.0942 -0.9951 0.0286
vn 0.9524 -0.0976 0.2889
vn 0.2790 0.9565 0.0846
vn 0.4173 -0.8810 0.2230
vn 0.8443 0.2890 0.4513
vn 0.2571 -0.9565 0.1374
vn 0.8777 0.0975 0.4691
vn 0.0869 0.9951 0.0464
vn 0.0869 -0.9951 0.0464
vn 0.8777 -0.0975 0.4691
vn 0.2571 0.9565 0.1374
vn 0.8443 -0.2890 0.4513
vn 0.4173 0.8810 0.2230
vn 0.7786 -0.4696 0.4162
vn 0.5611 0.7715 0.2999
vn 0.6831 -0.6326 0.3651
vn 0.6831 0.6326 0.3651
vn 0.5611 -0.7715 0.2999
vn 0.7786 0.4696 0.4162
vn 0.3658 0.8810 0.3002
vn 0.6825 -0.4696 0.5601
vn 0.4918 0.7715 0.4036
vn 0.5987 -0.6326 0.4913
vn 0.5987 0.6326 0.4913
vn 0.4918 -0.7715 0.4036
vn 0.6825 0.4696 0.5601
vn 0.3658 -0.8810 0.3002
vn 0.7400 0.2890 0.6073
vn 0.2254 -0.9565 0.1850
vn 0.7693 0.0975 0.6314
vn 0.0761 0.9951 0.0625
vn 0.0761 -0.9951 0.0625
vn 0.7693 -0.0975 0.6314
vn 0.2254 0.9565 0.1850
vn 0.7400 -0.2890 0.6073
vn 0.6073 0.2890 0.7400
vn 0.1850 -0.9565 0.2254
vn 0.6314 0.0975 0.7693
vn 0.0625 0.9951 0.0761
vn 0.0625 -0.9951 0.0761
vn 0.6314 -0.0975 0.7693
vn 0.1850 0.9565 0.2254
vn 0.6073 -0.2890 0.7400
vn 0.3002 0.8810 0.3658
vn 0.5601 -0.4696 0.6825
vn 0.4036 0.7715 0.4918
vn 0.4913 -0.6326 0.5987
vn 0.4913 0.6326 0.5987
vn 0.4036 -0.7715 0.4918
vn 0.5601 0.4696 0.6825
vn 0.3002 -0.8810 0.3658
vn 0.4162 -0.4696 0.7786
vn 0.2999 0.7715 0.5611
vn 0.3651 -0.6326 0.6831
vn 0.3651 0.6326 0.6831
vn 0.2999 -0.7715 0.5611
vn 0.4162 0.4696 0.7786
vn 0.2230 -0.8810 0.4173
vn 0.4513 0.2890 0.8443
vn 0.1374 -0.9565 0.2571
vn 0.4691 0.0975 0.8777
vn 0.0464 0.9951 0.0869
vn 0.0464 -0.9951 0.0869
vn 0.4691 -0.0975 0.8777
vn 0.1374 0.9565 0.2571
vn 0.4513 -0.2890 0.8443
vn 0.2230 0.8810 0.4173
vn 0.0846 -0.9565 0.2790
vn 0.2889 0.0975 0.9524
vn 0.0286 0.9951 0.0942
vn 0.0286 -0.9951 0.0942
vn 0.2889 -0.0975 0.9524
vn 0.0846 0.9565 0.2790
vn 0.2779 -0.2890 0.9161
vn 0.1374 0.8810 0.4528
vn 0.2563 -0.4696 0.8448
vn 0.1847 0.7715 0.6088
vn 0.2248 -0.6326 0.7412
vn 0.2248 0.6326 0.7412
vn 0.1847 -0.7715 0.6088
vn 0.2563 0.4696 0.8448
vn 0.1374 -0.8810 0.4528
vn 0.2779 0.2890 0.9161
vn 0.0759 -0.6326 0.7708
vn 0.0759 0.6326 0.7708
vn 0.0624 -0.7715 0.6332
vn 0.0865 0.4696 0.8786
vn 0.0464 -0.8810 0.4709
vn 0.0938 0.2890 0.9527
vn 0.0286 -0.9565 0.2902
vn 0.0975 0.0975 0.9904
vn 0.0097 0.9951 0.0980
vn 0.0097 -0.9951 0.0980
vn 0.0975 -0.0975 0.9904
vn 0.0286 0.9565 0.2902
vn 0.0938 -0.2890 0.9527
vn 0.0464 0.8810 0.4709
vn 0.0865 -0.4696 0.8786
vn 0.0624 0.7715 0.6332
vn -0.0097 0.9951 0.0980
vn -0.0097 -0.9951 0.0980
vn -0.0976 -0.0975 0.9904
vn -0.0286 0.9565 0.2902
vn -0.0938 -0.2890 0.9527
vn -0.0464 0.8810 0.4709
vn -0.0865 -0.4696 0.8786
vn -0.0624 0.7715 0.6332
vn -0.0759 -0.6326 0.7708
vn -0.0759 0.6326 0.7708
vn -0.0624 -0.7715 0.6332
vn -0.0865 0.4696 0.8786
vn -0.0464 -0.8810 0.4709
vn -0.0938 0.2890 0.9527
vn -0.0286 -0.9565 0.2902
vn -0.0976 0.0975 0.9904
vn -0.2248 0.6326 0.7412
vn -0.1847 -0.7715 0.6088
vn -0.2563 0.4696 0.8448
vn -0.1374 -0.8810 0.4528
vn -0.2779 0.2890 0.9161
vn -0.0846 -0.9565 0.2790
vn -0.2889 0.0975 0.9524
vn -0.0286 0.9951 0.0942
vn -0.0286 -0.9951 0.0942
vn -0.2889 -0.0975 0.9524
vn -0.0846 0.9565 0.2790
vn -0.2779 -0.2890 0.9161
vn -0.1374 0.8810 0.4528
vn -0.2563 -0.4696 0.8448
vn -0.1847 0.7715 0.6088
vn -0.2248 -0.6326 0.7412
vn -0.4691 -0.0975 0.8777
vn -0.1374 0.9565 0.2571
vn -0.4513 -0.2890 0.8443
vn -0.2230 0.8810 0.4173
vn -0.4162 -0.4696 0.7786
vn -0.2999 0.7715 0.5611
vn -0.3651 -0.6326 0.6831
vn -0.3651 0.6326 0.6831
vn -0.2999 -0.7715 0.5611
vn -0.4162 0.4696 0.7786
vn -0.2230 -0.8810 0.4173
vn -0.4513 0.2890 0.8443
vn -0.1374 -0.9565 0.2571
vn -0.4691 0.0975 0.8777
vn -0.0464 0.9951 0.0869
vn -0.0464 -0.9951 0.0869
vn -0.4036 -0.7715 0.4918
vn -0.5601 0.4696 0.6825
vn -0.3002 -0.8810 0.3658
vn -0.6073 0.2890 0.7400
vn -0.1850 -0.9565 0.2254
vn -0.6314 0.0975 0.7693
vn -0.0625 0.9951 0.0761
vn -0.0625 -0.9951 0.0761
vn -0.6314 -0.0975 0.7693
vn -0.1850 0.9565 0.2254
vn -0.6073 -0.2890 0.7400
vn -0.3002 0.8810 0.3658
vn -0.5601 -0.4696 0.6825
vn -0.4036 0.7715 0.4918
vn -0.4913 -0.6326 0.5987
vn -0.4913 0.6326 0.5987
vn -0.2254 0.9565 0.1850
vn -0.7400 -0.2890 0.6073
vn -0.3658 0.8810 0.3002
vn -0.6825 -0.4696 0.5601
vn -0.4918 0.7715 0.4036
vn -0.5987 -0.6326 0.4913
vn -0.5987 0.6326 0.4913
vn -0.4918 -0.7715 0.4036
vn -0.6825 0.4696 0.5601
vn -0.3658 -0.8810 0.3002
vn -0.7400 0.2890 0.6073
vn -0.2254 -0.9565 0.1850
vn -0.7693 0.0975 0.6314
vn -0.0761 0.9951 0.0625
vn -0.0761 -0.9951 0.0625
vn -0.7693 -0.0975 0.6314
vn -0.7786 0.4696 0.4162
vn -0.4173 -0.8810 0.2230
vn -0.8443 0.2890 0.4513
vn -0.2571 -0.9565 0.1374
vn -0.8777 0.0975 0.4691
vn -0.0869 0.9951 0.0464
vn -0.0869 -0.9951 0.0464
vn -0.8777 -0.0975 0.4691
vn -0.2571 0.9565 0.1374
vn -0.8443 -0.2890 0.4513
vn -0.4173 0.8810 0.2230
vn -0.7786 -0.4696 0.4162
vn -0.5611 0.7715 0.2999
vn -0.6831 -0.6326 0.3651
vn -0.6831 0.6326 0.3651
vn -0.5611 -0.7715 0.2999
vn -0.9161 -0.2890 0.2779
vn -0.4528 0.8810 0.1374
vn -0.8448 -0.4696 0.2563
vn -0.6088 0.7715 0.1847
vn -0.7412 -0.6326 0.2248
vn -0.7412 0.6326 0.2248
vn -0.6088 -0.7715 0.1847
vn -0.8448 0.4696 0.2563
vn -0.4528 -0.8810 0.1374
vn -0.9161 0.2890 0.2779
vn -0.2790 -0.9565 0.0846
vn -0.9524 0.0975 0.2889
vn -0.0942 0.9951 0.0286
vn -0.0942 -0.9951 0.0286
vn -0.9524 -0.0975 0.2889
vn -0.2790 0.9565 0.0846
vn -0.4709 -0.8810 0.0464
vn -0.9527 0.2890 0.0938
vn -0.2902 -0.9565 0.0286
vn -0.9904 0.0975 0.0975
vn -0.0980 0.9951 0.0097
vn -0.0980 -0.9951 0.0097
vn -0.9904 -0.0975 0.0975
vn -0.2902 0.9565 0.0286
vn -0.9527 -0.2890 0.0938
vn -0.4709 0.8810 0.0464
vn -0.8786 -0.4696 0.0865
vn -0.6332 0.7715 0.0624
vn -0.7708 -0.6326 0.0759
vn -0.7708 0.6326 0.0759
vn -0.6332 -0.7715 0.0624
vn -0.8786 0.4696 0.0865
vn -0.8786 -0.4696 -0.0865
vn -0.6332 0.7715 -0.0624
vn -0.7708 -0.6326 -0.0759
vn -0.7708 0.6326 -0.0759
vn -0.6332 -0.7715 -0.0624
vn -0.8786 0.4696 -0.0865
vn -0.4709 -0.8810 -0.0464
vn -0.9527 0.2890 -0.0938
vn -0.2902 -0.9565 -0.0286
vn -0.9904 0.0975 -0.0976
vn -0.0980 0.9951 -0.0097
vn -0.0980 -0.9951 -0.0097
vn -0.9904 -0.0975 -0.0976
vn -0.2902 0.9565 -0.0286
vn -0.9527 -0.2890 -0.0938
vn -0.4709 0.8810 -0.0464
vn -0.2790 -0.9565 -0.0846
vn -0.9524 0.0975 -0.2889
vn -0.0942 0.9951 -0.0286
vn -0.0942 -0.9951 -0.0286
vn -0.9524 -0.0975 -0.2889
vn -0.2790 0.9565 -0.0846
vn -0.9161 -0.2890 -0.2779
vn -0.4528 0.8810 -0.1374
vn -0.8448 -0.4696 -0.2563
vn -0.6088 0.7715 -0.1847
vn -0.7412 -0.6326 -0.2248
vn -0.7412 0.6326 -0.2248
vn -0.6088 -0.7715 -0.1847
vn -0.8448 0.4696 -0.2563
vn -0.4528 -0.8810 -0.1374
vn -0.9161 0.2890 -0.2779
vn -0.5611 0.7715 -0.2999
vn -0.6831 -0.6326 -0.3651
vn -0.6831 0.6326 -0.3651
vn -0.5611 -0.7715 -0.2999
vn -0.7786 0.4696 -0.4162
vn -0.4173 -0.8810 -0.2230
vn -0.8443 0.2890 -0.4513
vn -0.2571 -0.9565 -0.1374
vn -0.8777 0.0975 -0.4691
vn -0.0869 0.9951 -0.0464
vn -0.0869 -0.9951 -0.0464
vn -0.8777 -0.0975 -0.4691
vn -0.2571 0.9565 -0.1374
vn -0.8443 -0.2890 -0.4513
vn -0.4173 0.8810 -0.2230
vn -0.7786 -0.4696 -0.4162
vn -0.7693 0.0975 -0.6314
vn -0.0761 0.9951 -0.0625
vn -0.0761 -0.9951 -0.0625
vn -0.7693 -0.0975 -0.6314
vn -0.2254 0.9565 -0.1850
vn -0.7400 -0.2890 -0.6073
vn -0.3658 0.8810 -0.3002
vn -0.6825 -0.4696 -0.5601
vn -0.4918 0.7715 -0.4036
vn -0.5987 -0.6326 -0.4913
vn -0.5987 0.6326 -0.4913
vn -0.4918 -0.7715 -0.4036
vn -0.6825 0.4696 -0.5601
vn -0.3658 -0.8810 -0.3002
vn -0.7400 0.2890 -0.6073
vn -0.2254 -0.9565 -0.1850
vn -0.4913 -0.6326 -0.5987
vn -0.4913 0.6326 -0.5987
vn -0.4036 -0.7715 -0.4918
vn -0.5601 0.4696 -0.6825
vn -0.3002 -0.8810 -0.3658
vn -0.6073 0.2890 -0.7400
vn -0.1850 -0.9565 -0.2254
vn -0.6314 0.0975 -0.7693
vn -0.0625 0.9951 -0.0761
vn -0.0625 -0.9951 -0.0761
vn -0.6314 -0.0975 -0.7693
vn -0.1850 0.9565 -0.2254
vn -0.6073 -0.2890 -0.7400
vn -0.3002 0.8810 -0.3658
vn -0.5601 -0.4696 -0.6825
vn -0.4036 0.7715 -0.4918
vn -0.0464 0.9951 -0.0869
vn -0.0464 -0.9951 -0.0869
vn -0.4691 -0.0975 -0.8777
vn -0.1374 0.9565 -0.2571
vn -0.4513 -0.2890 -0.8443
vn -0.2230 0.8810 -0.4173
vn -0.4162 -0.4696 -0.7786
vn -0.2999 0.7715 -0.5611
vn -0.3651 -0.6326 -0.6831
vn -0.3651 0.6326 -0.6831
vn -0.2999 -0.7715 -0.5611
vn -0.4162 0.4696 -0.7786
vn -0.2230 -0.8810 -0.4173
vn -0.4513 0.2890 -0.8443
vn -0.1374 -0.9565 -0.2571
vn -0.4691 0.0975 -0.8777
vn -0.2248 0.6326 -0.7412
vn -0.1847 -0.7715 -0.6088
vn -0.2563 0.4696 -0.8448
vn -0.1374 -0.8810 -0.4528
vn -0.2779 0.2890 -0.9161
vn -0.0846 -0.9565 -0.2790
vn -0.2889 0.0975 -0.9524
vn -0.0286 0.9951 -0.0942
vn -0.0286 -0.9951 -0.0942
vn -0.2889 -0.0975 -0.9524
vn -0.0846 0.9565 -0.2790
vn -0.2779 -0.2890 -0.9161
vn -0.1374 0.8810 -0.4528
vn -0.2563 -0.4696 -0.8448
vn -0.1847 0.7715 -0.6088
vn -0.2248 -0.6326 -0.7412
vn -0.0975 -0.0975 -0.9904
vn -0.0286 0.9565 -0.2902
vn -0.0938 -0.2890 -0.9527
vn -0.0464 0.8810 -0.4709
vn -0.0865 -0.4696 -0.8786
vn -0.0624 0.7715 -0.6332
vn -0.0759 -0.6326 -0.7708
vn -0.0759 0.6326 -0.7708
vn -0.0624 -0.7715 -0.6332
vn -0.0865 0.4696 -0.8786
vn -0.0464 -0.8810 -0.4709
vn -0.0938 0.2890 -0.9527
vn -0.0286 -0.9565 -0.2902
vn -0.0975 0.0975 -0.9904
vn -0.0097 0.9951 -0.0980
vn -0.0097 -0.9951 -0.0980
vn 0.0624 -0.7715 -0.6332
vn 0.0865 0.4696 -0.8786
vn 0.0464 -0.8810 -0.4709
vn 0.0938 0.2890 -0.9527
vn 0.0286 -0.9565 -0.2902
vn 0.0976 0.0975 -0.9904
vn 0.0097 0.9951 -0.0980
vn 0.0097 -0.9951 -0.0980
vn 0.0976 -0.0975 -0.9904
vn 0.0286 0.9565 -0.2902
vn 0.0938 -0.2890 -0.9527
vn 0.0464 0.8810 -0.4709
vn 0.0865 -0.4696 -0.8786
vn 0.0624 0.7715 -0.6332
vn 0.0759 -0.6326 -0.7708
vn 0.0759 0.6326 -0.7708
vn 0.2779 -0.2890 -0.9161
vn 0.1374 0.8810 -0.4528
vn 0.2563 -0.4696 -0.8448
vn 0.1847 0.7715 -0.6088
vn 0.2248 -0.6326 -0.7412
vn 0.2248 0.6326 -0.7412
vn 0.1847 -0.7715 -0.6088
vn 0.2563 0.4696 -0.8448
vn 0.1374 -0.8810 -0.4528
vn 0.2779 0.2890 -0.9161
vn 0.0846 -0.9565 -0.2790
vn 0.2889 0.0975 -0.9524
vn 0.0286 0.9951 -0.0942
vn 0.0286 -0.9951 -0.0942
vn 0.2889 -0.0975 -0.9524
vn 0.0846 0.9565 -0.2790
vn 0.2231 -0.8810 -0.4173
vn 0.4513 0.2890 -0.8443
vn 0.1374 -0.9565 -0.2571
vn 0.4691 0.0975 -0.8777
vn 0.0464 0.9951 -0.0869
vn 0.0464 -0.9951 -0.0869
vn 0.4691 -0.0975 -0.8777
vn 0.1374 0.9565 -0.2571
vn 0.4513 -0.2890 -0.8443
vn 0.2231 0.8810 -0.4173
vn 0.4162 -0.4696 -0.7786
vn 0.2999 0.7715 -0.5611
vn 0.3651 -0.6326 -0.6831
vn 0.3651 0.6326 -0.6831
vn 0.2999 -0.7715 -0.5611
vn 0.4162 0.4696 -0.7786
vn 0.3002 0.8810 -0.3658
vn 0.5601 -0.4696 -0.6825
vn 0.4036 0.7715 -0.4918
vn 0.4913 -0.6326 -0.5987
vn 0.4913 0.6326 -0.5987
vn 0.4036 -0.7715 -0.4918
vn 0.5601 0.4696 -0.6825
vn 0.3002 -0.8810 -0.3658
vn 0.6073 0.2890 -0.7400
vn 0.1850 -0.9565 -0.2254
vn 0.6314 0.0975 -0.7693
vn 0.0625 0.9951 -0.0761
vn 0.0625 -0.9951 -0.0761
vn 0.6314 -0.0975 -0.7693
vn 0.1850 0.9565 -0.2254
vn 0.6073 -0.2890 -0.7400
vn 0.7400 0.2890 -0.6073
vn 0.2254 -0.9565 -0.1850
vn 0.7693 0.0975 -0.6314
vn 0.0761 0.9951 -0.0625
vn 0.0761 -0.9951 -0.0625
vn 0.7693 -0.0975 -0.6314
vn 0.2254 0.9565 -0.1850
vn 0.7400 -0.2890 -0.6073
vn 0.3658 0.8810 -0.3002
vn 0.6825 -0.4696 -0.5601
vn 0.4918 0.7715 -0.4036
vn 0.5987 -0.6326 -0.4913
vn 0.5987 0.6326 -0.4913
vn 0.4918 -0.7715 -0.4036
vn 0.6825 0.4696 -0.5601
vn 0.3658 -0.8810 -0.3002
vn 0.7786 -0.4696 -0.4162
vn 0.5611 0.7715 -0.2999
vn 0.6831 -0.6326 -0.3651
vn 0.6831 0.6326 -0.3651
vn 0.5611 -0.7715 -0.2999
vn 0.7786 0.4696 -0.4162
vn 0.4173 -0.8810 -0.2230
vn 0.8443 0.2890 -0.4513
vn 0.2571 -0.9565 -0.1374
vn 0.8777 0.0975 -0.4691
vn 0.0869 0.9951 -0.0464
vn 0.0869 -0.9951 -0.0464
vn 0.8777 -0.0975 -0.4691
vn 0.2571 0.9565 -0.1374
vn 0.8443 -0.2890 -0.4513
vn 0.4173 0.8810 -0.2230
vn 0.2790 -0.9565 -0.0846
vn 0.9524 0.0975 -0.2889
vn 0.0942 0.9951 -0.0286
vn 0.0942 -0.9951 -0.0286
vn 0.9524 -0.0975 -0.2889
vn 0.2790 0.9565 -0.0846
vn 0.9161 -0.2890 -0.2779
vn 0.4528 0.8810 -0.1374
vn 0.8448 -0.4696 -0.2563
vn 0.6088 0.7715 -0.1847
vn 0.7412 -0.6326 -0.2248
vn 0.7412 0.6326 -0.2248
vn 0.6088 -0.7715 -0.1847
vn 0.8448 0.4696 -0.2563
vn 0.4528 -0.8810 -0.1374
vn 0.9161 0.2890 -0.2779
vn 0.6332 0.7715 -0.0624
vn 0.7708 -0.6326 -0.0759
vn 0.7708 0.6326 -0.0759
vn 0.6332 -0.7715 -0.0624
vn 0.8786 0.4696 -0.0865
vn 0.4709 -0.8810 -0.0464
vn 0.9527 0.2890 -0.0938
vn 0.2902 -0.9565 -0.0286
vn 0.9904 0.0975 -0.0976
vn 0.0980 0.9951 -0.0097
vn 0.0980 -0.9951 -0.0097
vn 0.9904 -0.0975 -0.0976
vn 0.2902 0.9565 -0.0286
vn 0.9527 -0.2890 -0.0938
vn 0.4709 0.8810 -0.0464
vn 0.8786 -0.4696 -0.0865
vt 0.750000 0.312500
vt 0.750000 0.375000
vt 0.718750 0.375000
vt 0.718750 0.312500
vt 0.750000 0.750000
vt 0.750000 0.812500
vt 0.718750 0.812500
vt 0.718750 0.750000
vt 0.750000 0.250000
vt 0.718750 0.250000
vt 0.750000 0.687500
vt 0.718750 0.687500
vt 0.750000 0.187500
vt 0.718750 0.187500
vt 0.750000 0.625000
vt 0.718750 0.625000
vt 0.750000 0.125000
vt 0.718750 0.125000
vt 0.750000 0.562500
vt 0.718750 0.562500
vt 0.750000 0.062500
vt 0.718750 0.062500
vt 0.750000 0.500000
vt 0.718750 0.500000
vt 0.750000 0.937500
vt 0.734375 1.000000
vt 0.718750 0.937500
vt 0.734375 0.000000
vt 0.750000 0.437500
vt 0.718750 0.437500
vt 0.750000 0.875000
vt 0.718750 0.875000
vt 0.687500 0.437500
vt 0.687500 0.375000
vt 0.687500 0.875000
vt 0.687500 0.812500
vt 0.687500 0.312500
vt 0.687500 0.750000
vt 0.687500 0.250000
vt 0.687500 0.687500
vt 0.687500 0.187500
vt 0.687500 0.625000
vt 0.687500 0.125000
vt 0.687500 0.562500
vt 0.687500 0.062500
vt 0.687500 0.500000
vt 0.703125 1.000000
vt 0.687500 0.937500
vt 0.703125 0.000000
vt 0.656250 0.187500
vt 0.656250 0.125000
vt 0.656250 0.625000
vt 0.656250 0.562500
vt 0.656250 0.062500
vt 0.656250 0.500000
vt 0.671875 1.000000
vt 0.656250 0.937500
vt 0.671875 0.000000
vt 0.656250 0.437500
vt 0.656250 0.875000
vt 0.656250 0.375000
vt 0.656250 0.812500
vt 0.656250 0.312500
vt 0.656250 0.750000
vt 0.656250 0.250000
vt 0.656250 0.687500
vt 0.625000 0.875000
vt 0.625000 0.812500
vt 0.625000 0.375000
vt 0.625000 0.312500
vt 0.625000 0.750000
vt 0.625000 0.250000
vt 0.625000 0.687500
vt 0.625000 0.187500
vt 0.625000 0.625000
vt 0.625000 0.125000
vt 0.625000 0.562500
vt 0.625000 0.062500
vt 0.625000 0.500000
vt 0.640625 1.000000
vt 0.625000 0.937500
vt 0.640625 0.000000
vt 0.625000 0.437500
vt 0.593750 0.625000
vt 0.593750 0.562500
vt 0.593750 0.125000
vt 0.593750 0.062500
vt 0.593750 0.500000
vt 0.609375 1.000000
vt 0.593750 0.937500
vt 0.609375 0.000000
vt 0.593750 0.437500
vt 0.593750 0.875000
vt 0.593750 0.375000
vt 0.593750 0.812500
vt 0.593750 0.312500
vt 0.593750 0.750000
vt 0.593750 0.250000
vt 0.593750 0.687500
vt 0.593750 0.187500
vt 0.562500 0.375000
vt 0.562500 0.312500
vt 0.562500 0.812500
vt 0.562500 0.750000
vt 0.562500 0.250000
vt 0.562500 0.687500
vt 0.562500 0.187500
vt 0.562500 0.625000
vt 0.562500 0.125000
vt 0.562500 0.562500
vt 0.562500 0.062500
vt 0.562500 0.500000
vt 0.578125 1.000000
vt 0.562500 0.937500
vt 0.578125 0.000000
vt 0.562500 0.437500
vt 0.562500 0.875000
vt 0.531250 0.125000
vt 0.531250 0.062500
vt 0.531250 0.562500
vt 0.531250 0.500000
vt 0.546875 1.000000
vt 0.531250 0.937500
vt 0.546875 0.000000
vt 0.531250 0.437500
vt 0.531250 0.875000
vt 0.531250 0.375000
vt 0.531250 0.812500
vt 0.531250 0.312500
vt 0.531250 0.750000
vt 0.531250 0.250000
vt 0.531250 0.687500
vt 0.531250 0.187500
vt 0.531250 0.625000
vt 0.500000 0.312500
vt 0.500000 0.250000
vt 0.500000 0.750000
vt 0.500000 0.687500
vt 0.500000 0.187500
vt 0.500000 0.625000
vt 0.500000 0.125000
vt 0.500000 0.562500
vt 0.500000 0.062500
vt 0.500000 0.500000
vt 0.515625 1.000000
vt 0.500000 0.937500
vt 0.515625 0.000000
vt 0.500000 0.437500
vt 0.500000 0.875000
vt 0.500000 0.375000
vt 0.500000 0.812500
vt 0.484375 1.000000
vt 0.468750 0.937500
vt 0.484375 0.000000
vt 0.468750 0.062500
vt 0.468750 0.500000
vt 0.468750 0.437500
vt 0.468750 0.875000
vt 0.468750 0.375000
vt 0.468750 0.812500
vt 0.468750 0.312500
vt 0.468750 0.750000
vt 0.468750 0.250000
vt 0.468750 0.687500
vt 0.468750 0.187500
vt 0.468750 0.625000
vt 0.468750 0.125000
vt 0.468750 0.562500
vt 0.437500 0.750000
vt 0.437500 0.687500
vt 0.437500 0.250000
vt 0.437500 0.187500
vt 0.437500 0.625000
vt 0.437500 0.125000
vt 0.437500 0.562500
vt 0.437500 0.062500
vt 0.437500 0.500000
vt 0.453125 1.000000
vt 0.437500 0.937500
vt 0.453125 0.000000
vt 0.437500 0.437500
vt 0.437500 0.875000
vt 0.437500 0.375000
vt 0.437500 0.812500
vt 0.437500 0.312500
vt 0.406250 0.500000
vt 0.406250 0.437500
vt 0.406250 0.937500
vt 0.406250 0.875000
vt 0.406250 0.375000
vt 0.406250 0.812500
vt 0.406250 0.312500
vt 0.406250 0.750000
vt 0.406250 0.250000
vt 0.406250 0.687500
vt 0.406250 0.187500
vt 0.406250 0.625000
vt 0.406250 0.125000
vt 0.406250 0.562500
vt 0.406250 0.062500
vt 0.421875 1.000000
vt 0.421875 0.000000
vt 0.375000 0.250000
vt 0.375000 0.187500
vt 0.375000 0.687500
vt 0.375000 0.625000
vt 0.375000 0.125000
vt 0.375000 0.562500
vt 0.375000 0.062500
vt 0.375000 0.500000
vt 0.390625 1.000000
vt 0.375000 0.937500
vt 0.390625 0.000000
vt 0.375000 0.437500
vt 0.375000 0.875000
vt 0.375000 0.375000
vt 0.375000 0.812500
vt 0.375000 0.312500
vt 0.375000 0.750000
vt 0.343750 0.937500
vt 0.343750 0.875000
vt 0.343750 0.437500
vt 0.343750 0.375000
vt 0.343750 0.812500
vt 0.343750 0.312500
vt 0.343750 0.750000
vt 0.343750 0.250000
vt 0.343750 0.687500
vt 0.343750 0.187500
vt 0.343750 0.625000
vt 0.343750 0.125000
vt 0.343750 0.562500
vt 0.343750 0.062500
vt 0.343750 0.500000
vt 0.359375 1.000000
vt 0.359375 0.000000
vt 0.312500 0.687500
vt 0.312500 0.625000
vt 0.312500 0.187500
vt 0.312500 0.125000
vt 0.312500 0.562500
vt 0.312500 0.062500
vt 0.312500 0.500000
vt 0.328125 1.000000
vt 0.312500 0.937500
vt 0.328125 0.000000
vt 0.312500 0.437500
vt 0.312500 0.875000
vt 0.312500 0.375000
vt 0.312500 0.812500
vt 0.312500 0.312500
vt 0.312500 0.750000
vt 0.312500 0.250000
vt 0.281250 0.437500
vt 0.281250 0.375000
vt 0.281250 0.875000
vt 0.281250 0.812500
vt 0.281250 0.312500
vt 0.281250 0.750000
vt 0.281250 0.250000
vt 0.281250 0.687500
vt 0.281250 0.187500
vt 0.281250 0.625000
vt 0.281250 0.125000
vt 0.281250 0.562500
vt 0.281250 0.062500
vt 0.281250 0.500000
vt 0.296875 1.000000
vt 0.281250 0.937500
vt 0.296875 0.000000
vt 0.250000 0.187500
vt 0.250000 0.125000
vt 0.250000 0.625000
vt 0.250000 0.562500
vt 0.250000 0.062500
vt 0.250000 0.500000
vt 0.265625 1.000000
vt 0.250000 0.937500
vt 0.265625 0.000000
vt 0.250000 0.437500
vt 0.250000 0.875000
vt 0.250000 0.375000
vt 0.250000 0.812500
vt 0.250000 0.312500
vt 0.250000 0.750000
vt 0.250000 0.250000
vt 0.250000 0.687500
vt 0.218750 0.375000
vt 0.218750 0.312500
vt 0.218750 0.812500
vt 0.218750 0.750000
vt 0.218750 0.250000
vt 0.218750 0.687500
vt 0.218750 0.187500
vt 0.218750 0.625000
vt 0.218750 0.125000
vt 0.218750 0.562500
vt 0.218750 0.062500
vt 0.218750 0.500000
vt 0.234375 1.000000
vt 0.218750 0.937500
vt 0.234375 0.000000
vt 0.218750 0.437500
vt 0.218750 0.875000
vt 0.187500 0.125000
vt 0.187500 0.062500
vt 0.187500 0.562500
vt 0.187500 0.500000
vt 0.203125 1.000000
vt 0.187500 0.937500
vt 0.203125 0.000000
vt 0.187500 0.437500
vt 0.187500 0.875000
vt 0.187500 0.375000
vt 0.187500 0.812500
vt 0.187500 0.312500
vt 0.187500 0.750000
vt 0.187500 0.250000
vt 0.187500 0.687500
vt 0.187500 0.187500
vt 0.187500 0.625000
vt 0.156250 0.812500
vt 0.156250 0.750000
vt 0.156250 0.312500
vt 0.156250 0.250000
vt 0.156250 0.687500
vt 0.156250 0.187500
vt 0.156250 0.625000
vt 0.156250 0.125000
vt 0.156250 0.562500
vt 0.156250 0.062500
vt 0.156250 0.500000
vt 0.171875 1.000000
vt 0.156250 0.937500
vt 0.171875 0.000000
vt 0.156250 0.437500
vt 0.156250 0.875000
vt 0.156250 0.375000
vt 0.125000 0.562500
vt 0.125000 0.500000
vt 0.140625 1.000000
vt 0.125000 0.937500
vt 0.140625 0.000000
vt 0.125000 0.062500
vt 0.125000 0.437500
vt 0.125000 0.875000
vt 0.125000 0.375000
vt 0.125000 0.812500
vt 0.125000 0.312500
vt 0.125000 0.750000
vt 0.125000 0.250000
vt 0.125000 0.687500
vt 0.125000 0.187500
vt 0.125000 0.625000
vt 0.125000 0.125000
vt 0.093750 0.312500
vt 0.093750 0.250000
vt 0.093750 0.750000
vt 0.093750 0.687500
vt 0.093750 0.187500
vt 0.093750 0.625000
vt 0.093750 0.125000
vt 0.093750 0.562500
vt 0.093750 0.062500
vt 0.093750 0.500000
vt 0.109375 1.000000
vt 0.093750 0.937500
vt 0.109375 0.000000
vt 0.093750 0.437500
vt 0.093750 0.875000
vt 0.093750 0.375000
vt 0.093750 0.812500
vt 0.078125 1.000000
vt 0.062500 0.937500
vt 0.078125 0.000000
vt 0.062500 0.062500
vt 0.062500 0.500000
vt 0.062500 0.437500
vt 0.062500 0.875000
vt 0.062500 0.375000
vt 0.062500 0.812500
vt 0.062500 0.312500
vt 0.062500 0.750000
vt 0.062500 0.250000
vt 0.062500 0.687500
vt 0.062500 0.187500
vt 0.062500 0.625000
vt 0.062500 0.125000
vt 0.062500 0.562500
vt 0.031250 0.750000
vt 0.031250 0.687500
vt 0.031250 0.250000
vt 0.031250 0.187500
vt 0.031250 0.625000
vt 0.031250 0.125000
vt 0.031250 0.562500
vt 0.031250 0.062500
vt 0.031250 0.500000
vt 0.046875 1.000000
vt 0.031250 0.937500
vt 0.046875 0.000000
vt 0.031250 0.437500
vt 0.031250 0.875000
vt 0.031250 0.375000
vt 0.031250 0.812500
vt 0.031250 0.312500
vt 0.000000 0.500000
vt 0.000000 0.437500
vt 0.000000 0.937500
vt 0.000000 0.875000
vt 0.000000 0.375000
vt 0.000000 0.812500
vt 0.000000 0.312500
vt 0.000000 0.750000
vt 0.000000 0.250000
vt 0.000000 0.687500
vt 0.000000 0.187500
vt 0.000000 0.625000
vt 0.000000 0.125000
vt 0.000000 0.562500
vt 0.000000 0.062500
vt 0.015625 1.000000
vt 0.015625 0.000000
vt 1.000000 0.187500
vt 1.000000 0.250000
vt 0.968750 0.250000
vt 0.968750 0.187500
vt 1.000000 0.625000
vt 1.000000 0.687500
vt 0.968750 0.687500
vt 0.968750 0.625000
vt 1.000000 0.125000
vt 0.968750 0.125000
vt 1.000000 0.562500
vt 0.968750 0.562500
vt 1.000000 0.062500
vt 0.968750 0.062500
vt 1.000000 0.500000
vt 0.968750 0.500000
vt 1.000000 0.937500
vt 0.984375 1.000000
vt 0.968750 0.937500
vt 0.984375 0.000000
vt 1.000000 0.437500
vt 0.968750 0.437500
vt 1.000000 0.875000
vt 0.968750 0.875000
vt 1.000000 0.375000
vt 0.968750 0.375000
vt 1.000000 0.812500
vt 0.968750 0.812500
vt 1.000000 0.312500
vt 0.968750 0.312500
vt 1.000000 0.750000
vt 0.968750 0.750000
vt 0.937500 0.437500
vt 0.937500 0.375000
vt 0.937500 0.875000
vt 0.937500 0.812500
vt 0.937500 0.312500
vt 0.937500 0.750000
vt 0.937500 0.250000
vt 0.937500 0.687500
vt 0.937500 0.187500
vt 0.937500 0.625000
vt 0.937500 0.125000
vt 0.937500 0.562500
vt 0.937500 0.062500
vt 0.937500 0.500000
vt 0.953125 1.000000
vt 0.937500 0.937500
vt 0.953125 0.000000
vt 0.906250 0.187500
vt 0.906250 0.125000
vt 0.906250 0.625000
vt 0.906250 0.562500
vt 0.906250 0.062500
vt 0.906250 0.500000
vt 0.921875 1.000000
vt 0.906250 0.937500
vt 0.921875 0.000000
vt 0.906250 0.437500
vt 0.906250 0.875000
vt 0.906250 0.375000
vt 0.906250 0.812500
vt 0.906250 0.312500
vt 0.906250 0.750000
vt 0.906250 0.250000
vt 0.906250 0.687500
vt 0.875000 0.875000
vt 0.875000 0.812500
vt 0.875000 0.375000
vt 0.875000 0.312500
vt 0.875000 0.750000
vt 0.875000 0.250000
vt 0.875000 0.687500
vt 0.875000 0.187500
vt 0.875000 0.625000
vt 0.875000 0.125000
vt 0.875000 0.562500
vt 0.875000 0.062500
vt 0.875000 0.500000
vt 0.890625 1.000000
vt 0.875000 0.937500
vt 0.890625 0.000000
vt 0.875000 0.437500
vt 0.843750 0.625000
vt 0.843750 0.562500
vt 0.843750 0.125000
vt 0.843750 0.062500
vt 0.843750 0.500000
vt 0.859375 1.000000
vt 0.843750 0.937500
vt 0.859375 0.000000
vt 0.843750 0.437500
vt 0.843750 0.875000
vt 0.843750 0.375000
vt 0.843750 0.812500
vt 0.843750 0.312500
vt 0.843750 0.750000
vt 0.843750 0.250000
vt 0.843750 0.687500
vt 0.843750 0.187500
vt 0.812500 0.375000
vt 0.812500 0.312500
vt 0.812500 0.812500
vt 0.812500 0.750000
vt 0.812500 0.250000
vt 0.812500 0.687500
vt 0.812500 0.187500
vt 0.812500 0.625000
vt 0.812500 0.125000
vt 0.812500 0.562500
vt 0.812500 0.062500
vt 0.812500 0.500000
vt 0.828125 1.000000
vt 0.812500 0.937500
vt 0.828125 0.000000
vt 0.812500 0.437500
vt 0.812500 0.875000
vt 0.781250 0.125000
vt 0.781250 0.062500
vt 0.781250 0.562500
vt 0.781250 0.500000
vt 0.796875 1.000000
vt 0.781250 0.937500
vt 0.796875 0.000000
vt 0.781250 0.437500
vt 0.781250 0.875000
vt 0.781250 0.375000
vt 0.781250 0.812500
vt 0.781250 0.312500
vt 0.781250 0.750000
vt 0.781250 0.250000
vt 0.781250 0.687500
vt 0.781250 0.187500
vt 0.781250 0.625000
vt 0.765625 1.000000
vt 0.765625 0.000000
s 0
usemtl base
f 1804/2384/1731 2276/2385/1731 1814/2386/1731 1815/2387/1731
f 2274/2388/1732 1799/2389/1732 1807/2390/1732 1808/2391/1732
f 2277/2392/1733 1804/2384/1733 1815/2387/1733 1816/2393/1733
f 1800/2394/1734 2274/2388/1734 1808/2391/1734 1809/2395/1734
f 2278/2396/1735 2277/2392/1735 1816/2393/1735 1817/2397/1735
f 2275/2398/1736 1800/2394/1736 1809/2395/1736 1810/2399/1736
f 2279/2400/1737 2278/2396/1737 1817/2397/1737 1818/2401/1737
f 1801/2402/1738 2275/2398/1738 1810/2399/1738 1811/2403/1738
f 2280/2404/1739 2279/2400/1739 1818/2401/1739 1819/2405/1739
f 1802/2406/1740 1801/2402/1740 1811/2403/1740 1812/2407/1740
f 2272/2408/1741 1880/2409/1741 1805/2410/1741
f 2106/2411/1742 2280/2404/1742 1819/2405/1742
f 1803/2412/1743 1802/2406/1743 1812/2407/1743 1813/2413/1743
f 2273/2414/1744 2272/2408/1744 1805/2410/1744 1806/2415/1744
f 2276/2385/1745 1803/2412/1745 1813/2413/1745 1814/2386/1745
f 1799/2389/1746 2273/2414/1746 1806/2415/1746 1807/2390/1746
f 1814/2386/1747 1813/2413/1747 1828/2416/1747 1829/2417/1747
f 1807/2390/1748 1806/2415/1748 1821/2418/1748 1822/2419/1748
f 1815/2387/1749 1814/2386/1749 1829/2417/1749 1830/2420/1749
f 1808/2391/1750 1807/2390/1750 1822/2419/1750 1823/2421/1750
f 1816/2393/1751 1815/2387/1751 1830/2420/1751 1831/2422/1751
f 1809/2395/1752 1808/2391/1752 1823/2421/1752 1824/2423/1752
f 1817/2397/1753 1816/2393/1753 1831/2422/1753 1832/2424/1753
f 1810/2399/1754 1809/2395/1754 1824/2423/1754 1825/2425/1754
f 1818/2401/1755 1817/2397/1755 1832/2424/1755 1833/2426/1755
f 1811/2403/1756 1810/2399/1756 1825/2425/1756 1826/2427/1756
f 1819/2405/1757 1818/2401/1757 1833/2426/1757 1834/2428/1757
f 1812/2407/1758 1811/2403/1758 1826/2427/1758 1827/2429/1758
f 1805/2410/1759 1880/2430/1759 1820/2431/1759
f 2106/2432/1760 1819/2405/1760 1834/2428/1760
f 1813/2413/1761 1812/2407/1761 1827/2429/1761 1828/2416/1761
f 1806/2415/1762 1805/2410/1762 1820/2431/1762 1821/2418/1762
f 1833/2426/1763 1832/2424/1763 1847/2433/1763 1848/2434/1763
f 1826/2427/1764 1825/2425/1764 1840/2435/1764 1841/2436/1764
f 1834/2428/1765 1833/2426/1765 1848/2434/1765 1849/2437/1765
f 1827/2429/1766 1826/2427/1766 1841/2436/1766 1842/2438/1766
f 1820/2431/1767 1880/2439/1767 1835/2440/1767
f 2106/2441/1768 1834/2428/1768 1849/2437/1768
f 1828/2416/1769 1827/2429/1769 1842/2438/1769 1843/2442/1769
f 1821/2418/1770 1820/2431/1770 1835/2440/1770 1836/2443/1770
f 1829/2417/1771 1828/2416/1771 1843/2442/1771 1844/2444/1771
f 1822/2419/1772 1821/2418/1772 1836/2443/1772 1837/2445/1772
f 1830/2420/1773 1829/2417/1773 1844/2444/1773 1845/2446/1773
f 1823/2421/1774 1822/2419/1774 1837/2445/1774 1838/2447/1774
f 1831/2422/1775 1830/2420/1775 1845/2446/1775 1846/2448/1775
f 1824/2423/1776 1823/2421/1776 1838/2447/1776 1839/2449/1776
f 1832/2424/1777 1831/2422/1777 1846/2448/1777 1847/2433/1777
f 1825/2425/1778 1824/2423/1778 1839/2449/1778 1840/2435/1778
f 1837/2445/1779 1836/2443/1779 1851/2450/1779 1852/2451/1779
f 1845/2446/1780 1844/2444/1780 1859/2452/1780 1860/2453/1780
f 1838/2447/1781 1837/2445/1781 1852/2451/1781 1853/2454/1781
f 1846/2448/1782 1845/2446/1782 1860/2453/1782 1861/2455/1782
f 1839/2449/1783 1838/2447/1783 1853/2454/1783 1854/2456/1783
f 1847/2433/1784 1846/2448/1784 1861/2455/1784 1862/2457/1784
f 1840/2435/1785 1839/2449/1785 1854/2456/1785 1855/2458/1785
f 1848/2434/1786 1847/2433/1786 1862/2457/1786 1863/2459/1786
f 1841/2436/1787 1840/2435/1787 1855/2458/1787 1856/2460/1787
f 1849/2437/1788 1848/2434/1788 1863/2459/1788 1864/2461/1788
f 1842/2438/1789 1841/2436/1789 1856/2460/1789 1857/2462/1789
f 1835/2440/1790 1880/2463/1790 1850/2464/1790
f 2106/2465/1791 1849/2437/1791 1864/2461/1791
f 1843/2442/1792 1842/2438/1792 1857/2462/1792 1858/2466/1792
f 1836/2443/1793 1835/2440/1793 1850/2464/1793 1851/2450/1793
f 1844/2444/1794 1843/2442/1794 1858/2466/1794 1859/2452/1794
f 1856/2460/1795 1855/2458/1795 1870/2467/1795 1871/2468/1795
f 1864/2461/1796 1863/2459/1796 1878/2469/1796 1879/2470/1796
f 1857/2462/1797 1856/2460/1797 1871/2468/1797 1872/2471/1797
f 1850/2464/1798 1880/2472/1798 1865/2473/1798
f 2106/2474/1799 1864/2461/1799 1879/2470/1799
f 1858/2466/1800 1857/2462/1800 1872/2471/1800 1873/2475/1800
f 1851/2450/1801 1850/2464/1801 1865/2473/1801 1866/2476/1801
f 1859/2452/1802 1858/2466/1802 1873/2475/1802 1874/2477/1802
f 1852/2451/1803 1851/2450/1803 1866/2476/1803 1867/2478/1803
f 1860/2453/1804 1859/2452/1804 1874/2477/1804 1875/2479/1804
f 1853/2454/1805 1852/2451/1805 1867/2478/1805 1868/2480/1805
f 1861/2455/1806 1860/2453/1806 1875/2479/1806 1876/2481/1806
f 1854/2456/1807 1853/2454/1807 1868/2480/1807 1869/2482/1807
f 1862/2457/1808 1861/2455/1808 1876/2481/1808 1877/2483/1808
f 1855/2458/1809 1854/2456/1809 1869/2482/1809 1870/2467/1809
f 1863/2459/1810 1862/2457/1810 1877/2483/1810 1878/2469/1810
f 1875/2479/1811 1874/2477/1811 1890/2484/1811 1891/2485/1811
f 1868/2480/1812 1867/2478/1812 1883/2486/1812 1884/2487/1812
f 1876/2481/1813 1875/2479/1813 1891/2485/1813 1892/2488/1813
f 1869/2482/1814 1868/2480/1814 1884/2487/1814 1885/2489/1814
f 1877/2483/1815 1876/2481/1815 1892/2488/1815 1893/2490/1815
f 1870/2467/1816 1869/2482/1816 1885/2489/1816 1886/2491/1816
f 1878/2469/1817 1877/2483/1817 1893/2490/1817 1894/2492/1817
f 1871/2468/1818 1870/2467/1818 1886/2491/1818 1887/2493/1818
f 1879/2470/1819 1878/2469/1819 1894/2492/1819 1895/2494/1819
f 1872/2471/1820 1871/2468/1820 1887/2493/1820 1888/2495/1820
f 1865/2473/1821 1880/2496/1821 1881/2497/1821
f 2106/2498/1822 1879/2470/1822 1895/2494/1822
f 1873/2475/1823 1872/2471/1823 1888/2495/1823 1889/2499/1823
f 1866/2476/1824 1865/2473/1824 1881/2497/1824 1882/2500/1824
f 1874/2477/1825 1873/2475/1825 1889/2499/1825 1890/2484/1825
f 1867/2478/1826 1866/2476/1826 1882/2500/1826 1883/2486/1826
f 1895/2494/1827 1894/2492/1827 1909/2501/1827 1910/2502/1827
f 1888/2495/1828 1887/2493/1828 1902/2503/1828 1903/2504/1828
f 1881/2497/1829 1880/2505/1829 1896/2506/1829
f 2106/2507/1830 1895/2494/1830 1910/2502/1830
f 1889/2499/1831 1888/2495/1831 1903/2504/1831 1904/2508/1831
f 1882/2500/1832 1881/2497/1832 1896/2506/1832 1897/2509/1832
f 1890/2484/1833 1889/2499/1833 1904/2508/1833 1905/2510/1833
f 1883/2486/1834 1882/2500/1834 1897/2509/1834 1898/2511/1834
f 1891/2485/1835 1890/2484/1835 1905/2510/1835 1906/2512/1835
f 1884/2487/1836 1883/2486/1836 1898/2511/1836 1899/2513/1836
f 1892/2488/1837 1891/2485/1837 1906/2512/1837 1907/2514/1837
f 1885/2489/1838 1884/2487/1838 1899/2513/1838 1900/2515/1838
f 1893/2490/1839 1892/2488/1839 1907/2514/1839 1908/2516/1839
f 1886/2491/1840 1885/2489/1840 1900/2515/1840 1901/2517/1840
f 1894/2492/1841 1893/2490/1841 1908/2516/1841 1909/2501/1841
f 1887/2493/1842 1886/2491/1842 1901/2517/1842 1902/2503/1842
f 1907/2514/1843 1906/2512/1843 1921/2518/1843 1922/2519/1843
f 1900/2515/1844 1899/2513/1844 1914/2520/1844 1915/2521/1844
f 1908/2516/1845 1907/2514/1845 1922/2519/1845 1923/2522/1845
f 1901/2517/1846 1900/2515/1846 1915/2521/1846 1916/2523/1846
f 1909/2501/1847 1908/2516/1847 1923/2522/1847 1924/2524/1847
f 1902/2503/1848 1901/2517/1848 1916/2523/1848 1917/2525/1848
f 1910/2502/1849 1909/2501/1849 1924/2524/1849 1925/2526/1849
f 1903/2504/1850 1902/2503/1850 1917/2525/1850 1918/2527/1850
f 1896/2506/1851 1880/2528/1851 1911/2529/1851
f 2106/2530/1852 1910/2502/1852 1925/2526/1852
f 1904/2508/1853 1903/2504/1853 1918/2527/1853 1919/2531/1853
f 1897/2509/1854 1896/2506/1854 1911/2529/1854 1912/2532/1854
f 1905/2510/1855 1904/2508/1855 1919/2531/1855 1920/2533/1855
f 1898/2511/1856 1897/2509/1856 1912/2532/1856 1913/2534/1856
f 1906/2512/1857 1905/2510/1857 1920/2533/1857 1921/2518/1857
f 1899/2513/1858 1898/2511/1858 1913/2534/1858 1914/2520/1858
f 1911/2529/1859 1880/2535/1859 1926/2536/1859
f 2106/2537/1860 1925/2526/1860 1940/2538/1860
f 1919/2531/1861 1918/2527/1861 1933/2539/1861 1934/2540/1861
f 1912/2532/1862 1911/2529/1862 1926/2536/1862 1927/2541/1862
f 1920/2533/1863 1919/2531/1863 1934/2540/1863 1935/2542/1863
f 1913/2534/1864 1912/2532/1864 1927/2541/1864 1928/2543/1864
f 1921/2518/1865 1920/2533/1865 1935/2542/1865 1936/2544/1865
f 1914/2520/1866 1913/2534/1866 1928/2543/1866 1929/2545/1866
f 1922/2519/1867 1921/2518/1867 1936/2544/1867 1937/2546/1867
f 1915/2521/1868 1914/2520/1868 1929/2545/1868 1930/2547/1868
f 1923/2522/1869 1922/2519/1869 1937/2546/1869 1938/2548/1869
f 1916/2523/1870 1915/2521/1870 1930/2547/1870 1931/2549/1870
f 1924/2524/1871 1923/2522/1871 1938/2548/1871 1939/2550/1871
f 1917/2525/1872 1916/2523/1872 1931/2549/1872 1932/2551/1872
f 1925/2526/1873 1924/2524/1873 1939/2550/1873 1940/2538/1873
f 1918/2527/1874 1917/2525/1874 1932/2551/1874 1933/2539/1874
f 1930/2547/1875 1929/2545/1875 1944/2552/1875 1945/2553/1875
f 1938/2548/1876 1937/2546/1876 1952/2554/1876 1953/2555/1876
f 1931/2549/1877 1930/2547/1877 1945/2553/1877 1946/2556/1877
f 1939/2550/1878 1938/2548/1878 1953/2555/1878 1954/2557/1878
f 1932/2551/1879 1931/2549/1879 1946/2556/1879 1947/2558/1879
f 1940/2538/1880 1939/2550/1880 1954/2557/1880 1955/2559/1880
f 1933/2539/1881 1932/2551/1881 1947/2558/1881 1948/2560/1881
f 1926/2536/1882 1880/2561/1882 1941/2562/1882
f 2106/2563/1883 1940/2538/1883 1955/2559/1883
f 1934/2540/1884 1933/2539/1884 1948/2560/1884 1949/2564/1884
f 1927/2541/1885 1926/2536/1885 1941/2562/1885 1942/2565/1885
f 1935/2542/1886 1934/2540/1886 1949/2564/1886 1950/2566/1886
f 1928/2543/1887 1927/2541/1887 1942/2565/1887 1943/2567/1887
f 1936/2544/1888 1935/2542/1888 1950/2566/1888 1951/2568/1888
f 1929/2545/1889 1928/2543/1889 1943/2567/1889 1944/2552/1889
f 1937/2546/1890 1936/2544/1890 1951/2568/1890 1952/2554/1890
f 1949/2564/1891 1948/2560/1891 1963/2569/1891 1964/2570/1891
f 1942/2565/1892 1941/2562/1892 1956/2571/1892 1957/2572/1892
f 1950/2566/1893 1949/2564/1893 1964/2570/1893 1965/2573/1893
f 1943/2567/1894 1942/2565/1894 1957/2572/1894 1958/2574/1894
f 1951/2568/1895 1950/2566/1895 1965/2573/1895 1966/2575/1895
f 1944/2552/1896 1943/2567/1896 1958/2574/1896 1959/2576/1896
f 1952/2554/1897 1951/2568/1897 1966/2575/1897 1967/2577/1897
f 1945/2553/1898 1944/2552/1898 1959/2576/1898 1960/2578/1898
f 1953/2555/1899 1952/2554/1899 1967/2577/1899 1968/2579/1899
f 1946/2556/1900 1945/2553/1900 1960/2578/1900 1961/2580/1900
f 1954/2557/1901 1953/2555/1901 1968/2579/1901 1969/2581/1901
f 1947/2558/1902 1946/2556/1902 1961/2580/1902 1962/2582/1902
f 1955/2559/1903 1954/2557/1903 1969/2581/1903 1970/2583/1903
f 1948/2560/1904 1947/2558/1904 1962/2582/1904 1963/2569/1904
f 1941/2562/1905 1880/2584/1905 1956/2571/1905
f 2106/2585/1906 1955/2559/1906 1970/2583/1906
f 1968/2579/1907 1967/2577/1907 1982/2586/1907 1983/2587/1907
f 1961/2580/1908 1960/2578/1908 1975/2588/1908 1976/2589/1908
f 1969/2581/1909 1968/2579/1909 1983/2587/1909 1984/2590/1909
f 1962/2582/1910 1961/2580/1910 1976/2589/1910 1977/2591/1910
f 1970/2583/1911 1969/2581/1911 1984/2590/1911 1985/2592/1911
f 1963/2569/1912 1962/2582/1912 1977/2591/1912 1978/2593/1912
f 1956/2571/1913 1880/2594/1913 1971/2595/1913
f 2106/2596/1914 1970/2583/1914 1985/2592/1914
f 1964/2570/1915 1963/2569/1915 1978/2593/1915 1979/2597/1915
f 1957/2572/1916 1956/2571/1916 1971/2595/1916 1972/2598/1916
f 1965/2573/1917 1964/2570/1917 1979/2597/1917 1980/2599/1917
f 1958/2574/1918 1957/2572/1918 1972/2598/1918 1973/2600/1918
f 1966/2575/1919 1965/2573/1919 1980/2599/1919 1981/2601/1919
f 1959/2576/1920 1958/2574/1920 1973/2600/1920 1974/2602/1920
f 1967/2577/1921 1966/2575/1921 1981/2601/1921 1982/2586/1921
f 1960/2578/1922 1959/2576/1922 1974/2602/1922 1975/2588/1922
f 1972/2598/1923 1971/2595/1923 1986/2603/1923 1987/2604/1923
f 1980/2599/1924 1979/2597/1924 1994/2605/1924 1995/2606/1924
f 1973/2600/1925 1972/2598/1925 1987/2604/1925 1988/2607/1925
f 1981/2601/1926 1980/2599/1926 1995/2606/1926 1996/2608/1926
f 1974/2602/1927 1973/2600/1927 1988/2607/1927 1989/2609/1927
f 1982/2586/1928 1981/2601/1928 1996/2608/1928 1997/2610/1928
f 1975/2588/1929 1974/2602/1929 1989/2609/1929 1990/2611/1929
f 1983/2587/1930 1982/2586/1930 1997/2610/1930 1998/2612/1930
f 1976/2589/1931 1975/2588/1931 1990/2611/1931 1991/2613/1931
f 1984/2590/1932 1983/2587/1932 1998/2612/1932 1999/2614/1932
f 1977/2591/1933 1976/2589/1933 1991/2613/1933 1992/2615/1933
f 1985/2592/1934 1984/2590/1934 1999/2614/1934 2000/2616/1934
f 1978/2593/1935 1977/2591/1935 1992/2615/1935 1993/2617/1935
f 1971/2595/1936 1880/2618/1936 1986/2603/1936
f 2106/2619/1937 1985/2592/1937 2000/2616/1937
f 1979/2597/1938 1978/2593/1938 1993/2617/1938 1994/2605/1938
f 1991/2613/1939 1990/2611/1939 2005/2620/1939 2006/2621/1939
f 1999/2614/1940 1998/2612/1940 2013/2622/1940 2014/2623/1940
f 1992/2615/1941 1991/2613/1941 2006/2621/1941 2007/2624/1941
f 2000/2616/1942 1999/2614/1942 2014/2623/1942 2015/2625/1942
f 1993/2617/1943 1992/2615/1943 2007/2624/1943 2008/2626/1943
f 1986/2603/1944 1880/2627/1944 2001/2628/1944
f 2106/2629/1945 2000/2616/1945 2015/2625/1945
f 1994/2605/1946 1993/2617/1946 2008/2626/1946 2009/2630/1946
f 1987/2604/1947 1986/2603/1947 2001/2628/1947 2002/2631/1947
f 1995/2606/1948 1994/2605/1948 2009/2630/1948 2010/2632/1948
f 1988/2607/1949 1987/2604/1949 2002/2631/1949 2003/2633/1949
f 1996/2608/1950 1995/2606/1950 2010/2632/1950 2011/2634/1950
f 1989/2609/1951 1988/2607/1951 2003/2633/1951 2004/2635/1951
f 1997/2610/1952 1996/2608/1952 2011/2634/1952 2012/2636/1952
f 1990/2611/1953 1989/2609/1953 2004/2635/1953 2005/2620/1953
f 1998/2612/1954 1997/2610/1954 2012/2636/1954 2013/2622/1954
f 2010/2632/1955 2009/2630/1955 2024/2637/1955 2025/2638/1955
f 2003/2633/1956 2002/2631/1956 2017/2639/1956 2018/2640/1956
f 2011/2634/1957 2010/2632/1957 2025/2638/1957 2026/2641/1957
f 2004/2635/1958 2003/2633/1958 2018/2640/1958 2019/2642/1958
f 2012/2636/1959 2011/2634/1959 2026/2641/1959 2027/2643/1959
f 2005/2620/1960 2004/2635/1960 2019/2642/1960 2020/2644/1960
f 2013/2622/1961 2012/2636/1961 2027/2643/1961 2028/2645/1961
f 2006/2621/1962 2005/2620/1962 2020/2644/1962 2021/2646/1962
f 2014/2623/1963 2013/2622/1963 2028/2645/1963 2029/2647/1963
f 2007/2624/1964 2006/2621/1964 2021/2646/1964 2022/2648/1964
f 2015/2625/1965 2014/2623/1965 2029/2647/1965 2030/2649/1965
f 2008/2626/1966 2007/2624/1966 2022/2648/1966 2023/2650/1966
f 2001/2628/1967 1880/2651/1967 2016/2652/1967
f 2106/2653/1968 2015/2625/1968 2030/2649/1968
f 2009/2630/1969 2008/2626/1969 2023/2650/1969 2024/2637/1969
f 2002/2631/1970 2001/2628/1970 2016/2652/1970 2017/2639/1970
f 2029/2647/1971 2028/2645/1971 2043/2654/1971 2044/2655/1971
f 2022/2648/1972 2021/2646/1972 2036/2656/1972 2037/2657/1972
f 2030/2649/1973 2029/2647/1973 2044/2655/1973 2045/2658/1973
f 2023/2650/1974 2022/2648/1974 2037/2657/1974 2038/2659/1974
f 2016/2652/1975 1880/2660/1975 2031/2661/1975
f 2106/2662/1976 2030/2649/1976 2045/2658/1976
f 2024/2637/1977 2023/2650/1977 2038/2659/1977 2039/2663/1977
f 2017/2639/1978 2016/2652/1978 2031/2661/1978 2032/2664/1978
f 2025/2638/1979 2024/2637/1979 2039/2663/1979 2040/2665/1979
f 2018/2640/1980 2017/2639/1980 2032/2664/1980 2033/2666/1980
f 2026/2641/1981 2025/2638/1981 2040/2665/1981 2041/2667/1981
f 2019/2642/1982 2018/2640/1982 2033/2666/1982 2034/2668/1982
f 2027/2643/1983 2026/2641/1983 2041/2667/1983 2042/2669/1983
f 2020/2644/1984 2019/2642/1984 2034/2668/1984 2035/2670/1984
f 2028/2645/1985 2027/2643/1985 2042/2669/1985 2043/2654/1985
f 2021/2646/1986 2020/2644/1986 2035/2670/1986 2036/2656/1986
f 2041/2667/1987 2040/2665/1987 2055/2671/1987 2056/2672/1987
f 2034/2668/1988 2033/2666/1988 2048/2673/1988 2049/2674/1988
f 2042/2669/1989 2041/2667/1989 2056/2672/1989 2057/2675/1989
f 2035/2670/1990 2034/2668/1990 2049/2674/1990 2050/2676/1990
f 2043/2654/1991 2042/2669/1991 2057/2675/1991 2058/2677/1991
f 2036/2656/1992 2035/2670/1992 2050/2676/1992 2051/2678/1992
f 2044/2655/1993 2043/2654/1993 2058/2677/1993 2059/2679/1993
f 2037/2657/1994 2036/2656/1994 2051/2678/1994 2052/2680/1994
f 2045/2658/1995 2044/2655/1995 2059/2679/1995 2060/2681/1995
f 2038/2659/1996 2037/2657/1996 2052/2680/1996 2053/2682/1996
f 2031/2661/1997 1880/2683/1997 2046/2684/1997
f 2106/2685/1998 2045/2658/1998 2060/2681/1998
f 2039/2663/1999 2038/2659/1999 2053/2682/1999 2054/2686/1999
f 2032/2664/2000 2031/2661/2000 2046/2684/2000 2047/2687/2000
f 2040/2665/2001 2039/2663/2001 2054/2686/2001 2055/2671/2001
f 2033/2666/2002 2032/2664/2002 2047/2687/2002 2048/2673/2002
f 2060/2681/2003 2059/2679/2003 2074/2688/2003 2075/2689/2003
f 2053/2682/2004 2052/2680/2004 2067/2690/2004 2068/2691/2004
f 2046/2684/2005 1880/2692/2005 2061/2693/2005
f 2106/2694/2006 2060/2681/2006 2075/2689/2006
f 2054/2686/2007 2053/2682/2007 2068/2691/2007 2069/2695/2007
f 2047/2687/2008 2046/2684/2008 2061/2693/2008 2062/2696/2008
f 2055/2671/2009 2054/2686/2009 2069/2695/2009 2070/2697/2009
f 2048/2673/2010 2047/2687/2010 2062/2696/2010 2063/2698/2010
f 2056/2672/2011 2055/2671/2011 2070/2697/2011 2071/2699/2011
f 2049/2674/2012 2048/2673/2012 2063/2698/2012 2064/2700/2012
f 2057/2675/2013 2056/2672/2013 2071/2699/2013 2072/2701/2013
f 2050/2676/2014 2049/2674/2014 2064/2700/2014 2065/2702/2014
f 2058/2677/2015 2057/2675/2015 2072/2701/2015 2073/2703/2015
f 2051/2678/2016 2050/2676/2016 2065/2702/2016 2066/2704/2016
f 2059/2679/2017 2058/2677/2017 2073/2703/2017 2074/2688/2017
f 2052/2680/2018 2051/2678/2018 2066/2704/2018 2067/2690/2018
f 2064/2700/2019 2063/2698/2019 2078/2705/2019 2079/2706/2019
f 2072/2701/2020 2071/2699/2020 2086/2707/2020 2087/2708/2020
f 2065/2702/2021 2064/2700/2021 2079/2706/2021 2080/2709/2021
f 2073/2703/2022 2072/2701/2022 2087/2708/2022 2088/2710/2022
f 2066/2704/2023 2065/2702/2023 2080/2709/2023 2081/2711/2023
f 2074/2688/2024 2073/2703/2024 2088/2710/2024 2089/2712/2024
f 2067/2690/2025 2066/2704/2025 2081/2711/2025 2082/2713/2025
f 2075/2689/2026 2074/2688/2026 2089/2712/2026 2090/2714/2026
f 2068/2691/2027 2067/2690/2027 2082/2713/2027 2083/2715/2027
f 2061/2693/2028 1880/2716/2028 2076/2717/2028
f 2106/2718/2029 2075/2689/2029 2090/2714/2029
f 2069/2695/2030 2068/2691/2030 2083/2715/2030 2084/2719/2030
f 2062/2696/2031 2061/2693/2031 2076/2717/2031 2077/2720/2031
f 2070/2697/2032 2069/2695/2032 2084/2719/2032 2085/2721/2032
f 2063/2698/2033 2062/2696/2033 2077/2720/2033 2078/2705/2033
f 2071/2699/2034 2070/2697/2034 2085/2721/2034 2086/2707/2034
f 2083/2715/2035 2082/2713/2035 2097/2722/2035 2098/2723/2035
f 2076/2717/2036 1880/2724/2036 2091/2725/2036
f 2106/2726/2037 2090/2714/2037 2105/2727/2037
f 2084/2719/2038 2083/2715/2038 2098/2723/2038 2099/2728/2038
f 2077/2720/2039 2076/2717/2039 2091/2725/2039 2092/2729/2039
f 2085/2721/2040 2084/2719/2040 2099/2728/2040 2100/2730/2040
f 2078/2705/2041 2077/2720/2041 2092/2729/2041 2093/2731/2041
f 2086/2707/2042 2085/2721/2042 2100/2730/2042 2101/2732/2042
f 2079/2706/2043 2078/2705/2043 2093/2731/2043 2094/2733/2043
f 2087/2708/2044 2086/2707/2044 2101/2732/2044 2102/2734/2044
f 2080/2709/2045 2079/2706/2045 2094/2733/2045 2095/2735/2045
f 2088/2710/2046 2087/2708/2046 2102/2734/2046 2103/2736/2046
f 2081/2711/2047 2080/2709/2047 2095/2735/2047 2096/2737/2047
f 2089/2712/2048 2088/2710/2048 2103/2736/2048 2104/2738/2048
f 2082/2713/2049 2081/2711/2049 2096/2737/2049 2097/2722/2049
f 2090/2714/2050 2089/2712/2050 2104/2738/2050 2105/2727/2050
f 2102/2734/2051 2101/2732/2051 2117/2739/2051 2118/2740/2051
f 2095/2735/2052 2094/2733/2052 2110/2741/2052 2111/2742/2052
f 2103/2736/2053 2102/2734/2053 2118/2740/2053 2119/2743/2053
f 2096/2737/2054 2095/2735/2054 2111/2742/2054 2112/2744/2054
f 2104/2738/2055 2103/2736/2055 2119/2743/2055 2120/2745/2055
f 2097/2722/2056 2096/2737/2056 2112/2744/2056 2113/2746/2056
f 2105/2727/2057 2104/2738/2057 2120/2745/2057 2121/2747/2057
f 2098/2723/2058 2097/2722/2058 2113/2746/2058 2114/2748/2058
f 2091/2725/2059 1880/2749/2059 2107/2750/2059
f 2106/2751/2060 2105/2727/2060 2121/2747/2060
f 2099/2728/2061 2098/2723/2061 2114/2748/2061 2115/2752/2061
f 2092/2729/2062 2091/2725/2062 2107/2750/2062 2108/2753/2062
f 2100/2730/2063 2099/2728/2063 2115/2752/2063 2116/2754/2063
f 2093/2731/2064 2092/2729/2064 2108/2753/2064 2109/2755/2064
f 2101/2732/2065 2100/2730/2065 2116/2754/2065 2117/2739/2065
f 2094/2733/2066 2093/2731/2066 2109/2755/2066 2110/2741/2066
f 2107/2750/2067 1880/2756/2067 2122/2757/2067
f 2106/2758/2068 2121/2747/2068 2136/2759/2068
f 2115/2752/2069 2114/2748/2069 2129/2760/2069 2130/2761/2069
f 2108/2753/2070 2107/2750/2070 2122/2757/2070 2123/2762/2070
f 2116/2754/2071 2115/2752/2071 2130/2761/2071 2131/2763/2071
f 2109/2755/2072 2108/2753/2072 2123/2762/2072 2124/2764/2072
f 2117/2739/2073 2116/2754/2073 2131/2763/2073 2132/2765/2073
f 2110/2741/2074 2109/2755/2074 2124/2764/2074 2125/2766/2074
f 2118/2740/2075 2117/2739/2075 2132/2765/2075 2133/2767/2075
f 2111/2742/2076 2110/2741/2076 2125/2766/2076 2126/2768/2076
f 2119/2743/2077 2118/2740/2077 2133/2767/2077 2134/2769/2077
f 2112/2744/2078 2111/2742/2078 2126/2768/2078 2127/2770/2078
f 2120/2745/2079 2119/2743/2079 2134/2769/2079 2135/2771/2079
f 2113/2746/2080 2112/2744/2080 2127/2770/2080 2128/2772/2080
f 2121/2747/2081 2120/2745/2081 2135/2771/2081 2136/2759/2081
f 2114/2748/2082 2113/2746/2082 2128/2772/2082 2129/2760/2082
f 2126/2768/2083 2125/2766/2083 2140/2773/2083 2141/2774/2083
f 2134/2769/2084 2133/2767/2084 2148/2775/2084 2149/2776/2084
f 2127/2770/2085 2126/2768/2085 2141/2774/2085 2142/2777/2085
f 2135/2771/2086 2134/2769/2086 2149/2776/2086 2150/2778/2086
f 2128/2772/2087 2127/2770/2087 2142/2777/2087 2143/2779/2087
f 2136/2759/2088 2135/2771/2088 2150/2778/2088 2151/2780/2088
f 2129/2760/2089 2128/2772/2089 2143/2779/2089 2144/2781/2089
f 2122/2757/2090 1880/2782/2090 2137/2783/2090
f 2106/2784/2091 2136/2759/2091 2151/2780/2091
f 2130/2761/2092 2129/2760/2092 2144/2781/2092 2145/2785/2092
f 2123/2762/2093 2122/2757/2093 2137/2783/2093 2138/2786/2093
f 2131/2763/2094 2130/2761/2094 2145/2785/2094 2146/2787/2094
f 2124/2764/2095 2123/2762/2095 2138/2786/2095 2139/2788/2095
f 2132/2765/2096 2131/2763/2096 2146/2787/2096 2147/2789/2096
f 2125/2766/2097 2124/2764/2097 2139/2788/2097 2140/2773/2097
f 2133/2767/2098 2132/2765/2098 2147/2789/2098 2148/2775/2098
f 2145/2785/2099 2144/2781/2099 2159/2790/2099 2160/2791/2099
f 2138/2786/2100 2137/2783/2100 2152/2792/2100 2153/2793/2100
f 2146/2787/2101 2145/2785/2101 2160/2791/2101 2161/2794/2101
f 2139/2788/2102 2138/2786/2102 2153/2793/2102 2154/2795/2102
f 2147/2789/2103 2146/2787/2103 2161/2794/2103 2162/2796/2103
f 2140/2773/2104 2139/2788/2104 2154/2795/2104 2155/2797/2104
f 2148/2775/2105 2147/2789/2105 2162/2796/2105 2163/2798/2105
f 2141/2774/2106 2140/2773/2106 2155/2797/2106 2156/2799/2106
f 2149/2776/2107 2148/2775/2107 2163/2798/2107 2164/2800/2107
f 2142/2777/2108 2141/2774/2108 2156/2799/2108 2157/2801/2108
f 2150/2778/2109 2149/2776/2109 2164/2800/2109 2165/2802/2109
f 2143/2779/2110 2142/2777/2110 2157/2801/2110 2158/2803/2110
f 2151/2780/2111 2150/2778/2111 2165/2802/2111 2166/2804/2111
f 2144/2781/2112 2143/2779/2112 2158/2803/2112 2159/2790/2112
f 2137/2783/2113 1880/2805/2113 2152/2792/2113
f 2106/2806/2114 2151/2780/2114 2166/2804/2114
f 2164/2807/2115 2163/2808/2115 2178/2809/2115 2179/2810/2115
f 2157/2811/2116 2156/2812/2116 2171/2813/2116 2172/2814/2116
f 2165/2815/2117 2164/2807/2117 2179/2810/2117 2180/2816/2117
f 2158/2817/2118 2157/2811/2118 2172/2814/2118 2173/2818/2118
f 2166/2819/2119 2165/2815/2119 2180/2816/2119 2181/2820/2119
f 2159/2821/2120 2158/2817/2120 2173/2818/2120 2174/2822/2120
f 2152/2823/2121 1880/2824/2121 2167/2825/2121
f 2106/2826/2122 2166/2819/2122 2181/2820/2122
f 2160/2827/2123 2159/2821/2123 2174/2822/2123 2175/2828/2123
f 2153/2829/2124 2152/2823/2124 2167/2825/2124 2168/2830/2124
f 2161/2831/2125 2160/2827/2125 2175/2828/2125 2176/2832/2125
f 2154/2833/2126 2153/2829/2126 2168/2830/2126 2169/2834/2126
f 2162/2835/2127 2161/2831/2127 2176/2832/2127 2177/2836/2127
f 2155/2837/2128 2154/2833/2128 2169/2834/2128 2170/2838/2128
f 2163/2808/2129 2162/2835/2129 2177/2836/2129 2178/2809/2129
f 2156/2812/2130 2155/2837/2130 2170/2838/2130 2171/2813/2130
f 2176/2832/2131 2175/2828/2131 2190/2839/2131 2191/2840/2131
f 2169/2834/2132 2168/2830/2132 2183/2841/2132 2184/2842/2132
f 2177/2836/2133 2176/2832/2133 2191/2840/2133 2192/2843/2133
f 2170/2838/2134 2169/2834/2134 2184/2842/2134 2185/2844/2134
f 2178/2809/2135 2177/2836/2135 2192/2843/2135 2193/2845/2135
f 2171/2813/2136 2170/2838/2136 2185/2844/2136 2186/2846/2136
f 2179/2810/2137 2178/2809/2137 2193/2845/2137 2194/2847/2137
f 2172/2814/2138 2171/2813/2138 2186/2846/2138 2187/2848/2138
f 2180/2816/2139 2179/2810/2139 2194/2847/2139 2195/2849/2139
f 2173/2818/2140 2172/2814/2140 2187/2848/2140 2188/2850/2140
f 2181/2820/2141 2180/2816/2141 2195/2849/2141 2196/2851/2141
f 2174/2822/2142 2173/2818/2142 2188/2850/2142 2189/2852/2142
f 2167/2825/2143 1880/2853/2143 2182/2854/2143
f 2106/2855/2144 2181/2820/2144 2196/2851/2144
f 2175/2828/2145 2174/2822/2145 2189/2852/2145 2190/2839/2145
f 2168/2830/2146 2167/2825/2146 2182/2854/2146 2183/2841/2146
f 2195/2849/2147 2194/2847/2147 2209/2856/2147 2210/2857/2147
f 2188/2850/2148 2187/2848/2148 2202/2858/2148 2203/2859/2148
f 2196/2851/2149 2195/2849/2149 2210/2857/2149 2211/2860/2149
f 2189/2852/2150 2188/2850/2150 2203/2859/2150 2204/2861/2150
f 2182/2854/2151 1880/2862/2151 2197/2863/2151
f 2106/2864/2152 2196/2851/2152 2211/2860/2152
f 2190/2839/2153 2189/2852/2153 2204/2861/2153 2205/2865/2153
f 2183/2841/2154 2182/2854/2154 2197/2863/2154 2198/2866/2154
f 2191/2840/2155 2190/2839/2155 2205/2865/2155 2206/2867/2155
f 2184/2842/2156 2183/2841/2156 2198/2866/2156 2199/2868/2156
f 2192/2843/2157 2191/2840/2157 2206/2867/2157 2207/2869/2157
f 2185/2844/2158 2184/2842/2158 2199/2868/2158 2200/2870/2158
f 2193/2845/2159 2192/2843/2159 2207/2869/2159 2208/2871/2159
f 2186/2846/2160 2185/2844/2160 2200/2870/2160 2201/2872/2160
f 2194/2847/2161 2193/2845/2161 2208/2871/2161 2209/2856/2161
f 2187/2848/2162 2186/2846/2162 2201/2872/2162 2202/2858/2162
f 2199/2868/2163 2198/2866/2163 2213/2873/2163 2214/2874/2163
f 2207/2869/2164 2206/2867/2164 2221/2875/2164 2222/2876/2164
f 2200/2870/2165 2199/2868/2165 2214/2874/2165 2215/2877/2165
f 2208/2871/2166 2207/2869/2166 2222/2876/2166 2223/2878/2166
f 2201/2872/2167 2200/2870/2167 2215/2877/2167 2216/2879/2167
f 2209/2856/2168 2208/2871/2168 2223/2878/2168 2224/2880/2168
f 2202/2858/2169 2201/2872/2169 2216/2879/2169 2217/2881/2169
f 2210/2857/2170 2209/2856/2170 2224/2880/2170 2225/2882/2170
f 2203/2859/2171 2202/2858/2171 2217/2881/2171 2218/2883/2171
f 2211/2860/2172 2210/2857/2172 2225/2882/2172 2226/2884/2172
f 2204/2861/2173 2203/2859/2173 2218/2883/2173 2219/2885/2173
f 2197/2863/2174 1880/2886/2174 2212/2887/2174
f 2106/2888/2175 2211/2860/2175 2226/2884/2175
f 2205/2865/2176 2204/2861/2176 2219/2885/2176 2220/2889/2176
f 2198/2866/2177 2197/2863/2177 2212/2887/2177 2213/2873/2177
f 2206/2867/2178 2205/2865/2178 2220/2889/2178 2221/2875/2178
f 2218/2883/2179 2217/2881/2179 2232/2890/2179 2233/2891/2179
f 2226/2884/2180 2225/2882/2180 2240/2892/2180 2241/2893/2180
f 2219/2885/2181 2218/2883/2181 2233/2891/2181 2234/2894/2181
f 2212/2887/2182 1880/2895/2182 2227/2896/2182
f 2106/2897/2183 2226/2884/2183 2241/2893/2183
f 2220/2889/2184 2219/2885/2184 2234/2894/2184 2235/2898/2184
f 2213/2873/2185 2212/2887/2185 2227/2896/2185 2228/2899/2185
f 2221/2875/2186 2220/2889/2186 2235/2898/2186 2236/2900/2186
f 2214/2874/2187 2213/2873/2187 2228/2899/2187 2229/2901/2187
f 2222/2876/2188 2221/2875/2188 2236/2900/2188 2237/2902/2188
f 2215/2877/2189 2214/2874/2189 2229/2901/2189 2230/2903/2189
f 2223/2878/2190 2222/2876/2190 2237/2902/2190 2238/2904/2190
f 2216/2879/2191 2215/2877/2191 2230/2903/2191 2231/2905/2191
f 2224/2880/2192 2223/2878/2192 2238/2904/2192 2239/2906/2192
f 2217/2881/2193 2216/2879/2193 2231/2905/2193 2232/2890/2193
f 2225/2882/2194 2224/2880/2194 2239/2906/2194 2240/2892/2194
f 2237/2902/2195 2236/2900/2195 2251/2907/2195 2252/2908/2195
f 2230/2903/2196 2229/2901/2196 2244/2909/2196 2245/2910/2196
f 2238/2904/2197 2237/2902/2197 2252/2908/2197 2253/2911/2197
f 2231/2905/2198 2230/2903/2198 2245/2910/2198 2246/2912/2198
f 2239/2906/2199 2238/2904/2199 2253/2911/2199 2254/2913/2199
f 2232/2890/2200 2231/2905/2200 2246/2912/2200 2247/2914/2200
f 2240/2892/2201 2239/2906/2201 2254/2913/2201 2255/2915/2201
f 2233/2891/2202 2232/2890/2202 2247/2914/2202 2248/2916/2202
f 2241/2893/2203 2240/2892/2203 2255/2915/2203 2256/2917/2203
f 2234/2894/2204 2233/2891/2204 2248/2916/2204 2249/2918/2204
f 2227/2896/2205 1880/2919/2205 2242/2920/2205
f 2106/2921/2206 2241/2893/2206 2256/2917/2206
f 2235/2898/2207 2234/2894/2207 2249/2918/2207 2250/2922/2207
f 2228/2899/2208 2227/2896/2208 2242/2920/2208 2243/2923/2208
f 2236/2900/2209 2235/2898/2209 2250/2922/2209 2251/2907/2209
f 2229/2901/2210 2228/2899/2210 2243/2923/2210 2244/2909/2210
f 2256/2917/2211 2255/2915/2211 2270/2924/2211 2271/2925/2211
f 2249/2918/2212 2248/2916/2212 2263/2926/2212 2264/2927/2212
f 2242/2920/2213 1880/2928/2213 2257/2929/2213
f 2106/2930/2214 2256/2917/2214 2271/2925/2214
f 2250/2922/2215 2249/2918/2215 2264/2927/2215 2265/2931/2215
f 2243/2923/2216 2242/2920/2216 2257/2929/2216 2258/2932/2216
f 2251/2907/2217 2250/2922/2217 2265/2931/2217 2266/2933/2217
f 2244/2909/2218 2243/2923/2218 2258/2932/2218 2259/2934/2218
f 2252/2908/2219 2251/2907/2219 2266/2933/2219 2267/2935/2219
f 2245/2910/2220 2244/2909/2220 2259/2934/2220 2260/2936/2220
f 2253/2911/2221 2252/2908/2221 2267/2935/2221 2268/2937/2221
f 2246/2912/2222 2245/2910/2222 2260/2936/2222 2261/2938/2222
f 2254/2913/2223 2253/2911/2223 2268/2937/2223 2269/2939/2223
f 2247/2914/2224 2246/2912/2224 2261/2938/2224 2262/2940/2224
f 2255/2915/2225 2254/2913/2225 2269/2939/2225 2270/2924/2225
f 2248/2916/2226 2247/2914/2226 2262/2940/2226 2263/2926/2226
f 2260/2936/2227 2259/2934/2227 1799/2389/2227 2274/2388/2227
f 2268/2937/2228 2267/2935/2228 1804/2384/2228 2277/2392/2228
f 2261/2938/2229 2260/2936/2229 2274/2388/2229 1800/2394/2229
f 2269/2939/2230 2268/2937/2230 2277/2392/2230 2278/2396/2230
f 2262/2940/2231 2261/2938/2231 1800/2394/2231 2275/2398/2231
f 2270/2924/2232 2269/2939/2232 2278/2396/2232 2279/2400/2232
f 2263/2926/2233 2262/2940/2233 2275/2398/2233 1801/2402/2233
f 2271/2925/2234 2270/2924/2234 2279/2400/2234 2280/2404/2234
f 2264/2927/2235 2263/2926/2235 1801/2402/2235 1802/2406/2235
f 2257/2929/2236 1880/2941/2236 2272/2408/2236
f 2106/2942/2237 2271/2925/2237 2280/2404/2237
f 2265/2931/2238 2264/2927/2238 1802/2406/2238 1803/2412/2238
f 2258/2932/2239 2257/2929/2239 2272/2408/2239 2273/2414/2239
f 2266/2933/2240 2265/2931/2240 1803/2412/2240 2276/2385/2240
f 2259/2934/2241 2258/2932/2241 2273/2414/2241 1799/2389/2241
f 2267/2935/2242 2266/2933/2242 2276/2385/2242 1804/2384/2242
o Cylinder.005
v 0.600000 1.054800 0.600000
v 0.600000 1.254800 0.600000
v 0.598079 1.054800 0.619509
v 0.598079 1.254800 0.619509
v 0.592388 1.054800 0.638268
v 0.592388 1.254800 0.638268
v 0.583147 1.054800 0.655557
v 0.583147 1.254800 0.655557
v 0.570711 1.054800 0.670711
v 0.570711 1.254800 0.670711
v 0.555557 1.054800 0.683147
v 0.555557 1.254800 0.683147
v 0.538268 1.054800 0.692388
v 0.538268 1.254800 0.692388
v 0.519509 1.054800 0.698079
v 0.519509 1.254800 0.698079
v 0.500000 1.054800 0.700000
v 0.500000 1.254800 0.700000
v 0.480491 1.054800 0.698079
v 0.480491 1.254800 0.698079
v 0.461732 1.054800 0.692388
v 0.461732 1.254800 0.692388
v 0.444443 1.054800 0.683147
v 0.444443 1.254800 0.683147
v 0.429289 1.054800 0.670711
v 0.429289 1.254800 0.670711
v 0.416853 1.054800 0.655557
v 0.416853 1.254800 0.655557
v 0.407612 1.054800 0.638268
v 0.407612 1.254800 0.638268
v 0.401921 1.054800 0.619509
v 0.401921 1.254800 0.619509
v 0.400000 1.054800 0.600000
v 0.400000 1.254800 0.600000
v 0.401921 1.054800 0.580491
v 0.401921 1.254800 0.580491
v 0.407612 1.054800 0.561732
v 0.407612 1.254800 0.561732
v 0.416853 1.054800 0.544443
v 0.416853 1.254800 0.544443
v 0.429289 1.054800 0.529289
v 0.429289 1.254800 0.529289
v 0.444443 1.054800 0.516853
v 0.444443 1.254800 0.516853
v 0.461732 1.054800 0.507612
v 0.461732 1.254800 0.507612
v 0.480491 1.054800 0.501921
v 0.480491 1.254800 0.501921
v 0.500000 1.054800 0.500000
v 0.500000 1.254800 0.500000
v 0.519509 1.054800 0.501921
v 0.519509 1.254800 0.501921
v 0.538268 1.054800 0.507612
v 0.538268 1.254800 0.507612
v 0.555557 1.054800 0.516853
v 0.555557 1.254800 0.516853
v 0.570711 1.054800 0.529289
v 0.570711 1.254800 0.529289
v 0.583147 1.054800 0.544443
v 0.583147 1.254800 0.544443
v 0.592388 1.054800 0.561732
v 0.592388 1.254800 0.561732
v 0.598079 1.054800 0.580491
v 0.598079 1.254800 0.580491
vn 0.9952 -0.0000 0.0980
vn 0.9569 -0.0000 0.2903
vn 0.8819 -0.0000 0.4714
vn 0.7730 -0.0000 0.6344
vn 0.6344 -0.0000 0.7730
vn 0.4714 -0.0000 0.8819
vn 0.2903 -0.0000 0.9569
vn 0.0980 -0.0000 0.9952
vn -0.0980 -0.0000 0.9952
vn -0.2903 -0.0000 0.9569
vn -0.4714 -0.0000 0.8819
vn -0.6344 -0.0000 0.7730
vn -0.7730 -0.0000 0.6344
vn -0.8819 -0.0000 0.4714
vn -0.9569 -0.0000 0.2903
vn -0.9952 -0.0000 0.0980
vn -0.9952 -0.0000 -0.0980
vn -0.9569 -0.0000 -0.2903
vn -0.8819 -0.0000 -0.4714
vn -0.7730 -0.0000 -0.6344
vn -0.6344 -0.0000 -0.7730
vn -0.4714 -0.0000 -0.8819
vn -0.2903 -0.0000 -0.9569
vn -0.0980 -0.0000 -0.9952
vn 0.0980 -0.0000 -0.9952
vn 0.2903 -0.0000 -0.9569
vn 0.4714 -0.0000 -0.8819
vn 0.6344 -0.0000 -0.7730
vn 0.7730 -0.0000 -0.6344
vn 0.8819 -0.0000 -0.4714
vn -0.0000 1.0000 -0.0000
vn 0.9569 -0.0000 -0.2903
vn 0.9952 -0.0000 -0.0980
vn -0.0000 -1.0000 -0.0000
vt 1.000000 0.500000
vt 1.000000 1.000000
vt 0.968750 1.000000
vt 0.968750 0.500000
vt 0.937500 1.000000
vt 0.937500 0.500000
vt 0.906250 1.000000
vt 0.906250 0.500000
vt 0.875000 1.000000
vt 0.875000 0.500000
vt 0.843750 1.000000
vt 0.843750 0.500000
vt 0.812500 1.000000
vt 0.812500 0.500000
vt 0.781250 1.000000
vt 0.781250 0.500000
vt 0.750000 1.000000
vt 0.750000 0.500000
vt 0.718750 1.000000
vt 0.718750 0.500000
vt 0.687500 1.000000
vt 0.687500 0.500000
vt 0.656250 1.000000
vt 0.656250 0.500000
vt 0.625000 1.000000
vt 0.625000 0.500000
vt 0.593750 1.000000
vt 0.593750 0.500000
vt 0.562500 1.000000
vt 0.562500 0.500000
vt 0.531250 1.000000
vt 0.531250 0.500000
vt 0.500000 1.000000
vt 0.500000 0.500000
vt 0.468750 1.000000
vt 0.468750 0.500000
vt 0.437500 1.000000
vt 0.437500 0.500000
vt 0.406250 1.000000
vt 0.406250 0.500000
vt 0.375000 1.000000
vt 0.375000 0.500000
vt 0.343750 1.000000
vt 0.343750 0.500000
vt 0.312500 1.000000
vt 0.312500 0.500000
vt 0.281250 1.000000
vt 0.281250 0.500000
vt 0.250000 1.000000
vt 0.250000 0.500000
vt 0.218750 1.000000
vt 0.218750 0.500000
vt 0.187500 1.000000
vt 0.187500 0.500000
vt 0.156250 1.000000
vt 0.156250 0.500000
vt 0.125000 1.000000
vt 0.125000 0.500000
vt 0.093750 1.000000
vt 0.093750 0.500000
vt 0.062500 1.000000
vt 0.062500 0.500000
vt 0.296822 0.485388
vt 0.250000 0.490000
vt 0.203178 0.485388
vt 0.158156 0.471731
vt 0.116663 0.449553
vt 0.080294 0.419706
vt 0.050447 0.383337
vt 0.028269 0.341844
vt 0.014612 0.296822
vt 0.010000 0.250000
vt 0.014612 0.203178
vt 0.028269 0.158156
vt 0.050447 0.116663
vt 0.080294 0.080294
vt 0.116663 0.050447
vt 0.158156 0.028269
vt 0.203178 0.014612
vt 0.250000 0.010000
vt 0.296822 0.014612
vt 0.341844 0.028269
vt 0.383337 0.050447
vt 0.419706 0.080294
vt 0.449553 0.116663
vt 0.471731 0.158156
vt 0.485388 0.203178
vt 0.490000 0.250000
vt 0.485388 0.296822
vt 0.471731 0.341844
vt 0.449553 0.383337
vt 0.419706 0.419706
vt 0.383337 0.449553
vt 0.341844 0.471731
vt 0.031250 1.000000
vt 0.031250 0.500000
vt 0.000000 1.000000
vt 0.000000 0.500000
vt 0.750000 0.490000
vt 0.796822 0.485388
vt 0.841844 0.471731
vt 0.883337 0.449553
vt 0.919706 0.419706
vt 0.949553 0.383337
vt 0.971731 0.341844
vt 0.985388 0.296822
vt 0.990000 0.250000
vt 0.985388 0.203178
vt 0.971731 0.158156
vt 0.949553 0.116663
vt 0.919706 0.080294
vt 0.883337 0.050447
vt 0.841844 0.028269
vt 0.796822 0.014612
vt 0.750000 0.010000
vt 0.703178 0.014612
vt 0.658156 0.028269
vt 0.616663 0.050447
vt 0.580294 0.080294
vt 0.550447 0.116663
vt 0.528269 0.158156
vt 0.514612 0.203178
vt 0.510000 0.250000
vt 0.514612 0.296822
vt 0.528269 0.341844
vt 0.550447 0.383337
vt 0.580294 0.419706
vt 0.616663 0.449553
vt 0.658156 0.471731
vt 0.703178 0.485388
s 0
usemtl base
f 2281/2943/2243 2282/2944/2243 2284/2945/2243 2283/2946/2243
f 2283/2946/2244 2284/2945/2244 2286/2947/2244 2285/2948/2244
f 2285/2948/2245 2286/2947/2245 2288/2949/2245 2287/2950/2245
f 2287/2950/2246 2288/2949/2246 2290/2951/2246 2289/2952/2246
f 2289/2952/2247 2290/2951/2247 2292/2953/2247 2291/2954/2247
f 2291/2954/2248 2292/2953/2248 2294/2955/2248 2293/2956/2248
f 2293/2956/2249 2294/2955/2249 2296/2957/2249 2295/2958/2249
f 2295/2958/2250 2296/2957/2250 2298/2959/2250 2297/2960/2250
f 2297/2960/2251 2298/2959/2251 2300/2961/2251 2299/2962/2251
f 2299/2962/2252 2300/2961/2252 2302/2963/2252 2301/2964/2252
f 2301/2964/2253 2302/2963/2253 2304/2965/2253 2303/2966/2253
f 2303/2966/2254 2304/2965/2254 2306/2967/2254 2305/2968/2254
f 2305/2968/2255 2306/2967/2255 2308/2969/2255 2307/2970/2255
f 2307/2970/2256 2308/2969/2256 2310/2971/2256 2309/2972/2256
f 2309/2972/2257 2310/2971/2257 2312/2973/2257 2311/2974/2257
f 2311/2974/2258 2312/2973/2258 2314/2975/2258 2313/2976/2258
f 2313/2976/2259 2314/2975/2259 2316/2977/2259 2315/2978/2259
f 2315/2978/2260 2316/2977/2260 2318/2979/2260 2317/2980/2260
f 2317/2980/2261 2318/2979/2261 2320/2981/2261 2319/2982/2261
f 2319/2982/2262 2320/2981/2262 2322/2983/2262 2321/2984/2262
f 2321/2984/2263 2322/2983/2263 2324/2985/2263 2323/2986/2263
f 2323/2986/2264 2324/2985/2264 2326/2987/2264 2325/2988/2264
f 2325/2988/2265 2326/2987/2265 2328/2989/2265 2327/2990/2265
f 2327/2990/2266 2328/2989/2266 2330/2991/2266 2329/2992/2266
f 2329/2992/2267 2330/2991/2267 2332/2993/2267 2331/2994/2267
f 2331/2994/2268 2332/2993/2268 2334/2995/2268 2333/2996/2268
f 2333/2996/2269 2334/2995/2269 2336/2997/2269 2335/2998/2269
f 2335/2998/2270 2336/2997/2270 2338/2999/2270 2337/3000/2270
f 2337/3000/2271 2338/2999/2271 2340/3001/2271 2339/3002/2271
f 2339/3002/2272 2340/3001/2272 2342/3003/2272 2341/3004/2272
f 2284/3005/2273 2282/3006/2273 2344/3007/2273 2342/3008/2273 2340/3009/2273 2338/3010/2273 2336/3011/2273 2334/3012/2273 2332/3013/2273 2330/3014/2273 2328/3015/2273 2326/3016/2273 2324/3017/2273 2322/3018/2273 2320/3019/2273 2318/3020/2273 2316/3021/2273 2314/3022/2273 2312/3023/2273 2310/3024/2273 2308/3025/2273 2306/3026/2273 2304/3027/2273 2302/3028/2273 2300/3029/2273 2298/3030/2273 2296/3031/2273 2294/3032/2273 2292/3033/2273 2290/3034/2273 2288/3035/2273 2286/3036/2273
f 2341/3004/2274 2342/3003/2274 2344/3037/2274 2343/3038/2274
f 2343/3038/2275 2344/3037/2275 2282/3039/2275 2281/3040/2275
f 2281/3041/2276 2283/3042/2276 2285/3043/2276 2287/3044/2276 2289/3045/2276 2291/3046/2276 2293/3047/2276 2295/3048/2276 2297/3049/2276 2299/3050/2276 2301/3051/2276 2303/3052/2276 2305/3053/2276 2307/3054/2276 2309/3055/2276 2311/3056/2276 2313/3057/2276 2315/3058/2276 2317/3059/2276 2319/3060/2276 2321/3061/2276 2323/3062/2276 2325/3063/2276 2327/3064/2276 2329/3065/2276 2331/3066/2276 2333/3067/2276 2335/3068/2276 2337/3069/2276 2339/3070/2276 2341/3071/2276 2343/3072/2276
o Sphere.004
v 0.583336 1.193186 3.603908
v 0.624720 1.151801 3.603908
v 0.647118 1.097729 3.603908
v 0.650000 1.068466 3.603908
v 0.647118 1.039202 3.603908
v 0.624720 0.985130 3.603908
v 0.528701 1.215584 3.609617
v 0.556300 1.207048 3.615106
v 0.581734 1.193186 3.620166
v 0.604028 1.174532 3.624600
v 0.622324 1.151801 3.628239
v 0.635919 1.125868 3.630944
v 0.644291 1.097729 3.632609
v 0.647118 1.068466 3.633171
v 0.644291 1.039202 3.632609
v 0.635919 1.011063 3.630944
v 0.622324 0.985130 3.628239
v 0.604028 0.962400 3.624600
v 0.581734 0.943745 3.620166
v 0.556300 0.929884 3.615106
v 0.528701 0.921348 3.609617
v 0.527036 1.215584 3.615106
v 0.553033 1.207048 3.625875
v 0.576992 1.193186 3.635799
v 0.597992 1.174532 3.644497
v 0.615227 1.151801 3.651636
v 0.628033 1.125868 3.656941
v 0.635919 1.097729 3.660207
v 0.638582 1.068466 3.661310
v 0.635919 1.039202 3.660207
v 0.628033 1.011063 3.656941
v 0.615227 0.985130 3.651636
v 0.597992 0.962400 3.644497
v 0.576992 0.943745 3.635799
v 0.553033 0.929884 3.625875
v 0.527036 0.921348 3.615106
v 0.524332 1.215584 3.620166
v 0.547728 1.207048 3.635799
v 0.569291 1.193186 3.650206
v 0.588191 1.174532 3.662835
v 0.603701 1.151801 3.673198
v 0.615227 1.125868 3.680900
v 0.622324 1.097729 3.685642
v 0.624720 1.068466 3.687243
v 0.622324 1.039202 3.685642
v 0.615227 1.011063 3.680900
v 0.603701 0.985130 3.673198
v 0.588191 0.962400 3.662835
v 0.569291 0.943745 3.650206
v 0.547728 0.929884 3.635799
v 0.524332 0.921348 3.620166
v 0.520692 1.215584 3.624600
v 0.540590 1.207048 3.644497
v 0.558927 1.193186 3.662835
v 0.575000 1.174532 3.678908
v 0.588191 1.151801 3.692098
v 0.597992 1.125868 3.701900
v 0.604028 1.097729 3.707936
v 0.606066 1.068466 3.709974
v 0.604028 1.039202 3.707936
v 0.597992 1.011063 3.701900
v 0.588191 0.985130 3.692098
v 0.575000 0.962400 3.678908
v 0.558927 0.943745 3.662835
v 0.540590 0.929884 3.644497
v 0.520692 0.921348 3.624600
v 0.516258 1.215584 3.628239
v 0.531891 1.207048 3.651636
v 0.546299 1.193186 3.673198
v 0.558927 1.174532 3.692098
v 0.569291 1.151801 3.707609
v 0.576992 1.125868 3.719134
v 0.581734 1.097729 3.726232
v 0.583336 1.068466 3.728628
v 0.581734 1.039202 3.726232
v 0.576992 1.011063 3.719134
v 0.569291 0.985130 3.707609
v 0.558927 0.962400 3.692098
v 0.546299 0.943745 3.673198
v 0.531891 0.929884 3.651636
v 0.516258 0.921348 3.628239
v 0.500000 1.218466 3.603908
v 0.511199 1.215584 3.630944
v 0.521967 1.207048 3.656941
v 0.531891 1.193186 3.680900
v 0.540590 1.174532 3.701900
v 0.547728 1.151801 3.719134
v 0.553033 1.125868 3.731941
v 0.556300 1.097729 3.739827
v 0.557402 1.068466 3.742490
v 0.556300 1.039202 3.739827
v 0.553033 1.011063 3.731941
v 0.547728 0.985130 3.719134
v 0.540590 0.962400 3.701900
v 0.531891 0.943745 3.680900
v 0.521967 0.929884 3.656941
v 0.511199 0.921348 3.630944
v 0.505709 1.215584 3.632609
v 0.511199 1.207048 3.660207
v 0.516258 1.193186 3.685642
v 0.520692 1.174532 3.707936
v 0.524332 1.151801 3.726232
v 0.527036 1.125868 3.739827
v 0.528701 1.097729 3.748199
v 0.529263 1.068466 3.751025
v 0.528701 1.039202 3.748199
v 0.527036 1.011063 3.739827
v 0.524332 0.985130 3.726232
v 0.520692 0.962400 3.707936
v 0.516258 0.943745 3.685642
v 0.511199 0.929884 3.660207
v 0.505709 0.921348 3.632609
v 0.500000 1.215584 3.633171
v 0.500000 1.207048 3.661310
v 0.500000 1.193186 3.687243
v 0.500000 1.174532 3.709974
v 0.500000 1.151801 3.728628
v 0.500000 1.125868 3.742490
v 0.500000 1.097729 3.751025
v 0.500000 1.068466 3.753907
v 0.500000 1.039202 3.751025
v 0.500000 1.011063 3.742490
v 0.500000 0.985130 3.728628
v 0.500000 0.962400 3.709974
v 0.500000 0.943745 3.687243
v 0.500000 0.929884 3.661310
v 0.500000 0.921348 3.633171
v 0.494291 1.215584 3.632609
v 0.488801 1.207048 3.660207
v 0.483742 1.193186 3.685642
v 0.479308 1.174532 3.707936
v 0.475668 1.151801 3.726232
v 0.472964 1.125868 3.739827
v 0.471299 1.097729 3.748199
v 0.470736 1.068466 3.751025
v 0.471299 1.039202 3.748199
v 0.472964 1.011063 3.739827
v 0.475668 0.985130 3.726232
v 0.479308 0.962400 3.707936
v 0.483742 0.943745 3.685642
v 0.488801 0.929884 3.660207
v 0.494291 0.921348 3.632609
v 0.488801 1.215584 3.630944
v 0.478033 1.207048 3.656941
v 0.468109 1.193186 3.680900
v 0.459410 1.174532 3.701900
v 0.452272 1.151801 3.719134
v 0.446967 1.125868 3.731941
v 0.443700 1.097729 3.739827
v 0.442597 1.068466 3.742489
v 0.443700 1.039202 3.739827
v 0.446967 1.011063 3.731941
v 0.452272 0.985130 3.719134
v 0.459410 0.962400 3.701900
v 0.468109 0.943745 3.680900
v 0.478033 0.929884 3.656941
v 0.488801 0.921348 3.630944
v 0.483742 1.215584 3.628239
v 0.468109 1.207048 3.651636
v 0.453701 1.193186 3.673198
v 0.441073 1.174532 3.692098
v 0.430709 1.151801 3.707609
v 0.423008 1.125868 3.719134
v 0.418266 1.097729 3.726232
v 0.416664 1.068466 3.728628
v 0.418266 1.039202 3.726232
v 0.423008 1.011063 3.719134
v 0.430709 0.985130 3.707609
v 0.441073 0.962400 3.692098
v 0.453701 0.943745 3.673198
v 0.468109 0.929884 3.651636
v 0.483742 0.921348 3.628239
v 0.479308 1.215584 3.624600
v 0.459410 1.207048 3.644497
v 0.441073 1.193186 3.662835
v 0.425000 1.174532 3.678908
v 0.411809 1.151801 3.692098
v 0.402008 1.125868 3.701900
v 0.395972 1.097729 3.707936
v 0.393934 1.068466 3.709974
v 0.395972 1.039202 3.707936
v 0.402008 1.011063 3.701900
v 0.411809 0.985130 3.692098
v 0.425000 0.962400 3.678908
v 0.441073 0.943745 3.662835
v 0.459410 0.929884 3.644497
v 0.479308 0.921348 3.624600
v 0.475668 1.215584 3.620166
v 0.452272 1.207048 3.635799
v 0.430709 1.193186 3.650206
v 0.411809 1.174532 3.662835
v 0.396299 1.151801 3.673198
v 0.384773 1.125868 3.680900
v 0.377676 1.097729 3.685642
v 0.375280 1.068466 3.687243
v 0.377676 1.039202 3.685642
v 0.384773 1.011063 3.680900
v 0.396299 0.985130 3.673198
v 0.411809 0.962400 3.662835
v 0.430709 0.943745 3.650206
v 0.452272 0.929884 3.635799
v 0.475668 0.921348 3.620166
v 0.472964 1.215584 3.615106
v 0.446967 1.207048 3.625875
v 0.423008 1.193186 3.635799
v 0.402008 1.174532 3.644497
v 0.384773 1.151801 3.651636
v 0.371967 1.125868 3.656941
v 0.364081 1.097729 3.660207
v 0.361418 1.068466 3.661310
v 0.364081 1.039202 3.660207
v 0.371967 1.011063 3.656941
v 0.384773 0.985130 3.651636
v 0.402008 0.962400 3.644497
v 0.423008 0.943745 3.635799
v 0.446967 0.929884 3.625875
v 0.472964 0.921348 3.615106
v 0.471299 1.215584 3.609617
v 0.443700 1.207048 3.615106
v 0.418266 1.193186 3.620166
v 0.395972 1.174532 3.624600
v 0.377676 1.151801 3.628239
v 0.364081 1.125868 3.630944
v 0.355709 1.097729 3.632609
v 0.352882 1.068466 3.633171
v 0.355709 1.039202 3.632609
v 0.364081 1.011063 3.630944
v 0.377676 0.985130 3.628239
v 0.395972 0.962400 3.624600
v 0.418266 0.943745 3.620166
v 0.443700 0.929884 3.615106
v 0.471299 0.921348 3.609617
v 0.470736 1.215584 3.603908
v 0.442598 1.207048 3.603908
v 0.416665 1.193186 3.603908
v 0.393934 1.174532 3.603908
v 0.375280 1.151801 3.603908
v 0.361418 1.125868 3.603908
v 0.352882 1.097729 3.603908
v 0.350000 1.068466 3.603908
v 0.352882 1.039202 3.603908
v 0.361418 1.011063 3.603908
v 0.375280 0.985130 3.603908
v 0.393934 0.962400 3.603908
v 0.416665 0.943745 3.603908
v 0.442598 0.929884 3.603908
v 0.470736 0.921348 3.603908
v 0.471299 1.215584 3.598199
v 0.443700 1.207048 3.592709
v 0.418266 1.193186 3.587650
v 0.395972 1.174532 3.583215
v 0.377676 1.151801 3.579576
v 0.364081 1.125868 3.576872
v 0.355709 1.097729 3.575206
v 0.352882 1.068466 3.574644
v 0.355709 1.039202 3.575206
v 0.364081 1.011063 3.576872
v 0.377676 0.985130 3.579576
v 0.395972 0.962400 3.583215
v 0.418266 0.943745 3.587650
v 0.443700 0.929884 3.592709
v 0.471299 0.921348 3.598199
v 0.472964 1.215584 3.592709
v 0.446967 1.207048 3.581941
v 0.423008 1.193186 3.572016
v 0.402008 1.174532 3.563318
v 0.384773 1.151801 3.556179
v 0.371967 1.125868 3.550875
v 0.364081 1.097729 3.547608
v 0.361418 1.068466 3.546505
v 0.364081 1.039202 3.547608
v 0.371967 1.011063 3.550875
v 0.384773 0.985130 3.556179
v 0.402008 0.962400 3.563318
v 0.423008 0.943745 3.572016
v 0.446967 0.929884 3.581941
v 0.472964 0.921348 3.592709
v 0.475668 1.215584 3.587650
v 0.452272 1.207048 3.572016
v 0.430709 1.193186 3.557609
v 0.411809 1.174532 3.544981
v 0.396299 1.151801 3.534617
v 0.384773 1.125868 3.526916
v 0.377676 1.097729 3.522173
v 0.375280 1.068466 3.520572
v 0.377676 1.039202 3.522173
v 0.384773 1.011063 3.526916
v 0.396299 0.985130 3.534617
v 0.411809 0.962400 3.544981
v 0.430709 0.943745 3.557609
v 0.452272 0.929884 3.572016
v 0.475668 0.921348 3.587650
v 0.479308 1.215584 3.583215
v 0.459410 1.207048 3.563318
v 0.441073 1.193186 3.544981
v 0.425000 1.174532 3.528908
v 0.411809 1.151801 3.515717
v 0.402008 1.125868 3.505915
v 0.395972 1.097729 3.499880
v 0.393934 1.068466 3.497842
v 0.395972 1.039202 3.499880
v 0.402008 1.011063 3.505915
v 0.411809 0.985130 3.515717
v 0.425000 0.962400 3.528908
v 0.441073 0.943745 3.544981
v 0.459410 0.929884 3.563318
v 0.479308 0.921348 3.583215
v 0.500000 0.918466 3.603908
v 0.483742 1.215584 3.579576
v 0.468109 1.207048 3.556179
v 0.453701 1.193186 3.534617
v 0.441073 1.174532 3.515717
v 0.430709 1.151801 3.500206
v 0.423008 1.125868 3.488681
v 0.418266 1.097729 3.481584
v 0.416665 1.068466 3.479187
v 0.418266 1.039202 3.481584
v 0.423008 1.011063 3.488681
v 0.430709 0.985130 3.500206
v 0.441073 0.962400 3.515717
v 0.453701 0.943745 3.534617
v 0.468109 0.929884 3.556179
v 0.483742 0.921348 3.579576
v 0.488801 1.215584 3.576872
v 0.478033 1.207048 3.550875
v 0.468109 1.193186 3.526916
v 0.459410 1.174532 3.505915
v 0.452272 1.151801 3.488681
v 0.446967 1.125868 3.475875
v 0.443701 1.097729 3.467988
v 0.442598 1.068466 3.465326
v 0.443701 1.039202 3.467988
v 0.446967 1.011063 3.475875
v 0.452272 0.985130 3.488681
v 0.459410 0.962400 3.505915
v 0.468109 0.943745 3.526916
v 0.478033 0.929884 3.550875
v 0.488801 0.921348 3.576872
v 0.494291 1.215584 3.575206
v 0.488801 1.207048 3.547608
v 0.483742 1.193186 3.522173
v 0.479308 1.174532 3.499880
v 0.475668 1.151801 3.481584
v 0.472964 1.125868 3.467988
v 0.471299 1.097729 3.459617
v 0.470737 1.068466 3.456790
v 0.471299 1.039202 3.459617
v 0.472964 1.011063 3.467988
v 0.475668 0.985130 3.481584
v 0.479308 0.962400 3.499880
v 0.483742 0.943745 3.522173
v 0.488801 0.929884 3.547608
v 0.494291 0.921348 3.575206
v 0.500000 1.215584 3.574644
v 0.500000 1.207048 3.546505
v 0.500000 1.193186 3.520572
v 0.500000 1.174532 3.497842
v 0.500000 1.151801 3.479187
v 0.500000 1.125868 3.465326
v 0.500000 1.097729 3.456790
v 0.500000 1.068466 3.453908
v 0.500000 1.039202 3.456790
v 0.500000 1.011063 3.465326
v 0.500000 0.985130 3.479187
v 0.500000 0.962400 3.497842
v 0.500000 0.943745 3.520572
v 0.500000 0.929884 3.546505
v 0.500000 0.921348 3.574644
v 0.505709 1.215584 3.575206
v 0.511199 1.207048 3.547608
v 0.516258 1.193186 3.522173
v 0.520692 1.174532 3.499880
v 0.524332 1.151801 3.481584
v 0.527036 1.125868 3.467988
v 0.528701 1.097729 3.459617
v 0.529264 1.068466 3.456790
v 0.528701 1.039202 3.459617
v 0.527036 1.011063 3.467988
v 0.524332 0.985130 3.481584
v 0.520692 0.962400 3.499880
v 0.516258 0.943745 3.522173
v 0.511199 0.929884 3.547608
v 0.505709 0.921348 3.575206
v 0.511199 1.215584 3.576872
v 0.521967 1.207048 3.550875
v 0.531891 1.193186 3.526916
v 0.540590 1.174532 3.505915
v 0.547728 1.151801 3.488681
v 0.553033 1.125868 3.475875
v 0.556300 1.097729 3.467988
v 0.557403 1.068466 3.465326
v 0.556300 1.039202 3.467988
v 0.553033 1.011063 3.475875
v 0.547728 0.985130 3.488681
v 0.540590 0.962400 3.505915
v 0.531891 0.943745 3.526916
v 0.521967 0.929884 3.550875
v 0.511199 0.921348 3.576872
v 0.516258 1.215584 3.579576
v 0.531891 1.207048 3.556179
v 0.546299 1.193186 3.534617
v 0.558927 1.174532 3.515717
v 0.569291 1.151801 3.500206
v 0.576992 1.125868 3.488681
v 0.581734 1.097729 3.481584
v 0.583336 1.068466 3.479187
v 0.581734 1.039202 3.481584
v 0.576992 1.011063 3.488681
v 0.569291 0.985130 3.500206
v 0.558927 0.962400 3.515717
v 0.546299 0.943745 3.534617
v 0.531891 0.929884 3.556179
v 0.516258 0.921348 3.579576
v 0.520692 1.215584 3.583215
v 0.540590 1.207048 3.563318
v 0.558927 1.193186 3.544981
v 0.575000 1.174532 3.528908
v 0.588191 1.151801 3.515717
v 0.597992 1.125868 3.505915
v 0.604028 1.097729 3.499880
v 0.606066 1.068466 3.497842
v 0.604028 1.039202 3.499880
v 0.597992 1.011063 3.505915
v 0.588191 0.985130 3.515717
v 0.575000 0.962400 3.528908
v 0.558927 0.943745 3.544981
v 0.540590 0.929884 3.563318
v 0.520692 0.921348 3.583215
v 0.524332 1.215584 3.587650
v 0.547728 1.207048 3.572016
v 0.569291 1.193186 3.557609
v 0.588191 1.174532 3.544981
v 0.603701 1.151801 3.534617
v 0.615227 1.125868 3.526916
v 0.622324 1.097729 3.522173
v 0.624720 1.068466 3.520572
v 0.622324 1.039202 3.522173
v 0.615227 1.011063 3.526916
v 0.603701 0.985130 3.534617
v 0.588191 0.962400 3.544981
v 0.569291 0.943745 3.557609
v 0.547728 0.929884 3.572016
v 0.524332 0.921348 3.587650
v 0.527036 1.215584 3.592709
v 0.553033 1.207048 3.581941
v 0.576992 1.193186 3.572016
v 0.597992 1.174532 3.563318
v 0.615227 1.151801 3.556179
v 0.628033 1.125868 3.550875
v 0.635919 1.097729 3.547608
v 0.638582 1.068466 3.546505
v 0.635919 1.039202 3.547608
v 0.628033 1.011063 3.550875
v 0.615227 0.985130 3.556179
v 0.597992 0.962400 3.563318
v 0.576992 0.943745 3.572016
v 0.553033 0.929884 3.581941
v 0.527036 0.921348 3.592709
v 0.528701 1.215584 3.598199
v 0.556300 1.207048 3.592709
v 0.581734 1.193186 3.587650
v 0.604028 1.174532 3.583215
v 0.622324 1.151801 3.579576
v 0.635919 1.125868 3.576872
v 0.644291 1.097729 3.575206
v 0.647118 1.068466 3.574644
v 0.644291 1.039202 3.575206
v 0.635919 1.011063 3.576872
v 0.622324 0.985130 3.579576
v 0.604028 0.962400 3.583215
v 0.581734 0.943745 3.587650
v 0.556300 0.929884 3.592709
v 0.528701 0.921348 3.598199
v 0.529263 1.215584 3.603908
v 0.557402 1.207048 3.603908
v 0.606066 1.174532 3.603908
v 0.638582 1.125868 3.603908
v 0.638582 1.011063 3.603908
v 0.606066 0.962400 3.603908
v 0.583335 0.943745 3.603908
v 0.557402 0.929884 3.603908
v 0.529263 0.921348 3.603908
vn 0.8786 -0.4696 0.0865
vn 0.6332 0.7715 0.0624
vn 0.7708 -0.6326 0.0759
vn 0.7708 0.6326 0.0759
vn 0.6332 -0.7715 0.0624
vn 0.8786 0.4696 0.0865
vn 0.4709 -0.8810 0.0464
vn 0.9527 0.2890 0.0938
vn 0.2902 -0.9565 0.0286
vn 0.9904 0.0975 0.0975
vn 0.0980 0.9951 0.0097
vn 0.0980 -0.9951 0.0097
vn 0.9904 -0.0975 0.0975
vn 0.2902 0.9565 0.0286
vn 0.9527 -0.2890 0.0938
vn 0.4709 0.8810 0.0464
vn 0.9161 -0.2890 0.2779
vn 0.4528 0.8810 0.1374
vn 0.8448 -0.4696 0.2563
vn 0.6088 0.7715 0.1847
vn 0.7412 -0.6326 0.2248
vn 0.7412 0.6326 0.2248
vn 0.6088 -0.7715 0.1847
vn 0.8448 0.4696 0.2563
vn 0.4528 -0.8810 0.1374
vn 0.9161 0.2890 0.2779
vn 0.2790 -0.9565 0.0846
vn 0.9524 0.0976 0.2889
vn 0.0942 0.9951 0.0286
vn 0.0942 -0.9951 0.0286
vn 0.9524 -0.0976 0.2889
vn 0.2790 0.9565 0.0846
vn 0.4173 -0.8810 0.2230
vn 0.8443 0.2890 0.4513
vn 0.2571 -0.9565 0.1374
vn 0.8777 0.0975 0.4691
vn 0.0869 0.9951 0.0464
vn 0.0869 -0.9951 0.0464
vn 0.8777 -0.0975 0.4691
vn 0.2571 0.9565 0.1374
vn 0.8443 -0.2890 0.4513
vn 0.4173 0.8810 0.2230
vn 0.7786 -0.4696 0.4162
vn 0.5611 0.7715 0.2999
vn 0.6831 -0.6326 0.3651
vn 0.6831 0.6326 0.3651
vn 0.5611 -0.7715 0.2999
vn 0.7786 0.4696 0.4162
vn 0.3658 0.8810 0.3002
vn 0.6825 -0.4696 0.5601
vn 0.4918 0.7715 0.4036
vn 0.5987 -0.6326 0.4913
vn 0.5987 0.6326 0.4913
vn 0.4918 -0.7715 0.4036
vn 0.6825 0.4696 0.5601
vn 0.3658 -0.8810 0.3002
vn 0.7400 0.2890 0.6073
vn 0.2254 -0.9565 0.1850
vn 0.7693 0.0975 0.6314
vn 0.0761 0.9951 0.0625
vn 0.0761 -0.9951 0.0625
vn 0.7693 -0.0975 0.6314
vn 0.2254 0.9565 0.1850
vn 0.7400 -0.2890 0.6073
vn 0.6073 0.2890 0.7400
vn 0.1850 -0.9565 0.2254
vn 0.6314 0.0975 0.7693
vn 0.0625 0.9951 0.0761
vn 0.0625 -0.9951 0.0761
vn 0.6314 -0.0975 0.7693
vn 0.1850 0.9565 0.2254
vn 0.6073 -0.2890 0.7400
vn 0.3002 0.8810 0.3658
vn 0.5601 -0.4696 0.6825
vn 0.4036 0.7715 0.4918
vn 0.4913 -0.6326 0.5987
vn 0.4913 0.6326 0.5987
vn 0.4036 -0.7715 0.4918
vn 0.5601 0.4696 0.6825
vn 0.3002 -0.8810 0.3658
vn 0.4162 -0.4696 0.7786
vn 0.2999 0.7715 0.5611
vn 0.3651 -0.6326 0.6831
vn 0.3651 0.6326 0.6831
vn 0.2999 -0.7715 0.5611
vn 0.4162 0.4696 0.7786
vn 0.2230 -0.8810 0.4173
vn 0.4513 0.2890 0.8443
vn 0.1374 -0.9565 0.2571
vn 0.4691 0.0975 0.8777
vn 0.0464 0.9951 0.0869
vn 0.0464 -0.9951 0.0869
vn 0.4691 -0.0975 0.8777
vn 0.1374 0.9565 0.2571
vn 0.4513 -0.2890 0.8443
vn 0.2230 0.8810 0.4173
vn 0.0846 -0.9565 0.2790
vn 0.2889 0.0975 0.9524
vn 0.0286 0.9951 0.0942
vn 0.0286 -0.9951 0.0942
vn 0.2889 -0.0975 0.9524
vn 0.0846 0.9565 0.2790
vn 0.2779 -0.2890 0.9161
vn 0.1374 0.8810 0.4528
vn 0.2563 -0.4696 0.8448
vn 0.1847 0.7715 0.6088
vn 0.2248 -0.6326 0.7412
vn 0.2248 0.6326 0.7412
vn 0.1847 -0.7715 0.6088
vn 0.2563 0.4696 0.8448
vn 0.1374 -0.8810 0.4528
vn 0.2779 0.2890 0.9161
vn 0.0759 -0.6326 0.7708
vn 0.0759 0.6326 0.7708
vn 0.0624 -0.7715 0.6332
vn 0.0865 0.4696 0.8786
vn 0.0464 -0.8810 0.4709
vn 0.0938 0.2890 0.9527
vn 0.0286 -0.9565 0.2902
vn 0.0975 0.0975 0.9904
vn 0.0097 0.9951 0.0980
vn 0.0097 -0.9951 0.0980
vn 0.0975 -0.0975 0.9904
vn 0.0286 0.9565 0.2902
vn 0.0938 -0.2890 0.9527
vn 0.0464 0.8810 0.4709
vn 0.0865 -0.4696 0.8786
vn 0.0624 0.7715 0.6332
vn -0.0097 0.9951 0.0980
vn -0.0097 -0.9951 0.0980
vn -0.0976 -0.0975 0.9904
vn -0.0286 0.9565 0.2902
vn -0.0938 -0.2890 0.9527
vn -0.0464 0.8810 0.4709
vn -0.0865 -0.4696 0.8786
vn -0.0624 0.7715 0.6332
vn -0.0759 -0.6326 0.7708
vn -0.0759 0.6326 0.7708
vn -0.0624 -0.7715 0.6332
vn -0.0865 0.4696 0.8786
vn -0.0464 -0.8810 0.4709
vn -0.0938 0.2890 0.9527
vn -0.0286 -0.9565 0.2902
vn -0.0976 0.0975 0.9904
vn -0.2248 0.6326 0.7412
vn -0.1847 -0.7715 0.6088
vn -0.2563 0.4696 0.8448
vn -0.1374 -0.8810 0.4528
vn -0.2779 0.2890 0.9161
vn -0.0846 -0.9565 0.2790
vn -0.2889 0.0975 0.9524
vn -0.0286 0.9951 0.0942
vn -0.0286 -0.9951 0.0942
vn -0.2889 -0.0975 0.9524
vn -0.0846 0.9565 0.2790
vn -0.2779 -0.2890 0.9161
vn -0.1374 0.8810 0.4528
vn -0.2563 -0.4696 0.8448
vn -0.1847 0.7715 0.6088
vn -0.2248 -0.6326 0.7412
vn -0.4691 -0.0975 0.8777
vn -0.1374 0.9565 0.2571
vn -0.4513 -0.2890 0.8443
vn -0.2230 0.8810 0.4173
vn -0.4162 -0.4696 0.7786
vn -0.2999 0.7715 0.5611
vn -0.3651 -0.6326 0.6831
vn -0.3651 0.6326 0.6831
vn -0.2999 -0.7715 0.5611
vn -0.4162 0.4696 0.7786
vn -0.2230 -0.8810 0.4173
vn -0.4513 0.2890 0.8443
vn -0.1374 -0.9565 0.2571
vn -0.4691 0.0975 0.8777
vn -0.0464 0.9951 0.0869
vn -0.0464 -0.9951 0.0869
vn -0.4036 -0.7715 0.4918
vn -0.5601 0.4696 0.6825
vn -0.3002 -0.8810 0.3658
vn -0.6073 0.2890 0.7400
vn -0.1850 -0.9565 0.2254
vn -0.6314 0.0975 0.7693
vn -0.0625 0.9951 0.0761
vn -0.0625 -0.9951 0.0761
vn -0.6314 -0.0975 0.7693
vn -0.1850 0.9565 0.2254
vn -0.6073 -0.2890 0.7400
vn -0.3002 0.8810 0.3658
vn -0.5601 -0.4696 0.6825
vn -0.4036 0.7715 0.4918
vn -0.4913 -0.6326 0.5987
vn -0.4913 0.6326 0.5987
vn -0.2254 0.9565 0.1850
vn -0.7400 -0.2890 0.6073
vn -0.3658 0.8810 0.3002
vn -0.6825 -0.4696 0.5601
vn -0.4918 0.7715 0.4036
vn -0.5987 -0.6326 0.4913
vn -0.5987 0.6326 0.4913
vn -0.4918 -0.7715 0.4036
vn -0.6825 0.4696 0.5601
vn -0.3658 -0.8810 0.3002
vn -0.7400 0.2890 0.6073
vn -0.2254 -0.9565 0.1850
vn -0.7693 0.0975 0.6314
vn -0.0761 0.9951 0.0625
vn -0.0761 -0.9951 0.0625
vn -0.7693 -0.0975 0.6314
vn -0.7786 0.4696 0.4162
vn -0.4173 -0.8810 0.2230
vn -0.8443 0.2890 0.4513
vn -0.2571 -0.9565 0.1374
vn -0.8777 0.0975 0.4691
vn -0.0869 0.9951 0.0464
vn -0.0869 -0.9951 0.0464
vn -0.8777 -0.0975 0.4691
vn -0.2571 0.9565 0.1374
vn -0.8443 -0.2890 0.4513
vn -0.4173 0.8810 0.2230
vn -0.7786 -0.4696 0.4162
vn -0.5611 0.7715 0.2999
vn -0.6831 -0.6326 0.3651
vn -0.6831 0.6326 0.3651
vn -0.5611 -0.7715 0.2999
vn -0.9161 -0.2890 0.2779
vn -0.4528 0.8810 0.1374
vn -0.8448 -0.4696 0.2563
vn -0.6088 0.7715 0.1847
vn -0.7412 -0.6326 0.2248
vn -0.7412 0.6326 0.2248
vn -0.6088 -0.7715 0.1847
vn -0.8448 0.4696 0.2563
vn -0.4528 -0.8810 0.1374
vn -0.9161 0.2890 0.2779
vn -0.2790 -0.9565 0.0846
vn -0.9524 0.0975 0.2889
vn -0.0942 0.9951 0.0286
vn -0.0942 -0.9951 0.0286
vn -0.9524 -0.0975 0.2889
vn -0.2790 0.9565 0.0846
vn -0.4709 -0.8810 0.0464
vn -0.9527 0.2890 0.0938
vn -0.2902 -0.9565 0.0286
vn -0.9904 0.0975 0.0975
vn -0.0980 0.9951 0.0097
vn -0.0980 -0.9951 0.0097
vn -0.9904 -0.0975 0.0975
vn -0.2902 0.9565 0.0286
vn -0.9527 -0.2890 0.0938
vn -0.4709 0.8810 0.0464
vn -0.8786 -0.4696 0.0865
vn -0.6332 0.7715 0.0624
vn -0.7708 -0.6326 0.0759
vn -0.7708 0.6326 0.0759
vn -0.6332 -0.7715 0.0624
vn -0.8786 0.4696 0.0865
vn -0.8786 -0.4696 -0.0865
vn -0.6332 0.7715 -0.0624
vn -0.7708 -0.6326 -0.0759
vn -0.7708 0.6326 -0.0759
vn -0.6332 -0.7715 -0.0624
vn -0.8786 0.4696 -0.0865
vn -0.4709 -0.8810 -0.0464
vn -0.9527 0.2890 -0.0938
vn -0.2902 -0.9565 -0.0286
vn -0.9904 0.0975 -0.0976
vn -0.0980 0.9951 -0.0097
vn -0.0980 -0.9951 -0.0097
vn -0.9904 -0.0975 -0.0976
vn -0.2902 0.9565 -0.0286
vn -0.9527 -0.2890 -0.0938
vn -0.4709 0.8810 -0.0464
vn -0.2790 -0.9565 -0.0846
vn -0.9524 0.0975 -0.2889
vn -0.0942 0.9951 -0.0286
vn -0.0942 -0.9951 -0.0286
vn -0.9524 -0.0975 -0.2889
vn -0.2790 0.9565 -0.0846
vn -0.9161 -0.2890 -0.2779
vn -0.4528 0.8810 -0.1374
vn -0.8448 -0.4696 -0.2563
vn -0.6088 0.7715 -0.1847
vn -0.7412 -0.6326 -0.2248
vn -0.7412 0.6326 -0.2248
vn -0.6088 -0.7715 -0.1847
vn -0.8448 0.4696 -0.2563
vn -0.4528 -0.8810 -0.1374
vn -0.9161 0.2890 -0.2779
vn -0.5611 0.7715 -0.2999
vn -0.6831 -0.6326 -0.3651
vn -0.6831 0.6326 -0.3651
vn -0.5611 -0.7715 -0.2999
vn -0.7786 0.4696 -0.4162
vn -0.4173 -0.8810 -0.2230
vn -0.8443 0.2890 -0.4513
vn -0.2571 -0.9565 -0.1374
vn -0.8777 0.0975 -0.4691
vn -0.0869 0.9951 -0.0464
vn -0.0869 -0.9951 -0.0464
vn -0.8777 -0.0975 -0.4691
vn -0.2571 0.9565 -0.1374
vn -0.8443 -0.2890 -0.4513
vn -0.4173 0.8810 -0.2230
vn -0.7786 -0.4696 -0.4162
vn -0.7693 0.0975 -0.6314
vn -0.0761 0.9951 -0.0625
vn -0.0761 -0.9951 -0.0625
vn -0.7693 -0.0975 -0.6314
vn -0.2254 0.9565 -0.1850
vn -0.7400 -0.2890 -0.6073
vn -0.3658 0.8810 -0.3002
vn -0.6825 -0.4696 -0.5601
vn -0.4918 0.7715 -0.4036
vn -0.5987 -0.6326 -0.4913
vn -0.5987 0.6326 -0.4913
vn -0.4918 -0.7715 -0.4036
vn -0.6825 0.4696 -0.5601
vn -0.3658 -0.8810 -0.3002
vn -0.7400 0.2890 -0.6073
vn -0.2254 -0.9565 -0.1850
vn -0.4913 -0.6326 -0.5987
vn -0.4913 0.6326 -0.5987
vn -0.4036 -0.7715 -0.4918
vn -0.5601 0.4696 -0.6825
vn -0.3002 -0.8810 -0.3658
vn -0.6073 0.2890 -0.7400
vn -0.1850 -0.9565 -0.2254
vn -0.6314 0.0975 -0.7693
vn -0.0625 0.9951 -0.0761
vn -0.0625 -0.9951 -0.0761
vn -0.6314 -0.0975 -0.7693
vn -0.1850 0.9565 -0.2254
vn -0.6073 -0.2890 -0.7400
vn -0.3002 0.8810 -0.3658
vn -0.5601 -0.4696 -0.6825
vn -0.4036 0.7715 -0.4918
vn -0.0464 0.9951 -0.0869
vn -0.0464 -0.9951 -0.0869
vn -0.4691 -0.0975 -0.8777
vn -0.1374 0.9565 -0.2571
vn -0.4513 -0.2890 -0.8443
vn -0.2230 0.8810 -0.4173
vn -0.4162 -0.4696 -0.7786
vn -0.2999 0.7715 -0.5611
vn -0.3651 -0.6326 -0.6831
vn -0.3651 0.6326 -0.6831
vn -0.2999 -0.7715 -0.5611
vn -0.4162 0.4696 -0.7786
vn -0.2230 -0.8810 -0.4173
vn -0.4513 0.2890 -0.8443
vn -0.1374 -0.9565 -0.2571
vn -0.4691 0.0975 -0.8777
vn -0.2248 0.6326 -0.7412
vn -0.1847 -0.7715 -0.6088
vn -0.2563 0.4696 -0.8448
vn -0.1374 -0.8810 -0.4528
vn -0.2779 0.2890 -0.9161
vn -0.0846 -0.9565 -0.2790
vn -0.2889 0.0975 -0.9524
vn -0.0286 0.9951 -0.0942
vn -0.0286 -0.9951 -0.0942
vn -0.2889 -0.0975 -0.9524
vn -0.0846 0.9565 -0.2790
vn -0.2779 -0.2890 -0.9161
vn -0.1374 0.8810 -0.4528
vn -0.2563 -0.4696 -0.8448
vn -0.1847 0.7715 -0.6088
vn -0.2248 -0.6326 -0.7412
vn -0.0975 -0.0975 -0.9904
vn -0.0286 0.9565 -0.2902
vn -0.0938 -0.2890 -0.9527
vn -0.0464 0.8810 -0.4709
vn -0.0865 -0.4696 -0.8786
vn -0.0624 0.7715 -0.6332
vn -0.0759 -0.6326 -0.7708
vn -0.0759 0.6326 -0.7708
vn -0.0624 -0.7715 -0.6332
vn -0.0865 0.4696 -0.8786
vn -0.0464 -0.8810 -0.4709
vn -0.0938 0.2890 -0.9527
vn -0.0286 -0.9565 -0.2902
vn -0.0975 0.0975 -0.9904
vn -0.0097 0.9951 -0.0980
vn -0.0097 -0.9951 -0.0980
vn 0.0624 -0.7715 -0.6332
vn 0.0865 0.4696 -0.8786
vn 0.0464 -0.8810 -0.4709
vn 0.0938 0.2890 -0.9527
vn 0.0286 -0.9565 -0.2902
vn 0.0976 0.0975 -0.9904
vn 0.0097 0.9951 -0.0980
vn 0.0097 -0.9951 -0.0980
vn 0.0976 -0.0975 -0.9904
vn 0.0286 0.9565 -0.2902
vn 0.0938 -0.2890 -0.9527
vn 0.0464 0.8810 -0.4709
vn 0.0865 -0.4696 -0.8786
vn 0.0624 0.7715 -0.6332
vn 0.0759 -0.6326 -0.7708
vn 0.0759 0.6326 -0.7708
vn 0.2779 -0.2890 -0.9161
vn 0.1374 0.8810 -0.4528
vn 0.2563 -0.4696 -0.8448
vn 0.1847 0.7715 -0.6088
vn 0.2248 -0.6326 -0.7412
vn 0.2248 0.6326 -0.7412
vn 0.1847 -0.7715 -0.6088
vn 0.2563 0.4696 -0.8448
vn 0.1374 -0.8810 -0.4528
vn 0.2779 0.2890 -0.9161
vn 0.0846 -0.9565 -0.2790
vn 0.2889 0.0975 -0.9524
vn 0.0286 0.9951 -0.0942
vn 0.0286 -0.9951 -0.0942
vn 0.2889 -0.0975 -0.9524
vn 0.0846 0.9565 -0.2790
vn 0.2231 -0.8810 -0.4173
vn 0.4513 0.2890 -0.8443
vn 0.1374 -0.9565 -0.2571
vn 0.4691 0.0975 -0.8777
vn 0.0464 0.9951 -0.0869
vn 0.0464 -0.9951 -0.0869
vn 0.4691 -0.0975 -0.8777
vn 0.1374 0.9565 -0.2571
vn 0.4513 -0.2890 -0.8443
vn 0.2231 0.8810 -0.4173
vn 0.4162 -0.4696 -0.7786
vn 0.2999 0.7715 -0.5611
vn 0.3651 -0.6326 -0.6831
vn 0.3651 0.6326 -0.6831
vn 0.2999 -0.7715 -0.5611
vn 0.4162 0.4696 -0.7786
vn 0.3002 0.8810 -0.3658
vn 0.5601 -0.4696 -0.6825
vn 0.4036 0.7715 -0.4918
vn 0.4913 -0.6326 -0.5987
vn 0.4913 0.6326 -0.5987
vn 0.4036 -0.7715 -0.4918
vn 0.5601 0.4696 -0.6825
vn 0.3002 -0.8810 -0.3658
vn 0.6073 0.2890 -0.7400
vn 0.1850 -0.9565 -0.2254
vn 0.6314 0.0975 -0.7693
vn 0.0625 0.9951 -0.0761
vn 0.0625 -0.9951 -0.0761
vn 0.6314 -0.0975 -0.7693
vn 0.1850 0.9565 -0.2254
vn 0.6073 -0.2890 -0.7400
vn 0.7400 0.2890 -0.6073
vn 0.2254 -0.9565 -0.1850
vn 0.7693 0.0975 -0.6314
vn 0.0761 0.9951 -0.0625
vn 0.0761 -0.9951 -0.0625
vn 0.7693 -0.0975 -0.6314
vn 0.2254 0.9565 -0.1850
vn 0.7400 -0.2890 -0.6073
vn 0.3658 0.8810 -0.3002
vn 0.6825 -0.4696 -0.5601
vn 0.4918 0.7715 -0.4036
vn 0.5987 -0.6326 -0.4913
vn 0.5987 0.6326 -0.4913
vn 0.4918 -0.7715 -0.4036
vn 0.6825 0.4696 -0.5601
vn 0.3658 -0.8810 -0.3002
vn 0.7786 -0.4696 -0.4162
vn 0.5611 0.7715 -0.2999
vn 0.6831 -0.6326 -0.3651
vn 0.6831 0.6326 -0.3651
vn 0.5611 -0.7715 -0.2999
vn 0.7786 0.4696 -0.4162
vn 0.4173 -0.8810 -0.2230
vn 0.8443 0.2890 -0.4513
vn 0.2571 -0.9565 -0.1374
vn 0.8777 0.0975 -0.4691
vn 0.0869 0.9951 -0.0464
vn 0.0869 -0.9951 -0.0464
vn 0.8777 -0.0975 -0.4691
vn 0.2571 0.9565 -0.1374
vn 0.8443 -0.2890 -0.4513
vn 0.4173 0.8810 -0.2230
vn 0.2790 -0.9565 -0.0846
vn 0.9524 0.0975 -0.2889
vn 0.0942 0.9951 -0.0286
vn 0.0942 -0.9951 -0.0286
vn 0.9524 -0.0975 -0.2889
vn 0.2790 0.9565 -0.0846
vn 0.9161 -0.2890 -0.2779
vn 0.4528 0.8810 -0.1374
vn 0.8448 -0.4696 -0.2563
vn 0.6088 0.7715 -0.1847
vn 0.7412 -0.6326 -0.2248
vn 0.7412 0.6326 -0.2248
vn 0.6088 -0.7715 -0.1847
vn 0.8448 0.4696 -0.2563
vn 0.4528 -0.8810 -0.1374
vn 0.9161 0.2890 -0.2779
vn 0.6332 0.7715 -0.0624
vn 0.7708 -0.6326 -0.0759
vn 0.7708 0.6326 -0.0759
vn 0.6332 -0.7715 -0.0624
vn 0.8786 0.4696 -0.0865
vn 0.4709 -0.8810 -0.0464
vn 0.9527 0.2890 -0.0938
vn 0.2902 -0.9565 -0.0286
vn 0.9904 0.0975 -0.0976
vn 0.0980 0.9951 -0.0097
vn 0.0980 -0.9951 -0.0097
vn 0.9904 -0.0975 -0.0976
vn 0.2902 0.9565 -0.0286
vn 0.9527 -0.2890 -0.0938
vn 0.4709 0.8810 -0.0464
vn 0.8786 -0.4696 -0.0865
vt 0.750000 0.312500
vt 0.750000 0.375000
vt 0.718750 0.375000
vt 0.718750 0.312500
vt 0.750000 0.750000
vt 0.750000 0.812500
vt 0.718750 0.812500
vt 0.718750 0.750000
vt 0.750000 0.250000
vt 0.718750 0.250000
vt 0.750000 0.687500
vt 0.718750 0.687500
vt 0.750000 0.187500
vt 0.718750 0.187500
vt 0.750000 0.625000
vt 0.718750 0.625000
vt 0.750000 0.125000
vt 0.718750 0.125000
vt 0.750000 0.562500
vt 0.718750 0.562500
vt 0.750000 0.062500
vt 0.718750 0.062500
vt 0.750000 0.500000
vt 0.718750 0.500000
vt 0.750000 0.937500
vt 0.734375 1.000000
vt 0.718750 0.937500
vt 0.734375 0.000000
vt 0.750000 0.437500
vt 0.718750 0.437500
vt 0.750000 0.875000
vt 0.718750 0.875000
vt 0.687500 0.437500
vt 0.687500 0.375000
vt 0.687500 0.875000
vt 0.687500 0.812500
vt 0.687500 0.312500
vt 0.687500 0.750000
vt 0.687500 0.250000
vt 0.687500 0.687500
vt 0.687500 0.187500
vt 0.687500 0.625000
vt 0.687500 0.125000
vt 0.687500 0.562500
vt 0.687500 0.062500
vt 0.687500 0.500000
vt 0.703125 1.000000
vt 0.687500 0.937500
vt 0.703125 0.000000
vt 0.656250 0.187500
vt 0.656250 0.125000
vt 0.656250 0.625000
vt 0.656250 0.562500
vt 0.656250 0.062500
vt 0.656250 0.500000
vt 0.671875 1.000000
vt 0.656250 0.937500
vt 0.671875 0.000000
vt 0.656250 0.437500
vt 0.656250 0.875000
vt 0.656250 0.375000
vt 0.656250 0.812500
vt 0.656250 0.312500
vt 0.656250 0.750000
vt 0.656250 0.250000
vt 0.656250 0.687500
vt 0.625000 0.875000
vt 0.625000 0.812500
vt 0.625000 0.375000
vt 0.625000 0.312500
vt 0.625000 0.750000
vt 0.625000 0.250000
vt 0.625000 0.687500
vt 0.625000 0.187500
vt 0.625000 0.625000
vt 0.625000 0.125000
vt 0.625000 0.562500
vt 0.625000 0.062500
vt 0.625000 0.500000
vt 0.640625 1.000000
vt 0.625000 0.937500
vt 0.640625 0.000000
vt 0.625000 0.437500
vt 0.593750 0.625000
vt 0.593750 0.562500
vt 0.593750 0.125000
vt 0.593750 0.062500
vt 0.593750 0.500000
vt 0.609375 1.000000
vt 0.593750 0.937500
vt 0.609375 0.000000
vt 0.593750 0.437500
vt 0.593750 0.875000
vt 0.593750 0.375000
vt 0.593750 0.812500
vt 0.593750 0.312500
vt 0.593750 0.750000
vt 0.593750 0.250000
vt 0.593750 0.687500
vt 0.593750 0.187500
vt 0.562500 0.375000
vt 0.562500 0.312500
vt 0.562500 0.812500
vt 0.562500 0.750000
vt 0.562500 0.250000
vt 0.562500 0.687500
vt 0.562500 0.187500
vt 0.562500 0.625000
vt 0.562500 0.125000
vt 0.562500 0.562500
vt 0.562500 0.062500
vt 0.562500 0.500000
vt 0.578125 1.000000
vt 0.562500 0.937500
vt 0.578125 0.000000
vt 0.562500 0.437500
vt 0.562500 0.875000
vt 0.531250 0.125000
vt 0.531250 0.062500
vt 0.531250 0.562500
vt 0.531250 0.500000
vt 0.546875 1.000000
vt 0.531250 0.937500
vt 0.546875 0.000000
vt 0.531250 0.437500
vt 0.531250 0.875000
vt 0.531250 0.375000
vt 0.531250 0.812500
vt 0.531250 0.312500
vt 0.531250 0.750000
vt 0.531250 0.250000
vt 0.531250 0.687500
vt 0.531250 0.187500
vt 0.531250 0.625000
vt 0.500000 0.312500
vt 0.500000 0.250000
vt 0.500000 0.750000
vt 0.500000 0.687500
vt 0.500000 0.187500
vt 0.500000 0.625000
vt 0.500000 0.125000
vt 0.500000 0.562500
vt 0.500000 0.062500
vt 0.500000 0.500000
vt 0.515625 1.000000
vt 0.500000 0.937500
vt 0.515625 0.000000
vt 0.500000 0.437500
vt 0.500000 0.875000
vt 0.500000 0.375000
vt 0.500000 0.812500
vt 0.484375 1.000000
vt 0.468750 0.937500
vt 0.484375 0.000000
vt 0.468750 0.062500
vt 0.468750 0.500000
vt 0.468750 0.437500
vt 0.468750 0.875000
vt 0.468750 0.375000
vt 0.468750 0.812500
vt 0.468750 0.312500
vt 0.468750 0.750000
vt 0.468750 0.250000
vt 0.468750 0.687500
vt 0.468750 0.187500
vt 0.468750 0.625000
vt 0.468750 0.125000
vt 0.468750 0.562500
vt 0.437500 0.750000
vt 0.437500 0.687500
vt 0.437500 0.250000
vt 0.437500 0.187500
vt 0.437500 0.625000
vt 0.437500 0.125000
vt 0.437500 0.562500
vt 0.437500 0.062500
vt 0.437500 0.500000
vt 0.453125 1.000000
vt 0.437500 0.937500
vt 0.453125 0.000000
vt 0.437500 0.437500
vt 0.437500 0.875000
vt 0.437500 0.375000
vt 0.437500 0.812500
vt 0.437500 0.312500
vt 0.406250 0.500000
vt 0.406250 0.437500
vt 0.406250 0.937500
vt 0.406250 0.875000
vt 0.406250 0.375000
vt 0.406250 0.812500
vt 0.406250 0.312500
vt 0.406250 0.750000
vt 0.406250 0.250000
vt 0.406250 0.687500
vt 0.406250 0.187500
vt 0.406250 0.625000
vt 0.406250 0.125000
vt 0.406250 0.562500
vt 0.406250 0.062500
vt 0.421875 1.000000
vt 0.421875 0.000000
vt 0.375000 0.250000
vt 0.375000 0.187500
vt 0.375000 0.687500
vt 0.375000 0.625000
vt 0.375000 0.125000
vt 0.375000 0.562500
vt 0.375000 0.062500
vt 0.375000 0.500000
vt 0.390625 1.000000
vt 0.375000 0.937500
vt 0.390625 0.000000
vt 0.375000 0.437500
vt 0.375000 0.875000
vt 0.375000 0.375000
vt 0.375000 0.812500
vt 0.375000 0.312500
vt 0.375000 0.750000
vt 0.343750 0.937500
vt 0.343750 0.875000
vt 0.343750 0.437500
vt 0.343750 0.375000
vt 0.343750 0.812500
vt 0.343750 0.312500
vt 0.343750 0.750000
vt 0.343750 0.250000
vt 0.343750 0.687500
vt 0.343750 0.187500
vt 0.343750 0.625000
vt 0.343750 0.125000
vt 0.343750 0.562500
vt 0.343750 0.062500
vt 0.343750 0.500000
vt 0.359375 1.000000
vt 0.359375 0.000000
vt 0.312500 0.687500
vt 0.312500 0.625000
vt 0.312500 0.187500
vt 0.312500 0.125000
vt 0.312500 0.562500
vt 0.312500 0.062500
vt 0.312500 0.500000
vt 0.328125 1.000000
vt 0.312500 0.937500
vt 0.328125 0.000000
vt 0.312500 0.437500
vt 0.312500 0.875000
vt 0.312500 0.375000
vt 0.312500 0.812500
vt 0.312500 0.312500
vt 0.312500 0.750000
vt 0.312500 0.250000
vt 0.281250 0.437500
vt 0.281250 0.375000
vt 0.281250 0.875000
vt 0.281250 0.812500
vt 0.281250 0.312500
vt 0.281250 0.750000
vt 0.281250 0.250000
vt 0.281250 0.687500
vt 0.281250 0.187500
vt 0.281250 0.625000
vt 0.281250 0.125000
vt 0.281250 0.562500
vt 0.281250 0.062500
vt 0.281250 0.500000
vt 0.296875 1.000000
vt 0.281250 0.937500
vt 0.296875 0.000000
vt 0.250000 0.187500
vt 0.250000 0.125000
vt 0.250000 0.625000
vt 0.250000 0.562500
vt 0.250000 0.062500
vt 0.250000 0.500000
vt 0.265625 1.000000
vt 0.250000 0.937500
vt 0.265625 0.000000
vt 0.250000 0.437500
vt 0.250000 0.875000
vt 0.250000 0.375000
vt 0.250000 0.812500
vt 0.250000 0.312500
vt 0.250000 0.750000
vt 0.250000 0.250000
vt 0.250000 0.687500
vt 0.218750 0.375000
vt 0.218750 0.312500
vt 0.218750 0.812500
vt 0.218750 0.750000
vt 0.218750 0.250000
vt 0.218750 0.687500
vt 0.218750 0.187500
vt 0.218750 0.625000
vt 0.218750 0.125000
vt 0.218750 0.562500
vt 0.218750 0.062500
vt 0.218750 0.500000
vt 0.234375 1.000000
vt 0.218750 0.937500
vt 0.234375 0.000000
vt 0.218750 0.437500
vt 0.218750 0.875000
vt 0.187500 0.125000
vt 0.187500 0.062500
vt 0.187500 0.562500
vt 0.187500 0.500000
vt 0.203125 1.000000
vt 0.187500 0.937500
vt 0.203125 0.000000
vt 0.187500 0.437500
vt 0.187500 0.875000
vt 0.187500 0.375000
vt 0.187500 0.812500
vt 0.187500 0.312500
vt 0.187500 0.750000
vt 0.187500 0.250000
vt 0.187500 0.687500
vt 0.187500 0.187500
vt 0.187500 0.625000
vt 0.156250 0.812500
vt 0.156250 0.750000
vt 0.156250 0.312500
vt 0.156250 0.250000
vt 0.156250 0.687500
vt 0.156250 0.187500
vt 0.156250 0.625000
vt 0.156250 0.125000
vt 0.156250 0.562500
vt 0.156250 0.062500
vt 0.156250 0.500000
vt 0.171875 1.000000
vt 0.156250 0.937500
vt 0.171875 0.000000
vt 0.156250 0.437500
vt 0.156250 0.875000
vt 0.156250 0.375000
vt 0.125000 0.562500
vt 0.125000 0.500000
vt 0.140625 1.000000
vt 0.125000 0.937500
vt 0.140625 0.000000
vt 0.125000 0.062500
vt 0.125000 0.437500
vt 0.125000 0.875000
vt 0.125000 0.375000
vt 0.125000 0.812500
vt 0.125000 0.312500
vt 0.125000 0.750000
vt 0.125000 0.250000
vt 0.125000 0.687500
vt 0.125000 0.187500
vt 0.125000 0.625000
vt 0.125000 0.125000
vt 0.093750 0.312500
vt 0.093750 0.250000
vt 0.093750 0.750000
vt 0.093750 0.687500
vt 0.093750 0.187500
vt 0.093750 0.625000
vt 0.093750 0.125000
vt 0.093750 0.562500
vt 0.093750 0.062500
vt 0.093750 0.500000
vt 0.109375 1.000000
vt 0.093750 0.937500
vt 0.109375 0.000000
vt 0.093750 0.437500
vt 0.093750 0.875000
vt 0.093750 0.375000
vt 0.093750 0.812500
vt 0.078125 1.000000
vt 0.062500 0.937500
vt 0.078125 0.000000
vt 0.062500 0.062500
vt 0.062500 0.500000
vt 0.062500 0.437500
vt 0.062500 0.875000
vt 0.062500 0.375000
vt 0.062500 0.812500
vt 0.062500 0.312500
vt 0.062500 0.750000
vt 0.062500 0.250000
vt 0.062500 0.687500
vt 0.062500 0.187500
vt 0.062500 0.625000
vt 0.062500 0.125000
vt 0.062500 0.562500
vt 0.031250 0.750000
vt 0.031250 0.687500
vt 0.031250 0.250000
vt 0.031250 0.187500
vt 0.031250 0.625000
vt 0.031250 0.125000
vt 0.031250 0.562500
vt 0.031250 0.062500
vt 0.031250 0.500000
vt 0.046875 1.000000
vt 0.031250 0.937500
vt 0.046875 0.000000
vt 0.031250 0.437500
vt 0.031250 0.875000
vt 0.031250 0.375000
vt 0.031250 0.812500
vt 0.031250 0.312500
vt 0.000000 0.500000
vt 0.000000 0.437500
vt 0.000000 0.937500
vt 0.000000 0.875000
vt 0.000000 0.375000
vt 0.000000 0.812500
vt 0.000000 0.312500
vt 0.000000 0.750000
vt 0.000000 0.250000
vt 0.000000 0.687500
vt 0.000000 0.187500
vt 0.000000 0.625000
vt 0.000000 0.125000
vt 0.000000 0.562500
vt 0.000000 0.062500
vt 0.015625 1.000000
vt 0.015625 0.000000
vt 1.000000 0.187500
vt 1.000000 0.250000
vt 0.968750 0.250000
vt 0.968750 0.187500
vt 1.000000 0.625000
vt 1.000000 0.687500
vt 0.968750 0.687500
vt 0.968750 0.625000
vt 1.000000 0.125000
vt 0.968750 0.125000
vt 1.000000 0.562500
vt 0.968750 0.562500
vt 1.000000 0.062500
vt 0.968750 0.062500
vt 1.000000 0.500000
vt 0.968750 0.500000
vt 1.000000 0.937500
vt 0.984375 1.000000
vt 0.968750 0.937500
vt 0.984375 0.000000
vt 1.000000 0.437500
vt 0.968750 0.437500
vt 1.000000 0.875000
vt 0.968750 0.875000
vt 1.000000 0.375000
vt 0.968750 0.375000
vt 1.000000 0.812500
vt 0.968750 0.812500
vt 1.000000 0.312500
vt 0.968750 0.312500
vt 1.000000 0.750000
vt 0.968750 0.750000
vt 0.937500 0.437500
vt 0.937500 0.375000
vt 0.937500 0.875000
vt 0.937500 0.812500
vt 0.937500 0.312500
vt 0.937500 0.750000
vt 0.937500 0.250000
vt 0.937500 0.687500
vt 0.937500 0.187500
vt 0.937500 0.625000
vt 0.937500 0.125000
vt 0.937500 0.562500
vt 0.937500 0.062500
vt 0.937500 0.500000
vt 0.953125 1.000000
vt 0.937500 0.937500
vt 0.953125 0.000000
vt 0.906250 0.187500
vt 0.906250 0.125000
vt 0.906250 0.625000
vt 0.906250 0.562500
vt 0.906250 0.062500
vt 0.906250 0.500000
vt 0.921875 1.000000
vt 0.906250 0.937500
vt 0.921875 0.000000
vt 0.906250 0.437500
vt 0.906250 0.875000
vt 0.906250 0.375000
vt 0.906250 0.812500
vt 0.906250 0.312500
vt 0.906250 0.750000
vt 0.906250 0.250000
vt 0.906250 0.687500
vt 0.875000 0.875000
vt 0.875000 0.812500
vt 0.875000 0.375000
vt 0.875000 0.312500
vt 0.875000 0.750000
vt 0.875000 0.250000
vt 0.875000 0.687500
vt 0.875000 0.187500
vt 0.875000 0.625000
vt 0.875000 0.125000
vt 0.875000 0.562500
vt 0.875000 0.062500
vt 0.875000 0.500000
vt 0.890625 1.000000
vt 0.875000 0.937500
vt 0.890625 0.000000
vt 0.875000 0.437500
vt 0.843750 0.625000
vt 0.843750 0.562500
vt 0.843750 0.125000
vt 0.843750 0.062500
vt 0.843750 0.500000
vt 0.859375 1.000000
vt 0.843750 0.937500
vt 0.859375 0.000000
vt 0.843750 0.437500
vt 0.843750 0.875000
vt 0.843750 0.375000
vt 0.843750 0.812500
vt 0.843750 0.312500
vt 0.843750 0.750000
vt 0.843750 0.250000
vt 0.843750 0.687500
vt 0.843750 0.187500
vt 0.812500 0.375000
vt 0.812500 0.312500
vt 0.812500 0.812500
vt 0.812500 0.750000
vt 0.812500 0.250000
vt 0.812500 0.687500
vt 0.812500 0.187500
vt 0.812500 0.625000
vt 0.812500 0.125000
vt 0.812500 0.562500
vt 0.812500 0.062500
vt 0.812500 0.500000
vt 0.828125 1.000000
vt 0.812500 0.937500
vt 0.828125 0.000000
vt 0.812500 0.437500
vt 0.812500 0.875000
vt 0.781250 0.125000
vt 0.781250 0.062500
vt 0.781250 0.562500
vt 0.781250 0.500000
vt 0.796875 1.000000
vt 0.781250 0.937500
vt 0.796875 0.000000
vt 0.781250 0.437500
vt 0.781250 0.875000
vt 0.781250 0.375000
vt 0.781250 0.812500
vt 0.781250 0.312500
vt 0.781250 0.750000
vt 0.781250 0.250000
vt 0.781250 0.687500
vt 0.781250 0.187500
vt 0.781250 0.625000
vt 0.765625 1.000000
vt 0.765625 0.000000
s 0
usemtl base
f 2350/3073/2277 2822/3074/2277 2360/3075/2277 2361/3076/2277
f 2820/3077/2278 2345/3078/2278 2353/3079/2278 2354/3080/2278
f 2823/3081/2279 2350/3073/2279 2361/3076/2279 2362/3082/2279
f 2346/3083/2280 2820/3077/2280 2354/3080/2280 2355/3084/2280
f 2824/3085/2281 2823/3081/2281 2362/3082/2281 2363/3086/2281
f 2821/3087/2282 2346/3083/2282 2355/3084/2282 2356/3088/2282
f 2825/3089/2283 2824/3085/2283 2363/3086/2283 2364/3090/2283
f 2347/3091/2284 2821/3087/2284 2356/3088/2284 2357/3092/2284
f 2826/3093/2285 2825/3089/2285 2364/3090/2285 2365/3094/2285
f 2348/3095/2286 2347/3091/2286 2357/3092/2286 2358/3096/2286
f 2818/3097/2287 2426/3098/2287 2351/3099/2287
f 2652/3100/2288 2826/3093/2288 2365/3094/2288
f 2349/3101/2289 2348/3095/2289 2358/3096/2289 2359/3102/2289
f 2819/3103/2290 2818/3097/2290 2351/3099/2290 2352/3104/2290
f 2822/3074/2291 2349/3101/2291 2359/3102/2291 2360/3075/2291
f 2345/3078/2292 2819/3103/2292 2352/3104/2292 2353/3079/2292
f 2360/3075/2293 2359/3102/2293 2374/3105/2293 2375/3106/2293
f 2353/3079/2294 2352/3104/2294 2367/3107/2294 2368/3108/2294
f 2361/3076/2295 2360/3075/2295 2375/3106/2295 2376/3109/2295
f 2354/3080/2296 2353/3079/2296 2368/3108/2296 2369/3110/2296
f 2362/3082/2297 2361/3076/2297 2376/3109/2297 2377/3111/2297
f 2355/3084/2298 2354/3080/2298 2369/3110/2298 2370/3112/2298
f 2363/3086/2299 2362/3082/2299 2377/3111/2299 2378/3113/2299
f 2356/3088/2300 2355/3084/2300 2370/3112/2300 2371/3114/2300
f 2364/3090/2301 2363/3086/2301 2378/3113/2301 2379/3115/2301
f 2357/3092/2302 2356/3088/2302 2371/3114/2302 2372/3116/2302
f 2365/3094/2303 2364/3090/2303 2379/3115/2303 2380/3117/2303
f 2358/3096/2304 2357/3092/2304 2372/3116/2304 2373/3118/2304
f 2351/3099/2305 2426/3119/2305 2366/3120/2305
f 2652/3121/2306 2365/3094/2306 2380/3117/2306
f 2359/3102/2307 2358/3096/2307 2373/3118/2307 2374/3105/2307
f 2352/3104/2308 2351/3099/2308 2366/3120/2308 2367/3107/2308
f 2379/3115/2309 2378/3113/2309 2393/3122/2309 2394/3123/2309
f 2372/3116/2310 2371/3114/2310 2386/3124/2310 2387/3125/2310
f 2380/3117/2311 2379/3115/2311 2394/3123/2311 2395/3126/2311
f 2373/3118/2312 2372/3116/2312 2387/3125/2312 2388/3127/2312
f 2366/3120/2313 2426/3128/2313 2381/3129/2313
f 2652/3130/2314 2380/3117/2314 2395/3126/2314
f 2374/3105/2315 2373/3118/2315 2388/3127/2315 2389/3131/2315
f 2367/3107/2316 2366/3120/2316 2381/3129/2316 2382/3132/2316
f 2375/3106/2317 2374/3105/2317 2389/3131/2317 2390/3133/2317
f 2368/3108/2318 2367/3107/2318 2382/3132/2318 2383/3134/2318
f 2376/3109/2319 2375/3106/2319 2390/3133/2319 2391/3135/2319
f 2369/3110/2320 2368/3108/2320 2383/3134/2320 2384/3136/2320
f 2377/3111/2321 2376/3109/2321 2391/3135/2321 2392/3137/2321
f 2370/3112/2322 2369/3110/2322 2384/3136/2322 2385/3138/2322
f 2378/3113/2323 2377/3111/2323 2392/3137/2323 2393/3122/2323
f 2371/3114/2324 2370/3112/2324 2385/3138/2324 2386/3124/2324
f 2383/3134/2325 2382/3132/2325 2397/3139/2325 2398/3140/2325
f 2391/3135/2326 2390/3133/2326 2405/3141/2326 2406/3142/2326
f 2384/3136/2327 2383/3134/2327 2398/3140/2327 2399/3143/2327
f 2392/3137/2328 2391/3135/2328 2406/3142/2328 2407/3144/2328
f 2385/3138/2329 2384/3136/2329 2399/3143/2329 2400/3145/2329
f 2393/3122/2330 2392/3137/2330 2407/3144/2330 2408/3146/2330
f 2386/3124/2331 2385/3138/2331 2400/3145/2331 2401/3147/2331
f 2394/3123/2332 2393/3122/2332 2408/3146/2332 2409/3148/2332
f 2387/3125/2333 2386/3124/2333 2401/3147/2333 2402/3149/2333
f 2395/3126/2334 2394/3123/2334 2409/3148/2334 2410/3150/2334
f 2388/3127/2335 2387/3125/2335 2402/3149/2335 2403/3151/2335
f 2381/3129/2336 2426/3152/2336 2396/3153/2336
f 2652/3154/2337 2395/3126/2337 2410/3150/2337
f 2389/3131/2338 2388/3127/2338 2403/3151/2338 2404/3155/2338
f 2382/3132/2339 2381/3129/2339 2396/3153/2339 2397/3139/2339
f 2390/3133/2340 2389/3131/2340 2404/3155/2340 2405/3141/2340
f 2402/3149/2341 2401/3147/2341 2416/3156/2341 2417/3157/2341
f 2410/3150/2342 2409/3148/2342 2424/3158/2342 2425/3159/2342
f 2403/3151/2343 2402/3149/2343 2417/3157/2343 2418/3160/2343
f 2396/3153/2344 2426/3161/2344 2411/3162/2344
f 2652/3163/2345 2410/3150/2345 2425/3159/2345
f 2404/3155/2346 2403/3151/2346 2418/3160/2346 2419/3164/2346
f 2397/3139/2347 2396/3153/2347 2411/3162/2347 2412/3165/2347
f 2405/3141/2348 2404/3155/2348 2419/3164/2348 2420/3166/2348
f 2398/3140/2349 2397/3139/2349 2412/3165/2349 2413/3167/2349
f 2406/3142/2350 2405/3141/2350 2420/3166/2350 2421/3168/2350
f 2399/3143/2351 2398/3140/2351 2413/3167/2351 2414/3169/2351
f 2407/3144/2352 2406/3142/2352 2421/3168/2352 2422/3170/2352
f 2400/3145/2353 2399/3143/2353 2414/3169/2353 2415/3171/2353
f 2408/3146/2354 2407/3144/2354 2422/3170/2354 2423/3172/2354
f 2401/3147/2355 2400/3145/2355 2415/3171/2355 2416/3156/2355
f 2409/3148/2356 2408/3146/2356 2423/3172/2356 2424/3158/2356
f 2421/3168/2357 2420/3166/2357 2436/3173/2357 2437/3174/2357
f 2414/3169/2358 2413/3167/2358 2429/3175/2358 2430/3176/2358
f 2422/3170/2359 2421/3168/2359 2437/3174/2359 2438/3177/2359
f 2415/3171/2360 2414/3169/2360 2430/3176/2360 2431/3178/2360
f 2423/3172/2361 2422/3170/2361 2438/3177/2361 2439/3179/2361
f 2416/3156/2362 2415/3171/2362 2431/3178/2362 2432/3180/2362
f 2424/3158/2363 2423/3172/2363 2439/3179/2363 2440/3181/2363
f 2417/3157/2364 2416/3156/2364 2432/3180/2364 2433/3182/2364
f 2425/3159/2365 2424/3158/2365 2440/3181/2365 2441/3183/2365
f 2418/3160/2366 2417/3157/2366 2433/3182/2366 2434/3184/2366
f 2411/3162/2367 2426/3185/2367 2427/3186/2367
f 2652/3187/2368 2425/3159/2368 2441/3183/2368
f 2419/3164/2369 2418/3160/2369 2434/3184/2369 2435/3188/2369
f 2412/3165/2370 2411/3162/2370 2427/3186/2370 2428/3189/2370
f 2420/3166/2371 2419/3164/2371 2435/3188/2371 2436/3173/2371
f 2413/3167/2372 2412/3165/2372 2428/3189/2372 2429/3175/2372
f 2441/3183/2373 2440/3181/2373 2455/3190/2373 2456/3191/2373
f 2434/3184/2374 2433/3182/2374 2448/3192/2374 2449/3193/2374
f 2427/3186/2375 2426/3194/2375 2442/3195/2375
f 2652/3196/2376 2441/3183/2376 2456/3191/2376
f 2435/3188/2377 2434/3184/2377 2449/3193/2377 2450/3197/2377
f 2428/3189/2378 2427/3186/2378 2442/3195/2378 2443/3198/2378
f 2436/3173/2379 2435/3188/2379 2450/3197/2379 2451/3199/2379
f 2429/3175/2380 2428/3189/2380 2443/3198/2380 2444/3200/2380
f 2437/3174/2381 2436/3173/2381 2451/3199/2381 2452/3201/2381
f 2430/3176/2382 2429/3175/2382 2444/3200/2382 2445/3202/2382
f 2438/3177/2383 2437/3174/2383 2452/3201/2383 2453/3203/2383
f 2431/3178/2384 2430/3176/2384 2445/3202/2384 2446/3204/2384
f 2439/3179/2385 2438/3177/2385 2453/3203/2385 2454/3205/2385
f 2432/3180/2386 2431/3178/2386 2446/3204/2386 2447/3206/2386
f 2440/3181/2387 2439/3179/2387 2454/3205/2387 2455/3190/2387
f 2433/3182/2388 2432/3180/2388 2447/3206/2388 2448/3192/2388
f 2453/3203/2389 2452/3201/2389 2467/3207/2389 2468/3208/2389
f 2446/3204/2390 2445/3202/2390 2460/3209/2390 2461/3210/2390
f 2454/3205/2391 2453/3203/2391 2468/3208/2391 2469/3211/2391
f 2447/3206/2392 2446/3204/2392 2461/3210/2392 2462/3212/2392
f 2455/3190/2393 2454/3205/2393 2469/3211/2393 2470/3213/2393
f 2448/3192/2394 2447/3206/2394 2462/3212/2394 2463/3214/2394
f 2456/3191/2395 2455/3190/2395 2470/3213/2395 2471/3215/2395
f 2449/3193/2396 2448/3192/2396 2463/3214/2396 2464/3216/2396
f 2442/3195/2397 2426/3217/2397 2457/3218/2397
f 2652/3219/2398 2456/3191/2398 2471/3215/2398
f 2450/3197/2399 2449/3193/2399 2464/3216/2399 2465/3220/2399
f 2443/3198/2400 2442/3195/2400 2457/3218/2400 2458/3221/2400
f 2451/3199/2401 2450/3197/2401 2465/3220/2401 2466/3222/2401
f 2444/3200/2402 2443/3198/2402 2458/3221/2402 2459/3223/2402
f 2452/3201/2403 2451/3199/2403 2466/3222/2403 2467/3207/2403
f 2445/3202/2404 2444/3200/2404 2459/3223/2404 2460/3209/2404
f 2457/3218/2405 2426/3224/2405 2472/3225/2405
f 2652/3226/2406 2471/3215/2406 2486/3227/2406
f 2465/3220/2407 2464/3216/2407 2479/3228/2407 2480/3229/2407
f 2458/3221/2408 2457/3218/2408 2472/3225/2408 2473/3230/2408
f 2466/3222/2409 2465/3220/2409 2480/3229/2409 2481/3231/2409
f 2459/3223/2410 2458/3221/2410 2473/3230/2410 2474/3232/2410
f 2467/3207/2411 2466/3222/2411 2481/3231/2411 2482/3233/2411
f 2460/3209/2412 2459/3223/2412 2474/3232/2412 2475/3234/2412
f 2468/3208/2413 2467/3207/2413 2482/3233/2413 2483/3235/2413
f 2461/3210/2414 2460/3209/2414 2475/3234/2414 2476/3236/2414
f 2469/3211/2415 2468/3208/2415 2483/3235/2415 2484/3237/2415
f 2462/3212/2416 2461/3210/2416 2476/3236/2416 2477/3238/2416
f 2470/3213/2417 2469/3211/2417 2484/3237/2417 2485/3239/2417
f 2463/3214/2418 2462/3212/2418 2477/3238/2418 2478/3240/2418
f 2471/3215/2419 2470/3213/2419 2485/3239/2419 2486/3227/2419
f 2464/3216/2420 2463/3214/2420 2478/3240/2420 2479/3228/2420
f 2476/3236/2421 2475/3234/2421 2490/3241/2421 2491/3242/2421
f 2484/3237/2422 2483/3235/2422 2498/3243/2422 2499/3244/2422
f 2477/3238/2423 2476/3236/2423 2491/3242/2423 2492/3245/2423
f 2485/3239/2424 2484/3237/2424 2499/3244/2424 2500/3246/2424
f 2478/3240/2425 2477/3238/2425 2492/3245/2425 2493/3247/2425
f 2486/3227/2426 2485/3239/2426 2500/3246/2426 2501/3248/2426
f 2479/3228/2427 2478/3240/2427 2493/3247/2427 2494/3249/2427
f 2472/3225/2428 2426/3250/2428 2487/3251/2428
f 2652/3252/2429 2486/3227/2429 2501/3248/2429
f 2480/3229/2430 2479/3228/2430 2494/3249/2430 2495/3253/2430
f 2473/3230/2431 2472/3225/2431 2487/3251/2431 2488/3254/2431
f 2481/3231/2432 2480/3229/2432 2495/3253/2432 2496/3255/2432
f 2474/3232/2433 2473/3230/2433 2488/3254/2433 2489/3256/2433
f 2482/3233/2434 2481/3231/2434 2496/3255/2434 2497/3257/2434
f 2475/3234/2435 2474/3232/2435 2489/3256/2435 2490/3241/2435
f 2483/3235/2436 2482/3233/2436 2497/3257/2436 2498/3243/2436
f 2495/3253/2437 2494/3249/2437 2509/3258/2437 2510/3259/2437
f 2488/3254/2438 2487/3251/2438 2502/3260/2438 2503/3261/2438
f 2496/3255/2439 2495/3253/2439 2510/3259/2439 2511/3262/2439
f 2489/3256/2440 2488/3254/2440 2503/3261/2440 2504/3263/2440
f 2497/3257/2441 2496/3255/2441 2511/3262/2441 2512/3264/2441
f 2490/3241/2442 2489/3256/2442 2504/3263/2442 2505/3265/2442
f 2498/3243/2443 2497/3257/2443 2512/3264/2443 2513/3266/2443
f 2491/3242/2444 2490/3241/2444 2505/3265/2444 2506/3267/2444
f 2499/3244/2445 2498/3243/2445 2513/3266/2445 2514/3268/2445
f 2492/3245/2446 2491/3242/2446 2506/3267/2446 2507/3269/2446
f 2500/3246/2447 2499/3244/2447 2514/3268/2447 2515/3270/2447
f 2493/3247/2448 2492/3245/2448 2507/3269/2448 2508/3271/2448
f 2501/3248/2449 2500/3246/2449 2515/3270/2449 2516/3272/2449
f 2494/3249/2450 2493/3247/2450 2508/3271/2450 2509/3258/2450
f 2487/3251/2451 2426/3273/2451 2502/3260/2451
f 2652/3274/2452 2501/3248/2452 2516/3272/2452
f 2514/3268/2453 2513/3266/2453 2528/3275/2453 2529/3276/2453
f 2507/3269/2454 2506/3267/2454 2521/3277/2454 2522/3278/2454
f 2515/3270/2455 2514/3268/2455 2529/3276/2455 2530/3279/2455
f 2508/3271/2456 2507/3269/2456 2522/3278/2456 2523/3280/2456
f 2516/3272/2457 2515/3270/2457 2530/3279/2457 2531/3281/2457
f 2509/3258/2458 2508/3271/2458 2523/3280/2458 2524/3282/2458
f 2502/3260/2459 2426/3283/2459 2517/3284/2459
f 2652/3285/2460 2516/3272/2460 2531/3281/2460
f 2510/3259/2461 2509/3258/2461 2524/3282/2461 2525/3286/2461
f 2503/3261/2462 2502/3260/2462 2517/3284/2462 2518/3287/2462
f 2511/3262/2463 2510/3259/2463 2525/3286/2463 2526/3288/2463
f 2504/3263/2464 2503/3261/2464 2518/3287/2464 2519/3289/2464
f 2512/3264/2465 2511/3262/2465 2526/3288/2465 2527/3290/2465
f 2505/3265/2466 2504/3263/2466 2519/3289/2466 2520/3291/2466
f 2513/3266/2467 2512/3264/2467 2527/3290/2467 2528/3275/2467
f 2506/3267/2468 2505/3265/2468 2520/3291/2468 2521/3277/2468
f 2518/3287/2469 2517/3284/2469 2532/3292/2469 2533/3293/2469
f 2526/3288/2470 2525/3286/2470 2540/3294/2470 2541/3295/2470
f 2519/3289/2471 2518/3287/2471 2533/3293/2471 2534/3296/2471
f 2527/3290/2472 2526/3288/2472 2541/3295/2472 2542/3297/2472
f 2520/3291/2473 2519/3289/2473 2534/3296/2473 2535/3298/2473
f 2528/3275/2474 2527/3290/2474 2542/3297/2474 2543/3299/2474
f 2521/3277/2475 2520/3291/2475 2535/3298/2475 2536/3300/2475
f 2529/3276/2476 2528/3275/2476 2543/3299/2476 2544/3301/2476
f 2522/3278/2477 2521/3277/2477 2536/3300/2477 2537/3302/2477
f 2530/3279/2478 2529/3276/2478 2544/3301/2478 2545/3303/2478
f 2523/3280/2479 2522/3278/2479 2537/3302/2479 2538/3304/2479
f 2531/3281/2480 2530/3279/2480 2545/3303/2480 2546/3305/2480
f 2524/3282/2481 2523/3280/2481 2538/3304/2481 2539/3306/2481
f 2517/3284/2482 2426/3307/2482 2532/3292/2482
f 2652/3308/2483 2531/3281/2483 2546/3305/2483
f 2525/3286/2484 2524/3282/2484 2539/3306/2484 2540/3294/2484
f 2537/3302/2485 2536/3300/2485 2551/3309/2485 2552/3310/2485
f 2545/3303/2486 2544/3301/2486 2559/3311/2486 2560/3312/2486
f 2538/3304/2487 2537/3302/2487 2552/3310/2487 2553/3313/2487
f 2546/3305/2488 2545/3303/2488 2560/3312/2488 2561/3314/2488
f 2539/3306/2489 2538/3304/2489 2553/3313/2489 2554/3315/2489
f 2532/3292/2490 2426/3316/2490 2547/3317/2490
f 2652/3318/2491 2546/3305/2491 2561/3314/2491
f 2540/3294/2492 2539/3306/2492 2554/3315/2492 2555/3319/2492
f 2533/3293/2493 2532/3292/2493 2547/3317/2493 2548/3320/2493
f 2541/3295/2494 2540/3294/2494 2555/3319/2494 2556/3321/2494
f 2534/3296/2495 2533/3293/2495 2548/3320/2495 2549/3322/2495
f 2542/3297/2496 2541/3295/2496 2556/3321/2496 2557/3323/2496
f 2535/3298/2497 2534/3296/2497 2549/3322/2497 2550/3324/2497
f 2543/3299/2498 2542/3297/2498 2557/3323/2498 2558/3325/2498
f 2536/3300/2499 2535/3298/2499 2550/3324/2499 2551/3309/2499
f 2544/3301/2500 2543/3299/2500 2558/3325/2500 2559/3311/2500
f 2556/3321/2501 2555/3319/2501 2570/3326/2501 2571/3327/2501
f 2549/3322/2502 2548/3320/2502 2563/3328/2502 2564/3329/2502
f 2557/3323/2503 2556/3321/2503 2571/3327/2503 2572/3330/2503
f 2550/3324/2504 2549/3322/2504 2564/3329/2504 2565/3331/2504
f 2558/3325/2505 2557/3323/2505 2572/3330/2505 2573/3332/2505
f 2551/3309/2506 2550/3324/2506 2565/3331/2506 2566/3333/2506
f 2559/3311/2507 2558/3325/2507 2573/3332/2507 2574/3334/2507
f 2552/3310/2508 2551/3309/2508 2566/3333/2508 2567/3335/2508
f 2560/3312/2509 2559/3311/2509 2574/3334/2509 2575/3336/2509
f 2553/3313/2510 2552/3310/2510 2567/3335/2510 2568/3337/2510
f 2561/3314/2511 2560/3312/2511 2575/3336/2511 2576/3338/2511
f 2554/3315/2512 2553/3313/2512 2568/3337/2512 2569/3339/2512
f 2547/3317/2513 2426/3340/2513 2562/3341/2513
f 2652/3342/2514 2561/3314/2514 2576/3338/2514
f 2555/3319/2515 2554/3315/2515 2569/3339/2515 2570/3326/2515
f 2548/3320/2516 2547/3317/2516 2562/3341/2516 2563/3328/2516
f 2575/3336/2517 2574/3334/2517 2589/3343/2517 2590/3344/2517
f 2568/3337/2518 2567/3335/2518 2582/3345/2518 2583/3346/2518
f 2576/3338/2519 2575/3336/2519 2590/3344/2519 2591/3347/2519
f 2569/3339/2520 2568/3337/2520 2583/3346/2520 2584/3348/2520
f 2562/3341/2521 2426/3349/2521 2577/3350/2521
f 2652/3351/2522 2576/3338/2522 2591/3347/2522
f 2570/3326/2523 2569/3339/2523 2584/3348/2523 2585/3352/2523
f 2563/3328/2524 2562/3341/2524 2577/3350/2524 2578/3353/2524
f 2571/3327/2525 2570/3326/2525 2585/3352/2525 2586/3354/2525
f 2564/3329/2526 2563/3328/2526 2578/3353/2526 2579/3355/2526
f 2572/3330/2527 2571/3327/2527 2586/3354/2527 2587/3356/2527
f 2565/3331/2528 2564/3329/2528 2579/3355/2528 2580/3357/2528
f 2573/3332/2529 2572/3330/2529 2587/3356/2529 2588/3358/2529
f 2566/3333/2530 2565/3331/2530 2580/3357/2530 2581/3359/2530
f 2574/3334/2531 2573/3332/2531 2588/3358/2531 2589/3343/2531
f 2567/3335/2532 2566/3333/2532 2581/3359/2532 2582/3345/2532
f 2587/3356/2533 2586/3354/2533 2601/3360/2533 2602/3361/2533
f 2580/3357/2534 2579/3355/2534 2594/3362/2534 2595/3363/2534
f 2588/3358/2535 2587/3356/2535 2602/3361/2535 2603/3364/2535
f 2581/3359/2536 2580/3357/2536 2595/3363/2536 2596/3365/2536
f 2589/3343/2537 2588/3358/2537 2603/3364/2537 2604/3366/2537
f 2582/3345/2538 2581/3359/2538 2596/3365/2538 2597/3367/2538
f 2590/3344/2539 2589/3343/2539 2604/3366/2539 2605/3368/2539
f 2583/3346/2540 2582/3345/2540 2597/3367/2540 2598/3369/2540
f 2591/3347/2541 2590/3344/2541 2605/3368/2541 2606/3370/2541
f 2584/3348/2542 2583/3346/2542 2598/3369/2542 2599/3371/2542
f 2577/3350/2543 2426/3372/2543 2592/3373/2543
f 2652/3374/2544 2591/3347/2544 2606/3370/2544
f 2585/3352/2545 2584/3348/2545 2599/3371/2545 2600/3375/2545
f 2578/3353/2546 2577/3350/2546 2592/3373/2546 2593/3376/2546
f 2586/3354/2547 2585/3352/2547 2600/3375/2547 2601/3360/2547
f 2579/3355/2548 2578/3353/2548 2593/3376/2548 2594/3362/2548
f 2606/3370/2549 2605/3368/2549 2620/3377/2549 2621/3378/2549
f 2599/3371/2550 2598/3369/2550 2613/3379/2550 2614/3380/2550
f 2592/3373/2551 2426/3381/2551 2607/3382/2551
f 2652/3383/2552 2606/3370/2552 2621/3378/2552
f 2600/3375/2553 2599/3371/2553 2614/3380/2553 2615/3384/2553
f 2593/3376/2554 2592/3373/2554 2607/3382/2554 2608/3385/2554
f 2601/3360/2555 2600/3375/2555 2615/3384/2555 2616/3386/2555
f 2594/3362/2556 2593/3376/2556 2608/3385/2556 2609/3387/2556
f 2602/3361/2557 2601/3360/2557 2616/3386/2557 2617/3388/2557
f 2595/3363/2558 2594/3362/2558 2609/3387/2558 2610/3389/2558
f 2603/3364/2559 2602/3361/2559 2617/3388/2559 2618/3390/2559
f 2596/3365/2560 2595/3363/2560 2610/3389/2560 2611/3391/2560
f 2604/3366/2561 2603/3364/2561 2618/3390/2561 2619/3392/2561
f 2597/3367/2562 2596/3365/2562 2611/3391/2562 2612/3393/2562
f 2605/3368/2563 2604/3366/2563 2619/3392/2563 2620/3377/2563
f 2598/3369/2564 2597/3367/2564 2612/3393/2564 2613/3379/2564
f 2610/3389/2565 2609/3387/2565 2624/3394/2565 2625/3395/2565
f 2618/3390/2566 2617/3388/2566 2632/3396/2566 2633/3397/2566
f 2611/3391/2567 2610/3389/2567 2625/3395/2567 2626/3398/2567
f 2619/3392/2568 2618/3390/2568 2633/3397/2568 2634/3399/2568
f 2612/3393/2569 2611/3391/2569 2626/3398/2569 2627/3400/2569
f 2620/3377/2570 2619/3392/2570 2634/3399/2570 2635/3401/2570
f 2613/3379/2571 2612/3393/2571 2627/3400/2571 2628/3402/2571
f 2621/3378/2572 2620/3377/2572 2635/3401/2572 2636/3403/2572
f 2614/3380/2573 2613/3379/2573 2628/3402/2573 2629/3404/2573
f 2607/3382/2574 2426/3405/2574 2622/3406/2574
f 2652/3407/2575 2621/3378/2575 2636/3403/2575
f 2615/3384/2576 2614/3380/2576 2629/3404/2576 2630/3408/2576
f 2608/3385/2577 2607/3382/2577 2622/3406/2577 2623/3409/2577
f 2616/3386/2578 2615/3384/2578 2630/3408/2578 2631/3410/2578
f 2609/3387/2579 2608/3385/2579 2623/3409/2579 2624/3394/2579
f 2617/3388/2580 2616/3386/2580 2631/3410/2580 2632/3396/2580
f 2629/3404/2581 2628/3402/2581 2643/3411/2581 2644/3412/2581
f 2622/3406/2582 2426/3413/2582 2637/3414/2582
f 2652/3415/2583 2636/3403/2583 2651/3416/2583
f 2630/3408/2584 2629/3404/2584 2644/3412/2584 2645/3417/2584
f 2623/3409/2585 2622/3406/2585 2637/3414/2585 2638/3418/2585
f 2631/3410/2586 2630/3408/2586 2645/3417/2586 2646/3419/2586
f 2624/3394/2587 2623/3409/2587 2638/3418/2587 2639/3420/2587
f 2632/3396/2588 2631/3410/2588 2646/3419/2588 2647/3421/2588
f 2625/3395/2589 2624/3394/2589 2639/3420/2589 2640/3422/2589
f 2633/3397/2590 2632/3396/2590 2647/3421/2590 2648/3423/2590
f 2626/3398/2591 2625/3395/2591 2640/3422/2591 2641/3424/2591
f 2634/3399/2592 2633/3397/2592 2648/3423/2592 2649/3425/2592
f 2627/3400/2593 2626/3398/2593 2641/3424/2593 2642/3426/2593
f 2635/3401/2594 2634/3399/2594 2649/3425/2594 2650/3427/2594
f 2628/3402/2595 2627/3400/2595 2642/3426/2595 2643/3411/2595
f 2636/3403/2596 2635/3401/2596 2650/3427/2596 2651/3416/2596
f 2648/3423/2597 2647/3421/2597 2663/3428/2597 2664/3429/2597
f 2641/3424/2598 2640/3422/2598 2656/3430/2598 2657/3431/2598
f 2649/3425/2599 2648/3423/2599 2664/3429/2599 2665/3432/2599
f 2642/3426/2600 2641/3424/2600 2657/3431/2600 2658/3433/2600
f 2650/3427/2601 2649/3425/2601 2665/3432/2601 2666/3434/2601
f 2643/3411/2602 2642/3426/2602 2658/3433/2602 2659/3435/2602
f 2651/3416/2603 2650/3427/2603 2666/3434/2603 2667/3436/2603
f 2644/3412/2604 2643/3411/2604 2659/3435/2604 2660/3437/2604
f 2637/3414/2605 2426/3438/2605 2653/3439/2605
f 2652/3440/2606 2651/3416/2606 2667/3436/2606
f 2645/3417/2607 2644/3412/2607 2660/3437/2607 2661/3441/2607
f 2638/3418/2608 2637/3414/2608 2653/3439/2608 2654/3442/2608
f 2646/3419/2609 2645/3417/2609 2661/3441/2609 2662/3443/2609
f 2639/3420/2610 2638/3418/2610 2654/3442/2610 2655/3444/2610
f 2647/3421/2611 2646/3419/2611 2662/3443/2611 2663/3428/2611
f 2640/3422/2612 2639/3420/2612 2655/3444/2612 2656/3430/2612
f 2653/3439/2613 2426/3445/2613 2668/3446/2613
f 2652/3447/2614 2667/3436/2614 2682/3448/2614
f 2661/3441/2615 2660/3437/2615 2675/3449/2615 2676/3450/2615
f 2654/3442/2616 2653/3439/2616 2668/3446/2616 2669/3451/2616
f 2662/3443/2617 2661/3441/2617 2676/3450/2617 2677/3452/2617
f 2655/3444/2618 2654/3442/2618 2669/3451/2618 2670/3453/2618
f 2663/3428/2619 2662/3443/2619 2677/3452/2619 2678/3454/2619
f 2656/3430/2620 2655/3444/2620 2670/3453/2620 2671/3455/2620
f 2664/3429/2621 2663/3428/2621 2678/3454/2621 2679/3456/2621
f 2657/3431/2622 2656/3430/2622 2671/3455/2622 2672/3457/2622
f 2665/3432/2623 2664/3429/2623 2679/3456/2623 2680/3458/2623
f 2658/3433/2624 2657/3431/2624 2672/3457/2624 2673/3459/2624
f 2666/3434/2625 2665/3432/2625 2680/3458/2625 2681/3460/2625
f 2659/3435/2626 2658/3433/2626 2673/3459/2626 2674/3461/2626
f 2667/3436/2627 2666/3434/2627 2681/3460/2627 2682/3448/2627
f 2660/3437/2628 2659/3435/2628 2674/3461/2628 2675/3449/2628
f 2672/3457/2629 2671/3455/2629 2686/3462/2629 2687/3463/2629
f 2680/3458/2630 2679/3456/2630 2694/3464/2630 2695/3465/2630
f 2673/3459/2631 2672/3457/2631 2687/3463/2631 2688/3466/2631
f 2681/3460/2632 2680/3458/2632 2695/3465/2632 2696/3467/2632
f 2674/3461/2633 2673/3459/2633 2688/3466/2633 2689/3468/2633
f 2682/3448/2634 2681/3460/2634 2696/3467/2634 2697/3469/2634
f 2675/3449/2635 2674/3461/2635 2689/3468/2635 2690/3470/2635
f 2668/3446/2636 2426/3471/2636 2683/3472/2636
f 2652/3473/2637 2682/3448/2637 2697/3469/2637
f 2676/3450/2638 2675/3449/2638 2690/3470/2638 2691/3474/2638
f 2669/3451/2639 2668/3446/2639 2683/3472/2639 2684/3475/2639
f 2677/3452/2640 2676/3450/2640 2691/3474/2640 2692/3476/2640
f 2670/3453/2641 2669/3451/2641 2684/3475/2641 2685/3477/2641
f 2678/3454/2642 2677/3452/2642 2692/3476/2642 2693/3478/2642
f 2671/3455/2643 2670/3453/2643 2685/3477/2643 2686/3462/2643
f 2679/3456/2644 2678/3454/2644 2693/3478/2644 2694/3464/2644
f 2691/3474/2645 2690/3470/2645 2705/3479/2645 2706/3480/2645
f 2684/3475/2646 2683/3472/2646 2698/3481/2646 2699/3482/2646
f 2692/3476/2647 2691/3474/2647 2706/3480/2647 2707/3483/2647
f 2685/3477/2648 2684/3475/2648 2699/3482/2648 2700/3484/2648
f 2693/3478/2649 2692/3476/2649 2707/3483/2649 2708/3485/2649
f 2686/3462/2650 2685/3477/2650 2700/3484/2650 2701/3486/2650
f 2694/3464/2651 2693/3478/2651 2708/3485/2651 2709/3487/2651
f 2687/3463/2652 2686/3462/2652 2701/3486/2652 2702/3488/2652
f 2695/3465/2653 2694/3464/2653 2709/3487/2653 2710/3489/2653
f 2688/3466/2654 2687/3463/2654 2702/3488/2654 2703/3490/2654
f 2696/3467/2655 2695/3465/2655 2710/3489/2655 2711/3491/2655
f 2689/3468/2656 2688/3466/2656 2703/3490/2656 2704/3492/2656
f 2697/3469/2657 2696/3467/2657 2711/3491/2657 2712/3493/2657
f 2690/3470/2658 2689/3468/2658 2704/3492/2658 2705/3479/2658
f 2683/3472/2659 2426/3494/2659 2698/3481/2659
f 2652/3495/2660 2697/3469/2660 2712/3493/2660
f 2710/3496/2661 2709/3497/2661 2724/3498/2661 2725/3499/2661
f 2703/3500/2662 2702/3501/2662 2717/3502/2662 2718/3503/2662
f 2711/3504/2663 2710/3496/2663 2725/3499/2663 2726/3505/2663
f 2704/3506/2664 2703/3500/2664 2718/3503/2664 2719/3507/2664
f 2712/3508/2665 2711/3504/2665 2726/3505/2665 2727/3509/2665
f 2705/3510/2666 2704/3506/2666 2719/3507/2666 2720/3511/2666
f 2698/3512/2667 2426/3513/2667 2713/3514/2667
f 2652/3515/2668 2712/3508/2668 2727/3509/2668
f 2706/3516/2669 2705/3510/2669 2720/3511/2669 2721/3517/2669
f 2699/3518/2670 2698/3512/2670 2713/3514/2670 2714/3519/2670
f 2707/3520/2671 2706/3516/2671 2721/3517/2671 2722/3521/2671
f 2700/3522/2672 2699/3518/2672 2714/3519/2672 2715/3523/2672
f 2708/3524/2673 2707/3520/2673 2722/3521/2673 2723/3525/2673
f 2701/3526/2674 2700/3522/2674 2715/3523/2674 2716/3527/2674
f 2709/3497/2675 2708/3524/2675 2723/3525/2675 2724/3498/2675
f 2702/3501/2676 2701/3526/2676 2716/3527/2676 2717/3502/2676
f 2722/3521/2677 2721/3517/2677 2736/3528/2677 2737/3529/2677
f 2715/3523/2678 2714/3519/2678 2729/3530/2678 2730/3531/2678
f 2723/3525/2679 2722/3521/2679 2737/3529/2679 2738/3532/2679
f 2716/3527/2680 2715/3523/2680 2730/3531/2680 2731/3533/2680
f 2724/3498/2681 2723/3525/2681 2738/3532/2681 2739/3534/2681
f 2717/3502/2682 2716/3527/2682 2731/3533/2682 2732/3535/2682
f 2725/3499/2683 2724/3498/2683 2739/3534/2683 2740/3536/2683
f 2718/3503/2684 2717/3502/2684 2732/3535/2684 2733/3537/2684
f 2726/3505/2685 2725/3499/2685 2740/3536/2685 2741/3538/2685
f 2719/3507/2686 2718/3503/2686 2733/3537/2686 2734/3539/2686
f 2727/3509/2687 2726/3505/2687 2741/3538/2687 2742/3540/2687
f 2720/3511/2688 2719/3507/2688 2734/3539/2688 2735/3541/2688
f 2713/3514/2689 2426/3542/2689 2728/3543/2689
f 2652/3544/2690 2727/3509/2690 2742/3540/2690
f 2721/3517/2691 2720/3511/2691 2735/3541/2691 2736/3528/2691
f 2714/3519/2692 2713/3514/2692 2728/3543/2692 2729/3530/2692
f 2741/3538/2693 2740/3536/2693 2755/3545/2693 2756/3546/2693
f 2734/3539/2694 2733/3537/2694 2748/3547/2694 2749/3548/2694
f 2742/3540/2695 2741/3538/2695 2756/3546/2695 2757/3549/2695
f 2735/3541/2696 2734/3539/2696 2749/3548/2696 2750/3550/2696
f 2728/3543/2697 2426/3551/2697 2743/3552/2697
f 2652/3553/2698 2742/3540/2698 2757/3549/2698
f 2736/3528/2699 2735/3541/2699 2750/3550/2699 2751/3554/2699
f 2729/3530/2700 2728/3543/2700 2743/3552/2700 2744/3555/2700
f 2737/3529/2701 2736/3528/2701 2751/3554/2701 2752/3556/2701
f 2730/3531/2702 2729/3530/2702 2744/3555/2702 2745/3557/2702
f 2738/3532/2703 2737/3529/2703 2752/3556/2703 2753/3558/2703
f 2731/3533/2704 2730/3531/2704 2745/3557/2704 2746/3559/2704
f 2739/3534/2705 2738/3532/2705 2753/3558/2705 2754/3560/2705
f 2732/3535/2706 2731/3533/2706 2746/3559/2706 2747/3561/2706
f 2740/3536/2707 2739/3534/2707 2754/3560/2707 2755/3545/2707
f 2733/3537/2708 2732/3535/2708 2747/3561/2708 2748/3547/2708
f 2745/3557/2709 2744/3555/2709 2759/3562/2709 2760/3563/2709
f 2753/3558/2710 2752/3556/2710 2767/3564/2710 2768/3565/2710
f 2746/3559/2711 2745/3557/2711 2760/3563/2711 2761/3566/2711
f 2754/3560/2712 2753/3558/2712 2768/3565/2712 2769/3567/2712
f 2747/3561/2713 2746/3559/2713 2761/3566/2713 2762/3568/2713
f 2755/3545/2714 2754/3560/2714 2769/3567/2714 2770/3569/2714
f 2748/3547/2715 2747/3561/2715 2762/3568/2715 2763/3570/2715
f 2756/3546/2716 2755/3545/2716 2770/3569/2716 2771/3571/2716
f 2749/3548/2717 2748/3547/2717 2763/3570/2717 2764/3572/2717
f 2757/3549/2718 2756/3546/2718 2771/3571/2718 2772/3573/2718
f 2750/3550/2719 2749/3548/2719 2764/3572/2719 2765/3574/2719
f 2743/3552/2720 2426/3575/2720 2758/3576/2720
f 2652/3577/2721 2757/3549/2721 2772/3573/2721
f 2751/3554/2722 2750/3550/2722 2765/3574/2722 2766/3578/2722
f 2744/3555/2723 2743/3552/2723 2758/3576/2723 2759/3562/2723
f 2752/3556/2724 2751/3554/2724 2766/3578/2724 2767/3564/2724
f 2764/3572/2725 2763/3570/2725 2778/3579/2725 2779/3580/2725
f 2772/3573/2726 2771/3571/2726 2786/3581/2726 2787/3582/2726
f 2765/3574/2727 2764/3572/2727 2779/3580/2727 2780/3583/2727
f 2758/3576/2728 2426/3584/2728 2773/3585/2728
f 2652/3586/2729 2772/3573/2729 2787/3582/2729
f 2766/3578/2730 2765/3574/2730 2780/3583/2730 2781/3587/2730
f 2759/3562/2731 2758/3576/2731 2773/3585/2731 2774/3588/2731
f 2767/3564/2732 2766/3578/2732 2781/3587/2732 2782/3589/2732
f 2760/3563/2733 2759/3562/2733 2774/3588/2733 2775/3590/2733
f 2768/3565/2734 2767/3564/2734 2782/3589/2734 2783/3591/2734
f 2761/3566/2735 2760/3563/2735 2775/3590/2735 2776/3592/2735
f 2769/3567/2736 2768/3565/2736 2783/3591/2736 2784/3593/2736
f 2762/3568/2737 2761/3566/2737 2776/3592/2737 2777/3594/2737
f 2770/3569/2738 2769/3567/2738 2784/3593/2738 2785/3595/2738
f 2763/3570/2739 2762/3568/2739 2777/3594/2739 2778/3579/2739
f 2771/3571/2740 2770/3569/2740 2785/3595/2740 2786/3581/2740
f 2783/3591/2741 2782/3589/2741 2797/3596/2741 2798/3597/2741
f 2776/3592/2742 2775/3590/2742 2790/3598/2742 2791/3599/2742
f 2784/3593/2743 2783/3591/2743 2798/3597/2743 2799/3600/2743
f 2777/3594/2744 2776/3592/2744 2791/3599/2744 2792/3601/2744
f 2785/3595/2745 2784/3593/2745 2799/3600/2745 2800/3602/2745
f 2778/3579/2746 2777/3594/2746 2792/3601/2746 2793/3603/2746
f 2786/3581/2747 2785/3595/2747 2800/3602/2747 2801/3604/2747
f 2779/3580/2748 2778/3579/2748 2793/3603/2748 2794/3605/2748
f 2787/3582/2749 2786/3581/2749 2801/3604/2749 2802/3606/2749
f 2780/3583/2750 2779/3580/2750 2794/3605/2750 2795/3607/2750
f 2773/3585/2751 2426/3608/2751 2788/3609/2751
f 2652/3610/2752 2787/3582/2752 2802/3606/2752
f 2781/3587/2753 2780/3583/2753 2795/3607/2753 2796/3611/2753
f 2774/3588/2754 2773/3585/2754 2788/3609/2754 2789/3612/2754
f 2782/3589/2755 2781/3587/2755 2796/3611/2755 2797/3596/2755
f 2775/3590/2756 2774/3588/2756 2789/3612/2756 2790/3598/2756
f 2802/3606/2757 2801/3604/2757 2816/3613/2757 2817/3614/2757
f 2795/3607/2758 2794/3605/2758 2809/3615/2758 2810/3616/2758
f 2788/3609/2759 2426/3617/2759 2803/3618/2759
f 2652/3619/2760 2802/3606/2760 2817/3614/2760
f 2796/3611/2761 2795/3607/2761 2810/3616/2761 2811/3620/2761
f 2789/3612/2762 2788/3609/2762 2803/3618/2762 2804/3621/2762
f 2797/3596/2763 2796/3611/2763 2811/3620/2763 2812/3622/2763
f 2790/3598/2764 2789/3612/2764 2804/3621/2764 2805/3623/2764
f 2798/3597/2765 2797/3596/2765 2812/3622/2765 2813/3624/2765
f 2791/3599/2766 2790/3598/2766 2805/3623/2766 2806/3625/2766
f 2799/3600/2767 2798/3597/2767 2813/3624/2767 2814/3626/2767
f 2792/3601/2768 2791/3599/2768 2806/3625/2768 2807/3627/2768
f 2800/3602/2769 2799/3600/2769 2814/3626/2769 2815/3628/2769
f 2793/3603/2770 2792/3601/2770 2807/3627/2770 2808/3629/2770
f 2801/3604/2771 2800/3602/2771 2815/3628/2771 2816/3613/2771
f 2794/3605/2772 2793/3603/2772 2808/3629/2772 2809/3615/2772
f 2806/3625/2773 2805/3623/2773 2345/3078/2773 2820/3077/2773
f 2814/3626/2774 2813/3624/2774 2350/3073/2774 2823/3081/2774
f 2807/3627/2775 2806/3625/2775 2820/3077/2775 2346/3083/2775
f 2815/3628/2776 2814/3626/2776 2823/3081/2776 2824/3085/2776
f 2808/3629/2777 2807/3627/2777 2346/3083/2777 2821/3087/2777
f 2816/3613/2778 2815/3628/2778 2824/3085/2778 2825/3089/2778
f 2809/3615/2779 2808/3629/2779 2821/3087/2779 2347/3091/2779
f 2817/3614/2780 2816/3613/2780 2825/3089/2780 2826/3093/2780
f 2810/3616/2781 2809/3615/2781 2347/3091/2781 2348/3095/2781
f 2803/3618/2782 2426/3630/2782 2818/3097/2782
f 2652/3631/2783 2817/3614/2783 2826/3093/2783
f 2811/3620/2784 2810/3616/2784 2348/3095/2784 2349/3101/2784
f 2804/3621/2785 2803/3618/2785 2818/3097/2785 2819/3103/2785
f 2812/3622/2786 2811/3620/2786 2349/3101/2786 2822/3074/2786
f 2805/3623/2787 2804/3621/2787 2819/3103/2787 2345/3078/2787
f 2813/3624/2788 2812/3622/2788 2822/3074/2788 2350/3073/2788
o Sphere.005
v -0.416664 1.193186 3.603908
v -0.375280 1.151801 3.603908
v -0.352882 1.097729 3.603908
v -0.350000 1.068466 3.603908
v -0.352882 1.039202 3.603908
v -0.375280 0.985130 3.603908
v -0.471299 1.215584 3.609617
v -0.443700 1.207048 3.615106
v -0.418266 1.193186 3.620166
v -0.395972 1.174532 3.624600
v -0.377676 1.151801 3.628239
v -0.364081 1.125868 3.630944
v -0.355709 1.097729 3.632609
v -0.352882 1.068466 3.633171
v -0.355709 1.039202 3.632609
v -0.364081 1.011063 3.630944
v -0.377676 0.985130 3.628239
v -0.395972 0.962400 3.624600
v -0.418266 0.943745 3.620166
v -0.443700 0.929884 3.615106
v -0.471299 0.921348 3.609617
v -0.472964 1.215584 3.615106
v -0.446967 1.207048 3.625875
v -0.423008 1.193186 3.635799
v -0.402008 1.174532 3.644497
v -0.384773 1.151801 3.651636
v -0.371967 1.125868 3.656941
v -0.364081 1.097729 3.660207
v -0.361418 1.068466 3.661310
v -0.364081 1.039202 3.660207
v -0.371967 1.011063 3.656941
v -0.384773 0.985130 3.651636
v -0.402008 0.962400 3.644497
v -0.423008 0.943745 3.635799
v -0.446967 0.929884 3.625875
v -0.472964 0.921348 3.615106
v -0.475668 1.215584 3.620166
v -0.452272 1.207048 3.635799
v -0.430709 1.193186 3.650206
v -0.411809 1.174532 3.662835
v -0.396299 1.151801 3.673198
v -0.384773 1.125868 3.680900
v -0.377676 1.097729 3.685642
v -0.375280 1.068466 3.687243
v -0.377676 1.039202 3.685642
v -0.384773 1.011063 3.680900
v -0.396299 0.985130 3.673198
v -0.411809 0.962400 3.662835
v -0.430709 0.943745 3.650206
v -0.452272 0.929884 3.635799
v -0.475668 0.921348 3.620166
v -0.479308 1.215584 3.624600
v -0.459410 1.207048 3.644497
v -0.441073 1.193186 3.662835
v -0.425000 1.174532 3.678908
v -0.411809 1.151801 3.692098
v -0.402008 1.125868 3.701900
v -0.395972 1.097729 3.707936
v -0.393934 1.068466 3.709974
v -0.395972 1.039202 3.707936
v -0.402008 1.011063 3.701900
v -0.411809 0.985130 3.692098
v -0.425000 0.962400 3.678908
v -0.441073 0.943745 3.662835
v -0.459410 0.929884 3.644497
v -0.479308 0.921348 3.624600
v -0.483742 1.215584 3.628239
v -0.468109 1.207048 3.651636
v -0.453701 1.193186 3.673198
v -0.441073 1.174532 3.692098
v -0.430709 1.151801 3.707609
v -0.423008 1.125868 3.719134
v -0.418266 1.097729 3.726232
v -0.416664 1.068466 3.728628
v -0.418266 1.039202 3.726232
v -0.423008 1.011063 3.719134
v -0.430709 0.985130 3.707609
v -0.441073 0.962400 3.692098
v -0.453701 0.943745 3.673198
v -0.468109 0.929884 3.651636
v -0.483742 0.921348 3.628239
v -0.500000 1.218466 3.603908
v -0.488801 1.215584 3.630944
v -0.478033 1.207048 3.656941
v -0.468109 1.193186 3.680900
v -0.459410 1.174532 3.701900
v -0.452272 1.151801 3.719134
v -0.446967 1.125868 3.731941
v -0.443700 1.097729 3.739827
v -0.442598 1.068466 3.742490
v -0.443700 1.039202 3.739827
v -0.446967 1.011063 3.731941
v -0.452272 0.985130 3.719134
v -0.459410 0.962400 3.701900
v -0.468109 0.943745 3.680900
v -0.478033 0.929884 3.656941
v -0.488801 0.921348 3.630944
v -0.494291 1.215584 3.632609
v -0.488801 1.207048 3.660207
v -0.483742 1.193186 3.685642
v -0.479308 1.174532 3.707936
v -0.475668 1.151801 3.726232
v -0.472964 1.125868 3.739827
v -0.471299 1.097729 3.748199
v -0.470736 1.068466 3.751025
v -0.471299 1.039202 3.748199
v -0.472964 1.011063 3.739827
v -0.475668 0.985130 3.726232
v -0.479308 0.962400 3.707936
v -0.483742 0.943745 3.685642
v -0.488801 0.929884 3.660207
v -0.494291 0.921348 3.632609
v -0.500000 1.215584 3.633171
v -0.500000 1.207048 3.661310
v -0.500000 1.193186 3.687243
v -0.500000 1.174532 3.709974
v -0.500000 1.151801 3.728628
v -0.500000 1.125868 3.742490
v -0.500000 1.097729 3.751025
v -0.500000 1.068466 3.753907
v -0.500000 1.039202 3.751025
v -0.500000 1.011063 3.742490
v -0.500000 0.985130 3.728628
v -0.500000 0.962400 3.709974
v -0.500000 0.943745 3.687243
v -0.500000 0.929884 3.661310
v -0.500000 0.921348 3.633171
v -0.505709 1.215584 3.632609
v -0.511199 1.207048 3.660207
v -0.516258 1.193186 3.685642
v -0.520692 1.174532 3.707936
v -0.524332 1.151801 3.726232
v -0.527036 1.125868 3.739827
v -0.528701 1.097729 3.748199
v -0.529264 1.068466 3.751025
v -0.528701 1.039202 3.748199
v -0.527036 1.011063 3.739827
v -0.524332 0.985130 3.726232
v -0.520692 0.962400 3.707936
v -0.516258 0.943745 3.685642
v -0.511199 0.929884 3.660207
v -0.505709 0.921348 3.632609
v -0.511199 1.215584 3.630944
v -0.521967 1.207048 3.656941
v -0.531891 1.193186 3.680900
v -0.540590 1.174532 3.701900
v -0.547728 1.151801 3.719134
v -0.553033 1.125868 3.731941
v -0.556300 1.097729 3.739827
v -0.557402 1.068466 3.742489
v -0.556300 1.039202 3.739827
v -0.553033 1.011063 3.731941
v -0.547728 0.985130 3.719134
v -0.540590 0.962400 3.701900
v -0.531891 0.943745 3.680900
v -0.521967 0.929884 3.656941
v -0.511199 0.921348 3.630944
v -0.516258 1.215584 3.628239
v -0.531891 1.207048 3.651636
v -0.546299 1.193186 3.673198
v -0.558927 1.174532 3.692098
v -0.569291 1.151801 3.707609
v -0.576992 1.125868 3.719134
v -0.581734 1.097729 3.726232
v -0.583336 1.068466 3.728628
v -0.581734 1.039202 3.726232
v -0.576992 1.011063 3.719134
v -0.569291 0.985130 3.707609
v -0.558927 0.962400 3.692098
v -0.546299 0.943745 3.673198
v -0.531891 0.929884 3.651636
v -0.516258 0.921348 3.628239
v -0.520692 1.215584 3.624600
v -0.540590 1.207048 3.644497
v -0.558927 1.193186 3.662835
v -0.575000 1.174532 3.678908
v -0.588191 1.151801 3.692098
v -0.597992 1.125868 3.701900
v -0.604028 1.097729 3.707936
v -0.606066 1.068466 3.709974
v -0.604028 1.039202 3.707936
v -0.597992 1.011063 3.701900
v -0.588191 0.985130 3.692098
v -0.575000 0.962400 3.678908
v -0.558927 0.943745 3.662835
v -0.540590 0.929884 3.644497
v -0.520692 0.921348 3.624600
v -0.524332 1.215584 3.620166
v -0.547728 1.207048 3.635799
v -0.569291 1.193186 3.650206
v -0.588191 1.174532 3.662835
v -0.603701 1.151801 3.673198
v -0.615227 1.125868 3.680900
v -0.622324 1.097729 3.685642
v -0.624720 1.068466 3.687243
v -0.622324 1.039202 3.685642
v -0.615227 1.011063 3.680900
v -0.603701 0.985130 3.673198
v -0.588191 0.962400 3.662835
v -0.569291 0.943745 3.650206
v -0.547728 0.929884 3.635799
v -0.524332 0.921348 3.620166
v -0.527036 1.215584 3.615106
v -0.553033 1.207048 3.625875
v -0.576992 1.193186 3.635799
v -0.597992 1.174532 3.644497
v -0.615227 1.151801 3.651636
v -0.628033 1.125868 3.656941
v -0.635919 1.097729 3.660207
v -0.638582 1.068466 3.661310
v -0.635919 1.039202 3.660207
v -0.628033 1.011063 3.656941
v -0.615227 0.985130 3.651636
v -0.597992 0.962400 3.644497
v -0.576992 0.943745 3.635799
v -0.553033 0.929884 3.625875
v -0.527036 0.921348 3.615106
v -0.528701 1.215584 3.609617
v -0.556300 1.207048 3.615106
v -0.581734 1.193186 3.620166
v -0.604028 1.174532 3.624600
v -0.622324 1.151801 3.628239
v -0.635919 1.125868 3.630944
v -0.644291 1.097729 3.632609
v -0.647118 1.068466 3.633171
v -0.644291 1.039202 3.632609
v -0.635919 1.011063 3.630944
v -0.622324 0.985130 3.628239
v -0.604028 0.962400 3.624600
v -0.581734 0.943745 3.620166
v -0.556300 0.929884 3.615106
v -0.528701 0.921348 3.609617
v -0.529264 1.215584 3.603908
v -0.557402 1.207048 3.603908
v -0.583336 1.193186 3.603908
v -0.606066 1.174532 3.603908
v -0.624720 1.151801 3.603908
v -0.638582 1.125868 3.603908
v -0.647118 1.097729 3.603908
v -0.650000 1.068466 3.603908
v -0.647118 1.039202 3.603908
v -0.638582 1.011063 3.603908
v -0.624720 0.985130 3.603908
v -0.606066 0.962400 3.603908
v -0.583336 0.943745 3.603908
v -0.557402 0.929884 3.603908
v -0.529264 0.921348 3.603908
v -0.528701 1.215584 3.598199
v -0.556300 1.207048 3.592709
v -0.581734 1.193186 3.587650
v -0.604028 1.174532 3.583215
v -0.622324 1.151801 3.579576
v -0.635919 1.125868 3.576872
v -0.644291 1.097729 3.575206
v -0.647118 1.068466 3.574644
v -0.644291 1.039202 3.575206
v -0.635919 1.011063 3.576872
v -0.622324 0.985130 3.579576
v -0.604028 0.962400 3.583215
v -0.581734 0.943745 3.587650
v -0.556300 0.929884 3.592709
v -0.528701 0.921348 3.598199
v -0.527036 1.215584 3.592709
v -0.553033 1.207048 3.581941
v -0.576992 1.193186 3.572016
v -0.597992 1.174532 3.563318
v -0.615227 1.151801 3.556179
v -0.628033 1.125868 3.550875
v -0.635919 1.097729 3.547608
v -0.638582 1.068466 3.546505
v -0.635919 1.039202 3.547608
v -0.628033 1.011063 3.550875
v -0.615227 0.985130 3.556179
v -0.597992 0.962400 3.563318
v -0.576992 0.943745 3.572016
v -0.553033 0.929884 3.581941
v -0.527036 0.921348 3.592709
v -0.524332 1.215584 3.587650
v -0.547728 1.207048 3.572016
v -0.569291 1.193186 3.557609
v -0.588191 1.174532 3.544981
v -0.603701 1.151801 3.534617
v -0.615227 1.125868 3.526916
v -0.622324 1.097729 3.522173
v -0.624720 1.068466 3.520572
v -0.622324 1.039202 3.522173
v -0.615227 1.011063 3.526916
v -0.603701 0.985130 3.534617
v -0.588191 0.962400 3.544981
v -0.569291 0.943745 3.557609
v -0.547728 0.929884 3.572016
v -0.524332 0.921348 3.587650
v -0.520692 1.215584 3.583215
v -0.540590 1.207048 3.563318
v -0.558927 1.193186 3.544981
v -0.575000 1.174532 3.528908
v -0.588191 1.151801 3.515717
v -0.597992 1.125868 3.505915
v -0.604028 1.097729 3.499880
v -0.606066 1.068466 3.497842
v -0.604028 1.039202 3.499880
v -0.597992 1.011063 3.505915
v -0.588191 0.985130 3.515717
v -0.575000 0.962400 3.528908
v -0.558927 0.943745 3.544981
v -0.540590 0.929884 3.563318
v -0.520692 0.921348 3.583215
v -0.500000 0.918466 3.603908
v -0.516258 1.215584 3.579576
v -0.531891 1.207048 3.556179
v -0.546299 1.193186 3.534617
v -0.558927 1.174532 3.515717
v -0.569291 1.151801 3.500206
v -0.576992 1.125868 3.488681
v -0.581734 1.097729 3.481584
v -0.583335 1.068466 3.479187
v -0.581734 1.039202 3.481584
v -0.576992 1.011063 3.488681
v -0.569291 0.985130 3.500206
v -0.558927 0.962400 3.515717
v -0.546299 0.943745 3.534617
v -0.531891 0.929884 3.556179
v -0.516258 0.921348 3.579576
v -0.511199 1.215584 3.576872
v -0.521967 1.207048 3.550875
v -0.531891 1.193186 3.526916
v -0.540590 1.174532 3.505915
v -0.547728 1.151801 3.488681
v -0.553033 1.125868 3.475875
v -0.556300 1.097729 3.467988
v -0.557402 1.068466 3.465326
v -0.556300 1.039202 3.467988
v -0.553033 1.011063 3.475875
v -0.547728 0.985130 3.488681
v -0.540590 0.962400 3.505915
v -0.531891 0.943745 3.526916
v -0.521967 0.929884 3.550875
v -0.511199 0.921348 3.576872
v -0.505709 1.215584 3.575206
v -0.511199 1.207048 3.547608
v -0.516258 1.193186 3.522173
v -0.520692 1.174532 3.499880
v -0.524332 1.151801 3.481584
v -0.527036 1.125868 3.467988
v -0.528701 1.097729 3.459617
v -0.529263 1.068466 3.456790
v -0.528701 1.039202 3.459617
v -0.527036 1.011063 3.467988
v -0.524332 0.985130 3.481584
v -0.520692 0.962400 3.499880
v -0.516258 0.943745 3.522173
v -0.511199 0.929884 3.547608
v -0.505709 0.921348 3.575206
v -0.500000 1.215584 3.574644
v -0.500000 1.207048 3.546505
v -0.500000 1.193186 3.520572
v -0.500000 1.174532 3.497842
v -0.500000 1.151801 3.479187
v -0.500000 1.125868 3.465326
v -0.500000 1.097729 3.456790
v -0.500000 1.068466 3.453908
v -0.500000 1.039202 3.456790
v -0.500000 1.011063 3.465326
v -0.500000 0.985130 3.479187
v -0.500000 0.962400 3.497842
v -0.500000 0.943745 3.520572
v -0.500000 0.929884 3.546505
v -0.500000 0.921348 3.574644
v -0.494291 1.215584 3.575206
v -0.488801 1.207048 3.547608
v -0.483742 1.193186 3.522173
v -0.479308 1.174532 3.499880
v -0.475668 1.151801 3.481584
v -0.472964 1.125868 3.467988
v -0.471299 1.097729 3.459617
v -0.470736 1.068466 3.456790
v -0.471299 1.039202 3.459617
v -0.472964 1.011063 3.467988
v -0.475668 0.985130 3.481584
v -0.479308 0.962400 3.499880
v -0.483742 0.943745 3.522173
v -0.488801 0.929884 3.547608
v -0.494291 0.921348 3.575206
v -0.488801 1.215584 3.576872
v -0.478033 1.207048 3.550875
v -0.468109 1.193186 3.526916
v -0.459410 1.174532 3.505915
v -0.452272 1.151801 3.488681
v -0.446967 1.125868 3.475875
v -0.443700 1.097729 3.467988
v -0.442597 1.068466 3.465326
v -0.443700 1.039202 3.467988
v -0.446967 1.011063 3.475875
v -0.452272 0.985130 3.488681
v -0.459410 0.962400 3.505915
v -0.468109 0.943745 3.526916
v -0.478033 0.929884 3.550875
v -0.488801 0.921348 3.576872
v -0.483742 1.215584 3.579576
v -0.468109 1.207048 3.556179
v -0.453701 1.193186 3.534617
v -0.441073 1.174532 3.515717
v -0.430709 1.151801 3.500206
v -0.423008 1.125868 3.488681
v -0.418266 1.097729 3.481584
v -0.416664 1.068466 3.479187
v -0.418266 1.039202 3.481584
v -0.423008 1.011063 3.488681
v -0.430709 0.985130 3.500206
v -0.441073 0.962400 3.515717
v -0.453701 0.943745 3.534617
v -0.468109 0.929884 3.556179
v -0.483742 0.921348 3.579576
v -0.479308 1.215584 3.583215
v -0.459410 1.207048 3.563318
v -0.441073 1.193186 3.544981
v -0.425000 1.174532 3.528908
v -0.411809 1.151801 3.515717
v -0.402008 1.125868 3.505915
v -0.395972 1.097729 3.499880
v -0.393934 1.068466 3.497842
v -0.395972 1.039202 3.499880
v -0.402008 1.011063 3.505915
v -0.411809 0.985130 3.515717
v -0.425000 0.962400 3.528908
v -0.441073 0.943745 3.544981
v -0.459410 0.929884 3.563318
v -0.479308 0.921348 3.583215
v -0.475668 1.215584 3.587650
v -0.452272 1.207048 3.572016
v -0.430709 1.193186 3.557609
v -0.411809 1.174532 3.544981
v -0.396299 1.151801 3.534617
v -0.384773 1.125868 3.526916
v -0.377676 1.097729 3.522173
v -0.375280 1.068466 3.520572
v -0.377676 1.039202 3.522173
v -0.384773 1.011063 3.526916
v -0.396299 0.985130 3.534617
v -0.411809 0.962400 3.544981
v -0.430709 0.943745 3.557609
v -0.452272 0.929884 3.572016
v -0.475668 0.921348 3.587650
v -0.472964 1.215584 3.592709
v -0.446967 1.207048 3.581941
v -0.423008 1.193186 3.572016
v -0.402008 1.174532 3.563318
v -0.384773 1.151801 3.556179
v -0.371967 1.125868 3.550875
v -0.364081 1.097729 3.547608
v -0.361418 1.068466 3.546505
v -0.364081 1.039202 3.547608
v -0.371967 1.011063 3.550875
v -0.384773 0.985130 3.556179
v -0.402008 0.962400 3.563318
v -0.423008 0.943745 3.572016
v -0.446967 0.929884 3.581941
v -0.472964 0.921348 3.592709
v -0.471299 1.215584 3.598199
v -0.443700 1.207048 3.592709
v -0.418266 1.193186 3.587650
v -0.395972 1.174532 3.583215
v -0.377676 1.151801 3.579576
v -0.364081 1.125868 3.576872
v -0.355709 1.097729 3.575206
v -0.352882 1.068466 3.574644
v -0.355709 1.039202 3.575206
v -0.364081 1.011063 3.576872
v -0.377676 0.985130 3.579576
v -0.395972 0.962400 3.583215
v -0.418266 0.943745 3.587650
v -0.443700 0.929884 3.592709
v -0.471299 0.921348 3.598199
v -0.470736 1.215584 3.603908
v -0.442598 1.207048 3.603908
v -0.393934 1.174532 3.603908
v -0.361418 1.125868 3.603908
v -0.361418 1.011063 3.603908
v -0.393934 0.962400 3.603908
v -0.416665 0.943745 3.603908
v -0.442598 0.929884 3.603908
v -0.470736 0.921348 3.603908
vn 0.8786 -0.4696 0.0865
vn 0.6332 0.7715 0.0624
vn 0.7708 -0.6326 0.0759
vn 0.7708 0.6326 0.0759
vn 0.6332 -0.7715 0.0624
vn 0.8786 0.4696 0.0865
vn 0.4709 -0.8810 0.0464
vn 0.9527 0.2890 0.0938
vn 0.2902 -0.9565 0.0286
vn 0.9904 0.0975 0.0975
vn 0.0980 0.9951 0.0097
vn 0.0980 -0.9951 0.0097
vn 0.9904 -0.0975 0.0975
vn 0.2902 0.9565 0.0286
vn 0.9527 -0.2890 0.0938
vn 0.4709 0.8810 0.0464
vn 0.9161 -0.2890 0.2779
vn 0.4528 0.8810 0.1374
vn 0.8448 -0.4696 0.2563
vn 0.6088 0.7715 0.1847
vn 0.7412 -0.6326 0.2248
vn 0.7412 0.6326 0.2248
vn 0.6088 -0.7715 0.1847
vn 0.8448 0.4696 0.2563
vn 0.4528 -0.8810 0.1374
vn 0.9161 0.2890 0.2779
vn 0.2790 -0.9565 0.0846
vn 0.9524 0.0976 0.2889
vn 0.0942 0.9951 0.0286
vn 0.0942 -0.9951 0.0286
vn 0.9524 -0.0976 0.2889
vn 0.2790 0.9565 0.0846
vn 0.4173 -0.8810 0.2230
vn 0.8443 0.2890 0.4513
vn 0.2571 -0.9565 0.1374
vn 0.8777 0.0975 0.4691
vn 0.0869 0.9951 0.0464
vn 0.0869 -0.9951 0.0464
vn 0.8777 -0.0975 0.4691
vn 0.2571 0.9565 0.1374
vn 0.8443 -0.2890 0.4513
vn 0.4173 0.8810 0.2230
vn 0.7786 -0.4696 0.4162
vn 0.5611 0.7715 0.2999
vn 0.6831 -0.6326 0.3651
vn 0.6831 0.6326 0.3651
vn 0.5611 -0.7715 0.2999
vn 0.7786 0.4696 0.4162
vn 0.3658 0.8810 0.3002
vn 0.6825 -0.4696 0.5601
vn 0.4918 0.7715 0.4036
vn 0.5987 -0.6326 0.4913
vn 0.5987 0.6326 0.4913
vn 0.4918 -0.7715 0.4036
vn 0.6825 0.4696 0.5601
vn 0.3658 -0.8810 0.3002
vn 0.7400 0.2890 0.6073
vn 0.2254 -0.9565 0.1850
vn 0.7693 0.0975 0.6314
vn 0.0761 0.9951 0.0625
vn 0.0761 -0.9951 0.0625
vn 0.7693 -0.0975 0.6314
vn 0.2254 0.9565 0.1850
vn 0.7400 -0.2890 0.6073
vn 0.6073 0.2890 0.7400
vn 0.1850 -0.9565 0.2254
vn 0.6314 0.0975 0.7693
vn 0.0625 0.9951 0.0761
vn 0.0625 -0.9951 0.0761
vn 0.6314 -0.0975 0.7693
vn 0.1850 0.9565 0.2254
vn 0.6073 -0.2890 0.7400
vn 0.3002 0.8810 0.3658
vn 0.5601 -0.4696 0.6825
vn 0.4036 0.7715 0.4918
vn 0.4913 -0.6326 0.5987
vn 0.4913 0.6326 0.5987
vn 0.4036 -0.7715 0.4918
vn 0.5601 0.4696 0.6825
vn 0.3002 -0.8810 0.3658
vn 0.4162 -0.4696 0.7786
vn 0.2999 0.7715 0.5611
vn 0.3651 -0.6326 0.6831
vn 0.3651 0.6326 0.6831
vn 0.2999 -0.7715 0.5611
vn 0.4162 0.4696 0.7786
vn 0.2230 -0.8810 0.4173
vn 0.4513 0.2890 0.8443
vn 0.1374 -0.9565 0.2571
vn 0.4691 0.0975 0.8777
vn 0.0464 0.9951 0.0869
vn 0.0464 -0.9951 0.0869
vn 0.4691 -0.0975 0.8777
vn 0.1374 0.9565 0.2571
vn 0.4513 -0.2890 0.8443
vn 0.2230 0.8810 0.4173
vn 0.0846 -0.9565 0.2790
vn 0.2889 0.0975 0.9524
vn 0.0286 0.9951 0.0942
vn 0.0286 -0.9951 0.0942
vn 0.2889 -0.0975 0.9524
vn 0.0846 0.9565 0.2790
vn 0.2779 -0.2890 0.9161
vn 0.1374 0.8810 0.4528
vn 0.2563 -0.4696 0.8448
vn 0.1847 0.7715 0.6088
vn 0.2248 -0.6326 0.7412
vn 0.2248 0.6326 0.7412
vn 0.1847 -0.7715 0.6088
vn 0.2563 0.4696 0.8448
vn 0.1374 -0.8810 0.4528
vn 0.2779 0.2890 0.9161
vn 0.0759 -0.6326 0.7708
vn 0.0759 0.6326 0.7708
vn 0.0624 -0.7715 0.6332
vn 0.0865 0.4696 0.8786
vn 0.0464 -0.8810 0.4709
vn 0.0938 0.2890 0.9527
vn 0.0286 -0.9565 0.2902
vn 0.0975 0.0975 0.9904
vn 0.0097 0.9951 0.0980
vn 0.0097 -0.9951 0.0980
vn 0.0975 -0.0975 0.9904
vn 0.0286 0.9565 0.2902
vn 0.0938 -0.2890 0.9527
vn 0.0464 0.8810 0.4709
vn 0.0865 -0.4696 0.8786
vn 0.0624 0.7715 0.6332
vn -0.0097 0.9951 0.0980
vn -0.0097 -0.9951 0.0980
vn -0.0976 -0.0975 0.9904
vn -0.0286 0.9565 0.2902
vn -0.0938 -0.2890 0.9527
vn -0.0464 0.8810 0.4709
vn -0.0865 -0.4696 0.8786
vn -0.0624 0.7715 0.6332
vn -0.0759 -0.6326 0.7708
vn -0.0759 0.6326 0.7708
vn -0.0624 -0.7715 0.6332
vn -0.0865 0.4696 0.8786
vn -0.0464 -0.8810 0.4709
vn -0.0938 0.2890 0.9527
vn -0.0286 -0.9565 0.2902
vn -0.0976 0.0975 0.9904
vn -0.2248 0.6326 0.7412
vn -0.1847 -0.7715 0.6088
vn -0.2563 0.4696 0.8448
vn -0.1374 -0.8810 0.4528
vn -0.2779 0.2890 0.9161
vn -0.0846 -0.9565 0.2790
vn -0.2889 0.0975 0.9524
vn -0.0286 0.9951 0.0942
vn -0.0286 -0.9951 0.0942
vn -0.2889 -0.0975 0.9524
vn -0.0846 0.9565 0.2790
vn -0.2779 -0.2890 0.9161
vn -0.1374 0.8810 0.4528
vn -0.2563 -0.4696 0.8448
vn -0.1847 0.7715 0.6088
vn -0.2248 -0.6326 0.7412
vn -0.4691 -0.0975 0.8777
vn -0.1374 0.9565 0.2571
vn -0.4513 -0.2890 0.8443
vn -0.2230 0.8810 0.4173
vn -0.4162 -0.4696 0.7786
vn -0.2999 0.7715 0.5611
vn -0.3651 -0.6326 0.6831
vn -0.3651 0.6326 0.6831
vn -0.2999 -0.7715 0.5611
vn -0.4162 0.4696 0.7786
vn -0.2230 -0.8810 0.4173
vn -0.4513 0.2890 0.8443
vn -0.1374 -0.9565 0.2571
vn -0.4691 0.0975 0.8777
vn -0.0464 0.9951 0.0869
vn -0.0464 -0.9951 0.0869
vn -0.4036 -0.7715 0.4918
vn -0.5601 0.4696 0.6825
vn -0.3002 -0.8810 0.3658
vn -0.6073 0.2890 0.7400
vn -0.1850 -0.9565 0.2254
vn -0.6314 0.0975 0.7693
vn -0.0625 0.9951 0.0761
vn -0.0625 -0.9951 0.0761
vn -0.6314 -0.0975 0.7693
vn -0.1850 0.9565 0.2254
vn -0.6073 -0.2890 0.7400
vn -0.3002 0.8810 0.3658
vn -0.5601 -0.4696 0.6825
vn -0.4036 0.7715 0.4918
vn -0.4913 -0.6326 0.5987
vn -0.4913 0.6326 0.5987
vn -0.2254 0.9565 0.1850
vn -0.7400 -0.2890 0.6073
vn -0.3658 0.8810 0.3002
vn -0.6825 -0.4696 0.5601
vn -0.4918 0.7715 0.4036
vn -0.5987 -0.6326 0.4913
vn -0.5987 0.6326 0.4913
vn -0.4918 -0.7715 0.4036
vn -0.6825 0.4696 0.5601
vn -0.3658 -0.8810 0.3002
vn -0.7400 0.2890 0.6073
vn -0.2254 -0.9565 0.1850
vn -0.7693 0.0975 0.6314
vn -0.0761 0.9951 0.0625
vn -0.0761 -0.9951 0.0625
vn -0.7693 -0.0975 0.6314
vn -0.7786 0.4696 0.4162
vn -0.4173 -0.8810 0.2230
vn -0.8443 0.2890 0.4513
vn -0.2571 -0.9565 0.1374
vn -0.8777 0.0975 0.4691
vn -0.0869 0.9951 0.0464
vn -0.0869 -0.9951 0.0464
vn -0.8777 -0.0975 0.4691
vn -0.2571 0.9565 0.1374
vn -0.8443 -0.2890 0.4513
vn -0.4173 0.8810 0.2230
vn -0.7786 -0.4696 0.4162
vn -0.5611 0.7715 0.2999
vn -0.6831 -0.6326 0.3651
vn -0.6831 0.6326 0.3651
vn -0.5611 -0.7715 0.2999
vn -0.9161 -0.2890 0.2779
vn -0.4528 0.8810 0.1374
vn -0.8448 -0.4696 0.2563
vn -0.6088 0.7715 0.1847
vn -0.7412 -0.6326 0.2248
vn -0.7412 0.6326 0.2248
vn -0.6088 -0.7715 0.1847
vn -0.8448 0.4696 0.2563
vn -0.4528 -0.8810 0.1374
vn -0.9161 0.2890 0.2779
vn -0.2790 -0.9565 0.0846
vn -0.9524 0.0975 0.2889
vn -0.0942 0.9951 0.0286
vn -0.0942 -0.9951 0.0286
vn -0.9524 -0.0975 0.2889
vn -0.2790 0.9565 0.0846
vn -0.4709 -0.8810 0.0464
vn -0.9527 0.2890 0.0938
vn -0.2902 -0.9565 0.0286
vn -0.9904 0.0975 0.0975
vn -0.0980 0.9951 0.0097
vn -0.0980 -0.9951 0.0097
vn -0.9904 -0.0975 0.0975
vn -0.2902 0.9565 0.0286
vn -0.9527 -0.2890 0.0938
vn -0.4709 0.8810 0.0464
vn -0.8786 -0.4696 0.0865
vn -0.6332 0.7715 0.0624
vn -0.7708 -0.6326 0.0759
vn -0.7708 0.6326 0.0759
vn -0.6332 -0.7715 0.0624
vn -0.8786 0.4696 0.0865
vn -0.8786 -0.4696 -0.0865
vn -0.6332 0.7715 -0.0624
vn -0.7708 -0.6326 -0.0759
vn -0.7708 0.6326 -0.0759
vn -0.6332 -0.7715 -0.0624
vn -0.8786 0.4696 -0.0865
vn -0.4709 -0.8810 -0.0464
vn -0.9527 0.2890 -0.0938
vn -0.2902 -0.9565 -0.0286
vn -0.9904 0.0975 -0.0976
vn -0.0980 0.9951 -0.0097
vn -0.0980 -0.9951 -0.0097
vn -0.9904 -0.0975 -0.0976
vn -0.2902 0.9565 -0.0286
vn -0.9527 -0.2890 -0.0938
vn -0.4709 0.8810 -0.0464
vn -0.2790 -0.9565 -0.0846
vn -0.9524 0.0975 -0.2889
vn -0.0942 0.9951 -0.0286
vn -0.0942 -0.9951 -0.0286
vn -0.9524 -0.0975 -0.2889
vn -0.2790 0.9565 -0.0846
vn -0.9161 -0.2890 -0.2779
vn -0.4528 0.8810 -0.1374
vn -0.8448 -0.4696 -0.2563
vn -0.6088 0.7715 -0.1847
vn -0.7412 -0.6326 -0.2248
vn -0.7412 0.6326 -0.2248
vn -0.6088 -0.7715 -0.1847
vn -0.8448 0.4696 -0.2563
vn -0.4528 -0.8810 -0.1374
vn -0.9161 0.2890 -0.2779
vn -0.5611 0.7715 -0.2999
vn -0.6831 -0.6326 -0.3651
vn -0.6831 0.6326 -0.3651
vn -0.5611 -0.7715 -0.2999
vn -0.7786 0.4696 -0.4162
vn -0.4173 -0.8810 -0.2230
vn -0.8443 0.2890 -0.4513
vn -0.2571 -0.9565 -0.1374
vn -0.8777 0.0975 -0.4691
vn -0.0869 0.9951 -0.0464
vn -0.0869 -0.9951 -0.0464
vn -0.8777 -0.0975 -0.4691
vn -0.2571 0.9565 -0.1374
vn -0.8443 -0.2890 -0.4513
vn -0.4173 0.8810 -0.2230
vn -0.7786 -0.4696 -0.4162
vn -0.7693 0.0975 -0.6314
vn -0.0761 0.9951 -0.0625
vn -0.0761 -0.9951 -0.0625
vn -0.7693 -0.0975 -0.6314
vn -0.2254 0.9565 -0.1850
vn -0.7400 -0.2890 -0.6073
vn -0.3658 0.8810 -0.3002
vn -0.6825 -0.4696 -0.5601
vn -0.4918 0.7715 -0.4036
vn -0.5987 -0.6326 -0.4913
vn -0.5987 0.6326 -0.4913
vn -0.4918 -0.7715 -0.4036
vn -0.6825 0.4696 -0.5601
vn -0.3658 -0.8810 -0.3002
vn -0.7400 0.2890 -0.6073
vn -0.2254 -0.9565 -0.1850
vn -0.4913 -0.6326 -0.5987
vn -0.4913 0.6326 -0.5987
vn -0.4036 -0.7715 -0.4918
vn -0.5601 0.4696 -0.6825
vn -0.3002 -0.8810 -0.3658
vn -0.6073 0.2890 -0.7400
vn -0.1850 -0.9565 -0.2254
vn -0.6314 0.0975 -0.7693
vn -0.0625 0.9951 -0.0761
vn -0.0625 -0.9951 -0.0761
vn -0.6314 -0.0975 -0.7693
vn -0.1850 0.9565 -0.2254
vn -0.6073 -0.2890 -0.7400
vn -0.3002 0.8810 -0.3658
vn -0.5601 -0.4696 -0.6825
vn -0.4036 0.7715 -0.4918
vn -0.0464 0.9951 -0.0869
vn -0.0464 -0.9951 -0.0869
vn -0.4691 -0.0975 -0.8777
vn -0.1374 0.9565 -0.2571
vn -0.4513 -0.2890 -0.8443
vn -0.2230 0.8810 -0.4173
vn -0.4162 -0.4696 -0.7786
vn -0.2999 0.7715 -0.5611
vn -0.3651 -0.6326 -0.6831
vn -0.3651 0.6326 -0.6831
vn -0.2999 -0.7715 -0.5611
vn -0.4162 0.4696 -0.7786
vn -0.2230 -0.8810 -0.4173
vn -0.4513 0.2890 -0.8443
vn -0.1374 -0.9565 -0.2571
vn -0.4691 0.0975 -0.8777
vn -0.2248 0.6326 -0.7412
vn -0.1847 -0.7715 -0.6088
vn -0.2563 0.4696 -0.8448
vn -0.1374 -0.8810 -0.4528
vn -0.2779 0.2890 -0.9161
vn -0.0846 -0.9565 -0.2790
vn -0.2889 0.0975 -0.9524
vn -0.0286 0.9951 -0.0942
vn -0.0286 -0.9951 -0.0942
vn -0.2889 -0.0975 -0.9524
vn -0.0846 0.9565 -0.2790
vn -0.2779 -0.2890 -0.9161
vn -0.1374 0.8810 -0.4528
vn -0.2563 -0.4696 -0.8448
vn -0.1847 0.7715 -0.6088
vn -0.2248 -0.6326 -0.7412
vn -0.0975 -0.0975 -0.9904
vn -0.0286 0.9565 -0.2902
vn -0.0938 -0.2890 -0.9527
vn -0.0464 0.8810 -0.4709
vn -0.0865 -0.4696 -0.8786
vn -0.0624 0.7715 -0.6332
vn -0.0759 -0.6326 -0.7708
vn -0.0759 0.6326 -0.7708
vn -0.0624 -0.7715 -0.6332
vn -0.0865 0.4696 -0.8786
vn -0.0464 -0.8810 -0.4709
vn -0.0938 0.2890 -0.9527
vn -0.0286 -0.9565 -0.2902
vn -0.0975 0.0975 -0.9904
vn -0.0097 0.9951 -0.0980
vn -0.0097 -0.9951 -0.0980
vn 0.0624 -0.7715 -0.6332
vn 0.0865 0.4696 -0.8786
vn 0.0464 -0.8810 -0.4709
vn 0.0938 0.2890 -0.9527
vn 0.0286 -0.9565 -0.2902
vn 0.0976 0.0975 -0.9904
vn 0.0097 0.9951 -0.0980
vn 0.0097 -0.9951 -0.0980
vn 0.0976 -0.0975 -0.9904
vn 0.0286 0.9565 -0.2902
vn 0.0938 -0.2890 -0.9527
vn 0.0464 0.8810 -0.4709
vn 0.0865 -0.4696 -0.8786
vn 0.0624 0.7715 -0.6332
vn 0.0759 -0.6326 -0.7708
vn 0.0759 0.6326 -0.7708
vn 0.2779 -0.2890 -0.9161
vn 0.1374 0.8810 -0.4528
vn 0.2563 -0.4696 -0.8448
vn 0.1847 0.7715 -0.6088
vn 0.2248 -0.6326 -0.7412
vn 0.2248 0.6326 -0.7412
vn 0.1847 -0.7715 -0.6088
vn 0.2563 0.4696 -0.8448
vn 0.1374 -0.8810 -0.4528
vn 0.2779 0.2890 -0.9161
vn 0.0846 -0.9565 -0.2790
vn 0.2889 0.0975 -0.9524
vn 0.0286 0.9951 -0.0942
vn 0.0286 -0.9951 -0.0942
vn 0.2889 -0.0975 -0.9524
vn 0.0846 0.9565 -0.2790
vn 0.2231 -0.8810 -0.4173
vn 0.4513 0.2890 -0.8443
vn 0.1374 -0.9565 -0.2571
vn 0.4691 0.0975 -0.8777
vn 0.0464 0.9951 -0.0869
vn 0.0464 -0.9951 -0.0869
vn 0.4691 -0.0975 -0.8777
vn 0.1374 0.9565 -0.2571
vn 0.4513 -0.2890 -0.8443
vn 0.2231 0.8810 -0.4173
vn 0.4162 -0.4696 -0.7786
vn 0.2999 0.7715 -0.5611
vn 0.3651 -0.6326 -0.6831
vn 0.3651 0.6326 -0.6831
vn 0.2999 -0.7715 -0.5611
vn 0.4162 0.4696 -0.7786
vn 0.3002 0.8810 -0.3658
vn 0.5601 -0.4696 -0.6825
vn 0.4036 0.7715 -0.4918
vn 0.4913 -0.6326 -0.5987
vn 0.4913 0.6326 -0.5987
vn 0.4036 -0.7715 -0.4918
vn 0.5601 0.4696 -0.6825
vn 0.3002 -0.8810 -0.3658
vn 0.6073 0.2890 -0.7400
vn 0.1850 -0.9565 -0.2254
vn 0.6314 0.0975 -0.7693
vn 0.0625 0.9951 -0.0761
vn 0.0625 -0.9951 -0.0761
vn 0.6314 -0.0975 -0.7693
vn 0.1850 0.9565 -0.2254
vn 0.6073 -0.2890 -0.7400
vn 0.7400 0.2890 -0.6073
vn 0.2254 -0.9565 -0.1850
vn 0.7693 0.0975 -0.6314
vn 0.0761 0.9951 -0.0625
vn 0.0761 -0.9951 -0.0625
vn 0.7693 -0.0975 -0.6314
vn 0.2254 0.9565 -0.1850
vn 0.7400 -0.2890 -0.6073
vn 0.3658 0.8810 -0.3002
vn 0.6825 -0.4696 -0.5601
vn 0.4918 0.7715 -0.4036
vn 0.5987 -0.6326 -0.4913
vn 0.5987 0.6326 -0.4913
vn 0.4918 -0.7715 -0.4036
vn 0.6825 0.4696 -0.5601
vn 0.3658 -0.8810 -0.3002
vn 0.7786 -0.4696 -0.4162
vn 0.5611 0.7715 -0.2999
vn 0.6831 -0.6326 -0.3651
vn 0.6831 0.6326 -0.3651
vn 0.5611 -0.7715 -0.2999
vn 0.7786 0.4696 -0.4162
vn 0.4173 -0.8810 -0.2230
vn 0.8443 0.2890 -0.4513
vn 0.2571 -0.9565 -0.1374
vn 0.8777 0.0975 -0.4691
vn 0.0869 0.9951 -0.0464
vn 0.0869 -0.9951 -0.0464
vn 0.8777 -0.0975 -0.4691
vn 0.2571 0.9565 -0.1374
vn 0.8443 -0.2890 -0.4513
vn 0.4173 0.8810 -0.2230
vn 0.2790 -0.9565 -0.0846
vn 0.9524 0.0975 -0.2889
vn 0.0942 0.9951 -0.0286
vn 0.0942 -0.9951 -0.0286
vn 0.9524 -0.0975 -0.2889
vn 0.2790 0.9565 -0.0846
vn 0.9161 -0.2890 -0.2779
vn 0.4528 0.8810 -0.1374
vn 0.8448 -0.4696 -0.2563
vn 0.6088 0.7715 -0.1847
vn 0.7412 -0.6326 -0.2248
vn 0.7412 0.6326 -0.2248
vn 0.6088 -0.7715 -0.1847
vn 0.8448 0.4696 -0.2563
vn 0.4528 -0.8810 -0.1374
vn 0.9161 0.2890 -0.2779
vn 0.6332 0.7715 -0.0624
vn 0.7708 -0.6326 -0.0759
vn 0.7708 0.6326 -0.0759
vn 0.6332 -0.7715 -0.0624
vn 0.8786 0.4696 -0.0865
vn 0.4709 -0.8810 -0.0464
vn 0.9527 0.2890 -0.0938
vn 0.2902 -0.9565 -0.0286
vn 0.9904 0.0975 -0.0976
vn 0.0980 0.9951 -0.0097
vn 0.0980 -0.9951 -0.0097
vn 0.9904 -0.0975 -0.0976
vn 0.2902 0.9565 -0.0286
vn 0.9527 -0.2890 -0.0938
vn 0.4709 0.8810 -0.0464
vn 0.8786 -0.4696 -0.0865
vt 0.750000 0.312500
vt 0.750000 0.375000
vt 0.718750 0.375000
vt 0.718750 0.312500
vt 0.750000 0.750000
vt 0.750000 0.812500
vt 0.718750 0.812500
vt 0.718750 0.750000
vt 0.750000 0.250000
vt 0.718750 0.250000
vt 0.750000 0.687500
vt 0.718750 0.687500
vt 0.750000 0.187500
vt 0.718750 0.187500
vt 0.750000 0.625000
vt 0.718750 0.625000
vt 0.750000 0.125000
vt 0.718750 0.125000
vt 0.750000 0.562500
vt 0.718750 0.562500
vt 0.750000 0.062500
vt 0.718750 0.062500
vt 0.750000 0.500000
vt 0.718750 0.500000
vt 0.750000 0.937500
vt 0.734375 1.000000
vt 0.718750 0.937500
vt 0.734375 0.000000
vt 0.750000 0.437500
vt 0.718750 0.437500
vt 0.750000 0.875000
vt 0.718750 0.875000
vt 0.687500 0.437500
vt 0.687500 0.375000
vt 0.687500 0.875000
vt 0.687500 0.812500
vt 0.687500 0.312500
vt 0.687500 0.750000
vt 0.687500 0.250000
vt 0.687500 0.687500
vt 0.687500 0.187500
vt 0.687500 0.625000
vt 0.687500 0.125000
vt 0.687500 0.562500
vt 0.687500 0.062500
vt 0.687500 0.500000
vt 0.703125 1.000000
vt 0.687500 0.937500
vt 0.703125 0.000000
vt 0.656250 0.187500
vt 0.656250 0.125000
vt 0.656250 0.625000
vt 0.656250 0.562500
vt 0.656250 0.062500
vt 0.656250 0.500000
vt 0.671875 1.000000
vt 0.656250 0.937500
vt 0.671875 0.000000
vt 0.656250 0.437500
vt 0.656250 0.875000
vt 0.656250 0.375000
vt 0.656250 0.812500
vt 0.656250 0.312500
vt 0.656250 0.750000
vt 0.656250 0.250000
vt 0.656250 0.687500
vt 0.625000 0.875000
vt 0.625000 0.812500
vt 0.625000 0.375000
vt 0.625000 0.312500
vt 0.625000 0.750000
vt 0.625000 0.250000
vt 0.625000 0.687500
vt 0.625000 0.187500
vt 0.625000 0.625000
vt 0.625000 0.125000
vt 0.625000 0.562500
vt 0.625000 0.062500
vt 0.625000 0.500000
vt 0.640625 1.000000
vt 0.625000 0.937500
vt 0.640625 0.000000
vt 0.625000 0.437500
vt 0.593750 0.625000
vt 0.593750 0.562500
vt 0.593750 0.125000
vt 0.593750 0.062500
vt 0.593750 0.500000
vt 0.609375 1.000000
vt 0.593750 0.937500
vt 0.609375 0.000000
vt 0.593750 0.437500
vt 0.593750 0.875000
vt 0.593750 0.375000
vt 0.593750 0.812500
vt 0.593750 0.312500
vt 0.593750 0.750000
vt 0.593750 0.250000
vt 0.593750 0.687500
vt 0.593750 0.187500
vt 0.562500 0.375000
vt 0.562500 0.312500
vt 0.562500 0.812500
vt 0.562500 0.750000
vt 0.562500 0.250000
vt 0.562500 0.687500
vt 0.562500 0.187500
vt 0.562500 0.625000
vt 0.562500 0.125000
vt 0.562500 0.562500
vt 0.562500 0.062500
vt 0.562500 0.500000
vt 0.578125 1.000000
vt 0.562500 0.937500
vt 0.578125 0.000000
vt 0.562500 0.437500
vt 0.562500 0.875000
vt 0.531250 0.125000
vt 0.531250 0.062500
vt 0.531250 0.562500
vt 0.531250 0.500000
vt 0.546875 1.000000
vt 0.531250 0.937500
vt 0.546875 0.000000
vt 0.531250 0.437500
vt 0.531250 0.875000
vt 0.531250 0.375000
vt 0.531250 0.812500
vt 0.531250 0.312500
vt 0.531250 0.750000
vt 0.531250 0.250000
vt 0.531250 0.687500
vt 0.531250 0.187500
vt 0.531250 0.625000
vt 0.500000 0.312500
vt 0.500000 0.250000
vt 0.500000 0.750000
vt 0.500000 0.687500
vt 0.500000 0.187500
vt 0.500000 0.625000
vt 0.500000 0.125000
vt 0.500000 0.562500
vt 0.500000 0.062500
vt 0.500000 0.500000
vt 0.515625 1.000000
vt 0.500000 0.937500
vt 0.515625 0.000000
vt 0.500000 0.437500
vt 0.500000 0.875000
vt 0.500000 0.375000
vt 0.500000 0.812500
vt 0.484375 1.000000
vt 0.468750 0.937500
vt 0.484375 0.000000
vt 0.468750 0.062500
vt 0.468750 0.500000
vt 0.468750 0.437500
vt 0.468750 0.875000
vt 0.468750 0.375000
vt 0.468750 0.812500
vt 0.468750 0.312500
vt 0.468750 0.750000
vt 0.468750 0.250000
vt 0.468750 0.687500
vt 0.468750 0.187500
vt 0.468750 0.625000
vt 0.468750 0.125000
vt 0.468750 0.562500
vt 0.437500 0.750000
vt 0.437500 0.687500
vt 0.437500 0.250000
vt 0.437500 0.187500
vt 0.437500 0.625000
vt 0.437500 0.125000
vt 0.437500 0.562500
vt 0.437500 0.062500
vt 0.437500 0.500000
vt 0.453125 1.000000
vt 0.437500 0.937500
vt 0.453125 0.000000
vt 0.437500 0.437500
vt 0.437500 0.875000
vt 0.437500 0.375000
vt 0.437500 0.812500
vt 0.437500 0.312500
vt 0.406250 0.500000
vt 0.406250 0.437500
vt 0.406250 0.937500
vt 0.406250 0.875000
vt 0.406250 0.375000
vt 0.406250 0.812500
vt 0.406250 0.312500
vt 0.406250 0.750000
vt 0.406250 0.250000
vt 0.406250 0.687500
vt 0.406250 0.187500
vt 0.406250 0.625000
vt 0.406250 0.125000
vt 0.406250 0.562500
vt 0.406250 0.062500
vt 0.421875 1.000000
vt 0.421875 0.000000
vt 0.375000 0.250000
vt 0.375000 0.187500
vt 0.375000 0.687500
vt 0.375000 0.625000
vt 0.375000 0.125000
vt 0.375000 0.562500
vt 0.375000 0.062500
vt 0.375000 0.500000
vt 0.390625 1.000000
vt 0.375000 0.937500
vt 0.390625 0.000000
vt 0.375000 0.437500
vt 0.375000 0.875000
vt 0.375000 0.375000
vt 0.375000 0.812500
vt 0.375000 0.312500
vt 0.375000 0.750000
vt 0.343750 0.937500
vt 0.343750 0.875000
vt 0.343750 0.437500
vt 0.343750 0.375000
vt 0.343750 0.812500
vt 0.343750 0.312500
vt 0.343750 0.750000
vt 0.343750 0.250000
vt 0.343750 0.687500
vt 0.343750 0.187500
vt 0.343750 0.625000
vt 0.343750 0.125000
vt 0.343750 0.562500
vt 0.343750 0.062500
vt 0.343750 0.500000
vt 0.359375 1.000000
vt 0.359375 0.000000
vt 0.312500 0.687500
vt 0.312500 0.625000
vt 0.312500 0.187500
vt 0.312500 0.125000
vt 0.312500 0.562500
vt 0.312500 0.062500
vt 0.312500 0.500000
vt 0.328125 1.000000
vt 0.312500 0.937500
vt 0.328125 0.000000
vt 0.312500 0.437500
vt 0.312500 0.875000
vt 0.312500 0.375000
vt 0.312500 0.812500
vt 0.312500 0.312500
vt 0.312500 0.750000
vt 0.312500 0.250000
vt 0.281250 0.437500
vt 0.281250 0.375000
vt 0.281250 0.875000
vt 0.281250 0.812500
vt 0.281250 0.312500
vt 0.281250 0.750000
vt 0.281250 0.250000
vt 0.281250 0.687500
vt 0.281250 0.187500
vt 0.281250 0.625000
vt 0.281250 0.125000
vt 0.281250 0.562500
vt 0.281250 0.062500
vt 0.281250 0.500000
vt 0.296875 1.000000
vt 0.281250 0.937500
vt 0.296875 0.000000
vt 0.250000 0.187500
vt 0.250000 0.125000
vt 0.250000 0.625000
vt 0.250000 0.562500
vt 0.250000 0.062500
vt 0.250000 0.500000
vt 0.265625 1.000000
vt 0.250000 0.937500
vt 0.265625 0.000000
vt 0.250000 0.437500
vt 0.250000 0.875000
vt 0.250000 0.375000
vt 0.250000 0.812500
vt 0.250000 0.312500
vt 0.250000 0.750000
vt 0.250000 0.250000
vt 0.250000 0.687500
vt 0.218750 0.375000
vt 0.218750 0.312500
vt 0.218750 0.812500
vt 0.218750 0.750000
vt 0.218750 0.250000
vt 0.218750 0.687500
vt 0.218750 0.187500
vt 0.218750 0.625000
vt 0.218750 0.125000
vt 0.218750 0.562500
vt 0.218750 0.062500
vt 0.218750 0.500000
vt 0.234375 1.000000
vt 0.218750 0.937500
vt 0.234375 0.000000
vt 0.218750 0.437500
vt 0.218750 0.875000
vt 0.187500 0.125000
vt 0.187500 0.062500
vt 0.187500 0.562500
vt 0.187500 0.500000
vt 0.203125 1.000000
vt 0.187500 0.937500
vt 0.203125 0.000000
vt 0.187500 0.437500
vt 0.187500 0.875000
vt 0.187500 0.375000
vt 0.187500 0.812500
vt 0.187500 0.312500
vt 0.187500 0.750000
vt 0.187500 0.250000
vt 0.187500 0.687500
vt 0.187500 0.187500
vt 0.187500 0.625000
vt 0.156250 0.812500
vt 0.156250 0.750000
vt 0.156250 0.312500
vt 0.156250 0.250000
vt 0.156250 0.687500
vt 0.156250 0.187500
vt 0.156250 0.625000
vt 0.156250 0.125000
vt 0.156250 0.562500
vt 0.156250 0.062500
vt 0.156250 0.500000
vt 0.171875 1.000000
vt 0.156250 0.937500
vt 0.171875 0.000000
vt 0.156250 0.437500
vt 0.156250 0.875000
vt 0.156250 0.375000
vt 0.125000 0.562500
vt 0.125000 0.500000
vt 0.140625 1.000000
vt 0.125000 0.937500
vt 0.140625 0.000000
vt 0.125000 0.062500
vt 0.125000 0.437500
vt 0.125000 0.875000
vt 0.125000 0.375000
vt 0.125000 0.812500
vt 0.125000 0.312500
vt 0.125000 0.750000
vt 0.125000 0.250000
vt 0.125000 0.687500
vt 0.125000 0.187500
vt 0.125000 0.625000
vt 0.125000 0.125000
vt 0.093750 0.312500
vt 0.093750 0.250000
vt 0.093750 0.750000
vt 0.093750 0.687500
vt 0.093750 0.187500
vt 0.093750 0.625000
vt 0.093750 0.125000
vt 0.093750 0.562500
vt 0.093750 0.062500
vt 0.093750 0.500000
vt 0.109375 1.000000
vt 0.093750 0.937500
vt 0.109375 0.000000
vt 0.093750 0.437500
vt 0.093750 0.875000
vt 0.093750 0.375000
vt 0.093750 0.812500
vt 0.078125 1.000000
vt 0.062500 0.937500
vt 0.078125 0.000000
vt 0.062500 0.062500
vt 0.062500 0.500000
vt 0.062500 0.437500
vt 0.062500 0.875000
vt 0.062500 0.375000
vt 0.062500 0.812500
vt 0.062500 0.312500
vt 0.062500 0.750000
vt 0.062500 0.250000
vt 0.062500 0.687500
vt 0.062500 0.187500
vt 0.062500 0.625000
vt 0.062500 0.125000
vt 0.062500 0.562500
vt 0.031250 0.750000
vt 0.031250 0.687500
vt 0.031250 0.250000
vt 0.031250 0.187500
vt 0.031250 0.625000
vt 0.031250 0.125000
vt 0.031250 0.562500
vt 0.031250 0.062500
vt 0.031250 0.500000
vt 0.046875 1.000000
vt 0.031250 0.937500
vt 0.046875 0.000000
vt 0.031250 0.437500
vt 0.031250 0.875000
vt 0.031250 0.375000
vt 0.031250 0.812500
vt 0.031250 0.312500
vt 0.000000 0.500000
vt 0.000000 0.437500
vt 0.000000 0.937500
vt 0.000000 0.875000
vt 0.000000 0.375000
vt 0.000000 0.812500
vt 0.000000 0.312500
vt 0.000000 0.750000
vt 0.000000 0.250000
vt 0.000000 0.687500
vt 0.000000 0.187500
vt 0.000000 0.625000
vt 0.000000 0.125000
vt 0.000000 0.562500
vt 0.000000 0.062500
vt 0.015625 1.000000
vt 0.015625 0.000000
vt 1.000000 0.187500
vt 1.000000 0.250000
vt 0.968750 0.250000
vt 0.968750 0.187500
vt 1.000000 0.625000
vt 1.000000 0.687500
vt 0.968750 0.687500
vt 0.968750 0.625000
vt 1.000000 0.125000
vt 0.968750 0.125000
vt 1.000000 0.562500
vt 0.968750 0.562500
vt 1.000000 0.062500
vt 0.968750 0.062500
vt 1.000000 0.500000
vt 0.968750 0.500000
vt 1.000000 0.937500
vt 0.984375 1.000000
vt 0.968750 0.937500
vt 0.984375 0.000000
vt 1.000000 0.437500
vt 0.968750 0.437500
vt 1.000000 0.875000
vt 0.968750 0.875000
vt 1.000000 0.375000
vt 0.968750 0.375000
vt 1.000000 0.812500
vt 0.968750 0.812500
vt 1.000000 0.312500
vt 0.968750 0.312500
vt 1.000000 0.750000
vt 0.968750 0.750000
vt 0.937500 0.437500
vt 0.937500 0.375000
vt 0.937500 0.875000
vt 0.937500 0.812500
vt 0.937500 0.312500
vt 0.937500 0.750000
vt 0.937500 0.250000
vt 0.937500 0.687500
vt 0.937500 0.187500
vt 0.937500 0.625000
vt 0.937500 0.125000
vt 0.937500 0.562500
vt 0.937500 0.062500
vt 0.937500 0.500000
vt 0.953125 1.000000
vt 0.937500 0.937500
vt 0.953125 0.000000
vt 0.906250 0.187500
vt 0.906250 0.125000
vt 0.906250 0.625000
vt 0.906250 0.562500
vt 0.906250 0.062500
vt 0.906250 0.500000
vt 0.921875 1.000000
vt 0.906250 0.937500
vt 0.921875 0.000000
vt 0.906250 0.437500
vt 0.906250 0.875000
vt 0.906250 0.375000
vt 0.906250 0.812500
vt 0.906250 0.312500
vt 0.906250 0.750000
vt 0.906250 0.250000
vt 0.906250 0.687500
vt 0.875000 0.875000
vt 0.875000 0.812500
vt 0.875000 0.375000
vt 0.875000 0.312500
vt 0.875000 0.750000
vt 0.875000 0.250000
vt 0.875000 0.687500
vt 0.875000 0.187500
vt 0.875000 0.625000
vt 0.875000 0.125000
vt 0.875000 0.562500
vt 0.875000 0.062500
vt 0.875000 0.500000
vt 0.890625 1.000000
vt 0.875000 0.937500
vt 0.890625 0.000000
vt 0.875000 0.437500
vt 0.843750 0.625000
vt 0.843750 0.562500
vt 0.843750 0.125000
vt 0.843750 0.062500
vt 0.843750 0.500000
vt 0.859375 1.000000
vt 0.843750 0.937500
vt 0.859375 0.000000
vt 0.843750 0.437500
vt 0.843750 0.875000
vt 0.843750 0.375000
vt 0.843750 0.812500
vt 0.843750 0.312500
vt 0.843750 0.750000
vt 0.843750 0.250000
vt 0.843750 0.687500
vt 0.843750 0.187500
vt 0.812500 0.375000
vt 0.812500 0.312500
vt 0.812500 0.812500
vt 0.812500 0.750000
vt 0.812500 0.250000
vt 0.812500 0.687500
vt 0.812500 0.187500
vt 0.812500 0.625000
vt 0.812500 0.125000
vt 0.812500 0.562500
vt 0.812500 0.062500
vt 0.812500 0.500000
vt 0.828125 1.000000
vt 0.812500 0.937500
vt 0.828125 0.000000
vt 0.812500 0.437500
vt 0.812500 0.875000
vt 0.781250 0.125000
vt 0.781250 0.062500
vt 0.781250 0.562500
vt 0.781250 0.500000
vt 0.796875 1.000000
vt 0.781250 0.937500
vt 0.796875 0.000000
vt 0.781250 0.437500
vt 0.781250 0.875000
vt 0.781250 0.375000
vt 0.781250 0.812500
vt 0.781250 0.312500
vt 0.781250 0.750000
vt 0.781250 0.250000
vt 0.781250 0.687500
vt 0.781250 0.187500
vt 0.781250 0.625000
vt 0.765625 1.000000
vt 0.765625 0.000000
s 0
usemtl base
f 2832/3632/2789 3304/3633/2789 2842/3634/2789 2843/3635/2789
f 3302/3636/2790 2827/3637/2790 2835/3638/2790 2836/3639/2790
f 3305/3640/2791 2832/3632/2791 2843/3635/2791 2844/3641/2791
f 2828/3642/2792 3302/3636/2792 2836/3639/2792 2837/3643/2792
f 3306/3644/2793 3305/3640/2793 2844/3641/2793 2845/3645/2793
f 3303/3646/2794 2828/3642/2794 2837/3643/2794 2838/3647/2794
f 3307/3648/2795 3306/3644/2795 2845/3645/2795 2846/3649/2795
f 2829/3650/2796 3303/3646/2796 2838/3647/2796 2839/3651/2796
f 3308/3652/2797 3307/3648/2797 2846/3649/2797 2847/3653/2797
f 2830/3654/2798 2829/3650/2798 2839/3651/2798 2840/3655/2798
f 3300/3656/2799 2908/3657/2799 2833/3658/2799
f 3134/3659/2800 3308/3652/2800 2847/3653/2800
f 2831/3660/2801 2830/3654/2801 2840/3655/2801 2841/3661/2801
f 3301/3662/2802 3300/3656/2802 2833/3658/2802 2834/3663/2802
f 3304/3633/2803 2831/3660/2803 2841/3661/2803 2842/3634/2803
f 2827/3637/2804 3301/3662/2804 2834/3663/2804 2835/3638/2804
f 2842/3634/2805 2841/3661/2805 2856/3664/2805 2857/3665/2805
f 2835/3638/2806 2834/3663/2806 2849/3666/2806 2850/3667/2806
f 2843/3635/2807 2842/3634/2807 2857/3665/2807 2858/3668/2807
f 2836/3639/2808 2835/3638/2808 2850/3667/2808 2851/3669/2808
f 2844/3641/2809 2843/3635/2809 2858/3668/2809 2859/3670/2809
f 2837/3643/2810 2836/3639/2810 2851/3669/2810 2852/3671/2810
f 2845/3645/2811 2844/3641/2811 2859/3670/2811 2860/3672/2811
f 2838/3647/2812 2837/3643/2812 2852/3671/2812 2853/3673/2812
f 2846/3649/2813 2845/3645/2813 2860/3672/2813 2861/3674/2813
f 2839/3651/2814 2838/3647/2814 2853/3673/2814 2854/3675/2814
f 2847/3653/2815 2846/3649/2815 2861/3674/2815 2862/3676/2815
f 2840/3655/2816 2839/3651/2816 2854/3675/2816 2855/3677/2816
f 2833/3658/2817 2908/3678/2817 2848/3679/2817
f 3134/3680/2818 2847/3653/2818 2862/3676/2818
f 2841/3661/2819 2840/3655/2819 2855/3677/2819 2856/3664/2819
f 2834/3663/2820 2833/3658/2820 2848/3679/2820 2849/3666/2820
f 2861/3674/2821 2860/3672/2821 2875/3681/2821 2876/3682/2821
f 2854/3675/2822 2853/3673/2822 2868/3683/2822 2869/3684/2822
f 2862/3676/2823 2861/3674/2823 2876/3682/2823 2877/3685/2823
f 2855/3677/2824 2854/3675/2824 2869/3684/2824 2870/3686/2824
f 2848/3679/2825 2908/3687/2825 2863/3688/2825
f 3134/3689/2826 2862/3676/2826 2877/3685/2826
f 2856/3664/2827 2855/3677/2827 2870/3686/2827 2871/3690/2827
f 2849/3666/2828 2848/3679/2828 2863/3688/2828 2864/3691/2828
f 2857/3665/2829 2856/3664/2829 2871/3690/2829 2872/3692/2829
f 2850/3667/2830 2849/3666/2830 2864/3691/2830 2865/3693/2830
f 2858/3668/2831 2857/3665/2831 2872/3692/2831 2873/3694/2831
f 2851/3669/2832 2850/3667/2832 2865/3693/2832 2866/3695/2832
f 2859/3670/2833 2858/3668/2833 2873/3694/2833 2874/3696/2833
f 2852/3671/2834 2851/3669/2834 2866/3695/2834 2867/3697/2834
f 2860/3672/2835 2859/3670/2835 2874/3696/2835 2875/3681/2835
f 2853/3673/2836 2852/3671/2836 2867/3697/2836 2868/3683/2836
f 2865/3693/2837 2864/3691/2837 2879/3698/2837 2880/3699/2837
f 2873/3694/2838 2872/3692/2838 2887/3700/2838 2888/3701/2838
f 2866/3695/2839 2865/3693/2839 2880/3699/2839 2881/3702/2839
f 2874/3696/2840 2873/3694/2840 2888/3701/2840 2889/3703/2840
f 2867/3697/2841 2866/3695/2841 2881/3702/2841 2882/3704/2841
f 2875/3681/2842 2874/3696/2842 2889/3703/2842 2890/3705/2842
f 2868/3683/2843 2867/3697/2843 2882/3704/2843 2883/3706/2843
f 2876/3682/2844 2875/3681/2844 2890/3705/2844 2891/3707/2844
f 2869/3684/2845 2868/3683/2845 2883/3706/2845 2884/3708/2845
f 2877/3685/2846 2876/3682/2846 2891/3707/2846 2892/3709/2846
f 2870/3686/2847 2869/3684/2847 2884/3708/2847 2885/3710/2847
f 2863/3688/2848 2908/3711/2848 2878/3712/2848
f 3134/3713/2849 2877/3685/2849 2892/3709/2849
f 2871/3690/2850 2870/3686/2850 2885/3710/2850 2886/3714/2850
f 2864/3691/2851 2863/3688/2851 2878/3712/2851 2879/3698/2851
f 2872/3692/2852 2871/3690/2852 2886/3714/2852 2887/3700/2852
f 2884/3708/2853 2883/3706/2853 2898/3715/2853 2899/3716/2853
f 2892/3709/2854 2891/3707/2854 2906/3717/2854 2907/3718/2854
f 2885/3710/2855 2884/3708/2855 2899/3716/2855 2900/3719/2855
f 2878/3712/2856 2908/3720/2856 2893/3721/2856
f 3134/3722/2857 2892/3709/2857 2907/3718/2857
f 2886/3714/2858 2885/3710/2858 2900/3719/2858 2901/3723/2858
f 2879/3698/2859 2878/3712/2859 2893/3721/2859 2894/3724/2859
f 2887/3700/2860 2886/3714/2860 2901/3723/2860 2902/3725/2860
f 2880/3699/2861 2879/3698/2861 2894/3724/2861 2895/3726/2861
f 2888/3701/2862 2887/3700/2862 2902/3725/2862 2903/3727/2862
f 2881/3702/2863 2880/3699/2863 2895/3726/2863 2896/3728/2863
f 2889/3703/2864 2888/3701/2864 2903/3727/2864 2904/3729/2864
f 2882/3704/2865 2881/3702/2865 2896/3728/2865 2897/3730/2865
f 2890/3705/2866 2889/3703/2866 2904/3729/2866 2905/3731/2866
f 2883/3706/2867 2882/3704/2867 2897/3730/2867 2898/3715/2867
f 2891/3707/2868 2890/3705/2868 2905/3731/2868 2906/3717/2868
f 2903/3727/2869 2902/3725/2869 2918/3732/2869 2919/3733/2869
f 2896/3728/2870 2895/3726/2870 2911/3734/2870 2912/3735/2870
f 2904/3729/2871 2903/3727/2871 2919/3733/2871 2920/3736/2871
f 2897/3730/2872 2896/3728/2872 2912/3735/2872 2913/3737/2872
f 2905/3731/2873 2904/3729/2873 2920/3736/2873 2921/3738/2873
f 2898/3715/2874 2897/3730/2874 2913/3737/2874 2914/3739/2874
f 2906/3717/2875 2905/3731/2875 2921/3738/2875 2922/3740/2875
f 2899/3716/2876 2898/3715/2876 2914/3739/2876 2915/3741/2876
f 2907/3718/2877 2906/3717/2877 2922/3740/2877 2923/3742/2877
f 2900/3719/2878 2899/3716/2878 2915/3741/2878 2916/3743/2878
f 2893/3721/2879 2908/3744/2879 2909/3745/2879
f 3134/3746/2880 2907/3718/2880 2923/3742/2880
f 2901/3723/2881 2900/3719/2881 2916/3743/2881 2917/3747/2881
f 2894/3724/2882 2893/3721/2882 2909/3745/2882 2910/3748/2882
f 2902/3725/2883 2901/3723/2883 2917/3747/2883 2918/3732/2883
f 2895/3726/2884 2894/3724/2884 2910/3748/2884 2911/3734/2884
f 2923/3742/2885 2922/3740/2885 2937/3749/2885 2938/3750/2885
f 2916/3743/2886 2915/3741/2886 2930/3751/2886 2931/3752/2886
f 2909/3745/2887 2908/3753/2887 2924/3754/2887
f 3134/3755/2888 2923/3742/2888 2938/3750/2888
f 2917/3747/2889 2916/3743/2889 2931/3752/2889 2932/3756/2889
f 2910/3748/2890 2909/3745/2890 2924/3754/2890 2925/3757/2890
f 2918/3732/2891 2917/3747/2891 2932/3756/2891 2933/3758/2891
f 2911/3734/2892 2910/3748/2892 2925/3757/2892 2926/3759/2892
f 2919/3733/2893 2918/3732/2893 2933/3758/2893 2934/3760/2893
f 2912/3735/2894 2911/3734/2894 2926/3759/2894 2927/3761/2894
f 2920/3736/2895 2919/3733/2895 2934/3760/2895 2935/3762/2895
f 2913/3737/2896 2912/3735/2896 2927/3761/2896 2928/3763/2896
f 2921/3738/2897 2920/3736/2897 2935/3762/2897 2936/3764/2897
f 2914/3739/2898 2913/3737/2898 2928/3763/2898 2929/3765/2898
f 2922/3740/2899 2921/3738/2899 2936/3764/2899 2937/3749/2899
f 2915/3741/2900 2914/3739/2900 2929/3765/2900 2930/3751/2900
f 2935/3762/2901 2934/3760/2901 2949/3766/2901 2950/3767/2901
f 2928/3763/2902 2927/3761/2902 2942/3768/2902 2943/3769/2902
f 2936/3764/2903 2935/3762/2903 2950/3767/2903 2951/3770/2903
f 2929/3765/2904 2928/3763/2904 2943/3769/2904 2944/3771/2904
f 2937/3749/2905 2936/3764/2905 2951/3770/2905 2952/3772/2905
f 2930/3751/2906 2929/3765/2906 2944/3771/2906 2945/3773/2906
f 2938/3750/2907 2937/3749/2907 2952/3772/2907 2953/3774/2907
f 2931/3752/2908 2930/3751/2908 2945/3773/2908 2946/3775/2908
f 2924/3754/2909 2908/3776/2909 2939/3777/2909
f 3134/3778/2910 2938/3750/2910 2953/3774/2910
f 2932/3756/2911 2931/3752/2911 2946/3775/2911 2947/3779/2911
f 2925/3757/2912 2924/3754/2912 2939/3777/2912 2940/3780/2912
f 2933/3758/2913 2932/3756/2913 2947/3779/2913 2948/3781/2913
f 2926/3759/2914 2925/3757/2914 2940/3780/2914 2941/3782/2914
f 2934/3760/2915 2933/3758/2915 2948/3781/2915 2949/3766/2915
f 2927/3761/2916 2926/3759/2916 2941/3782/2916 2942/3768/2916
f 2939/3777/2917 2908/3783/2917 2954/3784/2917
f 3134/3785/2918 2953/3774/2918 2968/3786/2918
f 2947/3779/2919 2946/3775/2919 2961/3787/2919 2962/3788/2919
f 2940/3780/2920 2939/3777/2920 2954/3784/2920 2955/3789/2920
f 2948/3781/2921 2947/3779/2921 2962/3788/2921 2963/3790/2921
f 2941/3782/2922 2940/3780/2922 2955/3789/2922 2956/3791/2922
f 2949/3766/2923 2948/3781/2923 2963/3790/2923 2964/3792/2923
f 2942/3768/2924 2941/3782/2924 2956/3791/2924 2957/3793/2924
f 2950/3767/2925 2949/3766/2925 2964/3792/2925 2965/3794/2925
f 2943/3769/2926 2942/3768/2926 2957/3793/2926 2958/3795/2926
f 2951/3770/2927 2950/3767/2927 2965/3794/2927 2966/3796/2927
f 2944/3771/2928 2943/3769/2928 2958/3795/2928 2959/3797/2928
f 2952/3772/2929 2951/3770/2929 2966/3796/2929 2967/3798/2929
f 2945/3773/2930 2944/3771/2930 2959/3797/2930 2960/3799/2930
f 2953/3774/2931 2952/3772/2931 2967/3798/2931 2968/3786/2931
f 2946/3775/2932 2945/3773/2932 2960/3799/2932 2961/3787/2932
f 2958/3795/2933 2957/3793/2933 2972/3800/2933 2973/3801/2933
f 2966/3796/2934 2965/3794/2934 2980/3802/2934 2981/3803/2934
f 2959/3797/2935 2958/3795/2935 2973/3801/2935 2974/3804/2935
f 2967/3798/2936 2966/3796/2936 2981/3803/2936 2982/3805/2936
f 2960/3799/2937 2959/3797/2937 2974/3804/2937 2975/3806/2937
f 2968/3786/2938 2967/3798/2938 2982/3805/2938 2983/3807/2938
f 2961/3787/2939 2960/3799/2939 2975/3806/2939 2976/3808/2939
f 2954/3784/2940 2908/3809/2940 2969/3810/2940
f 3134/3811/2941 2968/3786/2941 2983/3807/2941
f 2962/3788/2942 2961/3787/2942 2976/3808/2942 2977/3812/2942
f 2955/3789/2943 2954/3784/2943 2969/3810/2943 2970/3813/2943
f 2963/3790/2944 2962/3788/2944 2977/3812/2944 2978/3814/2944
f 2956/3791/2945 2955/3789/2945 2970/3813/2945 2971/3815/2945
f 2964/3792/2946 2963/3790/2946 2978/3814/2946 2979/3816/2946
f 2957/3793/2947 2956/3791/2947 2971/3815/2947 2972/3800/2947
f 2965/3794/2948 2964/3792/2948 2979/3816/2948 2980/3802/2948
f 2977/3812/2949 2976/3808/2949 2991/3817/2949 2992/3818/2949
f 2970/3813/2950 2969/3810/2950 2984/3819/2950 2985/3820/2950
f 2978/3814/2951 2977/3812/2951 2992/3818/2951 2993/3821/2951
f 2971/3815/2952 2970/3813/2952 2985/3820/2952 2986/3822/2952
f 2979/3816/2953 2978/3814/2953 2993/3821/2953 2994/3823/2953
f 2972/3800/2954 2971/3815/2954 2986/3822/2954 2987/3824/2954
f 2980/3802/2955 2979/3816/2955 2994/3823/2955 2995/3825/2955
f 2973/3801/2956 2972/3800/2956 2987/3824/2956 2988/3826/2956
f 2981/3803/2957 2980/3802/2957 2995/3825/2957 2996/3827/2957
f 2974/3804/2958 2973/3801/2958 2988/3826/2958 2989/3828/2958
f 2982/3805/2959 2981/3803/2959 2996/3827/2959 2997/3829/2959
f 2975/3806/2960 2974/3804/2960 2989/3828/2960 2990/3830/2960
f 2983/3807/2961 2982/3805/2961 2997/3829/2961 2998/3831/2961
f 2976/3808/2962 2975/3806/2962 2990/3830/2962 2991/3817/2962
f 2969/3810/2963 2908/3832/2963 2984/3819/2963
f 3134/3833/2964 2983/3807/2964 2998/3831/2964
f 2996/3827/2965 2995/3825/2965 3010/3834/2965 3011/3835/2965
f 2989/3828/2966 2988/3826/2966 3003/3836/2966 3004/3837/2966
f 2997/3829/2967 2996/3827/2967 3011/3835/2967 3012/3838/2967
f 2990/3830/2968 2989/3828/2968 3004/3837/2968 3005/3839/2968
f 2998/3831/2969 2997/3829/2969 3012/3838/2969 3013/3840/2969
f 2991/3817/2970 2990/3830/2970 3005/3839/2970 3006/3841/2970
f 2984/3819/2971 2908/3842/2971 2999/3843/2971
f 3134/3844/2972 2998/3831/2972 3013/3840/2972
f 2992/3818/2973 2991/3817/2973 3006/3841/2973 3007/3845/2973
f 2985/3820/2974 2984/3819/2974 2999/3843/2974 3000/3846/2974
f 2993/3821/2975 2992/3818/2975 3007/3845/2975 3008/3847/2975
f 2986/3822/2976 2985/3820/2976 3000/3846/2976 3001/3848/2976
f 2994/3823/2977 2993/3821/2977 3008/3847/2977 3009/3849/2977
f 2987/3824/2978 2986/3822/2978 3001/3848/2978 3002/3850/2978
f 2995/3825/2979 2994/3823/2979 3009/3849/2979 3010/3834/2979
f 2988/3826/2980 2987/3824/2980 3002/3850/2980 3003/3836/2980
f 3000/3846/2981 2999/3843/2981 3014/3851/2981 3015/3852/2981
f 3008/3847/2982 3007/3845/2982 3022/3853/2982 3023/3854/2982
f 3001/3848/2983 3000/3846/2983 3015/3852/2983 3016/3855/2983
f 3009/3849/2984 3008/3847/2984 3023/3854/2984 3024/3856/2984
f 3002/3850/2985 3001/3848/2985 3016/3855/2985 3017/3857/2985
f 3010/3834/2986 3009/3849/2986 3024/3856/2986 3025/3858/2986
f 3003/3836/2987 3002/3850/2987 3017/3857/2987 3018/3859/2987
f 3011/3835/2988 3010/3834/2988 3025/3858/2988 3026/3860/2988
f 3004/3837/2989 3003/3836/2989 3018/3859/2989 3019/3861/2989
f 3012/3838/2990 3011/3835/2990 3026/3860/2990 3027/3862/2990
f 3005/3839/2991 3004/3837/2991 3019/3861/2991 3020/3863/2991
f 3013/3840/2992 3012/3838/2992 3027/3862/2992 3028/3864/2992
f 3006/3841/2993 3005/3839/2993 3020/3863/2993 3021/3865/2993
f 2999/3843/2994 2908/3866/2994 3014/3851/2994
f 3134/3867/2995 3013/3840/2995 3028/3864/2995
f 3007/3845/2996 3006/3841/2996 3021/3865/2996 3022/3853/2996
f 3019/3861/2997 3018/3859/2997 3033/3868/2997 3034/3869/2997
f 3027/3862/2998 3026/3860/2998 3041/3870/2998 3042/3871/2998
f 3020/3863/2999 3019/3861/2999 3034/3869/2999 3035/3872/2999
f 3028/3864/3000 3027/3862/3000 3042/3871/3000 3043/3873/3000
f 3021/3865/3001 3020/3863/3001 3035/3872/3001 3036/3874/3001
f 3014/3851/3002 2908/3875/3002 3029/3876/3002
f 3134/3877/3003 3028/3864/3003 3043/3873/3003
f 3022/3853/3004 3021/3865/3004 3036/3874/3004 3037/3878/3004
f 3015/3852/3005 3014/3851/3005 3029/3876/3005 3030/3879/3005
f 3023/3854/3006 3022/3853/3006 3037/3878/3006 3038/3880/3006
f 3016/3855/3007 3015/3852/3007 3030/3879/3007 3031/3881/3007
f 3024/3856/3008 3023/3854/3008 3038/3880/3008 3039/3882/3008
f 3017/3857/3009 3016/3855/3009 3031/3881/3009 3032/3883/3009
f 3025/3858/3010 3024/3856/3010 3039/3882/3010 3040/3884/3010
f 3018/3859/3011 3017/3857/3011 3032/3883/3011 3033/3868/3011
f 3026/3860/3012 3025/3858/3012 3040/3884/3012 3041/3870/3012
f 3038/3880/3013 3037/3878/3013 3052/3885/3013 3053/3886/3013
f 3031/3881/3014 3030/3879/3014 3045/3887/3014 3046/3888/3014
f 3039/3882/3015 3038/3880/3015 3053/3886/3015 3054/3889/3015
f 3032/3883/3016 3031/3881/3016 3046/3888/3016 3047/3890/3016
f 3040/3884/3017 3039/3882/3017 3054/3889/3017 3055/3891/3017
f 3033/3868/3018 3032/3883/3018 3047/3890/3018 3048/3892/3018
f 3041/3870/3019 3040/3884/3019 3055/3891/3019 3056/3893/3019
f 3034/3869/3020 3033/3868/3020 3048/3892/3020 3049/3894/3020
f 3042/3871/3021 3041/3870/3021 3056/3893/3021 3057/3895/3021
f 3035/3872/3022 3034/3869/3022 3049/3894/3022 3050/3896/3022
f 3043/3873/3023 3042/3871/3023 3057/3895/3023 3058/3897/3023
f 3036/3874/3024 3035/3872/3024 3050/3896/3024 3051/3898/3024
f 3029/3876/3025 2908/3899/3025 3044/3900/3025
f 3134/3901/3026 3043/3873/3026 3058/3897/3026
f 3037/3878/3027 3036/3874/3027 3051/3898/3027 3052/3885/3027
f 3030/3879/3028 3029/3876/3028 3044/3900/3028 3045/3887/3028
f 3057/3895/3029 3056/3893/3029 3071/3902/3029 3072/3903/3029
f 3050/3896/3030 3049/3894/3030 3064/3904/3030 3065/3905/3030
f 3058/3897/3031 3057/3895/3031 3072/3903/3031 3073/3906/3031
f 3051/3898/3032 3050/3896/3032 3065/3905/3032 3066/3907/3032
f 3044/3900/3033 2908/3908/3033 3059/3909/3033
f 3134/3910/3034 3058/3897/3034 3073/3906/3034
f 3052/3885/3035 3051/3898/3035 3066/3907/3035 3067/3911/3035
f 3045/3887/3036 3044/3900/3036 3059/3909/3036 3060/3912/3036
f 3053/3886/3037 3052/3885/3037 3067/3911/3037 3068/3913/3037
f 3046/3888/3038 3045/3887/3038 3060/3912/3038 3061/3914/3038
f 3054/3889/3039 3053/3886/3039 3068/3913/3039 3069/3915/3039
f 3047/3890/3040 3046/3888/3040 3061/3914/3040 3062/3916/3040
f 3055/3891/3041 3054/3889/3041 3069/3915/3041 3070/3917/3041
f 3048/3892/3042 3047/3890/3042 3062/3916/3042 3063/3918/3042
f 3056/3893/3043 3055/3891/3043 3070/3917/3043 3071/3902/3043
f 3049/3894/3044 3048/3892/3044 3063/3918/3044 3064/3904/3044
f 3069/3915/3045 3068/3913/3045 3083/3919/3045 3084/3920/3045
f 3062/3916/3046 3061/3914/3046 3076/3921/3046 3077/3922/3046
f 3070/3917/3047 3069/3915/3047 3084/3920/3047 3085/3923/3047
f 3063/3918/3048 3062/3916/3048 3077/3922/3048 3078/3924/3048
f 3071/3902/3049 3070/3917/3049 3085/3923/3049 3086/3925/3049
f 3064/3904/3050 3063/3918/3050 3078/3924/3050 3079/3926/3050
f 3072/3903/3051 3071/3902/3051 3086/3925/3051 3087/3927/3051
f 3065/3905/3052 3064/3904/3052 3079/3926/3052 3080/3928/3052
f 3073/3906/3053 3072/3903/3053 3087/3927/3053 3088/3929/3053
f 3066/3907/3054 3065/3905/3054 3080/3928/3054 3081/3930/3054
f 3059/3909/3055 2908/3931/3055 3074/3932/3055
f 3134/3933/3056 3073/3906/3056 3088/3929/3056
f 3067/3911/3057 3066/3907/3057 3081/3930/3057 3082/3934/3057
f 3060/3912/3058 3059/3909/3058 3074/3932/3058 3075/3935/3058
f 3068/3913/3059 3067/3911/3059 3082/3934/3059 3083/3919/3059
f 3061/3914/3060 3060/3912/3060 3075/3935/3060 3076/3921/3060
f 3088/3929/3061 3087/3927/3061 3102/3936/3061 3103/3937/3061
f 3081/3930/3062 3080/3928/3062 3095/3938/3062 3096/3939/3062
f 3074/3932/3063 2908/3940/3063 3089/3941/3063
f 3134/3942/3064 3088/3929/3064 3103/3937/3064
f 3082/3934/3065 3081/3930/3065 3096/3939/3065 3097/3943/3065
f 3075/3935/3066 3074/3932/3066 3089/3941/3066 3090/3944/3066
f 3083/3919/3067 3082/3934/3067 3097/3943/3067 3098/3945/3067
f 3076/3921/3068 3075/3935/3068 3090/3944/3068 3091/3946/3068
f 3084/3920/3069 3083/3919/3069 3098/3945/3069 3099/3947/3069
f 3077/3922/3070 3076/3921/3070 3091/3946/3070 3092/3948/3070
f 3085/3923/3071 3084/3920/3071 3099/3947/3071 3100/3949/3071
f 3078/3924/3072 3077/3922/3072 3092/3948/3072 3093/3950/3072
f 3086/3925/3073 3085/3923/3073 3100/3949/3073 3101/3951/3073
f 3079/3926/3074 3078/3924/3074 3093/3950/3074 3094/3952/3074
f 3087/3927/3075 3086/3925/3075 3101/3951/3075 3102/3936/3075
f 3080/3928/3076 3079/3926/3076 3094/3952/3076 3095/3938/3076
f 3092/3948/3077 3091/3946/3077 3106/3953/3077 3107/3954/3077
f 3100/3949/3078 3099/3947/3078 3114/3955/3078 3115/3956/3078
f 3093/3950/3079 3092/3948/3079 3107/3954/3079 3108/3957/3079
f 3101/3951/3080 3100/3949/3080 3115/3956/3080 3116/3958/3080
f 3094/3952/3081 3093/3950/3081 3108/3957/3081 3109/3959/3081
f 3102/3936/3082 3101/3951/3082 3116/3958/3082 3117/3960/3082
f 3095/3938/3083 3094/3952/3083 3109/3959/3083 3110/3961/3083
f 3103/3937/3084 3102/3936/3084 3117/3960/3084 3118/3962/3084
f 3096/3939/3085 3095/3938/3085 3110/3961/3085 3111/3963/3085
f 3089/3941/3086 2908/3964/3086 3104/3965/3086
f 3134/3966/3087 3103/3937/3087 3118/3962/3087
f 3097/3943/3088 3096/3939/3088 3111/3963/3088 3112/3967/3088
f 3090/3944/3089 3089/3941/3089 3104/3965/3089 3105/3968/3089
f 3098/3945/3090 3097/3943/3090 3112/3967/3090 3113/3969/3090
f 3091/3946/3091 3090/3944/3091 3105/3968/3091 3106/3953/3091
f 3099/3947/3092 3098/3945/3092 3113/3969/3092 3114/3955/3092
f 3111/3963/3093 3110/3961/3093 3125/3970/3093 3126/3971/3093
f 3104/3965/3094 2908/3972/3094 3119/3973/3094
f 3134/3974/3095 3118/3962/3095 3133/3975/3095
f 3112/3967/3096 3111/3963/3096 3126/3971/3096 3127/3976/3096
f 3105/3968/3097 3104/3965/3097 3119/3973/3097 3120/3977/3097
f 3113/3969/3098 3112/3967/3098 3127/3976/3098 3128/3978/3098
f 3106/3953/3099 3105/3968/3099 3120/3977/3099 3121/3979/3099
f 3114/3955/3100 3113/3969/3100 3128/3978/3100 3129/3980/3100
f 3107/3954/3101 3106/3953/3101 3121/3979/3101 3122/3981/3101
f 3115/3956/3102 3114/3955/3102 3129/3980/3102 3130/3982/3102
f 3108/3957/3103 3107/3954/3103 3122/3981/3103 3123/3983/3103
f 3116/3958/3104 3115/3956/3104 3130/3982/3104 3131/3984/3104
f 3109/3959/3105 3108/3957/3105 3123/3983/3105 3124/3985/3105
f 3117/3960/3106 3116/3958/3106 3131/3984/3106 3132/3986/3106
f 3110/3961/3107 3109/3959/3107 3124/3985/3107 3125/3970/3107
f 3118/3962/3108 3117/3960/3108 3132/3986/3108 3133/3975/3108
f 3130/3982/3109 3129/3980/3109 3145/3987/3109 3146/3988/3109
f 3123/3983/3110 3122/3981/3110 3138/3989/3110 3139/3990/3110
f 3131/3984/3111 3130/3982/3111 3146/3988/3111 3147/3991/3111
f 3124/3985/3112 3123/3983/3112 3139/3990/3112 3140/3992/3112
f 3132/3986/3113 3131/3984/3113 3147/3991/3113 3148/3993/3113
f 3125/3970/3114 3124/3985/3114 3140/3992/3114 3141/3994/3114
f 3133/3975/3115 3132/3986/3115 3148/3993/3115 3149/3995/3115
f 3126/3971/3116 3125/3970/3116 3141/3994/3116 3142/3996/3116
f 3119/3973/3117 2908/3997/3117 3135/3998/3117
f 3134/3999/3118 3133/3975/3118 3149/3995/3118
f 3127/3976/3119 3126/3971/3119 3142/3996/3119 3143/4000/3119
f 3120/3977/3120 3119/3973/3120 3135/3998/3120 3136/4001/3120
f 3128/3978/3121 3127/3976/3121 3143/4000/3121 3144/4002/3121
f 3121/3979/3122 3120/3977/3122 3136/4001/3122 3137/4003/3122
f 3129/3980/3123 3128/3978/3123 3144/4002/3123 3145/3987/3123
f 3122/3981/3124 3121/3979/3124 3137/4003/3124 3138/3989/3124
f 3135/3998/3125 2908/4004/3125 3150/4005/3125
f 3134/4006/3126 3149/3995/3126 3164/4007/3126
f 3143/4000/3127 3142/3996/3127 3157/4008/3127 3158/4009/3127
f 3136/4001/3128 3135/3998/3128 3150/4005/3128 3151/4010/3128
f 3144/4002/3129 3143/4000/3129 3158/4009/3129 3159/4011/3129
f 3137/4003/3130 3136/4001/3130 3151/4010/3130 3152/4012/3130
f 3145/3987/3131 3144/4002/3131 3159/4011/3131 3160/4013/3131
f 3138/3989/3132 3137/4003/3132 3152/4012/3132 3153/4014/3132
f 3146/3988/3133 3145/3987/3133 3160/4013/3133 3161/4015/3133
f 3139/3990/3134 3138/3989/3134 3153/4014/3134 3154/4016/3134
f 3147/3991/3135 3146/3988/3135 3161/4015/3135 3162/4017/3135
f 3140/3992/3136 3139/3990/3136 3154/4016/3136 3155/4018/3136
f 3148/3993/3137 3147/3991/3137 3162/4017/3137 3163/4019/3137
f 3141/3994/3138 3140/3992/3138 3155/4018/3138 3156/4020/3138
f 3149/3995/3139 3148/3993/3139 3163/4019/3139 3164/4007/3139
f 3142/3996/3140 3141/3994/3140 3156/4020/3140 3157/4008/3140
f 3154/4016/3141 3153/4014/3141 3168/4021/3141 3169/4022/3141
f 3162/4017/3142 3161/4015/3142 3176/4023/3142 3177/4024/3142
f 3155/4018/3143 3154/4016/3143 3169/4022/3143 3170/4025/3143
f 3163/4019/3144 3162/4017/3144 3177/4024/3144 3178/4026/3144
f 3156/4020/3145 3155/4018/3145 3170/4025/3145 3171/4027/3145
f 3164/4007/3146 3163/4019/3146 3178/4026/3146 3179/4028/3146
f 3157/4008/3147 3156/4020/3147 3171/4027/3147 3172/4029/3147
f 3150/4005/3148 2908/4030/3148 3165/4031/3148
f 3134/4032/3149 3164/4007/3149 3179/4028/3149
f 3158/4009/3150 3157/4008/3150 3172/4029/3150 3173/4033/3150
f 3151/4010/3151 3150/4005/3151 3165/4031/3151 3166/4034/3151
f 3159/4011/3152 3158/4009/3152 3173/4033/3152 3174/4035/3152
f 3152/4012/3153 3151/4010/3153 3166/4034/3153 3167/4036/3153
f 3160/4013/3154 3159/4011/3154 3174/4035/3154 3175/4037/3154
f 3153/4014/3155 3152/4012/3155 3167/4036/3155 3168/4021/3155
f 3161/4015/3156 3160/4013/3156 3175/4037/3156 3176/4023/3156
f 3173/4033/3157 3172/4029/3157 3187/4038/3157 3188/4039/3157
f 3166/4034/3158 3165/4031/3158 3180/4040/3158 3181/4041/3158
f 3174/4035/3159 3173/4033/3159 3188/4039/3159 3189/4042/3159
f 3167/4036/3160 3166/4034/3160 3181/4041/3160 3182/4043/3160
f 3175/4037/3161 3174/4035/3161 3189/4042/3161 3190/4044/3161
f 3168/4021/3162 3167/4036/3162 3182/4043/3162 3183/4045/3162
f 3176/4023/3163 3175/4037/3163 3190/4044/3163 3191/4046/3163
f 3169/4022/3164 3168/4021/3164 3183/4045/3164 3184/4047/3164
f 3177/4024/3165 3176/4023/3165 3191/4046/3165 3192/4048/3165
f 3170/4025/3166 3169/4022/3166 3184/4047/3166 3185/4049/3166
f 3178/4026/3167 3177/4024/3167 3192/4048/3167 3193/4050/3167
f 3171/4027/3168 3170/4025/3168 3185/4049/3168 3186/4051/3168
f 3179/4028/3169 3178/4026/3169 3193/4050/3169 3194/4052/3169
f 3172/4029/3170 3171/4027/3170 3186/4051/3170 3187/4038/3170
f 3165/4031/3171 2908/4053/3171 3180/4040/3171
f 3134/4054/3172 3179/4028/3172 3194/4052/3172
f 3192/4055/3173 3191/4056/3173 3206/4057/3173 3207/4058/3173
f 3185/4059/3174 3184/4060/3174 3199/4061/3174 3200/4062/3174
f 3193/4063/3175 3192/4055/3175 3207/4058/3175 3208/4064/3175
f 3186/4065/3176 3185/4059/3176 3200/4062/3176 3201/4066/3176
f 3194/4067/3177 3193/4063/3177 3208/4064/3177 3209/4068/3177
f 3187/4069/3178 3186/4065/3178 3201/4066/3178 3202/4070/3178
f 3180/4071/3179 2908/4072/3179 3195/4073/3179
f 3134/4074/3180 3194/4067/3180 3209/4068/3180
f 3188/4075/3181 3187/4069/3181 3202/4070/3181 3203/4076/3181
f 3181/4077/3182 3180/4071/3182 3195/4073/3182 3196/4078/3182
f 3189/4079/3183 3188/4075/3183 3203/4076/3183 3204/4080/3183
f 3182/4081/3184 3181/4077/3184 3196/4078/3184 3197/4082/3184
f 3190/4083/3185 3189/4079/3185 3204/4080/3185 3205/4084/3185
f 3183/4085/3186 3182/4081/3186 3197/4082/3186 3198/4086/3186
f 3191/4056/3187 3190/4083/3187 3205/4084/3187 3206/4057/3187
f 3184/4060/3188 3183/4085/3188 3198/4086/3188 3199/4061/3188
f 3204/4080/3189 3203/4076/3189 3218/4087/3189 3219/4088/3189
f 3197/4082/3190 3196/4078/3190 3211/4089/3190 3212/4090/3190
f 3205/4084/3191 3204/4080/3191 3219/4088/3191 3220/4091/3191
f 3198/4086/3192 3197/4082/3192 3212/4090/3192 3213/4092/3192
f 3206/4057/3193 3205/4084/3193 3220/4091/3193 3221/4093/3193
f 3199/4061/3194 3198/4086/3194 3213/4092/3194 3214/4094/3194
f 3207/4058/3195 3206/4057/3195 3221/4093/3195 3222/4095/3195
f 3200/4062/3196 3199/4061/3196 3214/4094/3196 3215/4096/3196
f 3208/4064/3197 3207/4058/3197 3222/4095/3197 3223/4097/3197
f 3201/4066/3198 3200/4062/3198 3215/4096/3198 3216/4098/3198
f 3209/4068/3199 3208/4064/3199 3223/4097/3199 3224/4099/3199
f 3202/4070/3200 3201/4066/3200 3216/4098/3200 3217/4100/3200
f 3195/4073/3201 2908/4101/3201 3210/4102/3201
f 3134/4103/3202 3209/4068/3202 3224/4099/3202
f 3203/4076/3203 3202/4070/3203 3217/4100/3203 3218/4087/3203
f 3196/4078/3204 3195/4073/3204 3210/4102/3204 3211/4089/3204
f 3223/4097/3205 3222/4095/3205 3237/4104/3205 3238/4105/3205
f 3216/4098/3206 3215/4096/3206 3230/4106/3206 3231/4107/3206
f 3224/4099/3207 3223/4097/3207 3238/4105/3207 3239/4108/3207
f 3217/4100/3208 3216/4098/3208 3231/4107/3208 3232/4109/3208
f 3210/4102/3209 2908/4110/3209 3225/4111/3209
f 3134/4112/3210 3224/4099/3210 3239/4108/3210
f 3218/4087/3211 3217/4100/3211 3232/4109/3211 3233/4113/3211
f 3211/4089/3212 3210/4102/3212 3225/4111/3212 3226/4114/3212
f 3219/4088/3213 3218/4087/3213 3233/4113/3213 3234/4115/3213
f 3212/4090/3214 3211/4089/3214 3226/4114/3214 3227/4116/3214
f 3220/4091/3215 3219/4088/3215 3234/4115/3215 3235/4117/3215
f 3213/4092/3216 3212/4090/3216 3227/4116/3216 3228/4118/3216
f 3221/4093/3217 3220/4091/3217 3235/4117/3217 3236/4119/3217
f 3214/4094/3218 3213/4092/3218 3228/4118/3218 3229/4120/3218
f 3222/4095/3219 3221/4093/3219 3236/4119/3219 3237/4104/3219
f 3215/4096/3220 3214/4094/3220 3229/4120/3220 3230/4106/3220
f 3227/4116/3221 3226/4114/3221 3241/4121/3221 3242/4122/3221
f 3235/4117/3222 3234/4115/3222 3249/4123/3222 3250/4124/3222
f 3228/4118/3223 3227/4116/3223 3242/4122/3223 3243/4125/3223
f 3236/4119/3224 3235/4117/3224 3250/4124/3224 3251/4126/3224
f 3229/4120/3225 3228/4118/3225 3243/4125/3225 3244/4127/3225
f 3237/4104/3226 3236/4119/3226 3251/4126/3226 3252/4128/3226
f 3230/4106/3227 3229/4120/3227 3244/4127/3227 3245/4129/3227
f 3238/4105/3228 3237/4104/3228 3252/4128/3228 3253/4130/3228
f 3231/4107/3229 3230/4106/3229 3245/4129/3229 3246/4131/3229
f 3239/4108/3230 3238/4105/3230 3253/4130/3230 3254/4132/3230
f 3232/4109/3231 3231/4107/3231 3246/4131/3231 3247/4133/3231
f 3225/4111/3232 2908/4134/3232 3240/4135/3232
f 3134/4136/3233 3239/4108/3233 3254/4132/3233
f 3233/4113/3234 3232/4109/3234 3247/4133/3234 3248/4137/3234
f 3226/4114/3235 3225/4111/3235 3240/4135/3235 3241/4121/3235
f 3234/4115/3236 3233/4113/3236 3248/4137/3236 3249/4123/3236
f 3246/4131/3237 3245/4129/3237 3260/4138/3237 3261/4139/3237
f 3254/4132/3238 3253/4130/3238 3268/4140/3238 3269/4141/3238
f 3247/4133/3239 3246/4131/3239 3261/4139/3239 3262/4142/3239
f 3240/4135/3240 2908/4143/3240 3255/4144/3240
f 3134/4145/3241 3254/4132/3241 3269/4141/3241
f 3248/4137/3242 3247/4133/3242 3262/4142/3242 3263/4146/3242
f 3241/4121/3243 3240/4135/3243 3255/4144/3243 3256/4147/3243
f 3249/4123/3244 3248/4137/3244 3263/4146/3244 3264/4148/3244
f 3242/4122/3245 3241/4121/3245 3256/4147/3245 3257/4149/3245
f 3250/4124/3246 3249/4123/3246 3264/4148/3246 3265/4150/3246
f 3243/4125/3247 3242/4122/3247 3257/4149/3247 3258/4151/3247
f 3251/4126/3248 3250/4124/3248 3265/4150/3248 3266/4152/3248
f 3244/4127/3249 3243/4125/3249 3258/4151/3249 3259/4153/3249
f 3252/4128/3250 3251/4126/3250 3266/4152/3250 3267/4154/3250
f 3245/4129/3251 3244/4127/3251 3259/4153/3251 3260/4138/3251
f 3253/4130/3252 3252/4128/3252 3267/4154/3252 3268/4140/3252
f 3265/4150/3253 3264/4148/3253 3279/4155/3253 3280/4156/3253
f 3258/4151/3254 3257/4149/3254 3272/4157/3254 3273/4158/3254
f 3266/4152/3255 3265/4150/3255 3280/4156/3255 3281/4159/3255
f 3259/4153/3256 3258/4151/3256 3273/4158/3256 3274/4160/3256
f 3267/4154/3257 3266/4152/3257 3281/4159/3257 3282/4161/3257
f 3260/4138/3258 3259/4153/3258 3274/4160/3258 3275/4162/3258
f 3268/4140/3259 3267/4154/3259 3282/4161/3259 3283/4163/3259
f 3261/4139/3260 3260/4138/3260 3275/4162/3260 3276/4164/3260
f 3269/4141/3261 3268/4140/3261 3283/4163/3261 3284/4165/3261
f 3262/4142/3262 3261/4139/3262 3276/4164/3262 3277/4166/3262
f 3255/4144/3263 2908/4167/3263 3270/4168/3263
f 3134/4169/3264 3269/4141/3264 3284/4165/3264
f 3263/4146/3265 3262/4142/3265 3277/4166/3265 3278/4170/3265
f 3256/4147/3266 3255/4144/3266 3270/4168/3266 3271/4171/3266
f 3264/4148/3267 3263/4146/3267 3278/4170/3267 3279/4155/3267
f 3257/4149/3268 3256/4147/3268 3271/4171/3268 3272/4157/3268
f 3284/4165/3269 3283/4163/3269 3298/4172/3269 3299/4173/3269
f 3277/4166/3270 3276/4164/3270 3291/4174/3270 3292/4175/3270
f 3270/4168/3271 2908/4176/3271 3285/4177/3271
f 3134/4178/3272 3284/4165/3272 3299/4173/3272
f 3278/4170/3273 3277/4166/3273 3292/4175/3273 3293/4179/3273
f 3271/4171/3274 3270/4168/3274 3285/4177/3274 3286/4180/3274
f 3279/4155/3275 3278/4170/3275 3293/4179/3275 3294/4181/3275
f 3272/4157/3276 3271/4171/3276 3286/4180/3276 3287/4182/3276
f 3280/4156/3277 3279/4155/3277 3294/4181/3277 3295/4183/3277
f 3273/4158/3278 3272/4157/3278 3287/4182/3278 3288/4184/3278
f 3281/4159/3279 3280/4156/3279 3295/4183/3279 3296/4185/3279
f 3274/4160/3280 3273/4158/3280 3288/4184/3280 3289/4186/3280
f 3282/4161/3281 3281/4159/3281 3296/4185/3281 3297/4187/3281
f 3275/4162/3282 3274/4160/3282 3289/4186/3282 3290/4188/3282
f 3283/4163/3283 3282/4161/3283 3297/4187/3283 3298/4172/3283
f 3276/4164/3284 3275/4162/3284 3290/4188/3284 3291/4174/3284
f 3288/4184/3285 3287/4182/3285 2827/3637/3285 3302/3636/3285
f 3296/4185/3286 3295/4183/3286 2832/3632/3286 3305/3640/3286
f 3289/4186/3287 3288/4184/3287 3302/3636/3287 2828/3642/3287
f 3297/4187/3288 3296/4185/3288 3305/3640/3288 3306/3644/3288
f 3290/4188/3289 3289/4186/3289 2828/3642/3289 3303/3646/3289
f 3298/4172/3290 3297/4187/3290 3306/3644/3290 3307/3648/3290
f 3291/4174/3291 3290/4188/3291 3303/3646/3291 2829/3650/3291
f 3299/4173/3292 3298/4172/3292 3307/3648/3292 3308/3652/3292
f 3292/4175/3293 3291/4174/3293 2829/3650/3293 2830/3654/3293
f 3285/4177/3294 2908/4189/3294 3300/3656/3294
f 3134/4190/3295 3299/4173/3295 3308/3652/3295
f 3293/4179/3296 3292/4175/3296 2830/3654/3296 2831/3660/3296
f 3286/4180/3297 3285/4177/3297 3300/3656/3297 3301/3662/3297
f 3294/4181/3298 3293/4179/3298 2831/3660/3298 3304/3633/3298
f 3287/4182/3299 3286/4180/3299 3301/3662/3299 2827/3637/3299
f 3295/4183/3300 3294/4181/3300 3304/3633/3300 2832/3632/3300
o Sphere.006
v 0.583336 1.193186 4.803907
v 0.624720 1.151801 4.803907
v 0.647118 1.097729 4.803907
v 0.650000 1.068466 4.803907
v 0.647118 1.039202 4.803907
v 0.624720 0.985130 4.803907
v 0.528701 1.215584 4.809617
v 0.556300 1.207048 4.815106
v 0.581734 1.193186 4.820165
v 0.604028 1.174532 4.824600
v 0.622324 1.151801 4.828239
v 0.635919 1.125868 4.830944
v 0.644291 1.097729 4.832609
v 0.647118 1.068466 4.833171
v 0.644291 1.039202 4.832609
v 0.635919 1.011063 4.830944
v 0.622324 0.985130 4.828239
v 0.604028 0.962400 4.824600
v 0.581734 0.943745 4.820165
v 0.556300 0.929884 4.815106
v 0.528701 0.921348 4.809617
v 0.527036 1.215584 4.815106
v 0.553033 1.207048 4.825874
v 0.576992 1.193186 4.835799
v 0.597992 1.174532 4.844497
v 0.615227 1.151801 4.851636
v 0.628033 1.125868 4.856940
v 0.635919 1.097729 4.860207
v 0.638582 1.068466 4.861310
v 0.635919 1.039202 4.860207
v 0.628033 1.011063 4.856940
v 0.615227 0.985130 4.851636
v 0.597992 0.962400 4.844497
v 0.576992 0.943745 4.835799
v 0.553033 0.929884 4.825874
v 0.527036 0.921348 4.815106
v 0.524332 1.215584 4.820165
v 0.547728 1.207048 4.835799
v 0.569291 1.193186 4.850206
v 0.588191 1.174532 4.862834
v 0.603701 1.151801 4.873199
v 0.615227 1.125868 4.880899
v 0.622324 1.097729 4.885642
v 0.624720 1.068466 4.887243
v 0.622324 1.039202 4.885642
v 0.615227 1.011063 4.880899
v 0.603701 0.985130 4.873199
v 0.588191 0.962400 4.862834
v 0.569291 0.943745 4.850206
v 0.547728 0.929884 4.835799
v 0.524332 0.921348 4.820165
v 0.520692 1.215584 4.824600
v 0.540590 1.207048 4.844497
v 0.558927 1.193186 4.862834
v 0.575000 1.174532 4.878907
v 0.588191 1.151801 4.892098
v 0.597992 1.125868 4.901900
v 0.604028 1.097729 4.907935
v 0.606066 1.068466 4.909974
v 0.604028 1.039202 4.907935
v 0.597992 1.011063 4.901900
v 0.588191 0.985130 4.892098
v 0.575000 0.962400 4.878907
v 0.558927 0.943745 4.862834
v 0.540590 0.929884 4.844497
v 0.520692 0.921348 4.824600
v 0.516258 1.215584 4.828239
v 0.531891 1.207048 4.851636
v 0.546299 1.193186 4.873199
v 0.558927 1.174532 4.892098
v 0.569291 1.151801 4.907609
v 0.576992 1.125868 4.919134
v 0.581734 1.097729 4.926231
v 0.583336 1.068466 4.928628
v 0.581734 1.039202 4.926231
v 0.576992 1.011063 4.919134
v 0.569291 0.985130 4.907609
v 0.558927 0.962400 4.892098
v 0.546299 0.943745 4.873199
v 0.531891 0.929884 4.851636
v 0.516258 0.921348 4.828239
v 0.500000 1.218466 4.803907
v 0.511199 1.215584 4.830944
v 0.521967 1.207048 4.856940
v 0.531891 1.193186 4.880899
v 0.540590 1.174532 4.901900
v 0.547728 1.151801 4.919134
v 0.553033 1.125868 4.931941
v 0.556300 1.097729 4.939826
v 0.557402 1.068466 4.942489
v 0.556300 1.039202 4.939826
v 0.553033 1.011063 4.931941
v 0.547728 0.985130 4.919134
v 0.540590 0.962400 4.901900
v 0.531891 0.943745 4.880899
v 0.521967 0.929884 4.856940
v 0.511199 0.921348 4.830944
v 0.505709 1.215584 4.832609
v 0.511199 1.207048 4.860207
v 0.516258 1.193186 4.885642
v 0.520692 1.174532 4.907935
v 0.524332 1.151801 4.926231
v 0.527036 1.125868 4.939826
v 0.528701 1.097729 4.948198
v 0.529263 1.068466 4.951025
v 0.528701 1.039202 4.948198
v 0.527036 1.011063 4.939826
v 0.524332 0.985130 4.926231
v 0.520692 0.962400 4.907935
v 0.516258 0.943745 4.885642
v 0.511199 0.929884 4.860207
v 0.505709 0.921348 4.832609
v 0.500000 1.215584 4.833171
v 0.500000 1.207048 4.861310
v 0.500000 1.193186 4.887243
v 0.500000 1.174532 4.909974
v 0.500000 1.151801 4.928628
v 0.500000 1.125868 4.942489
v 0.500000 1.097729 4.951025
v 0.500000 1.068466 4.953907
v 0.500000 1.039202 4.951025
v 0.500000 1.011063 4.942489
v 0.500000 0.985130 4.928628
v 0.500000 0.962400 4.909974
v 0.500000 0.943745 4.887243
v 0.500000 0.929884 4.861310
v 0.500000 0.921348 4.833171
v 0.494291 1.215584 4.832609
v 0.488801 1.207048 4.860207
v 0.483742 1.193186 4.885642
v 0.479308 1.174532 4.907935
v 0.475668 1.151801 4.926231
v 0.472964 1.125868 4.939826
v 0.471299 1.097729 4.948198
v 0.470736 1.068466 4.951025
v 0.471299 1.039202 4.948198
v 0.472964 1.011063 4.939826
v 0.475668 0.985130 4.926231
v 0.479308 0.962400 4.907935
v 0.483742 0.943745 4.885642
v 0.488801 0.929884 4.860207
v 0.494291 0.921348 4.832609
v 0.488801 1.215584 4.830944
v 0.478033 1.207048 4.856940
v 0.468109 1.193186 4.880899
v 0.459410 1.174532 4.901900
v 0.452272 1.151801 4.919134
v 0.446967 1.125868 4.931941
v 0.443700 1.097729 4.939826
v 0.442597 1.068466 4.942489
v 0.443700 1.039202 4.939826
v 0.446967 1.011063 4.931941
v 0.452272 0.985130 4.919134
v 0.459410 0.962400 4.901900
v 0.468109 0.943745 4.880899
v 0.478033 0.929884 4.856940
v 0.488801 0.921348 4.830944
v 0.483742 1.215584 4.828239
v 0.468109 1.207048 4.851636
v 0.453701 1.193186 4.873199
v 0.441073 1.174532 4.892098
v 0.430709 1.151801 4.907609
v 0.423008 1.125868 4.919134
v 0.418266 1.097729 4.926231
v 0.416664 1.068466 4.928628
v 0.418266 1.039202 4.926231
v 0.423008 1.011063 4.919134
v 0.430709 0.985130 4.907609
v 0.441073 0.962400 4.892098
v 0.453701 0.943745 4.873199
v 0.468109 0.929884 4.851636
v 0.483742 0.921348 4.828239
v 0.479308 1.215584 4.824600
v 0.459410 1.207048 4.844497
v 0.441073 1.193186 4.862834
v 0.425000 1.174532 4.878907
v 0.411809 1.151801 4.892098
v 0.402008 1.125868 4.901900
v 0.395972 1.097729 4.907935
v 0.393934 1.068466 4.909973
v 0.395972 1.039202 4.907935
v 0.402008 1.011063 4.901900
v 0.411809 0.985130 4.892098
v 0.425000 0.962400 4.878907
v 0.441073 0.943745 4.862834
v 0.459410 0.929884 4.844497
v 0.479308 0.921348 4.824600
v 0.475668 1.215584 4.820165
v 0.452272 1.207048 4.835799
v 0.430709 1.193186 4.850206
v 0.411809 1.174532 4.862834
v 0.396299 1.151801 4.873199
v 0.384773 1.125868 4.880899
v 0.377676 1.097729 4.885642
v 0.375280 1.068466 4.887243
v 0.377676 1.039202 4.885642
v 0.384773 1.011063 4.880899
v 0.396299 0.985130 4.873199
v 0.411809 0.962400 4.862834
v 0.430709 0.943745 4.850206
v 0.452272 0.929884 4.835799
v 0.475668 0.921348 4.820165
v 0.472964 1.215584 4.815106
v 0.446967 1.207048 4.825874
v 0.423008 1.193186 4.835798
v 0.402008 1.174532 4.844497
v 0.384773 1.151801 4.851636
v 0.371967 1.125868 4.856940
v 0.364081 1.097729 4.860207
v 0.361418 1.068466 4.861310
v 0.364081 1.039202 4.860207
v 0.371967 1.011063 4.856940
v 0.384773 0.985130 4.851636
v 0.402008 0.962400 4.844497
v 0.423008 0.943745 4.835798
v 0.446967 0.929884 4.825874
v 0.472964 0.921348 4.815106
v 0.471299 1.215584 4.809617
v 0.443700 1.207048 4.815106
v 0.418266 1.193186 4.820165
v 0.395972 1.174532 4.824600
v 0.377676 1.151801 4.828239
v 0.364081 1.125868 4.830944
v 0.355709 1.097729 4.832609
v 0.352882 1.068466 4.833171
v 0.355709 1.039202 4.832609
v 0.364081 1.011063 4.830944
v 0.377676 0.985130 4.828239
v 0.395972 0.962400 4.824600
v 0.418266 0.943745 4.820165
v 0.443700 0.929884 4.815106
v 0.471299 0.921348 4.809617
v 0.470736 1.215584 4.803907
v 0.442598 1.207048 4.803907
v 0.416665 1.193186 4.803907
v 0.393934 1.174532 4.803907
v 0.375280 1.151801 4.803907
v 0.361418 1.125868 4.803907
v 0.352882 1.097729 4.803907
v 0.350000 1.068466 4.803907
v 0.352882 1.039202 4.803907
v 0.361418 1.011063 4.803907
v 0.375280 0.985130 4.803907
v 0.393934 0.962400 4.803907
v 0.416665 0.943745 4.803907
v 0.442598 0.929884 4.803907
v 0.470736 0.921348 4.803907
v 0.471299 1.215584 4.798198
v 0.443700 1.207048 4.792709
v 0.418266 1.193186 4.787650
v 0.395972 1.174532 4.783215
v 0.377676 1.151801 4.779576
v 0.364081 1.125868 4.776871
v 0.355709 1.097729 4.775206
v 0.352882 1.068466 4.774644
v 0.355709 1.039202 4.775206
v 0.364081 1.011063 4.776871
v 0.377676 0.985130 4.779576
v 0.395972 0.962400 4.783215
v 0.418266 0.943745 4.787650
v 0.443700 0.929884 4.792709
v 0.471299 0.921348 4.798198
v 0.472964 1.215584 4.792709
v 0.446967 1.207048 4.781940
v 0.423008 1.193186 4.772016
v 0.402008 1.174532 4.763318
v 0.384773 1.151801 4.756179
v 0.371967 1.125868 4.750875
v 0.364081 1.097729 4.747608
v 0.361418 1.068466 4.746505
v 0.364081 1.039202 4.747608
v 0.371967 1.011063 4.750875
v 0.384773 0.985130 4.756179
v 0.402008 0.962400 4.763318
v 0.423008 0.943745 4.772016
v 0.446967 0.929884 4.781940
v 0.472964 0.921348 4.792709
v 0.475668 1.215584 4.787650
v 0.452272 1.207048 4.772016
v 0.430709 1.193186 4.757609
v 0.411809 1.174532 4.744980
v 0.396299 1.151801 4.734616
v 0.384773 1.125868 4.726915
v 0.377676 1.097729 4.722173
v 0.375280 1.068466 4.720572
v 0.377676 1.039202 4.722173
v 0.384773 1.011063 4.726915
v 0.396299 0.985130 4.734616
v 0.411809 0.962400 4.744980
v 0.430709 0.943745 4.757609
v 0.452272 0.929884 4.772016
v 0.475668 0.921348 4.787650
v 0.479308 1.215584 4.783215
v 0.459410 1.207048 4.763318
v 0.441073 1.193186 4.744980
v 0.425000 1.174532 4.728908
v 0.411809 1.151801 4.715717
v 0.402008 1.125868 4.705915
v 0.395972 1.097729 4.699880
v 0.393934 1.068466 4.697842
v 0.395972 1.039202 4.699880
v 0.402008 1.011063 4.705915
v 0.411809 0.985130 4.715717
v 0.425000 0.962400 4.728908
v 0.441073 0.943745 4.744980
v 0.459410 0.929884 4.763318
v 0.479308 0.921348 4.783215
v 0.500000 0.918466 4.803907
v 0.483742 1.215584 4.779576
v 0.468109 1.207048 4.756179
v 0.453701 1.193186 4.734616
v 0.441073 1.174532 4.715717
v 0.430709 1.151801 4.700206
v 0.423008 1.125868 4.688681
v 0.418266 1.097729 4.681583
v 0.416665 1.068466 4.679187
v 0.418266 1.039202 4.681583
v 0.423008 1.011063 4.688681
v 0.430709 0.985130 4.700206
v 0.441073 0.962400 4.715717
v 0.453701 0.943745 4.734616
v 0.468109 0.929884 4.756179
v 0.483742 0.921348 4.779576
v 0.488801 1.215584 4.776871
v 0.478033 1.207048 4.750875
v 0.468109 1.193186 4.726915
v 0.459410 1.174532 4.705915
v 0.452272 1.151801 4.688681
v 0.446967 1.125868 4.675874
v 0.443701 1.097729 4.667988
v 0.442598 1.068466 4.665326
v 0.443701 1.039202 4.667988
v 0.446967 1.011063 4.675874
v 0.452272 0.985130 4.688681
v 0.459410 0.962400 4.705915
v 0.468109 0.943745 4.726915
v 0.478033 0.929884 4.750875
v 0.488801 0.921348 4.776871
v 0.494291 1.215584 4.775206
v 0.488801 1.207048 4.747608
v 0.483742 1.193186 4.722173
v 0.479308 1.174532 4.699880
v 0.475668 1.151801 4.681583
v 0.472964 1.125868 4.667988
v 0.471299 1.097729 4.659616
v 0.470737 1.068466 4.656790
v 0.471299 1.039202 4.659616
v 0.472964 1.011063 4.667988
v 0.475668 0.985130 4.681583
v 0.479308 0.962400 4.699880
v 0.483742 0.943745 4.722173
v 0.488801 0.929884 4.747608
v 0.494291 0.921348 4.775206
v 0.500000 1.215584 4.774644
v 0.500000 1.207048 4.746505
v 0.500000 1.193186 4.720572
v 0.500000 1.174532 4.697841
v 0.500000 1.151801 4.679187
v 0.500000 1.125868 4.665326
v 0.500000 1.097729 4.656790
v 0.500000 1.068466 4.653908
v 0.500000 1.039202 4.656790
v 0.500000 1.011063 4.665326
v 0.500000 0.985130 4.679187
v 0.500000 0.962400 4.697841
v 0.500000 0.943745 4.720572
v 0.500000 0.929884 4.746505
v 0.500000 0.921348 4.774644
v 0.505709 1.215584 4.775206
v 0.511199 1.207048 4.747608
v 0.516258 1.193186 4.722173
v 0.520692 1.174532 4.699880
v 0.524332 1.151801 4.681583
v 0.527036 1.125868 4.667988
v 0.528701 1.097729 4.659616
v 0.529264 1.068466 4.656790
v 0.528701 1.039202 4.659616
v 0.527036 1.011063 4.667988
v 0.524332 0.985130 4.681583
v 0.520692 0.962400 4.699880
v 0.516258 0.943745 4.722173
v 0.511199 0.929884 4.747608
v 0.505709 0.921348 4.775206
v 0.511199 1.215584 4.776871
v 0.521967 1.207048 4.750875
v 0.531891 1.193186 4.726915
v 0.540590 1.174532 4.705915
v 0.547728 1.151801 4.688681
v 0.553033 1.125868 4.675874
v 0.556300 1.097729 4.667988
v 0.557403 1.068466 4.665326
v 0.556300 1.039202 4.667988
v 0.553033 1.011063 4.675874
v 0.547728 0.985130 4.688681
v 0.540590 0.962400 4.705915
v 0.531891 0.943745 4.726915
v 0.521967 0.929884 4.750875
v 0.511199 0.921348 4.776871
v 0.516258 1.215584 4.779576
v 0.531891 1.207048 4.756179
v 0.546299 1.193186 4.734616
v 0.558927 1.174532 4.715717
v 0.569291 1.151801 4.700206
v 0.576992 1.125868 4.688681
v 0.581734 1.097729 4.681583
v 0.583336 1.068466 4.679187
v 0.581734 1.039202 4.681583
v 0.576992 1.011063 4.688681
v 0.569291 0.985130 4.700206
v 0.558927 0.962400 4.715717
v 0.546299 0.943745 4.734616
v 0.531891 0.929884 4.756179
v 0.516258 0.921348 4.779576
v 0.520692 1.215584 4.783215
v 0.540590 1.207048 4.763318
v 0.558927 1.193186 4.744980
v 0.575000 1.174532 4.728908
v 0.588191 1.151801 4.715717
v 0.597992 1.125868 4.705915
v 0.604028 1.097729 4.699880
v 0.606066 1.068466 4.697842
v 0.604028 1.039202 4.699880
v 0.597992 1.011063 4.705915
v 0.588191 0.985130 4.715717
v 0.575000 0.962400 4.728908
v 0.558927 0.943745 4.744980
v 0.540590 0.929884 4.763318
v 0.520692 0.921348 4.783215
v 0.524332 1.215584 4.787650
v 0.547728 1.207048 4.772017
v 0.569291 1.193186 4.757609
v 0.588191 1.174532 4.744980
v 0.603701 1.151801 4.734616
v 0.615227 1.125868 4.726915
v 0.622324 1.097729 4.722173
v 0.624720 1.068466 4.720572
v 0.622324 1.039202 4.722173
v 0.615227 1.011063 4.726915
v 0.603701 0.985130 4.734616
v 0.588191 0.962400 4.744980
v 0.569291 0.943745 4.757609
v 0.547728 0.929884 4.772017
v 0.524332 0.921348 4.787650
v 0.527036 1.215584 4.792709
v 0.553033 1.207048 4.781940
v 0.576992 1.193186 4.772017
v 0.597992 1.174532 4.763318
v 0.615227 1.151801 4.756179
v 0.628033 1.125868 4.750875
v 0.635919 1.097729 4.747608
v 0.638582 1.068466 4.746505
v 0.635919 1.039202 4.747608
v 0.628033 1.011063 4.750875
v 0.615227 0.985130 4.756179
v 0.597992 0.962400 4.763318
v 0.576992 0.943745 4.772017
v 0.553033 0.929884 4.781940
v 0.527036 0.921348 4.792709
v 0.528701 1.215584 4.798198
v 0.556300 1.207048 4.792709
v 0.581734 1.193186 4.787650
v 0.604028 1.174532 4.783215
v 0.622324 1.151801 4.779576
v 0.635919 1.125868 4.776871
v 0.644291 1.097729 4.775206
v 0.647118 1.068466 4.774644
v 0.644291 1.039202 4.775206
v 0.635919 1.011063 4.776871
v 0.622324 0.985130 4.779576
v 0.604028 0.962400 4.783215
v 0.581734 0.943745 4.787650
v 0.556300 0.929884 4.792709
v 0.528701 0.921348 4.798198
v 0.529263 1.215584 4.803907
v 0.557402 1.207048 4.803907
v 0.606066 1.174532 4.803907
v 0.638582 1.125868 4.803907
v 0.638582 1.011063 4.803907
v 0.606066 0.962400 4.803907
v 0.583335 0.943745 4.803907
v 0.557402 0.929884 4.803907
v 0.529263 0.921348 4.803907
vn 0.8786 -0.4696 0.0865
vn 0.6332 0.7715 0.0624
vn 0.7708 -0.6326 0.0759
vn 0.7708 0.6326 0.0759
vn 0.6332 -0.7715 0.0624
vn 0.8786 0.4696 0.0865
vn 0.4709 -0.8810 0.0464
vn 0.9527 0.2890 0.0938
vn 0.2902 -0.9565 0.0286
vn 0.9904 0.0975 0.0975
vn 0.0980 0.9951 0.0097
vn 0.0980 -0.9951 0.0097
vn 0.9904 -0.0975 0.0975
vn 0.2902 0.9565 0.0286
vn 0.9527 -0.2890 0.0938
vn 0.4709 0.8810 0.0464
vn 0.9161 -0.2890 0.2779
vn 0.4528 0.8810 0.1374
vn 0.8448 -0.4696 0.2563
vn 0.6088 0.7715 0.1847
vn 0.7412 -0.6326 0.2248
vn 0.7412 0.6326 0.2248
vn 0.6088 -0.7715 0.1847
vn 0.8448 0.4696 0.2563
vn 0.4528 -0.8810 0.1374
vn 0.9161 0.2890 0.2779
vn 0.2790 -0.9565 0.0846
vn 0.9524 0.0976 0.2889
vn 0.0942 0.9951 0.0286
vn 0.0942 -0.9951 0.0286
vn 0.9524 -0.0976 0.2889
vn 0.2790 0.9565 0.0846
vn 0.4173 -0.8810 0.2230
vn 0.8443 0.2890 0.4513
vn 0.2571 -0.9565 0.1374
vn 0.8777 0.0975 0.4691
vn 0.0869 0.9951 0.0464
vn 0.0869 -0.9951 0.0464
vn 0.8777 -0.0975 0.4691
vn 0.2571 0.9565 0.1374
vn 0.8443 -0.2890 0.4513
vn 0.4173 0.8810 0.2230
vn 0.7786 -0.4696 0.4162
vn 0.5611 0.7715 0.2999
vn 0.6831 -0.6326 0.3651
vn 0.6831 0.6326 0.3651
vn 0.5611 -0.7715 0.2999
vn 0.7786 0.4696 0.4162
vn 0.3658 0.8810 0.3002
vn 0.6825 -0.4696 0.5601
vn 0.4918 0.7715 0.4036
vn 0.5987 -0.6326 0.4913
vn 0.5987 0.6326 0.4913
vn 0.4918 -0.7715 0.4036
vn 0.6825 0.4696 0.5601
vn 0.3658 -0.8810 0.3002
vn 0.7400 0.2890 0.6073
vn 0.2254 -0.9565 0.1850
vn 0.7693 0.0975 0.6314
vn 0.0761 0.9951 0.0625
vn 0.0761 -0.9951 0.0625
vn 0.7693 -0.0975 0.6314
vn 0.2254 0.9565 0.1850
vn 0.7400 -0.2890 0.6073
vn 0.6073 0.2890 0.7400
vn 0.1850 -0.9565 0.2254
vn 0.6314 0.0975 0.7693
vn 0.0625 0.9951 0.0761
vn 0.0625 -0.9951 0.0761
vn 0.6314 -0.0975 0.7693
vn 0.1850 0.9565 0.2254
vn 0.6073 -0.2890 0.7400
vn 0.3002 0.8810 0.3658
vn 0.5601 -0.4696 0.6825
vn 0.4036 0.7715 0.4918
vn 0.4913 -0.6326 0.5987
vn 0.4913 0.6326 0.5987
vn 0.4036 -0.7715 0.4918
vn 0.5601 0.4696 0.6825
vn 0.3002 -0.8810 0.3658
vn 0.4162 -0.4696 0.7786
vn 0.2999 0.7715 0.5611
vn 0.3651 -0.6326 0.6831
vn 0.3651 0.6326 0.6831
vn 0.2999 -0.7715 0.5611
vn 0.4162 0.4696 0.7786
vn 0.2230 -0.8810 0.4173
vn 0.4513 0.2890 0.8443
vn 0.1374 -0.9565 0.2571
vn 0.4691 0.0975 0.8777
vn 0.0464 0.9951 0.0869
vn 0.0464 -0.9951 0.0869
vn 0.4691 -0.0975 0.8777
vn 0.1374 0.9565 0.2571
vn 0.4513 -0.2890 0.8443
vn 0.2230 0.8810 0.4173
vn 0.0846 -0.9565 0.2790
vn 0.2889 0.0975 0.9524
vn 0.0286 0.9951 0.0942
vn 0.0286 -0.9951 0.0942
vn 0.2889 -0.0975 0.9524
vn 0.0846 0.9565 0.2790
vn 0.2779 -0.2890 0.9161
vn 0.1374 0.8810 0.4528
vn 0.2563 -0.4696 0.8448
vn 0.1847 0.7715 0.6088
vn 0.2248 -0.6326 0.7412
vn 0.2248 0.6326 0.7412
vn 0.1847 -0.7715 0.6088
vn 0.2563 0.4696 0.8448
vn 0.1374 -0.8810 0.4528
vn 0.2779 0.2890 0.9161
vn 0.0759 -0.6326 0.7708
vn 0.0759 0.6326 0.7708
vn 0.0624 -0.7715 0.6332
vn 0.0865 0.4696 0.8786
vn 0.0464 -0.8810 0.4709
vn 0.0938 0.2890 0.9527
vn 0.0286 -0.9565 0.2902
vn 0.0975 0.0975 0.9904
vn 0.0097 0.9951 0.0980
vn 0.0097 -0.9951 0.0980
vn 0.0975 -0.0975 0.9904
vn 0.0286 0.9565 0.2902
vn 0.0938 -0.2890 0.9527
vn 0.0464 0.8810 0.4709
vn 0.0865 -0.4696 0.8786
vn 0.0624 0.7715 0.6332
vn -0.0097 0.9951 0.0980
vn -0.0097 -0.9951 0.0980
vn -0.0976 -0.0975 0.9904
vn -0.0286 0.9565 0.2902
vn -0.0938 -0.2890 0.9527
vn -0.0464 0.8810 0.4709
vn -0.0865 -0.4696 0.8786
vn -0.0624 0.7715 0.6332
vn -0.0759 -0.6326 0.7708
vn -0.0759 0.6326 0.7708
vn -0.0624 -0.7715 0.6332
vn -0.0865 0.4696 0.8786
vn -0.0464 -0.8810 0.4709
vn -0.0938 0.2890 0.9527
vn -0.0286 -0.9565 0.2902
vn -0.0976 0.0975 0.9904
vn -0.2248 0.6326 0.7412
vn -0.1847 -0.7715 0.6088
vn -0.2563 0.4696 0.8448
vn -0.1374 -0.8810 0.4528
vn -0.2779 0.2890 0.9161
vn -0.0846 -0.9565 0.2790
vn -0.2889 0.0975 0.9524
vn -0.0286 0.9951 0.0942
vn -0.0286 -0.9951 0.0942
vn -0.2889 -0.0975 0.9524
vn -0.0846 0.9565 0.2790
vn -0.2779 -0.2890 0.9161
vn -0.1374 0.8810 0.4528
vn -0.2563 -0.4696 0.8448
vn -0.1847 0.7715 0.6088
vn -0.2248 -0.6326 0.7412
vn -0.4691 -0.0975 0.8777
vn -0.1374 0.9565 0.2571
vn -0.4513 -0.2890 0.8443
vn -0.2230 0.8810 0.4173
vn -0.4162 -0.4696 0.7786
vn -0.2999 0.7715 0.5611
vn -0.3651 -0.6326 0.6831
vn -0.3651 0.6326 0.6831
vn -0.2999 -0.7715 0.5611
vn -0.4162 0.4696 0.7786
vn -0.2230 -0.8810 0.4173
vn -0.4513 0.2890 0.8443
vn -0.1374 -0.9565 0.2571
vn -0.4691 0.0975 0.8777
vn -0.0464 0.9951 0.0869
vn -0.0464 -0.9951 0.0869
vn -0.4036 -0.7715 0.4918
vn -0.5601 0.4696 0.6825
vn -0.3002 -0.8810 0.3658
vn -0.6073 0.2890 0.7400
vn -0.1850 -0.9565 0.2254
vn -0.6314 0.0975 0.7693
vn -0.0625 0.9951 0.0761
vn -0.0625 -0.9951 0.0761
vn -0.6314 -0.0975 0.7693
vn -0.1850 0.9565 0.2254
vn -0.6073 -0.2890 0.7400
vn -0.3002 0.8810 0.3658
vn -0.5601 -0.4696 0.6825
vn -0.4036 0.7715 0.4918
vn -0.4913 -0.6326 0.5987
vn -0.4913 0.6326 0.5987
vn -0.2254 0.9565 0.1850
vn -0.7400 -0.2890 0.6073
vn -0.3658 0.8810 0.3002
vn -0.6825 -0.4696 0.5601
vn -0.4918 0.7715 0.4036
vn -0.5987 -0.6326 0.4913
vn -0.5987 0.6326 0.4913
vn -0.4918 -0.7715 0.4036
vn -0.6825 0.4696 0.5601
vn -0.3658 -0.8810 0.3002
vn -0.7400 0.2890 0.6073
vn -0.2254 -0.9565 0.1850
vn -0.7693 0.0975 0.6314
vn -0.0761 0.9951 0.0625
vn -0.0761 -0.9951 0.0625
vn -0.7693 -0.0975 0.6314
vn -0.7786 0.4696 0.4162
vn -0.4173 -0.8810 0.2230
vn -0.8443 0.2890 0.4513
vn -0.2571 -0.9565 0.1374
vn -0.8777 0.0975 0.4691
vn -0.0869 0.9951 0.0464
vn -0.0869 -0.9951 0.0464
vn -0.8777 -0.0975 0.4691
vn -0.2571 0.9565 0.1374
vn -0.8443 -0.2890 0.4513
vn -0.4173 0.8810 0.2230
vn -0.7786 -0.4696 0.4162
vn -0.5611 0.7715 0.2999
vn -0.6831 -0.6326 0.3651
vn -0.6831 0.6326 0.3651
vn -0.5611 -0.7715 0.2999
vn -0.9161 -0.2890 0.2779
vn -0.4528 0.8810 0.1374
vn -0.8448 -0.4696 0.2563
vn -0.6088 0.7715 0.1847
vn -0.7412 -0.6326 0.2248
vn -0.7412 0.6326 0.2248
vn -0.6088 -0.7715 0.1847
vn -0.8448 0.4696 0.2563
vn -0.4528 -0.8810 0.1374
vn -0.9161 0.2890 0.2779
vn -0.2790 -0.9565 0.0846
vn -0.9524 0.0975 0.2889
vn -0.0942 0.9951 0.0286
vn -0.0942 -0.9951 0.0286
vn -0.9524 -0.0975 0.2889
vn -0.2790 0.9565 0.0846
vn -0.4709 -0.8810 0.0464
vn -0.9527 0.2890 0.0938
vn -0.2902 -0.9565 0.0286
vn -0.9904 0.0975 0.0975
vn -0.0980 0.9951 0.0097
vn -0.0980 -0.9951 0.0097
vn -0.9904 -0.0975 0.0975
vn -0.2902 0.9565 0.0286
vn -0.9527 -0.2890 0.0938
vn -0.4709 0.8810 0.0464
vn -0.8786 -0.4696 0.0865
vn -0.6332 0.7715 0.0624
vn -0.7708 -0.6326 0.0759
vn -0.7708 0.6326 0.0759
vn -0.6332 -0.7715 0.0624
vn -0.8786 0.4696 0.0865
vn -0.8786 -0.4696 -0.0865
vn -0.6332 0.7715 -0.0624
vn -0.7708 -0.6326 -0.0759
vn -0.7708 0.6326 -0.0759
vn -0.6332 -0.7715 -0.0624
vn -0.8786 0.4696 -0.0865
vn -0.4709 -0.8810 -0.0464
vn -0.9527 0.2890 -0.0938
vn -0.2902 -0.9565 -0.0286
vn -0.9904 0.0975 -0.0976
vn -0.0980 0.9951 -0.0097
vn -0.0980 -0.9951 -0.0097
vn -0.9904 -0.0975 -0.0976
vn -0.2902 0.9565 -0.0286
vn -0.9527 -0.2890 -0.0938
vn -0.4709 0.8810 -0.0464
vn -0.2790 -0.9565 -0.0846
vn -0.9524 0.0975 -0.2889
vn -0.0942 0.9951 -0.0286
vn -0.0942 -0.9951 -0.0286
vn -0.9524 -0.0975 -0.2889
vn -0.2790 0.9565 -0.0846
vn -0.9161 -0.2890 -0.2779
vn -0.4528 0.8810 -0.1374
vn -0.8448 -0.4696 -0.2563
vn -0.6088 0.7715 -0.1847
vn -0.7412 -0.6326 -0.2248
vn -0.7412 0.6326 -0.2248
vn -0.6088 -0.7715 -0.1847
vn -0.8448 0.4696 -0.2563
vn -0.4528 -0.8810 -0.1374
vn -0.9161 0.2890 -0.2779
vn -0.5611 0.7715 -0.2999
vn -0.6831 -0.6326 -0.3651
vn -0.6831 0.6326 -0.3651
vn -0.5611 -0.7715 -0.2999
vn -0.7786 0.4696 -0.4162
vn -0.4173 -0.8810 -0.2230
vn -0.8443 0.2890 -0.4513
vn -0.2571 -0.9565 -0.1374
vn -0.8777 0.0975 -0.4691
vn -0.0869 0.9951 -0.0464
vn -0.0869 -0.9951 -0.0464
vn -0.8777 -0.0975 -0.4691
vn -0.2571 0.9565 -0.1374
vn -0.8443 -0.2890 -0.4513
vn -0.4173 0.8810 -0.2230
vn -0.7786 -0.4696 -0.4162
vn -0.7693 0.0975 -0.6314
vn -0.0761 0.9951 -0.0625
vn -0.0761 -0.9951 -0.0625
vn -0.7693 -0.0975 -0.6314
vn -0.2254 0.9565 -0.1850
vn -0.7400 -0.2890 -0.6073
vn -0.3658 0.8810 -0.3002
vn -0.6825 -0.4696 -0.5601
vn -0.4918 0.7715 -0.4036
vn -0.5987 -0.6326 -0.4913
vn -0.5987 0.6326 -0.4913
vn -0.4918 -0.7715 -0.4036
vn -0.6825 0.4696 -0.5601
vn -0.3658 -0.8810 -0.3002
vn -0.7400 0.2890 -0.6073
vn -0.2254 -0.9565 -0.1850
vn -0.4913 -0.6326 -0.5987
vn -0.4913 0.6326 -0.5987
vn -0.4036 -0.7715 -0.4918
vn -0.5601 0.4696 -0.6825
vn -0.3002 -0.8810 -0.3658
vn -0.6073 0.2890 -0.7400
vn -0.1850 -0.9565 -0.2254
vn -0.6314 0.0975 -0.7693
vn -0.0625 0.9951 -0.0761
vn -0.0625 -0.9951 -0.0761
vn -0.6314 -0.0975 -0.7693
vn -0.1850 0.9565 -0.2254
vn -0.6073 -0.2890 -0.7400
vn -0.3002 0.8810 -0.3658
vn -0.5601 -0.4696 -0.6825
vn -0.4036 0.7715 -0.4918
vn -0.0464 0.9951 -0.0869
vn -0.0464 -0.9951 -0.0869
vn -0.4691 -0.0975 -0.8777
vn -0.1374 0.9565 -0.2571
vn -0.4513 -0.2890 -0.8443
vn -0.2230 0.8810 -0.4173
vn -0.4162 -0.4696 -0.7786
vn -0.2999 0.7715 -0.5611
vn -0.3651 -0.6326 -0.6831
vn -0.3651 0.6326 -0.6831
vn -0.2999 -0.7715 -0.5611
vn -0.4162 0.4696 -0.7786
vn -0.2230 -0.8810 -0.4173
vn -0.4513 0.2890 -0.8443
vn -0.1374 -0.9565 -0.2571
vn -0.4691 0.0975 -0.8777
vn -0.2248 0.6326 -0.7412
vn -0.1847 -0.7715 -0.6088
vn -0.2563 0.4696 -0.8448
vn -0.1374 -0.8810 -0.4528
vn -0.2779 0.2890 -0.9161
vn -0.0846 -0.9565 -0.2790
vn -0.2889 0.0975 -0.9524
vn -0.0286 0.9951 -0.0942
vn -0.0286 -0.9951 -0.0942
vn -0.2889 -0.0975 -0.9524
vn -0.0846 0.9565 -0.2790
vn -0.2779 -0.2890 -0.9161
vn -0.1374 0.8810 -0.4528
vn -0.2563 -0.4696 -0.8448
vn -0.1847 0.7715 -0.6088
vn -0.2248 -0.6326 -0.7412
vn -0.0975 -0.0975 -0.9904
vn -0.0286 0.9565 -0.2902
vn -0.0938 -0.2890 -0.9527
vn -0.0464 0.8810 -0.4709
vn -0.0865 -0.4696 -0.8786
vn -0.0624 0.7715 -0.6332
vn -0.0759 -0.6326 -0.7708
vn -0.0759 0.6326 -0.7708
vn -0.0624 -0.7715 -0.6332
vn -0.0865 0.4696 -0.8786
vn -0.0464 -0.8810 -0.4709
vn -0.0938 0.2890 -0.9527
vn -0.0286 -0.9565 -0.2902
vn -0.0975 0.0975 -0.9904
vn -0.0097 0.9951 -0.0980
vn -0.0097 -0.9951 -0.0980
vn 0.0624 -0.7715 -0.6332
vn 0.0865 0.4696 -0.8786
vn 0.0464 -0.8810 -0.4709
vn 0.0938 0.2890 -0.9527
vn 0.0286 -0.9565 -0.2902
vn 0.0976 0.0975 -0.9904
vn 0.0097 0.9951 -0.0980
vn 0.0097 -0.9951 -0.0980
vn 0.0976 -0.0975 -0.9904
vn 0.0286 0.9565 -0.2902
vn 0.0938 -0.2890 -0.9527
vn 0.0464 0.8810 -0.4709
vn 0.0865 -0.4696 -0.8786
vn 0.0624 0.7715 -0.6332
vn 0.0759 -0.6326 -0.7708
vn 0.0759 0.6326 -0.7708
vn 0.2779 -0.2890 -0.9161
vn 0.1374 0.8810 -0.4528
vn 0.2563 -0.4696 -0.8448
vn 0.1847 0.7715 -0.6088
vn 0.2248 -0.6326 -0.7412
vn 0.2248 0.6326 -0.7412
vn 0.1847 -0.7715 -0.6088
vn 0.2563 0.4696 -0.8448
vn 0.1374 -0.8810 -0.4528
vn 0.2779 0.2890 -0.9161
vn 0.0846 -0.9565 -0.2790
vn 0.2889 0.0975 -0.9524
vn 0.0286 0.9951 -0.0942
vn 0.0286 -0.9951 -0.0942
vn 0.2889 -0.0975 -0.9524
vn 0.0846 0.9565 -0.2790
vn 0.2231 -0.8810 -0.4173
vn 0.4513 0.2890 -0.8443
vn 0.1374 -0.9565 -0.2571
vn 0.4691 0.0975 -0.8777
vn 0.0464 0.9951 -0.0869
vn 0.0464 -0.9951 -0.0869
vn 0.4691 -0.0975 -0.8777
vn 0.1374 0.9565 -0.2571
vn 0.4513 -0.2890 -0.8443
vn 0.2231 0.8810 -0.4173
vn 0.4162 -0.4696 -0.7786
vn 0.2999 0.7715 -0.5611
vn 0.3651 -0.6326 -0.6831
vn 0.3651 0.6326 -0.6831
vn 0.2999 -0.7715 -0.5611
vn 0.4162 0.4696 -0.7786
vn 0.3002 0.8810 -0.3658
vn 0.5601 -0.4696 -0.6825
vn 0.4036 0.7715 -0.4918
vn 0.4913 -0.6326 -0.5987
vn 0.4913 0.6326 -0.5987
vn 0.4036 -0.7715 -0.4918
vn 0.5601 0.4696 -0.6825
vn 0.3002 -0.8810 -0.3658
vn 0.6073 0.2890 -0.7400
vn 0.1850 -0.9565 -0.2254
vn 0.6314 0.0975 -0.7693
vn 0.0625 0.9951 -0.0761
vn 0.0625 -0.9951 -0.0761
vn 0.6314 -0.0975 -0.7693
vn 0.1850 0.9565 -0.2254
vn 0.6073 -0.2890 -0.7400
vn 0.7400 0.2890 -0.6073
vn 0.2254 -0.9565 -0.1850
vn 0.7693 0.0975 -0.6314
vn 0.0761 0.9951 -0.0625
vn 0.0761 -0.9951 -0.0625
vn 0.7693 -0.0975 -0.6314
vn 0.2254 0.9565 -0.1850
vn 0.7400 -0.2890 -0.6073
vn 0.3658 0.8810 -0.3002
vn 0.6825 -0.4696 -0.5601
vn 0.4918 0.7715 -0.4036
vn 0.5987 -0.6326 -0.4913
vn 0.5987 0.6326 -0.4913
vn 0.4918 -0.7715 -0.4036
vn 0.6825 0.4696 -0.5601
vn 0.3658 -0.8810 -0.3002
vn 0.7786 -0.4696 -0.4162
vn 0.5611 0.7715 -0.2999
vn 0.6831 -0.6326 -0.3651
vn 0.6831 0.6326 -0.3651
vn 0.5611 -0.7715 -0.2999
vn 0.7786 0.4696 -0.4162
vn 0.4173 -0.8810 -0.2230
vn 0.8443 0.2890 -0.4513
vn 0.2571 -0.9565 -0.1374
vn 0.8777 0.0975 -0.4691
vn 0.0869 0.9951 -0.0464
vn 0.0869 -0.9951 -0.0464
vn 0.8777 -0.0975 -0.4691
vn 0.2571 0.9565 -0.1374
vn 0.8443 -0.2890 -0.4513
vn 0.4173 0.8810 -0.2230
vn 0.2790 -0.9565 -0.0846
vn 0.9524 0.0975 -0.2889
vn 0.0942 0.9951 -0.0286
vn 0.0942 -0.9951 -0.0286
vn 0.9524 -0.0975 -0.2889
vn 0.2790 0.9565 -0.0846
vn 0.9161 -0.2890 -0.2779
vn 0.4528 0.8810 -0.1374
vn 0.8448 -0.4696 -0.2563
vn 0.6088 0.7715 -0.1847
vn 0.7412 -0.6326 -0.2248
vn 0.7412 0.6326 -0.2248
vn 0.6088 -0.7715 -0.1847
vn 0.8448 0.4696 -0.2563
vn 0.4528 -0.8810 -0.1374
vn 0.9161 0.2890 -0.2779
vn 0.6332 0.7715 -0.0624
vn 0.7708 -0.6326 -0.0759
vn 0.7708 0.6326 -0.0759
vn 0.6332 -0.7715 -0.0624
vn 0.8786 0.4696 -0.0865
vn 0.4709 -0.8810 -0.0464
vn 0.9527 0.2890 -0.0938
vn 0.2902 -0.9565 -0.0286
vn 0.9904 0.0975 -0.0976
vn 0.0980 0.9951 -0.0097
vn 0.0980 -0.9951 -0.0097
vn 0.9904 -0.0975 -0.0976
vn 0.2902 0.9565 -0.0286
vn 0.9527 -0.2890 -0.0938
vn 0.4709 0.8810 -0.0464
vn 0.8786 -0.4696 -0.0865
vt 0.750000 0.312500
vt 0.750000 0.375000
vt 0.718750 0.375000
vt 0.718750 0.312500
vt 0.750000 0.750000
vt 0.750000 0.812500
vt 0.718750 0.812500
vt 0.718750 0.750000
vt 0.750000 0.250000
vt 0.718750 0.250000
vt 0.750000 0.687500
vt 0.718750 0.687500
vt 0.750000 0.187500
vt 0.718750 0.187500
vt 0.750000 0.625000
vt 0.718750 0.625000
vt 0.750000 0.125000
vt 0.718750 0.125000
vt 0.750000 0.562500
vt 0.718750 0.562500
vt 0.750000 0.062500
vt 0.718750 0.062500
vt 0.750000 0.500000
vt 0.718750 0.500000
vt 0.750000 0.937500
vt 0.734375 1.000000
vt 0.718750 0.937500
vt 0.734375 0.000000
vt 0.750000 0.437500
vt 0.718750 0.437500
vt 0.750000 0.875000
vt 0.718750 0.875000
vt 0.687500 0.437500
vt 0.687500 0.375000
vt 0.687500 0.875000
vt 0.687500 0.812500
vt 0.687500 0.312500
vt 0.687500 0.750000
vt 0.687500 0.250000
vt 0.687500 0.687500
vt 0.687500 0.187500
vt 0.687500 0.625000
vt 0.687500 0.125000
vt 0.687500 0.562500
vt 0.687500 0.062500
vt 0.687500 0.500000
vt 0.703125 1.000000
vt 0.687500 0.937500
vt 0.703125 0.000000
vt 0.656250 0.187500
vt 0.656250 0.125000
vt 0.656250 0.625000
vt 0.656250 0.562500
vt 0.656250 0.062500
vt 0.656250 0.500000
vt 0.671875 1.000000
vt 0.656250 0.937500
vt 0.671875 0.000000
vt 0.656250 0.437500
vt 0.656250 0.875000
vt 0.656250 0.375000
vt 0.656250 0.812500
vt 0.656250 0.312500
vt 0.656250 0.750000
vt 0.656250 0.250000
vt 0.656250 0.687500
vt 0.625000 0.875000
vt 0.625000 0.812500
vt 0.625000 0.375000
vt 0.625000 0.312500
vt 0.625000 0.750000
vt 0.625000 0.250000
vt 0.625000 0.687500
vt 0.625000 0.187500
vt 0.625000 0.625000
vt 0.625000 0.125000
vt 0.625000 0.562500
vt 0.625000 0.062500
vt 0.625000 0.500000
vt 0.640625 1.000000
vt 0.625000 0.937500
vt 0.640625 0.000000
vt 0.625000 0.437500
vt 0.593750 0.625000
vt 0.593750 0.562500
vt 0.593750 0.125000
vt 0.593750 0.062500
vt 0.593750 0.500000
vt 0.609375 1.000000
vt 0.593750 0.937500
vt 0.609375 0.000000
vt 0.593750 0.437500
vt 0.593750 0.875000
vt 0.593750 0.375000
vt 0.593750 0.812500
vt 0.593750 0.312500
vt 0.593750 0.750000
vt 0.593750 0.250000
vt 0.593750 0.687500
vt 0.593750 0.187500
vt 0.562500 0.375000
vt 0.562500 0.312500
vt 0.562500 0.812500
vt 0.562500 0.750000
vt 0.562500 0.250000
vt 0.562500 0.687500
vt 0.562500 0.187500
vt 0.562500 0.625000
vt 0.562500 0.125000
vt 0.562500 0.562500
vt 0.562500 0.062500
vt 0.562500 0.500000
vt 0.578125 1.000000
vt 0.562500 0.937500
vt 0.578125 0.000000
vt 0.562500 0.437500
vt 0.562500 0.875000
vt 0.531250 0.125000
vt 0.531250 0.062500
vt 0.531250 0.562500
vt 0.531250 0.500000
vt 0.546875 1.000000
vt 0.531250 0.937500
vt 0.546875 0.000000
vt 0.531250 0.437500
vt 0.531250 0.875000
vt 0.531250 0.375000
vt 0.531250 0.812500
vt 0.531250 0.312500
vt 0.531250 0.750000
vt 0.531250 0.250000
vt 0.531250 0.687500
vt 0.531250 0.187500
vt 0.531250 0.625000
vt 0.500000 0.312500
vt 0.500000 0.250000
vt 0.500000 0.750000
vt 0.500000 0.687500
vt 0.500000 0.187500
vt 0.500000 0.625000
vt 0.500000 0.125000
vt 0.500000 0.562500
vt 0.500000 0.062500
vt 0.500000 0.500000
vt 0.515625 1.000000
vt 0.500000 0.937500
vt 0.515625 0.000000
vt 0.500000 0.437500
vt 0.500000 0.875000
vt 0.500000 0.375000
vt 0.500000 0.812500
vt 0.484375 1.000000
vt 0.468750 0.937500
vt 0.484375 0.000000
vt 0.468750 0.062500
vt 0.468750 0.500000
vt 0.468750 0.437500
vt 0.468750 0.875000
vt 0.468750 0.375000
vt 0.468750 0.812500
vt 0.468750 0.312500
vt 0.468750 0.750000
vt 0.468750 0.250000
vt 0.468750 0.687500
vt 0.468750 0.187500
vt 0.468750 0.625000
vt 0.468750 0.125000
vt 0.468750 0.562500
vt 0.437500 0.750000
vt 0.437500 0.687500
vt 0.437500 0.250000
vt 0.437500 0.187500
vt 0.437500 0.625000
vt 0.437500 0.125000
vt 0.437500 0.562500
vt 0.437500 0.062500
vt 0.437500 0.500000
vt 0.453125 1.000000
vt 0.437500 0.937500
vt 0.453125 0.000000
vt 0.437500 0.437500
vt 0.437500 0.875000
vt 0.437500 0.375000
vt 0.437500 0.812500
vt 0.437500 0.312500
vt 0.406250 0.500000
vt 0.406250 0.437500
vt 0.406250 0.937500
vt 0.406250 0.875000
vt 0.406250 0.375000
vt 0.406250 0.812500
vt 0.406250 0.312500
vt 0.406250 0.750000
vt 0.406250 0.250000
vt 0.406250 0.687500
vt 0.406250 0.187500
vt 0.406250 0.625000
vt 0.406250 0.125000
vt 0.406250 0.562500
vt 0.406250 0.062500
vt 0.421875 1.000000
vt 0.421875 0.000000
vt 0.375000 0.250000
vt 0.375000 0.187500
vt 0.375000 0.687500
vt 0.375000 0.625000
vt 0.375000 0.125000
vt 0.375000 0.562500
vt 0.375000 0.062500
vt 0.375000 0.500000
vt 0.390625 1.000000
vt 0.375000 0.937500
vt 0.390625 0.000000
vt 0.375000 0.437500
vt 0.375000 0.875000
vt 0.375000 0.375000
vt 0.375000 0.812500
vt 0.375000 0.312500
vt 0.375000 0.750000
vt 0.343750 0.937500
vt 0.343750 0.875000
vt 0.343750 0.437500
vt 0.343750 0.375000
vt 0.343750 0.812500
vt 0.343750 0.312500
vt 0.343750 0.750000
vt 0.343750 0.250000
vt 0.343750 0.687500
vt 0.343750 0.187500
vt 0.343750 0.625000
vt 0.343750 0.125000
vt 0.343750 0.562500
vt 0.343750 0.062500
vt 0.343750 0.500000
vt 0.359375 1.000000
vt 0.359375 0.000000
vt 0.312500 0.687500
vt 0.312500 0.625000
vt 0.312500 0.187500
vt 0.312500 0.125000
vt 0.312500 0.562500
vt 0.312500 0.062500
vt 0.312500 0.500000
vt 0.328125 1.000000
vt 0.312500 0.937500
vt 0.328125 0.000000
vt 0.312500 0.437500
vt 0.312500 0.875000
vt 0.312500 0.375000
vt 0.312500 0.812500
vt 0.312500 0.312500
vt 0.312500 0.750000
vt 0.312500 0.250000
vt 0.281250 0.437500
vt 0.281250 0.375000
vt 0.281250 0.875000
vt 0.281250 0.812500
vt 0.281250 0.312500
vt 0.281250 0.750000
vt 0.281250 0.250000
vt 0.281250 0.687500
vt 0.281250 0.187500
vt 0.281250 0.625000
vt 0.281250 0.125000
vt 0.281250 0.562500
vt 0.281250 0.062500
vt 0.281250 0.500000
vt 0.296875 1.000000
vt 0.281250 0.937500
vt 0.296875 0.000000
vt 0.250000 0.187500
vt 0.250000 0.125000
vt 0.250000 0.625000
vt 0.250000 0.562500
vt 0.250000 0.062500
vt 0.250000 0.500000
vt 0.265625 1.000000
vt 0.250000 0.937500
vt 0.265625 0.000000
vt 0.250000 0.437500
vt 0.250000 0.875000
vt 0.250000 0.375000
vt 0.250000 0.812500
vt 0.250000 0.312500
vt 0.250000 0.750000
vt 0.250000 0.250000
vt 0.250000 0.687500
vt 0.218750 0.375000
vt 0.218750 0.312500
vt 0.218750 0.812500
vt 0.218750 0.750000
vt 0.218750 0.250000
vt 0.218750 0.687500
vt 0.218750 0.187500
vt 0.218750 0.625000
vt 0.218750 0.125000
vt 0.218750 0.562500
vt 0.218750 0.062500
vt 0.218750 0.500000
vt 0.234375 1.000000
vt 0.218750 0.937500
vt 0.234375 0.000000
vt 0.218750 0.437500
vt 0.218750 0.875000
vt 0.187500 0.125000
vt 0.187500 0.062500
vt 0.187500 0.562500
vt 0.187500 0.500000
vt 0.203125 1.000000
vt 0.187500 0.937500
vt 0.203125 0.000000
vt 0.187500 0.437500
vt 0.187500 0.875000
vt 0.187500 0.375000
vt 0.187500 0.812500
vt 0.187500 0.312500
vt 0.187500 0.750000
vt 0.187500 0.250000
vt 0.187500 0.687500
vt 0.187500 0.187500
vt 0.187500 0.625000
vt 0.156250 0.812500
vt 0.156250 0.750000
vt 0.156250 0.312500
vt 0.156250 0.250000
vt 0.156250 0.687500
vt 0.156250 0.187500
vt 0.156250 0.625000
vt 0.156250 0.125000
vt 0.156250 0.562500
vt 0.156250 0.062500
vt 0.156250 0.500000
vt 0.171875 1.000000
vt 0.156250 0.937500
vt 0.171875 0.000000
vt 0.156250 0.437500
vt 0.156250 0.875000
vt 0.156250 0.375000
vt 0.125000 0.562500
vt 0.125000 0.500000
vt 0.140625 1.000000
vt 0.125000 0.937500
vt 0.140625 0.000000
vt 0.125000 0.062500
vt 0.125000 0.437500
vt 0.125000 0.875000
vt 0.125000 0.375000
vt 0.125000 0.812500
vt 0.125000 0.312500
vt 0.125000 0.750000
vt 0.125000 0.250000
vt 0.125000 0.687500
vt 0.125000 0.187500
vt 0.125000 0.625000
vt 0.125000 0.125000
vt 0.093750 0.312500
vt 0.093750 0.250000
vt 0.093750 0.750000
vt 0.093750 0.687500
vt 0.093750 0.187500
vt 0.093750 0.625000
vt 0.093750 0.125000
vt 0.093750 0.562500
vt 0.093750 0.062500
vt 0.093750 0.500000
vt 0.109375 1.000000
vt 0.093750 0.937500
vt 0.109375 0.000000
vt 0.093750 0.437500
vt 0.093750 0.875000
vt 0.093750 0.375000
vt 0.093750 0.812500
vt 0.078125 1.000000
vt 0.062500 0.937500
vt 0.078125 0.000000
vt 0.062500 0.062500
vt 0.062500 0.500000
vt 0.062500 0.437500
vt 0.062500 0.875000
vt 0.062500 0.375000
vt 0.062500 0.812500
vt 0.062500 0.312500
vt 0.062500 0.750000
vt 0.062500 0.250000
vt 0.062500 0.687500
vt 0.062500 0.187500
vt 0.062500 0.625000
vt 0.062500 0.125000
vt 0.062500 0.562500
vt 0.031250 0.750000
vt 0.031250 0.687500
vt 0.031250 0.250000
vt 0.031250 0.187500
vt 0.031250 0.625000
vt 0.031250 0.125000
vt 0.031250 0.562500
vt 0.031250 0.062500
vt 0.031250 0.500000
vt 0.046875 1.000000
vt 0.031250 0.937500
vt 0.046875 0.000000
vt 0.031250 0.437500
vt 0.031250 0.875000
vt 0.031250 0.375000
vt 0.031250 0.812500
vt 0.031250 0.312500
vt 0.000000 0.500000
vt 0.000000 0.437500
vt 0.000000 0.937500
vt 0.000000 0.875000
vt 0.000000 0.375000
vt 0.000000 0.812500
vt 0.000000 0.312500
vt 0.000000 0.750000
vt 0.000000 0.250000
vt 0.000000 0.687500
vt 0.000000 0.187500
vt 0.000000 0.625000
vt 0.000000 0.125000
vt 0.000000 0.562500
vt 0.000000 0.062500
vt 0.015625 1.000000
vt 0.015625 0.000000
vt 1.000000 0.187500
vt 1.000000 0.250000
vt 0.968750 0.250000
vt 0.968750 0.187500
vt 1.000000 0.625000
vt 1.000000 0.687500
vt 0.968750 0.687500
vt 0.968750 0.625000
vt 1.000000 0.125000
vt 0.968750 0.125000
vt 1.000000 0.562500
vt 0.968750 0.562500
vt 1.000000 0.062500
vt 0.968750 0.062500
vt 1.000000 0.500000
vt 0.968750 0.500000
vt 1.000000 0.937500
vt 0.984375 1.000000
vt 0.968750 0.937500
vt 0.984375 0.000000
vt 1.000000 0.437500
vt 0.968750 0.437500
vt 1.000000 0.875000
vt 0.968750 0.875000
vt 1.000000 0.375000
vt 0.968750 0.375000
vt 1.000000 0.812500
vt 0.968750 0.812500
vt 1.000000 0.312500
vt 0.968750 0.312500
vt 1.000000 0.750000
vt 0.968750 0.750000
vt 0.937500 0.437500
vt 0.937500 0.375000
vt 0.937500 0.875000
vt 0.937500 0.812500
vt 0.937500 0.312500
vt 0.937500 0.750000
vt 0.937500 0.250000
vt 0.937500 0.687500
vt 0.937500 0.187500
vt 0.937500 0.625000
vt 0.937500 0.125000
vt 0.937500 0.562500
vt 0.937500 0.062500
vt 0.937500 0.500000
vt 0.953125 1.000000
vt 0.937500 0.937500
vt 0.953125 0.000000
vt 0.906250 0.187500
vt 0.906250 0.125000
vt 0.906250 0.625000
vt 0.906250 0.562500
vt 0.906250 0.062500
vt 0.906250 0.500000
vt 0.921875 1.000000
vt 0.906250 0.937500
vt 0.921875 0.000000
vt 0.906250 0.437500
vt 0.906250 0.875000
vt 0.906250 0.375000
vt 0.906250 0.812500
vt 0.906250 0.312500
vt 0.906250 0.750000
vt 0.906250 0.250000
vt 0.906250 0.687500
vt 0.875000 0.875000
vt 0.875000 0.812500
vt 0.875000 0.375000
vt 0.875000 0.312500
vt 0.875000 0.750000
vt 0.875000 0.250000
vt 0.875000 0.687500
vt 0.875000 0.187500
vt 0.875000 0.625000
vt 0.875000 0.125000
vt 0.875000 0.562500
vt 0.875000 0.062500
vt 0.875000 0.500000
vt 0.890625 1.000000
vt 0.875000 0.937500
vt 0.890625 0.000000
vt 0.875000 0.437500
vt 0.843750 0.625000
vt 0.843750 0.562500
vt 0.843750 0.125000
vt 0.843750 0.062500
vt 0.843750 0.500000
vt 0.859375 1.000000
vt 0.843750 0.937500
vt 0.859375 0.000000
vt 0.843750 0.437500
vt 0.843750 0.875000
vt 0.843750 0.375000
vt 0.843750 0.812500
vt 0.843750 0.312500
vt 0.843750 0.750000
vt 0.843750 0.250000
vt 0.843750 0.687500
vt 0.843750 0.187500
vt 0.812500 0.375000
vt 0.812500 0.312500
vt 0.812500 0.812500
vt 0.812500 0.750000
vt 0.812500 0.250000
vt 0.812500 0.687500
vt 0.812500 0.187500
vt 0.812500 0.625000
vt 0.812500 0.125000
vt 0.812500 0.562500
vt 0.812500 0.062500
vt 0.812500 0.500000
vt 0.828125 1.000000
vt 0.812500 0.937500
vt 0.828125 0.000000
vt 0.812500 0.437500
vt 0.812500 0.875000
vt 0.781250 0.125000
vt 0.781250 0.062500
vt 0.781250 0.562500
vt 0.781250 0.500000
vt 0.796875 1.000000
vt 0.781250 0.937500
vt 0.796875 0.000000
vt 0.781250 0.437500
vt 0.781250 0.875000
vt 0.781250 0.375000
vt 0.781250 0.812500
vt 0.781250 0.312500
vt 0.781250 0.750000
vt 0.781250 0.250000
vt 0.781250 0.687500
vt 0.781250 0.187500
vt 0.781250 0.625000
vt 0.765625 1.000000
vt 0.765625 0.000000
s 0
usemtl base
f 3314/4191/3301 3786/4192/3301 3324/4193/3301 3325/4194/3301
f 3784/4195/3302 3309/4196/3302 3317/4197/3302 3318/4198/3302
f 3787/4199/3303 3314/4191/3303 3325/4194/3303 3326/4200/3303
f 3310/4201/3304 3784/4195/3304 3318/4198/3304 3319/4202/3304
f 3788/4203/3305 3787/4199/3305 3326/4200/3305 3327/4204/3305
f 3785/4205/3306 3310/4201/3306 3319/4202/3306 3320/4206/3306
f 3789/4207/3307 3788/4203/3307 3327/4204/3307 3328/4208/3307
f 3311/4209/3308 3785/4205/3308 3320/4206/3308 3321/4210/3308
f 3790/4211/3309 3789/4207/3309 3328/4208/3309 3329/4212/3309
f 3312/4213/3310 3311/4209/3310 3321/4210/3310 3322/4214/3310
f 3782/4215/3311 3390/4216/3311 3315/4217/3311
f 3616/4218/3312 3790/4211/3312 3329/4212/3312
f 3313/4219/3313 3312/4213/3313 3322/4214/3313 3323/4220/3313
f 3783/4221/3314 3782/4215/3314 3315/4217/3314 3316/4222/3314
f 3786/4192/3315 3313/4219/3315 3323/4220/3315 3324/4193/3315
f 3309/4196/3316 3783/4221/3316 3316/4222/3316 3317/4197/3316
f 3324/4193/3317 3323/4220/3317 3338/4223/3317 3339/4224/3317
f 3317/4197/3318 3316/4222/3318 3331/4225/3318 3332/4226/3318
f 3325/4194/3319 3324/4193/3319 3339/4224/3319 3340/4227/3319
f 3318/4198/3320 3317/4197/3320 3332/4226/3320 3333/4228/3320
f 3326/4200/3321 3325/4194/3321 3340/4227/3321 3341/4229/3321
f 3319/4202/3322 3318/4198/3322 3333/4228/3322 3334/4230/3322
f 3327/4204/3323 3326/4200/3323 3341/4229/3323 3342/4231/3323
f 3320/4206/3324 3319/4202/3324 3334/4230/3324 3335/4232/3324
f 3328/4208/3325 3327/4204/3325 3342/4231/3325 3343/4233/3325
f 3321/4210/3326 3320/4206/3326 3335/4232/3326 3336/4234/3326
f 3329/4212/3327 3328/4208/3327 3343/4233/3327 3344/4235/3327
f 3322/4214/3328 3321/4210/3328 3336/4234/3328 3337/4236/3328
f 3315/4217/3329 3390/4237/3329 3330/4238/3329
f 3616/4239/3330 3329/4212/3330 3344/4235/3330
f 3323/4220/3331 3322/4214/3331 3337/4236/3331 3338/4223/3331
f 3316/4222/3332 3315/4217/3332 3330/4238/3332 3331/4225/3332
f 3343/4233/3333 3342/4231/3333 3357/4240/3333 3358/4241/3333
f 3336/4234/3334 3335/4232/3334 3350/4242/3334 3351/4243/3334
f 3344/4235/3335 3343/4233/3335 3358/4241/3335 3359/4244/3335
f 3337/4236/3336 3336/4234/3336 3351/4243/3336 3352/4245/3336
f 3330/4238/3337 3390/4246/3337 3345/4247/3337
f 3616/4248/3338 3344/4235/3338 3359/4244/3338
f 3338/4223/3339 3337/4236/3339 3352/4245/3339 3353/4249/3339
f 3331/4225/3340 3330/4238/3340 3345/4247/3340 3346/4250/3340
f 3339/4224/3341 3338/4223/3341 3353/4249/3341 3354/4251/3341
f 3332/4226/3342 3331/4225/3342 3346/4250/3342 3347/4252/3342
f 3340/4227/3343 3339/4224/3343 3354/4251/3343 3355/4253/3343
f 3333/4228/3344 3332/4226/3344 3347/4252/3344 3348/4254/3344
f 3341/4229/3345 3340/4227/3345 3355/4253/3345 3356/4255/3345
f 3334/4230/3346 3333/4228/3346 3348/4254/3346 3349/4256/3346
f 3342/4231/3347 3341/4229/3347 3356/4255/3347 3357/4240/3347
f 3335/4232/3348 3334/4230/3348 3349/4256/3348 3350/4242/3348
f 3347/4252/3349 3346/4250/3349 3361/4257/3349 3362/4258/3349
f 3355/4253/3350 3354/4251/3350 3369/4259/3350 3370/4260/3350
f 3348/4254/3351 3347/4252/3351 3362/4258/3351 3363/4261/3351
f 3356/4255/3352 3355/4253/3352 3370/4260/3352 3371/4262/3352
f 3349/4256/3353 3348/4254/3353 3363/4261/3353 3364/4263/3353
f 3357/4240/3354 3356/4255/3354 3371/4262/3354 3372/4264/3354
f 3350/4242/3355 3349/4256/3355 3364/4263/3355 3365/4265/3355
f 3358/4241/3356 3357/4240/3356 3372/4264/3356 3373/4266/3356
f 3351/4243/3357 3350/4242/3357 3365/4265/3357 3366/4267/3357
f 3359/4244/3358 3358/4241/3358 3373/4266/3358 3374/4268/3358
f 3352/4245/3359 3351/4243/3359 3366/4267/3359 3367/4269/3359
f 3345/4247/3360 3390/4270/3360 3360/4271/3360
f 3616/4272/3361 3359/4244/3361 3374/4268/3361
f 3353/4249/3362 3352/4245/3362 3367/4269/3362 3368/4273/3362
f 3346/4250/3363 3345/4247/3363 3360/4271/3363 3361/4257/3363
f 3354/4251/3364 3353/4249/3364 3368/4273/3364 3369/4259/3364
f 3366/4267/3365 3365/4265/3365 3380/4274/3365 3381/4275/3365
f 3374/4268/3366 3373/4266/3366 3388/4276/3366 3389/4277/3366
f 3367/4269/3367 3366/4267/3367 3381/4275/3367 3382/4278/3367
f 3360/4271/3368 3390/4279/3368 3375/4280/3368
f 3616/4281/3369 3374/4268/3369 3389/4277/3369
f 3368/4273/3370 3367/4269/3370 3382/4278/3370 3383/4282/3370
f 3361/4257/3371 3360/4271/3371 3375/4280/3371 3376/4283/3371
f 3369/4259/3372 3368/4273/3372 3383/4282/3372 3384/4284/3372
f 3362/4258/3373 3361/4257/3373 3376/4283/3373 3377/4285/3373
f 3370/4260/3374 3369/4259/3374 3384/4284/3374 3385/4286/3374
f 3363/4261/3375 3362/4258/3375 3377/4285/3375 3378/4287/3375
f 3371/4262/3376 3370/4260/3376 3385/4286/3376 3386/4288/3376
f 3364/4263/3377 3363/4261/3377 3378/4287/3377 3379/4289/3377
f 3372/4264/3378 3371/4262/3378 3386/4288/3378 3387/4290/3378
f 3365/4265/3379 3364/4263/3379 3379/4289/3379 3380/4274/3379
f 3373/4266/3380 3372/4264/3380 3387/4290/3380 3388/4276/3380
f 3385/4286/3381 3384/4284/3381 3400/4291/3381 3401/4292/3381
f 3378/4287/3382 3377/4285/3382 3393/4293/3382 3394/4294/3382
f 3386/4288/3383 3385/4286/3383 3401/4292/3383 3402/4295/3383
f 3379/4289/3384 3378/4287/3384 3394/4294/3384 3395/4296/3384
f 3387/4290/3385 3386/4288/3385 3402/4295/3385 3403/4297/3385
f 3380/4274/3386 3379/4289/3386 3395/4296/3386 3396/4298/3386
f 3388/4276/3387 3387/4290/3387 3403/4297/3387 3404/4299/3387
f 3381/4275/3388 3380/4274/3388 3396/4298/3388 3397/4300/3388
f 3389/4277/3389 3388/4276/3389 3404/4299/3389 3405/4301/3389
f 3382/4278/3390 3381/4275/3390 3397/4300/3390 3398/4302/3390
f 3375/4280/3391 3390/4303/3391 3391/4304/3391
f 3616/4305/3392 3389/4277/3392 3405/4301/3392
f 3383/4282/3393 3382/4278/3393 3398/4302/3393 3399/4306/3393
f 3376/4283/3394 3375/4280/3394 3391/4304/3394 3392/4307/3394
f 3384/4284/3395 3383/4282/3395 3399/4306/3395 3400/4291/3395
f 3377/4285/3396 3376/4283/3396 3392/4307/3396 3393/4293/3396
f 3405/4301/3397 3404/4299/3397 3419/4308/3397 3420/4309/3397
f 3398/4302/3398 3397/4300/3398 3412/4310/3398 3413/4311/3398
f 3391/4304/3399 3390/4312/3399 3406/4313/3399
f 3616/4314/3400 3405/4301/3400 3420/4309/3400
f 3399/4306/3401 3398/4302/3401 3413/4311/3401 3414/4315/3401
f 3392/4307/3402 3391/4304/3402 3406/4313/3402 3407/4316/3402
f 3400/4291/3403 3399/4306/3403 3414/4315/3403 3415/4317/3403
f 3393/4293/3404 3392/4307/3404 3407/4316/3404 3408/4318/3404
f 3401/4292/3405 3400/4291/3405 3415/4317/3405 3416/4319/3405
f 3394/4294/3406 3393/4293/3406 3408/4318/3406 3409/4320/3406
f 3402/4295/3407 3401/4292/3407 3416/4319/3407 3417/4321/3407
f 3395/4296/3408 3394/4294/3408 3409/4320/3408 3410/4322/3408
f 3403/4297/3409 3402/4295/3409 3417/4321/3409 3418/4323/3409
f 3396/4298/3410 3395/4296/3410 3410/4322/3410 3411/4324/3410
f 3404/4299/3411 3403/4297/3411 3418/4323/3411 3419/4308/3411
f 3397/4300/3412 3396/4298/3412 3411/4324/3412 3412/4310/3412
f 3417/4321/3413 3416/4319/3413 3431/4325/3413 3432/4326/3413
f 3410/4322/3414 3409/4320/3414 3424/4327/3414 3425/4328/3414
f 3418/4323/3415 3417/4321/3415 3432/4326/3415 3433/4329/3415
f 3411/4324/3416 3410/4322/3416 3425/4328/3416 3426/4330/3416
f 3419/4308/3417 3418/4323/3417 3433/4329/3417 3434/4331/3417
f 3412/4310/3418 3411/4324/3418 3426/4330/3418 3427/4332/3418
f 3420/4309/3419 3419/4308/3419 3434/4331/3419 3435/4333/3419
f 3413/4311/3420 3412/4310/3420 3427/4332/3420 3428/4334/3420
f 3406/4313/3421 3390/4335/3421 3421/4336/3421
f 3616/4337/3422 3420/4309/3422 3435/4333/3422
f 3414/4315/3423 3413/4311/3423 3428/4334/3423 3429/4338/3423
f 3407/4316/3424 3406/4313/3424 3421/4336/3424 3422/4339/3424
f 3415/4317/3425 3414/4315/3425 3429/4338/3425 3430/4340/3425
f 3408/4318/3426 3407/4316/3426 3422/4339/3426 3423/4341/3426
f 3416/4319/3427 3415/4317/3427 3430/4340/3427 3431/4325/3427
f 3409/4320/3428 3408/4318/3428 3423/4341/3428 3424/4327/3428
f 3421/4336/3429 3390/4342/3429 3436/4343/3429
f 3616/4344/3430 3435/4333/3430 3450/4345/3430
f 3429/4338/3431 3428/4334/3431 3443/4346/3431 3444/4347/3431
f 3422/4339/3432 3421/4336/3432 3436/4343/3432 3437/4348/3432
f 3430/4340/3433 3429/4338/3433 3444/4347/3433 3445/4349/3433
f 3423/4341/3434 3422/4339/3434 3437/4348/3434 3438/4350/3434
f 3431/4325/3435 3430/4340/3435 3445/4349/3435 3446/4351/3435
f 3424/4327/3436 3423/4341/3436 3438/4350/3436 3439/4352/3436
f 3432/4326/3437 3431/4325/3437 3446/4351/3437 3447/4353/3437
f 3425/4328/3438 3424/4327/3438 3439/4352/3438 3440/4354/3438
f 3433/4329/3439 3432/4326/3439 3447/4353/3439 3448/4355/3439
f 3426/4330/3440 3425/4328/3440 3440/4354/3440 3441/4356/3440
f 3434/4331/3441 3433/4329/3441 3448/4355/3441 3449/4357/3441
f 3427/4332/3442 3426/4330/3442 3441/4356/3442 3442/4358/3442
f 3435/4333/3443 3434/4331/3443 3449/4357/3443 3450/4345/3443
f 3428/4334/3444 3427/4332/3444 3442/4358/3444 3443/4346/3444
f 3440/4354/3445 3439/4352/3445 3454/4359/3445 3455/4360/3445
f 3448/4355/3446 3447/4353/3446 3462/4361/3446 3463/4362/3446
f 3441/4356/3447 3440/4354/3447 3455/4360/3447 3456/4363/3447
f 3449/4357/3448 3448/4355/3448 3463/4362/3448 3464/4364/3448
f 3442/4358/3449 3441/4356/3449 3456/4363/3449 3457/4365/3449
f 3450/4345/3450 3449/4357/3450 3464/4364/3450 3465/4366/3450
f 3443/4346/3451 3442/4358/3451 3457/4365/3451 3458/4367/3451
f 3436/4343/3452 3390/4368/3452 3451/4369/3452
f 3616/4370/3453 3450/4345/3453 3465/4366/3453
f 3444/4347/3454 3443/4346/3454 3458/4367/3454 3459/4371/3454
f 3437/4348/3455 3436/4343/3455 3451/4369/3455 3452/4372/3455
f 3445/4349/3456 3444/4347/3456 3459/4371/3456 3460/4373/3456
f 3438/4350/3457 3437/4348/3457 3452/4372/3457 3453/4374/3457
f 3446/4351/3458 3445/4349/3458 3460/4373/3458 3461/4375/3458
f 3439/4352/3459 3438/4350/3459 3453/4374/3459 3454/4359/3459
f 3447/4353/3460 3446/4351/3460 3461/4375/3460 3462/4361/3460
f 3459/4371/3461 3458/4367/3461 3473/4376/3461 3474/4377/3461
f 3452/4372/3462 3451/4369/3462 3466/4378/3462 3467/4379/3462
f 3460/4373/3463 3459/4371/3463 3474/4377/3463 3475/4380/3463
f 3453/4374/3464 3452/4372/3464 3467/4379/3464 3468/4381/3464
f 3461/4375/3465 3460/4373/3465 3475/4380/3465 3476/4382/3465
f 3454/4359/3466 3453/4374/3466 3468/4381/3466 3469/4383/3466
f 3462/4361/3467 3461/4375/3467 3476/4382/3467 3477/4384/3467
f 3455/4360/3468 3454/4359/3468 3469/4383/3468 3470/4385/3468
f 3463/4362/3469 3462/4361/3469 3477/4384/3469 3478/4386/3469
f 3456/4363/3470 3455/4360/3470 3470/4385/3470 3471/4387/3470
f 3464/4364/3471 3463/4362/3471 3478/4386/3471 3479/4388/3471
f 3457/4365/3472 3456/4363/3472 3471/4387/3472 3472/4389/3472
f 3465/4366/3473 3464/4364/3473 3479/4388/3473 3480/4390/3473
f 3458/4367/3474 3457/4365/3474 3472/4389/3474 3473/4376/3474
f 3451/4369/3475 3390/4391/3475 3466/4378/3475
f 3616/4392/3476 3465/4366/3476 3480/4390/3476
f 3478/4386/3477 3477/4384/3477 3492/4393/3477 3493/4394/3477
f 3471/4387/3478 3470/4385/3478 3485/4395/3478 3486/4396/3478
f 3479/4388/3479 3478/4386/3479 3493/4394/3479 3494/4397/3479
f 3472/4389/3480 3471/4387/3480 3486/4396/3480 3487/4398/3480
f 3480/4390/3481 3479/4388/3481 3494/4397/3481 3495/4399/3481
f 3473/4376/3482 3472/4389/3482 3487/4398/3482 3488/4400/3482
f 3466/4378/3483 3390/4401/3483 3481/4402/3483
f 3616/4403/3484 3480/4390/3484 3495/4399/3484
f 3474/4377/3485 3473/4376/3485 3488/4400/3485 3489/4404/3485
f 3467/4379/3486 3466/4378/3486 3481/4402/3486 3482/4405/3486
f 3475/4380/3487 3474/4377/3487 3489/4404/3487 3490/4406/3487
f 3468/4381/3488 3467/4379/3488 3482/4405/3488 3483/4407/3488
f 3476/4382/3489 3475/4380/3489 3490/4406/3489 3491/4408/3489
f 3469/4383/3490 3468/4381/3490 3483/4407/3490 3484/4409/3490
f 3477/4384/3491 3476/4382/3491 3491/4408/3491 3492/4393/3491
f 3470/4385/3492 3469/4383/3492 3484/4409/3492 3485/4395/3492
f 3482/4405/3493 3481/4402/3493 3496/4410/3493 3497/4411/3493
f 3490/4406/3494 3489/4404/3494 3504/4412/3494 3505/4413/3494
f 3483/4407/3495 3482/4405/3495 3497/4411/3495 3498/4414/3495
f 3491/4408/3496 3490/4406/3496 3505/4413/3496 3506/4415/3496
f 3484/4409/3497 3483/4407/3497 3498/4414/3497 3499/4416/3497
f 3492/4393/3498 3491/4408/3498 3506/4415/3498 3507/4417/3498
f 3485/4395/3499 3484/4409/3499 3499/4416/3499 3500/4418/3499
f 3493/4394/3500 3492/4393/3500 3507/4417/3500 3508/4419/3500
f 3486/4396/3501 3485/4395/3501 3500/4418/3501 3501/4420/3501
f 3494/4397/3502 3493/4394/3502 3508/4419/3502 3509/4421/3502
f 3487/4398/3503 3486/4396/3503 3501/4420/3503 3502/4422/3503
f 3495/4399/3504 3494/4397/3504 3509/4421/3504 3510/4423/3504
f 3488/4400/3505 3487/4398/3505 3502/4422/3505 3503/4424/3505
f 3481/4402/3506 3390/4425/3506 3496/4410/3506
f 3616/4426/3507 3495/4399/3507 3510/4423/3507
f 3489/4404/3508 3488/4400/3508 3503/4424/3508 3504/4412/3508
f 3501/4420/3509 3500/4418/3509 3515/4427/3509 3516/4428/3509
f 3509/4421/3510 3508/4419/3510 3523/4429/3510 3524/4430/3510
f 3502/4422/3511 3501/4420/3511 3516/4428/3511 3517/4431/3511
f 3510/4423/3512 3509/4421/3512 3524/4430/3512 3525/4432/3512
f 3503/4424/3513 3502/4422/3513 3517/4431/3513 3518/4433/3513
f 3496/4410/3514 3390/4434/3514 3511/4435/3514
f 3616/4436/3515 3510/4423/3515 3525/4432/3515
f 3504/4412/3516 3503/4424/3516 3518/4433/3516 3519/4437/3516
f 3497/4411/3517 3496/4410/3517 3511/4435/3517 3512/4438/3517
f 3505/4413/3518 3504/4412/3518 3519/4437/3518 3520/4439/3518
f 3498/4414/3519 3497/4411/3519 3512/4438/3519 3513/4440/3519
f 3506/4415/3520 3505/4413/3520 3520/4439/3520 3521/4441/3520
f 3499/4416/3521 3498/4414/3521 3513/4440/3521 3514/4442/3521
f 3507/4417/3522 3506/4415/3522 3521/4441/3522 3522/4443/3522
f 3500/4418/3523 3499/4416/3523 3514/4442/3523 3515/4427/3523
f 3508/4419/3524 3507/4417/3524 3522/4443/3524 3523/4429/3524
f 3520/4439/3525 3519/4437/3525 3534/4444/3525 3535/4445/3525
f 3513/4440/3526 3512/4438/3526 3527/4446/3526 3528/4447/3526
f 3521/4441/3527 3520/4439/3527 3535/4445/3527 3536/4448/3527
f 3514/4442/3528 3513/4440/3528 3528/4447/3528 3529/4449/3528
f 3522/4443/3529 3521/4441/3529 3536/4448/3529 3537/4450/3529
f 3515/4427/3530 3514/4442/3530 3529/4449/3530 3530/4451/3530
f 3523/4429/3531 3522/4443/3531 3537/4450/3531 3538/4452/3531
f 3516/4428/3532 3515/4427/3532 3530/4451/3532 3531/4453/3532
f 3524/4430/3533 3523/4429/3533 3538/4452/3533 3539/4454/3533
f 3517/4431/3534 3516/4428/3534 3531/4453/3534 3532/4455/3534
f 3525/4432/3535 3524/4430/3535 3539/4454/3535 3540/4456/3535
f 3518/4433/3536 3517/4431/3536 3532/4455/3536 3533/4457/3536
f 3511/4435/3537 3390/4458/3537 3526/4459/3537
f 3616/4460/3538 3525/4432/3538 3540/4456/3538
f 3519/4437/3539 3518/4433/3539 3533/4457/3539 3534/4444/3539
f 3512/4438/3540 3511/4435/3540 3526/4459/3540 3527/4446/3540
f 3539/4454/3541 3538/4452/3541 3553/4461/3541 3554/4462/3541
f 3532/4455/3542 3531/4453/3542 3546/4463/3542 3547/4464/3542
f 3540/4456/3543 3539/4454/3543 3554/4462/3543 3555/4465/3543
f 3533/4457/3544 3532/4455/3544 3547/4464/3544 3548/4466/3544
f 3526/4459/3545 3390/4467/3545 3541/4468/3545
f 3616/4469/3546 3540/4456/3546 3555/4465/3546
f 3534/4444/3547 3533/4457/3547 3548/4466/3547 3549/4470/3547
f 3527/4446/3548 3526/4459/3548 3541/4468/3548 3542/4471/3548
f 3535/4445/3549 3534/4444/3549 3549/4470/3549 3550/4472/3549
f 3528/4447/3550 3527/4446/3550 3542/4471/3550 3543/4473/3550
f 3536/4448/3551 3535/4445/3551 3550/4472/3551 3551/4474/3551
f 3529/4449/3552 3528/4447/3552 3543/4473/3552 3544/4475/3552
f 3537/4450/3553 3536/4448/3553 3551/4474/3553 3552/4476/3553
f 3530/4451/3554 3529/4449/3554 3544/4475/3554 3545/4477/3554
f 3538/4452/3555 3537/4450/3555 3552/4476/3555 3553/4461/3555
f 3531/4453/3556 3530/4451/3556 3545/4477/3556 3546/4463/3556
f 3551/4474/3557 3550/4472/3557 3565/4478/3557 3566/4479/3557
f 3544/4475/3558 3543/4473/3558 3558/4480/3558 3559/4481/3558
f 3552/4476/3559 3551/4474/3559 3566/4479/3559 3567/4482/3559
f 3545/4477/3560 3544/4475/3560 3559/4481/3560 3560/4483/3560
f 3553/4461/3561 3552/4476/3561 3567/4482/3561 3568/4484/3561
f 3546/4463/3562 3545/4477/3562 3560/4483/3562 3561/4485/3562
f 3554/4462/3563 3553/4461/3563 3568/4484/3563 3569/4486/3563
f 3547/4464/3564 3546/4463/3564 3561/4485/3564 3562/4487/3564
f 3555/4465/3565 3554/4462/3565 3569/4486/3565 3570/4488/3565
f 3548/4466/3566 3547/4464/3566 3562/4487/3566 3563/4489/3566
f 3541/4468/3567 3390/4490/3567 3556/4491/3567
f 3616/4492/3568 3555/4465/3568 3570/4488/3568
f 3549/4470/3569 3548/4466/3569 3563/4489/3569 3564/4493/3569
f 3542/4471/3570 3541/4468/3570 3556/4491/3570 3557/4494/3570
f 3550/4472/3571 3549/4470/3571 3564/4493/3571 3565/4478/3571
f 3543/4473/3572 3542/4471/3572 3557/4494/3572 3558/4480/3572
f 3570/4488/3573 3569/4486/3573 3584/4495/3573 3585/4496/3573
f 3563/4489/3574 3562/4487/3574 3577/4497/3574 3578/4498/3574
f 3556/4491/3575 3390/4499/3575 3571/4500/3575
f 3616/4501/3576 3570/4488/3576 3585/4496/3576
f 3564/4493/3577 3563/4489/3577 3578/4498/3577 3579/4502/3577
f 3557/4494/3578 3556/4491/3578 3571/4500/3578 3572/4503/3578
f 3565/4478/3579 3564/4493/3579 3579/4502/3579 3580/4504/3579
f 3558/4480/3580 3557/4494/3580 3572/4503/3580 3573/4505/3580
f 3566/4479/3581 3565/4478/3581 3580/4504/3581 3581/4506/3581
f 3559/4481/3582 3558/4480/3582 3573/4505/3582 3574/4507/3582
f 3567/4482/3583 3566/4479/3583 3581/4506/3583 3582/4508/3583
f 3560/4483/3584 3559/4481/3584 3574/4507/3584 3575/4509/3584
f 3568/4484/3585 3567/4482/3585 3582/4508/3585 3583/4510/3585
f 3561/4485/3586 3560/4483/3586 3575/4509/3586 3576/4511/3586
f 3569/4486/3587 3568/4484/3587 3583/4510/3587 3584/4495/3587
f 3562/4487/3588 3561/4485/3588 3576/4511/3588 3577/4497/3588
f 3574/4507/3589 3573/4505/3589 3588/4512/3589 3589/4513/3589
f 3582/4508/3590 3581/4506/3590 3596/4514/3590 3597/4515/3590
f 3575/4509/3591 3574/4507/3591 3589/4513/3591 3590/4516/3591
f 3583/4510/3592 3582/4508/3592 3597/4515/3592 3598/4517/3592
f 3576/4511/3593 3575/4509/3593 3590/4516/3593 3591/4518/3593
f 3584/4495/3594 3583/4510/3594 3598/4517/3594 3599/4519/3594
f 3577/4497/3595 3576/4511/3595 3591/4518/3595 3592/4520/3595
f 3585/4496/3596 3584/4495/3596 3599/4519/3596 3600/4521/3596
f 3578/4498/3597 3577/4497/3597 3592/4520/3597 3593/4522/3597
f 3571/4500/3598 3390/4523/3598 3586/4524/3598
f 3616/4525/3599 3585/4496/3599 3600/4521/3599
f 3579/4502/3600 3578/4498/3600 3593/4522/3600 3594/4526/3600
f 3572/4503/3601 3571/4500/3601 3586/4524/3601 3587/4527/3601
f 3580/4504/3602 3579/4502/3602 3594/4526/3602 3595/4528/3602
f 3573/4505/3603 3572/4503/3603 3587/4527/3603 3588/4512/3603
f 3581/4506/3604 3580/4504/3604 3595/4528/3604 3596/4514/3604
f 3593/4522/3605 3592/4520/3605 3607/4529/3605 3608/4530/3605
f 3586/4524/3606 3390/4531/3606 3601/4532/3606
f 3616/4533/3607 3600/4521/3607 3615/4534/3607
f 3594/4526/3608 3593/4522/3608 3608/4530/3608 3609/4535/3608
f 3587/4527/3609 3586/4524/3609 3601/4532/3609 3602/4536/3609
f 3595/4528/3610 3594/4526/3610 3609/4535/3610 3610/4537/3610
f 3588/4512/3611 3587/4527/3611 3602/4536/3611 3603/4538/3611
f 3596/4514/3612 3595/4528/3612 3610/4537/3612 3611/4539/3612
f 3589/4513/3613 3588/4512/3613 3603/4538/3613 3604/4540/3613
f 3597/4515/3614 3596/4514/3614 3611/4539/3614 3612/4541/3614
f 3590/4516/3615 3589/4513/3615 3604/4540/3615 3605/4542/3615
f 3598/4517/3616 3597/4515/3616 3612/4541/3616 3613/4543/3616
f 3591/4518/3617 3590/4516/3617 3605/4542/3617 3606/4544/3617
f 3599/4519/3618 3598/4517/3618 3613/4543/3618 3614/4545/3618
f 3592/4520/3619 3591/4518/3619 3606/4544/3619 3607/4529/3619
f 3600/4521/3620 3599/4519/3620 3614/4545/3620 3615/4534/3620
f 3612/4541/3621 3611/4539/3621 3627/4546/3621 3628/4547/3621
f 3605/4542/3622 3604/4540/3622 3620/4548/3622 3621/4549/3622
f 3613/4543/3623 3612/4541/3623 3628/4547/3623 3629/4550/3623
f 3606/4544/3624 3605/4542/3624 3621/4549/3624 3622/4551/3624
f 3614/4545/3625 3613/4543/3625 3629/4550/3625 3630/4552/3625
f 3607/4529/3626 3606/4544/3626 3622/4551/3626 3623/4553/3626
f 3615/4534/3627 3614/4545/3627 3630/4552/3627 3631/4554/3627
f 3608/4530/3628 3607/4529/3628 3623/4553/3628 3624/4555/3628
f 3601/4532/3629 3390/4556/3629 3617/4557/3629
f 3616/4558/3630 3615/4534/3630 3631/4554/3630
f 3609/4535/3631 3608/4530/3631 3624/4555/3631 3625/4559/3631
f 3602/4536/3632 3601/4532/3632 3617/4557/3632 3618/4560/3632
f 3610/4537/3633 3609/4535/3633 3625/4559/3633 3626/4561/3633
f 3603/4538/3634 3602/4536/3634 3618/4560/3634 3619/4562/3634
f 3611/4539/3635 3610/4537/3635 3626/4561/3635 3627/4546/3635
f 3604/4540/3636 3603/4538/3636 3619/4562/3636 3620/4548/3636
f 3617/4557/3637 3390/4563/3637 3632/4564/3637
f 3616/4565/3638 3631/4554/3638 3646/4566/3638
f 3625/4559/3639 3624/4555/3639 3639/4567/3639 3640/4568/3639
f 3618/4560/3640 3617/4557/3640 3632/4564/3640 3633/4569/3640
f 3626/4561/3641 3625/4559/3641 3640/4568/3641 3641/4570/3641
f 3619/4562/3642 3618/4560/3642 3633/4569/3642 3634/4571/3642
f 3627/4546/3643 3626/4561/3643 3641/4570/3643 3642/4572/3643
f 3620/4548/3644 3619/4562/3644 3634/4571/3644 3635/4573/3644
f 3628/4547/3645 3627/4546/3645 3642/4572/3645 3643/4574/3645
f 3621/4549/3646 3620/4548/3646 3635/4573/3646 3636/4575/3646
f 3629/4550/3647 3628/4547/3647 3643/4574/3647 3644/4576/3647
f 3622/4551/3648 3621/4549/3648 3636/4575/3648 3637/4577/3648
f 3630/4552/3649 3629/4550/3649 3644/4576/3649 3645/4578/3649
f 3623/4553/3650 3622/4551/3650 3637/4577/3650 3638/4579/3650
f 3631/4554/3651 3630/4552/3651 3645/4578/3651 3646/4566/3651
f 3624/4555/3652 3623/4553/3652 3638/4579/3652 3639/4567/3652
f 3636/4575/3653 3635/4573/3653 3650/4580/3653 3651/4581/3653
f 3644/4576/3654 3643/4574/3654 3658/4582/3654 3659/4583/3654
f 3637/4577/3655 3636/4575/3655 3651/4581/3655 3652/4584/3655
f 3645/4578/3656 3644/4576/3656 3659/4583/3656 3660/4585/3656
f 3638/4579/3657 3637/4577/3657 3652/4584/3657 3653/4586/3657
f 3646/4566/3658 3645/4578/3658 3660/4585/3658 3661/4587/3658
f 3639/4567/3659 3638/4579/3659 3653/4586/3659 3654/4588/3659
f 3632/4564/3660 3390/4589/3660 3647/4590/3660
f 3616/4591/3661 3646/4566/3661 3661/4587/3661
f 3640/4568/3662 3639/4567/3662 3654/4588/3662 3655/4592/3662
f 3633/4569/3663 3632/4564/3663 3647/4590/3663 3648/4593/3663
f 3641/4570/3664 3640/4568/3664 3655/4592/3664 3656/4594/3664
f 3634/4571/3665 3633/4569/3665 3648/4593/3665 3649/4595/3665
f 3642/4572/3666 3641/4570/3666 3656/4594/3666 3657/4596/3666
f 3635/4573/3667 3634/4571/3667 3649/4595/3667 3650/4580/3667
f 3643/4574/3668 3642/4572/3668 3657/4596/3668 3658/4582/3668
f 3655/4592/3669 3654/4588/3669 3669/4597/3669 3670/4598/3669
f 3648/4593/3670 3647/4590/3670 3662/4599/3670 3663/4600/3670
f 3656/4594/3671 3655/4592/3671 3670/4598/3671 3671/4601/3671
f 3649/4595/3672 3648/4593/3672 3663/4600/3672 3664/4602/3672
f 3657/4596/3673 3656/4594/3673 3671/4601/3673 3672/4603/3673
f 3650/4580/3674 3649/4595/3674 3664/4602/3674 3665/4604/3674
f 3658/4582/3675 3657/4596/3675 3672/4603/3675 3673/4605/3675
f 3651/4581/3676 3650/4580/3676 3665/4604/3676 3666/4606/3676
f 3659/4583/3677 3658/4582/3677 3673/4605/3677 3674/4607/3677
f 3652/4584/3678 3651/4581/3678 3666/4606/3678 3667/4608/3678
f 3660/4585/3679 3659/4583/3679 3674/4607/3679 3675/4609/3679
f 3653/4586/3680 3652/4584/3680 3667/4608/3680 3668/4610/3680
f 3661/4587/3681 3660/4585/3681 3675/4609/3681 3676/4611/3681
f 3654/4588/3682 3653/4586/3682 3668/4610/3682 3669/4597/3682
f 3647/4590/3683 3390/4612/3683 3662/4599/3683
f 3616/4613/3684 3661/4587/3684 3676/4611/3684
f 3674/4614/3685 3673/4615/3685 3688/4616/3685 3689/4617/3685
f 3667/4618/3686 3666/4619/3686 3681/4620/3686 3682/4621/3686
f 3675/4622/3687 3674/4614/3687 3689/4617/3687 3690/4623/3687
f 3668/4624/3688 3667/4618/3688 3682/4621/3688 3683/4625/3688
f 3676/4626/3689 3675/4622/3689 3690/4623/3689 3691/4627/3689
f 3669/4628/3690 3668/4624/3690 3683/4625/3690 3684/4629/3690
f 3662/4630/3691 3390/4631/3691 3677/4632/3691
f 3616/4633/3692 3676/4626/3692 3691/4627/3692
f 3670/4634/3693 3669/4628/3693 3684/4629/3693 3685/4635/3693
f 3663/4636/3694 3662/4630/3694 3677/4632/3694 3678/4637/3694
f 3671/4638/3695 3670/4634/3695 3685/4635/3695 3686/4639/3695
f 3664/4640/3696 3663/4636/3696 3678/4637/3696 3679/4641/3696
f 3672/4642/3697 3671/4638/3697 3686/4639/3697 3687/4643/3697
f 3665/4644/3698 3664/4640/3698 3679/4641/3698 3680/4645/3698
f 3673/4615/3699 3672/4642/3699 3687/4643/3699 3688/4616/3699
f 3666/4619/3700 3665/4644/3700 3680/4645/3700 3681/4620/3700
f 3686/4639/3701 3685/4635/3701 3700/4646/3701 3701/4647/3701
f 3679/4641/3702 3678/4637/3702 3693/4648/3702 3694/4649/3702
f 3687/4643/3703 3686/4639/3703 3701/4647/3703 3702/4650/3703
f 3680/4645/3704 3679/4641/3704 3694/4649/3704 3695/4651/3704
f 3688/4616/3705 3687/4643/3705 3702/4650/3705 3703/4652/3705
f 3681/4620/3706 3680/4645/3706 3695/4651/3706 3696/4653/3706
f 3689/4617/3707 3688/4616/3707 3703/4652/3707 3704/4654/3707
f 3682/4621/3708 3681/4620/3708 3696/4653/3708 3697/4655/3708
f 3690/4623/3709 3689/4617/3709 3704/4654/3709 3705/4656/3709
f 3683/4625/3710 3682/4621/3710 3697/4655/3710 3698/4657/3710
f 3691/4627/3711 3690/4623/3711 3705/4656/3711 3706/4658/3711
f 3684/4629/3712 3683/4625/3712 3698/4657/3712 3699/4659/3712
f 3677/4632/3713 3390/4660/3713 3692/4661/3713
f 3616/4662/3714 3691/4627/3714 3706/4658/3714
f 3685/4635/3715 3684/4629/3715 3699/4659/3715 3700/4646/3715
f 3678/4637/3716 3677/4632/3716 3692/4661/3716 3693/4648/3716
f 3705/4656/3717 3704/4654/3717 3719/4663/3717 3720/4664/3717
f 3698/4657/3718 3697/4655/3718 3712/4665/3718 3713/4666/3718
f 3706/4658/3719 3705/4656/3719 3720/4664/3719 3721/4667/3719
f 3699/4659/3720 3698/4657/3720 3713/4666/3720 3714/4668/3720
f 3692/4661/3721 3390/4669/3721 3707/4670/3721
f 3616/4671/3722 3706/4658/3722 3721/4667/3722
f 3700/4646/3723 3699/4659/3723 3714/4668/3723 3715/4672/3723
f 3693/4648/3724 3692/4661/3724 3707/4670/3724 3708/4673/3724
f 3701/4647/3725 3700/4646/3725 3715/4672/3725 3716/4674/3725
f 3694/4649/3726 3693/4648/3726 3708/4673/3726 3709/4675/3726
f 3702/4650/3727 3701/4647/3727 3716/4674/3727 3717/4676/3727
f 3695/4651/3728 3694/4649/3728 3709/4675/3728 3710/4677/3728
f 3703/4652/3729 3702/4650/3729 3717/4676/3729 3718/4678/3729
f 3696/4653/3730 3695/4651/3730 3710/4677/3730 3711/4679/3730
f 3704/4654/3731 3703/4652/3731 3718/4678/3731 3719/4663/3731
f 3697/4655/3732 3696/4653/3732 3711/4679/3732 3712/4665/3732
f 3709/4675/3733 3708/4673/3733 3723/4680/3733 3724/4681/3733
f 3717/4676/3734 3716/4674/3734 3731/4682/3734 3732/4683/3734
f 3710/4677/3735 3709/4675/3735 3724/4681/3735 3725/4684/3735
f 3718/4678/3736 3717/4676/3736 3732/4683/3736 3733/4685/3736
f 3711/4679/3737 3710/4677/3737 3725/4684/3737 3726/4686/3737
f 3719/4663/3738 3718/4678/3738 3733/4685/3738 3734/4687/3738
f 3712/4665/3739 3711/4679/3739 3726/4686/3739 3727/4688/3739
f 3720/4664/3740 3719/4663/3740 3734/4687/3740 3735/4689/3740
f 3713/4666/3741 3712/4665/3741 3727/4688/3741 3728/4690/3741
f 3721/4667/3742 3720/4664/3742 3735/4689/3742 3736/4691/3742
f 3714/4668/3743 3713/4666/3743 3728/4690/3743 3729/4692/3743
f 3707/4670/3744 3390/4693/3744 3722/4694/3744
f 3616/4695/3745 3721/4667/3745 3736/4691/3745
f 3715/4672/3746 3714/4668/3746 3729/4692/3746 3730/4696/3746
f 3708/4673/3747 3707/4670/3747 3722/4694/3747 3723/4680/3747
f 3716/4674/3748 3715/4672/3748 3730/4696/3748 3731/4682/3748
f 3728/4690/3749 3727/4688/3749 3742/4697/3749 3743/4698/3749
f 3736/4691/3750 3735/4689/3750 3750/4699/3750 3751/4700/3750
f 3729/4692/3751 3728/4690/3751 3743/4698/3751 3744/4701/3751
f 3722/4694/3752 3390/4702/3752 3737/4703/3752
f 3616/4704/3753 3736/4691/3753 3751/4700/3753
f 3730/4696/3754 3729/4692/3754 3744/4701/3754 3745/4705/3754
f 3723/4680/3755 3722/4694/3755 3737/4703/3755 3738/4706/3755
f 3731/4682/3756 3730/4696/3756 3745/4705/3756 3746/4707/3756
f 3724/4681/3757 3723/4680/3757 3738/4706/3757 3739/4708/3757
f 3732/4683/3758 3731/4682/3758 3746/4707/3758 3747/4709/3758
f 3725/4684/3759 3724/4681/3759 3739/4708/3759 3740/4710/3759
f 3733/4685/3760 3732/4683/3760 3747/4709/3760 3748/4711/3760
f 3726/4686/3761 3725/4684/3761 3740/4710/3761 3741/4712/3761
f 3734/4687/3762 3733/4685/3762 3748/4711/3762 3749/4713/3762
f 3727/4688/3763 3726/4686/3763 3741/4712/3763 3742/4697/3763
f 3735/4689/3764 3734/4687/3764 3749/4713/3764 3750/4699/3764
f 3747/4709/3765 3746/4707/3765 3761/4714/3765 3762/4715/3765
f 3740/4710/3766 3739/4708/3766 3754/4716/3766 3755/4717/3766
f 3748/4711/3767 3747/4709/3767 3762/4715/3767 3763/4718/3767
f 3741/4712/3768 3740/4710/3768 3755/4717/3768 3756/4719/3768
f 3749/4713/3769 3748/4711/3769 3763/4718/3769 3764/4720/3769
f 3742/4697/3770 3741/4712/3770 3756/4719/3770 3757/4721/3770
f 3750/4699/3771 3749/4713/3771 3764/4720/3771 3765/4722/3771
f 3743/4698/3772 3742/4697/3772 3757/4721/3772 3758/4723/3772
f 3751/4700/3773 3750/4699/3773 3765/4722/3773 3766/4724/3773
f 3744/4701/3774 3743/4698/3774 3758/4723/3774 3759/4725/3774
f 3737/4703/3775 3390/4726/3775 3752/4727/3775
f 3616/4728/3776 3751/4700/3776 3766/4724/3776
f 3745/4705/3777 3744/4701/3777 3759/4725/3777 3760/4729/3777
f 3738/4706/3778 3737/4703/3778 3752/4727/3778 3753/4730/3778
f 3746/4707/3779 3745/4705/3779 3760/4729/3779 3761/4714/3779
f 3739/4708/3780 3738/4706/3780 3753/4730/3780 3754/4716/3780
f 3766/4724/3781 3765/4722/3781 3780/4731/3781 3781/4732/3781
f 3759/4725/3782 3758/4723/3782 3773/4733/3782 3774/4734/3782
f 3752/4727/3783 3390/4735/3783 3767/4736/3783
f 3616/4737/3784 3766/4724/3784 3781/4732/3784
f 3760/4729/3785 3759/4725/3785 3774/4734/3785 3775/4738/3785
f 3753/4730/3786 3752/4727/3786 3767/4736/3786 3768/4739/3786
f 3761/4714/3787 3760/4729/3787 3775/4738/3787 3776/4740/3787
f 3754/4716/3788 3753/4730/3788 3768/4739/3788 3769/4741/3788
f 3762/4715/3789 3761/4714/3789 3776/4740/3789 3777/4742/3789
f 3755/4717/3790 3754/4716/3790 3769/4741/3790 3770/4743/3790
f 3763/4718/3791 3762/4715/3791 3777/4742/3791 3778/4744/3791
f 3756/4719/3792 3755/4717/3792 3770/4743/3792 3771/4745/3792
f 3764/4720/3793 3763/4718/3793 3778/4744/3793 3779/4746/3793
f 3757/4721/3794 3756/4719/3794 3771/4745/3794 3772/4747/3794
f 3765/4722/3795 3764/4720/3795 3779/4746/3795 3780/4731/3795
f 3758/4723/3796 3757/4721/3796 3772/4747/3796 3773/4733/3796
f 3770/4743/3797 3769/4741/3797 3309/4196/3797 3784/4195/3797
f 3778/4744/3798 3777/4742/3798 3314/4191/3798 3787/4199/3798
f 3771/4745/3799 3770/4743/3799 3784/4195/3799 3310/4201/3799
f 3779/4746/3800 3778/4744/3800 3787/4199/3800 3788/4203/3800
f 3772/4747/3801 3771/4745/3801 3310/4201/3801 3785/4205/3801
f 3780/4731/3802 3779/4746/3802 3788/4203/3802 3789/4207/3802
f 3773/4733/3803 3772/4747/3803 3785/4205/3803 3311/4209/3803
f 3781/4732/3804 3780/4731/3804 3789/4207/3804 3790/4211/3804
f 3774/4734/3805 3773/4733/3805 3311/4209/3805 3312/4213/3805
f 3767/4736/3806 3390/4748/3806 3782/4215/3806
f 3616/4749/3807 3781/4732/3807 3790/4211/3807
f 3775/4738/3808 3774/4734/3808 3312/4213/3808 3313/4219/3808
f 3768/4739/3809 3767/4736/3809 3782/4215/3809 3783/4221/3809
f 3776/4740/3810 3775/4738/3810 3313/4219/3810 3786/4192/3810
f 3769/4741/3811 3768/4739/3811 3783/4221/3811 3309/4196/3811
f 3777/4742/3812 3776/4740/3812 3786/4192/3812 3314/4191/3812
o Sphere.007
v -0.416664 1.193186 4.803907
v -0.375280 1.151801 4.803907
v -0.352882 1.097729 4.803907
v -0.350000 1.068466 4.803907
v -0.352882 1.039202 4.803907
v -0.375280 0.985130 4.803907
v -0.471299 1.215584 4.809617
v -0.443700 1.207048 4.815106
v -0.418266 1.193186 4.820165
v -0.395972 1.174532 4.824600
v -0.377676 1.151801 4.828239
v -0.364081 1.125868 4.830944
v -0.355709 1.097729 4.832609
v -0.352882 1.068466 4.833171
v -0.355709 1.039202 4.832609
v -0.364081 1.011063 4.830944
v -0.377676 0.985130 4.828239
v -0.395972 0.962400 4.824600
v -0.418266 0.943745 4.820165
v -0.443700 0.929884 4.815106
v -0.471299 0.921348 4.809617
v -0.472964 1.215584 4.815106
v -0.446967 1.207048 4.825874
v -0.423008 1.193186 4.835799
v -0.402008 1.174532 4.844497
v -0.384773 1.151801 4.851636
v -0.371967 1.125868 4.856940
v -0.364081 1.097729 4.860207
v -0.361418 1.068466 4.861310
v -0.364081 1.039202 4.860207
v -0.371967 1.011063 4.856940
v -0.384773 0.985130 4.851636
v -0.402008 0.962400 4.844497
v -0.423008 0.943745 4.835799
v -0.446967 0.929884 4.825874
v -0.472964 0.921348 4.815106
v -0.475668 1.215584 4.820165
v -0.452272 1.207048 4.835799
v -0.430709 1.193186 4.850206
v -0.411809 1.174532 4.862834
v -0.396299 1.151801 4.873199
v -0.384773 1.125868 4.880899
v -0.377676 1.097729 4.885642
v -0.375280 1.068466 4.887243
v -0.377676 1.039202 4.885642
v -0.384773 1.011063 4.880899
v -0.396299 0.985130 4.873199
v -0.411809 0.962400 4.862834
v -0.430709 0.943745 4.850206
v -0.452272 0.929884 4.835799
v -0.475668 0.921348 4.820165
v -0.479308 1.215584 4.824600
v -0.459410 1.207048 4.844497
v -0.441073 1.193186 4.862834
v -0.425000 1.174532 4.878907
v -0.411809 1.151801 4.892098
v -0.402008 1.125868 4.901900
v -0.395972 1.097729 4.907935
v -0.393934 1.068466 4.909974
v -0.395972 1.039202 4.907935
v -0.402008 1.011063 4.901900
v -0.411809 0.985130 4.892098
v -0.425000 0.962400 4.878907
v -0.441073 0.943745 4.862834
v -0.459410 0.929884 4.844497
v -0.479308 0.921348 4.824600
v -0.483742 1.215584 4.828239
v -0.468109 1.207048 4.851636
v -0.453701 1.193186 4.873199
v -0.441073 1.174532 4.892098
v -0.430709 1.151801 4.907609
v -0.423008 1.125868 4.919134
v -0.418266 1.097729 4.926231
v -0.416664 1.068466 4.928628
v -0.418266 1.039202 4.926231
v -0.423008 1.011063 4.919134
v -0.430709 0.985130 4.907609
v -0.441073 0.962400 4.892098
v -0.453701 0.943745 4.873199
v -0.468109 0.929884 4.851636
v -0.483742 0.921348 4.828239
v -0.500000 1.218466 4.803907
v -0.488801 1.215584 4.830944
v -0.478033 1.207048 4.856940
v -0.468109 1.193186 4.880899
v -0.459410 1.174532 4.901900
v -0.452272 1.151801 4.919134
v -0.446967 1.125868 4.931941
v -0.443700 1.097729 4.939826
v -0.442598 1.068466 4.942489
v -0.443700 1.039202 4.939826
v -0.446967 1.011063 4.931941
v -0.452272 0.985130 4.919134
v -0.459410 0.962400 4.901900
v -0.468109 0.943745 4.880899
v -0.478033 0.929884 4.856940
v -0.488801 0.921348 4.830944
v -0.494291 1.215584 4.832609
v -0.488801 1.207048 4.860207
v -0.483742 1.193186 4.885642
v -0.479308 1.174532 4.907935
v -0.475668 1.151801 4.926231
v -0.472964 1.125868 4.939826
v -0.471299 1.097729 4.948198
v -0.470736 1.068466 4.951025
v -0.471299 1.039202 4.948198
v -0.472964 1.011063 4.939826
v -0.475668 0.985130 4.926231
v -0.479308 0.962400 4.907935
v -0.483742 0.943745 4.885642
v -0.488801 0.929884 4.860207
v -0.494291 0.921348 4.832609
v -0.500000 1.215584 4.833171
v -0.500000 1.207048 4.861310
v -0.500000 1.193186 4.887243
v -0.500000 1.174532 4.909974
v -0.500000 1.151801 4.928628
v -0.500000 1.125868 4.942489
v -0.500000 1.097729 4.951025
v -0.500000 1.068466 4.953907
v -0.500000 1.039202 4.951025
v -0.500000 1.011063 4.942489
v -0.500000 0.985130 4.928628
v -0.500000 0.962400 4.909974
v -0.500000 0.943745 4.887243
v -0.500000 0.929884 4.861310
v -0.500000 0.921348 4.833171
v -0.505709 1.215584 4.832609
v -0.511199 1.207048 4.860207
v -0.516258 1.193186 4.885642
v -0.520692 1.174532 4.907935
v -0.524332 1.151801 4.926231
v -0.527036 1.125868 4.939826
v -0.528701 1.097729 4.948198
v -0.529264 1.068466 4.951025
v -0.528701 1.039202 4.948198
v -0.527036 1.011063 4.939826
v -0.524332 0.985130 4.926231
v -0.520692 0.962400 4.907935
v -0.516258 0.943745 4.885642
v -0.511199 0.929884 4.860207
v -0.505709 0.921348 4.832609
v -0.511199 1.215584 4.830944
v -0.521967 1.207048 4.856940
v -0.531891 1.193186 4.880899
v -0.540590 1.174532 4.901900
v -0.547728 1.151801 4.919134
v -0.553033 1.125868 4.931941
v -0.556300 1.097729 4.939826
v -0.557402 1.068466 4.942489
v -0.556300 1.039202 4.939826
v -0.553033 1.011063 4.931941
v -0.547728 0.985130 4.919134
v -0.540590 0.962400 4.901900
v -0.531891 0.943745 4.880899
v -0.521967 0.929884 4.856940
v -0.511199 0.921348 4.830944
v -0.516258 1.215584 4.828239
v -0.531891 1.207048 4.851636
v -0.546299 1.193186 4.873199
v -0.558927 1.174532 4.892098
v -0.569291 1.151801 4.907609
v -0.576992 1.125868 4.919134
v -0.581734 1.097729 4.926231
v -0.583336 1.068466 4.928628
v -0.581734 1.039202 4.926231
v -0.576992 1.011063 4.919134
v -0.569291 0.985130 4.907609
v -0.558927 0.962400 4.892098
v -0.546299 0.943745 4.873199
v -0.531891 0.929884 4.851636
v -0.516258 0.921348 4.828239
v -0.520692 1.215584 4.824600
v -0.540590 1.207048 4.844497
v -0.558927 1.193186 4.862834
v -0.575000 1.174532 4.878907
v -0.588191 1.151801 4.892098
v -0.597992 1.125868 4.901900
v -0.604028 1.097729 4.907935
v -0.606066 1.068466 4.909973
v -0.604028 1.039202 4.907935
v -0.597992 1.011063 4.901900
v -0.588191 0.985130 4.892098
v -0.575000 0.962400 4.878907
v -0.558927 0.943745 4.862834
v -0.540590 0.929884 4.844497
v -0.520692 0.921348 4.824600
v -0.524332 1.215584 4.820165
v -0.547728 1.207048 4.835799
v -0.569291 1.193186 4.850206
v -0.588191 1.174532 4.862834
v -0.603701 1.151801 4.873199
v -0.615227 1.125868 4.880899
v -0.622324 1.097729 4.885642
v -0.624720 1.068466 4.887243
v -0.622324 1.039202 4.885642
v -0.615227 1.011063 4.880899
v -0.603701 0.985130 4.873199
v -0.588191 0.962400 4.862834
v -0.569291 0.943745 4.850206
v -0.547728 0.929884 4.835799
v -0.524332 0.921348 4.820165
v -0.527036 1.215584 4.815106
v -0.553033 1.207048 4.825874
v -0.576992 1.193186 4.835798
v -0.597992 1.174532 4.844497
v -0.615227 1.151801 4.851636
v -0.628033 1.125868 4.856940
v -0.635919 1.097729 4.860207
v -0.638582 1.068466 4.861310
v -0.635919 1.039202 4.860207
v -0.628033 1.011063 4.856940
v -0.615227 0.985130 4.851636
v -0.597992 0.962400 4.844497
v -0.576992 0.943745 4.835798
v -0.553033 0.929884 4.825874
v -0.527036 0.921348 4.815106
v -0.528701 1.215584 4.809617
v -0.556300 1.207048 4.815106
v -0.581734 1.193186 4.820165
v -0.604028 1.174532 4.824600
v -0.622324 1.151801 4.828239
v -0.635919 1.125868 4.830944
v -0.644291 1.097729 4.832609
v -0.647118 1.068466 4.833171
v -0.644291 1.039202 4.832609
v -0.635919 1.011063 4.830944
v -0.622324 0.985130 4.828239
v -0.604028 0.962400 4.824600
v -0.581734 0.943745 4.820165
v -0.556300 0.929884 4.815106
v -0.528701 0.921348 4.809617
v -0.529264 1.215584 4.803907
v -0.557402 1.207048 4.803907
v -0.583336 1.193186 4.803907
v -0.606066 1.174532 4.803907
v -0.624720 1.151801 4.803907
v -0.638582 1.125868 4.803907
v -0.647118 1.097729 4.803907
v -0.650000 1.068466 4.803907
v -0.647118 1.039202 4.803907
v -0.638582 1.011063 4.803907
v -0.624720 0.985130 4.803907
v -0.606066 0.962400 4.803907
v -0.583336 0.943745 4.803907
v -0.557402 0.929884 4.803907
v -0.529264 0.921348 4.803907
v -0.528701 1.215584 4.798198
v -0.556300 1.207048 4.792709
v -0.581734 1.193186 4.787650
v -0.604028 1.174532 4.783215
v -0.622324 1.151801 4.779576
v -0.635919 1.125868 4.776871
v -0.644291 1.097729 4.775206
v -0.647118 1.068466 4.774644
v -0.644291 1.039202 4.775206
v -0.635919 1.011063 4.776871
v -0.622324 0.985130 4.779576
v -0.604028 0.962400 4.783215
v -0.581734 0.943745 4.787650
v -0.556300 0.929884 4.792709
v -0.528701 0.921348 4.798198
v -0.527036 1.215584 4.792709
v -0.553033 1.207048 4.781940
v -0.576992 1.193186 4.772016
v -0.597992 1.174532 4.763318
v -0.615227 1.151801 4.756179
v -0.628033 1.125868 4.750875
v -0.635919 1.097729 4.747608
v -0.638582 1.068466 4.746505
v -0.635919 1.039202 4.747608
v -0.628033 1.011063 4.750875
v -0.615227 0.985130 4.756179
v -0.597992 0.962400 4.763318
v -0.576992 0.943745 4.772016
v -0.553033 0.929884 4.781940
v -0.527036 0.921348 4.792709
v -0.524332 1.215584 4.787650
v -0.547728 1.207048 4.772016
v -0.569291 1.193186 4.757609
v -0.588191 1.174532 4.744980
v -0.603701 1.151801 4.734616
v -0.615227 1.125868 4.726915
v -0.622324 1.097729 4.722173
v -0.624720 1.068466 4.720572
v -0.622324 1.039202 4.722173
v -0.615227 1.011063 4.726915
v -0.603701 0.985130 4.734616
v -0.588191 0.962400 4.744980
v -0.569291 0.943745 4.757609
v -0.547728 0.929884 4.772016
v -0.524332 0.921348 4.787650
v -0.520692 1.215584 4.783215
v -0.540590 1.207048 4.763318
v -0.558927 1.193186 4.744980
v -0.575000 1.174532 4.728908
v -0.588191 1.151801 4.715717
v -0.597992 1.125868 4.705915
v -0.604028 1.097729 4.699880
v -0.606066 1.068466 4.697842
v -0.604028 1.039202 4.699880
v -0.597992 1.011063 4.705915
v -0.588191 0.985130 4.715717
v -0.575000 0.962400 4.728908
v -0.558927 0.943745 4.744980
v -0.540590 0.929884 4.763318
v -0.520692 0.921348 4.783215
v -0.500000 0.918466 4.803907
v -0.516258 1.215584 4.779576
v -0.531891 1.207048 4.756179
v -0.546299 1.193186 4.734616
v -0.558927 1.174532 4.715717
v -0.569291 1.151801 4.700206
v -0.576992 1.125868 4.688681
v -0.581734 1.097729 4.681583
v -0.583335 1.068466 4.679187
v -0.581734 1.039202 4.681583
v -0.576992 1.011063 4.688681
v -0.569291 0.985130 4.700206
v -0.558927 0.962400 4.715717
v -0.546299 0.943745 4.734616
v -0.531891 0.929884 4.756179
v -0.516258 0.921348 4.779576
v -0.511199 1.215584 4.776871
v -0.521967 1.207048 4.750875
v -0.531891 1.193186 4.726915
v -0.540590 1.174532 4.705915
v -0.547728 1.151801 4.688681
v -0.553033 1.125868 4.675874
v -0.556300 1.097729 4.667988
v -0.557402 1.068466 4.665326
v -0.556300 1.039202 4.667988
v -0.553033 1.011063 4.675874
v -0.547728 0.985130 4.688681
v -0.540590 0.962400 4.705915
v -0.531891 0.943745 4.726915
v -0.521967 0.929884 4.750875
v -0.511199 0.921348 4.776871
v -0.505709 1.215584 4.775206
v -0.511199 1.207048 4.747608
v -0.516258 1.193186 4.722173
v -0.520692 1.174532 4.699880
v -0.524332 1.151801 4.681583
v -0.527036 1.125868 4.667988
v -0.528701 1.097729 4.659616
v -0.529263 1.068466 4.656790
v -0.528701 1.039202 4.659616
v -0.527036 1.011063 4.667988
v -0.524332 0.985130 4.681583
v -0.520692 0.962400 4.699880
v -0.516258 0.943745 4.722173
v -0.511199 0.929884 4.747608
v -0.505709 0.921348 4.775206
v -0.500000 1.215584 4.774644
v -0.500000 1.207048 4.746505
v -0.500000 1.193186 4.720572
v -0.500000 1.174532 4.697841
v -0.500000 1.151801 4.679187
v -0.500000 1.125868 4.665326
v -0.500000 1.097729 4.656790
v -0.500000 1.068466 4.653908
v -0.500000 1.039202 4.656790
v -0.500000 1.011063 4.665326
v -0.500000 0.985130 4.679187
v -0.500000 0.962400 4.697841
v -0.500000 0.943745 4.720572
v -0.500000 0.929884 4.746505
v -0.500000 0.921348 4.774644
v -0.494291 1.215584 4.775206
v -0.488801 1.207048 4.747608
v -0.483742 1.193186 4.722173
v -0.479308 1.174532 4.699880
v -0.475668 1.151801 4.681583
v -0.472964 1.125868 4.667988
v -0.471299 1.097729 4.659616
v -0.470736 1.068466 4.656790
v -0.471299 1.039202 4.659616
v -0.472964 1.011063 4.667988
v -0.475668 0.985130 4.681583
v -0.479308 0.962400 4.699880
v -0.483742 0.943745 4.722173
v -0.488801 0.929884 4.747608
v -0.494291 0.921348 4.775206
v -0.488801 1.215584 4.776871
v -0.478033 1.207048 4.750875
v -0.468109 1.193186 4.726915
v -0.459410 1.174532 4.705915
v -0.452272 1.151801 4.688681
v -0.446967 1.125868 4.675874
v -0.443700 1.097729 4.667988
v -0.442597 1.068466 4.665326
v -0.443700 1.039202 4.667988
v -0.446967 1.011063 4.675874
v -0.452272 0.985130 4.688681
v -0.459410 0.962400 4.705915
v -0.468109 0.943745 4.726915
v -0.478033 0.929884 4.750875
v -0.488801 0.921348 4.776871
v -0.483742 1.215584 4.779576
v -0.468109 1.207048 4.756179
v -0.453701 1.193186 4.734616
v -0.441073 1.174532 4.715717
v -0.430709 1.151801 4.700206
v -0.423008 1.125868 4.688681
v -0.418266 1.097729 4.681583
v -0.416664 1.068466 4.679187
v -0.418266 1.039202 4.681583
v -0.423008 1.011063 4.688681
v -0.430709 0.985130 4.700206
v -0.441073 0.962400 4.715717
v -0.453701 0.943745 4.734616
v -0.468109 0.929884 4.756179
v -0.483742 0.921348 4.779576
v -0.479308 1.215584 4.783215
v -0.459410 1.207048 4.763318
v -0.441073 1.193186 4.744980
v -0.425000 1.174532 4.728908
v -0.411809 1.151801 4.715717
v -0.402008 1.125868 4.705915
v -0.395972 1.097729 4.699880
v -0.393934 1.068466 4.697842
v -0.395972 1.039202 4.699880
v -0.402008 1.011063 4.705915
v -0.411809 0.985130 4.715717
v -0.425000 0.962400 4.728908
v -0.441073 0.943745 4.744980
v -0.459410 0.929884 4.763318
v -0.479308 0.921348 4.783215
v -0.475668 1.215584 4.787650
v -0.452272 1.207048 4.772017
v -0.430709 1.193186 4.757609
v -0.411809 1.174532 4.744980
v -0.396299 1.151801 4.734616
v -0.384773 1.125868 4.726915
v -0.377676 1.097729 4.722173
v -0.375280 1.068466 4.720572
v -0.377676 1.039202 4.722173
v -0.384773 1.011063 4.726915
v -0.396299 0.985130 4.734616
v -0.411809 0.962400 4.744980
v -0.430709 0.943745 4.757609
v -0.452272 0.929884 4.772017
v -0.475668 0.921348 4.787650
v -0.472964 1.215584 4.792709
v -0.446967 1.207048 4.781940
v -0.423008 1.193186 4.772017
v -0.402008 1.174532 4.763318
v -0.384773 1.151801 4.756179
v -0.371967 1.125868 4.750875
v -0.364081 1.097729 4.747608
v -0.361418 1.068466 4.746505
v -0.364081 1.039202 4.747608
v -0.371967 1.011063 4.750875
v -0.384773 0.985130 4.756179
v -0.402008 0.962400 4.763318
v -0.423008 0.943745 4.772017
v -0.446967 0.929884 4.781940
v -0.472964 0.921348 4.792709
v -0.471299 1.215584 4.798198
v -0.443700 1.207048 4.792709
v -0.418266 1.193186 4.787650
v -0.395972 1.174532 4.783215
v -0.377676 1.151801 4.779576
v -0.364081 1.125868 4.776871
v -0.355709 1.097729 4.775206
v -0.352882 1.068466 4.774644
v -0.355709 1.039202 4.775206
v -0.364081 1.011063 4.776871
v -0.377676 0.985130 4.779576
v -0.395972 0.962400 4.783215
v -0.418266 0.943745 4.787650
v -0.443700 0.929884 4.792709
v -0.471299 0.921348 4.798198
v -0.470736 1.215584 4.803907
v -0.442598 1.207048 4.803907
v -0.393934 1.174532 4.803907
v -0.361418 1.125868 4.803907
v -0.361418 1.011063 4.803907
v -0.393934 0.962400 4.803907
v -0.416665 0.943745 4.803907
v -0.442598 0.929884 4.803907
v -0.470736 0.921348 4.803907
vn 0.8786 -0.4696 0.0865
vn 0.6332 0.7715 0.0624
vn 0.7708 -0.6326 0.0759
vn 0.7708 0.6326 0.0759
vn 0.6332 -0.7715 0.0624
vn 0.8786 0.4696 0.0865
vn 0.4709 -0.8810 0.0464
vn 0.9527 0.2890 0.0938
vn 0.2902 -0.9565 0.0286
vn 0.9904 0.0975 0.0975
vn 0.0980 0.9951 0.0097
vn 0.0980 -0.9951 0.0097
vn 0.9904 -0.0975 0.0975
vn 0.2902 0.9565 0.0286
vn 0.9527 -0.2890 0.0938
vn 0.4709 0.8810 0.0464
vn 0.9161 -0.2890 0.2779
vn 0.4528 0.8810 0.1374
vn 0.8448 -0.4696 0.2563
vn 0.6088 0.7715 0.1847
vn 0.7412 -0.6326 0.2248
vn 0.7412 0.6326 0.2248
vn 0.6088 -0.7715 0.1847
vn 0.8448 0.4696 0.2563
vn 0.4528 -0.8810 0.1374
vn 0.9161 0.2890 0.2779
vn 0.2790 -0.9565 0.0846
vn 0.9524 0.0976 0.2889
vn 0.0942 0.9951 0.0286
vn 0.0942 -0.9951 0.0286
vn 0.9524 -0.0976 0.2889
vn 0.2790 0.9565 0.0846
vn 0.4173 -0.8810 0.2230
vn 0.8443 0.2890 0.4513
vn 0.2571 -0.9565 0.1374
vn 0.8777 0.0975 0.4691
vn 0.0869 0.9951 0.0464
vn 0.0869 -0.9951 0.0464
vn 0.8777 -0.0975 0.4691
vn 0.2571 0.9565 0.1374
vn 0.8443 -0.2890 0.4513
vn 0.4173 0.8810 0.2230
vn 0.7786 -0.4696 0.4162
vn 0.5611 0.7715 0.2999
vn 0.6831 -0.6326 0.3651
vn 0.6831 0.6326 0.3651
vn 0.5611 -0.7715 0.2999
vn 0.7786 0.4696 0.4162
vn 0.3658 0.8810 0.3002
vn 0.6825 -0.4696 0.5601
vn 0.4918 0.7715 0.4036
vn 0.5987 -0.6326 0.4913
vn 0.5987 0.6326 0.4913
vn 0.4918 -0.7715 0.4036
vn 0.6825 0.4696 0.5601
vn 0.3658 -0.8810 0.3002
vn 0.7400 0.2890 0.6073
vn 0.2254 -0.9565 0.1850
vn 0.7693 0.0975 0.6314
vn 0.0761 0.9951 0.0625
vn 0.0761 -0.9951 0.0625
vn 0.7693 -0.0975 0.6314
vn 0.2254 0.9565 0.1850
vn 0.7400 -0.2890 0.6073
vn 0.6073 0.2890 0.7400
vn 0.1850 -0.9565 0.2254
vn 0.6314 0.0975 0.7693
vn 0.0625 0.9951 0.0761
vn 0.0625 -0.9951 0.0761
vn 0.6314 -0.0975 0.7693
vn 0.1850 0.9565 0.2254
vn 0.6073 -0.2890 0.7400
vn 0.3002 0.8810 0.3658
vn 0.5601 -0.4696 0.6825
vn 0.4036 0.7715 0.4918
vn 0.4913 -0.6326 0.5987
vn 0.4913 0.6326 0.5987
vn 0.4036 -0.7715 0.4918
vn 0.5601 0.4696 0.6825
vn 0.3002 -0.8810 0.3658
vn 0.4162 -0.4696 0.7786
vn 0.2999 0.7715 0.5611
vn 0.3651 -0.6326 0.6831
vn 0.3651 0.6326 0.6831
vn 0.2999 -0.7715 0.5611
vn 0.4162 0.4696 0.7786
vn 0.2230 -0.8810 0.4173
vn 0.4513 0.2890 0.8443
vn 0.1374 -0.9565 0.2571
vn 0.4691 0.0975 0.8777
vn 0.0464 0.9951 0.0869
vn 0.0464 -0.9951 0.0869
vn 0.4691 -0.0975 0.8777
vn 0.1374 0.9565 0.2571
vn 0.4513 -0.2890 0.8443
vn 0.2230 0.8810 0.4173
vn 0.0846 -0.9565 0.2790
vn 0.2889 0.0975 0.9524
vn 0.0286 0.9951 0.0942
vn 0.0286 -0.9951 0.0942
vn 0.2889 -0.0975 0.9524
vn 0.0846 0.9565 0.2790
vn 0.2779 -0.2890 0.9161
vn 0.1374 0.8810 0.4528
vn 0.2563 -0.4696 0.8448
vn 0.1847 0.7715 0.6088
vn 0.2248 -0.6326 0.7412
vn 0.2248 0.6326 0.7412
vn 0.1847 -0.7715 0.6088
vn 0.2563 0.4696 0.8448
vn 0.1374 -0.8810 0.4528
vn 0.2779 0.2890 0.9161
vn 0.0759 -0.6326 0.7708
vn 0.0759 0.6326 0.7708
vn 0.0624 -0.7715 0.6332
vn 0.0865 0.4696 0.8786
vn 0.0464 -0.8810 0.4709
vn 0.0938 0.2890 0.9527
vn 0.0286 -0.9565 0.2902
vn 0.0975 0.0975 0.9904
vn 0.0097 0.9951 0.0980
vn 0.0097 -0.9951 0.0980
vn 0.0975 -0.0975 0.9904
vn 0.0286 0.9565 0.2902
vn 0.0938 -0.2890 0.9527
vn 0.0464 0.8810 0.4709
vn 0.0865 -0.4696 0.8786
vn 0.0624 0.7715 0.6332
vn -0.0097 0.9951 0.0980
vn -0.0097 -0.9951 0.0980
vn -0.0976 -0.0975 0.9904
vn -0.0286 0.9565 0.2902
vn -0.0938 -0.2890 0.9527
vn -0.0464 0.8810 0.4709
vn -0.0865 -0.4696 0.8786
vn -0.0624 0.7715 0.6332
vn -0.0759 -0.6326 0.7708
vn -0.0759 0.6326 0.7708
vn -0.0624 -0.7715 0.6332
vn -0.0865 0.4696 0.8786
vn -0.0464 -0.8810 0.4709
vn -0.0938 0.2890 0.9527
vn -0.0286 -0.9565 0.2902
vn -0.0976 0.0975 0.9904
vn -0.2248 0.6326 0.7412
vn -0.1847 -0.7715 0.6088
vn -0.2563 0.4696 0.8448
vn -0.1374 -0.8810 0.4528
vn -0.2779 0.2890 0.9161
vn -0.0846 -0.9565 0.2790
vn -0.2889 0.0975 0.9524
vn -0.0286 0.9951 0.0942
vn -0.0286 -0.9951 0.0942
vn -0.2889 -0.0975 0.9524
vn -0.0846 0.9565 0.2790
vn -0.2779 -0.2890 0.9161
vn -0.1374 0.8810 0.4528
vn -0.2563 -0.4696 0.8448
vn -0.1847 0.7715 0.6088
vn -0.2248 -0.6326 0.7412
vn -0.4691 -0.0975 0.8777
vn -0.1374 0.9565 0.2571
vn -0.4513 -0.2890 0.8443
vn -0.2230 0.8810 0.4173
vn -0.4162 -0.4696 0.7786
vn -0.2999 0.7715 0.5611
vn -0.3651 -0.6326 0.6831
vn -0.3651 0.6326 0.6831
vn -0.2999 -0.7715 0.5611
vn -0.4162 0.4696 0.7786
vn -0.2230 -0.8810 0.4173
vn -0.4513 0.2890 0.8443
vn -0.1374 -0.9565 0.2571
vn -0.4691 0.0975 0.8777
vn -0.0464 0.9951 0.0869
vn -0.0464 -0.9951 0.0869
vn -0.4036 -0.7715 0.4918
vn -0.5601 0.4696 0.6825
vn -0.3002 -0.8810 0.3658
vn -0.6073 0.2890 0.7400
vn -0.1850 -0.9565 0.2254
vn -0.6314 0.0975 0.7693
vn -0.0625 0.9951 0.0761
vn -0.0625 -0.9951 0.0761
vn -0.6314 -0.0975 0.7693
vn -0.1850 0.9565 0.2254
vn -0.6073 -0.2890 0.7400
vn -0.3002 0.8810 0.3658
vn -0.5601 -0.4696 0.6825
vn -0.4036 0.7715 0.4918
vn -0.4913 -0.6326 0.5987
vn -0.4913 0.6326 0.5987
vn -0.2254 0.9565 0.1850
vn -0.7400 -0.2890 0.6073
vn -0.3658 0.8810 0.3002
vn -0.6825 -0.4696 0.5601
vn -0.4918 0.7715 0.4036
vn -0.5987 -0.6326 0.4913
vn -0.5987 0.6326 0.4913
vn -0.4918 -0.7715 0.4036
vn -0.6825 0.4696 0.5601
vn -0.3658 -0.8810 0.3002
vn -0.7400 0.2890 0.6073
vn -0.2254 -0.9565 0.1850
vn -0.7693 0.0975 0.6314
vn -0.0761 0.9951 0.0625
vn -0.0761 -0.9951 0.0625
vn -0.7693 -0.0975 0.6314
vn -0.7786 0.4696 0.4162
vn -0.4173 -0.8810 0.2230
vn -0.8443 0.2890 0.4513
vn -0.2571 -0.9565 0.1374
vn -0.8777 0.0975 0.4691
vn -0.0869 0.9951 0.0464
vn -0.0869 -0.9951 0.0464
vn -0.8777 -0.0975 0.4691
vn -0.2571 0.9565 0.1374
vn -0.8443 -0.2890 0.4513
vn -0.4173 0.8810 0.2230
vn -0.7786 -0.4696 0.4162
vn -0.5611 0.7715 0.2999
vn -0.6831 -0.6326 0.3651
vn -0.6831 0.6326 0.3651
vn -0.5611 -0.7715 0.2999
vn -0.9161 -0.2890 0.2779
vn -0.4528 0.8810 0.1374
vn -0.8448 -0.4696 0.2563
vn -0.6088 0.7715 0.1847
vn -0.7412 -0.6326 0.2248
vn -0.7412 0.6326 0.2248
vn -0.6088 -0.7715 0.1847
vn -0.8448 0.4696 0.2563
vn -0.4528 -0.8810 0.1374
vn -0.9161 0.2890 0.2779
vn -0.2790 -0.9565 0.0846
vn -0.9524 0.0975 0.2889
vn -0.0942 0.9951 0.0286
vn -0.0942 -0.9951 0.0286
vn -0.9524 -0.0975 0.2889
vn -0.2790 0.9565 0.0846
vn -0.4709 -0.8810 0.0464
vn -0.9527 0.2890 0.0938
vn -0.2902 -0.9565 0.0286
vn -0.9904 0.0975 0.0975
vn -0.0980 0.9951 0.0097
vn -0.0980 -0.9951 0.0097
vn -0.9904 -0.0975 0.0975
vn -0.2902 0.9565 0.0286
vn -0.9527 -0.2890 0.0938
vn -0.4709 0.8810 0.0464
vn -0.8786 -0.4696 0.0865
vn -0.6332 0.7715 0.0624
vn -0.7708 -0.6326 0.0759
vn -0.7708 0.6326 0.0759
vn -0.6332 -0.7715 0.0624
vn -0.8786 0.4696 0.0865
vn -0.8786 -0.4696 -0.0865
vn -0.6332 0.7715 -0.0624
vn -0.7708 -0.6326 -0.0759
vn -0.7708 0.6326 -0.0759
vn -0.6332 -0.7715 -0.0624
vn -0.8786 0.4696 -0.0865
vn -0.4709 -0.8810 -0.0464
vn -0.9527 0.2890 -0.0938
vn -0.2902 -0.9565 -0.0286
vn -0.9904 0.0975 -0.0976
vn -0.0980 0.9951 -0.0097
vn -0.0980 -0.9951 -0.0097
vn -0.9904 -0.0975 -0.0976
vn -0.2902 0.9565 -0.0286
vn -0.9527 -0.2890 -0.0938
vn -0.4709 0.8810 -0.0464
vn -0.2790 -0.9565 -0.0846
vn -0.9524 0.0975 -0.2889
vn -0.0942 0.9951 -0.0286
vn -0.0942 -0.9951 -0.0286
vn -0.9524 -0.0975 -0.2889
vn -0.2790 0.9565 -0.0846
vn -0.9161 -0.2890 -0.2779
vn -0.4528 0.8810 -0.1374
vn -0.8448 -0.4696 -0.2563
vn -0.6088 0.7715 -0.1847
vn -0.7412 -0.6326 -0.2248
vn -0.7412 0.6326 -0.2248
vn -0.6088 -0.7715 -0.1847
vn -0.8448 0.4696 -0.2563
vn -0.4528 -0.8810 -0.1374
vn -0.9161 0.2890 -0.2779
vn -0.5611 0.7715 -0.2999
vn -0.6831 -0.6326 -0.3651
vn -0.6831 0.6326 -0.3651
vn -0.5611 -0.7715 -0.2999
vn -0.7786 0.4696 -0.4162
vn -0.4173 -0.8810 -0.2230
vn -0.8443 0.2890 -0.4513
vn -0.2571 -0.9565 -0.1374
vn -0.8777 0.0975 -0.4691
vn -0.0869 0.9951 -0.0464
vn -0.0869 -0.9951 -0.0464
vn -0.8777 -0.0975 -0.4691
vn -0.2571 0.9565 -0.1374
vn -0.8443 -0.2890 -0.4513
vn -0.4173 0.8810 -0.2230
vn -0.7786 -0.4696 -0.4162
vn -0.7693 0.0975 -0.6314
vn -0.0761 0.9951 -0.0625
vn -0.0761 -0.9951 -0.0625
vn -0.7693 -0.0975 -0.6314
vn -0.2254 0.9565 -0.1850
vn -0.7400 -0.2890 -0.6073
vn -0.3658 0.8810 -0.3002
vn -0.6825 -0.4696 -0.5601
vn -0.4918 0.7715 -0.4036
vn -0.5987 -0.6326 -0.4913
vn -0.5987 0.6326 -0.4913
vn -0.4918 -0.7715 -0.4036
vn -0.6825 0.4696 -0.5601
vn -0.3658 -0.8810 -0.3002
vn -0.7400 0.2890 -0.6073
vn -0.2254 -0.9565 -0.1850
vn -0.4913 -0.6326 -0.5987
vn -0.4913 0.6326 -0.5987
vn -0.4036 -0.7715 -0.4918
vn -0.5601 0.4696 -0.6825
vn -0.3002 -0.8810 -0.3658
vn -0.6073 0.2890 -0.7400
vn -0.1850 -0.9565 -0.2254
vn -0.6314 0.0975 -0.7693
vn -0.0625 0.9951 -0.0761
vn -0.0625 -0.9951 -0.0761
vn -0.6314 -0.0975 -0.7693
vn -0.1850 0.9565 -0.2254
vn -0.6073 -0.2890 -0.7400
vn -0.3002 0.8810 -0.3658
vn -0.5601 -0.4696 -0.6825
vn -0.4036 0.7715 -0.4918
vn -0.0464 0.9951 -0.0869
vn -0.0464 -0.9951 -0.0869
vn -0.4691 -0.0975 -0.8777
vn -0.1374 0.9565 -0.2571
vn -0.4513 -0.2890 -0.8443
vn -0.2230 0.8810 -0.4173
vn -0.4162 -0.4696 -0.7786
vn -0.2999 0.7715 -0.5611
vn -0.3651 -0.6326 -0.6831
vn -0.3651 0.6326 -0.6831
vn -0.2999 -0.7715 -0.5611
vn -0.4162 0.4696 -0.7786
vn -0.2230 -0.8810 -0.4173
vn -0.4513 0.2890 -0.8443
vn -0.1374 -0.9565 -0.2571
vn -0.4691 0.0975 -0.8777
vn -0.2248 0.6326 -0.7412
vn -0.1847 -0.7715 -0.6088
vn -0.2563 0.4696 -0.8448
vn -0.1374 -0.8810 -0.4528
vn -0.2779 0.2890 -0.9161
vn -0.0846 -0.9565 -0.2790
vn -0.2889 0.0975 -0.9524
vn -0.0286 0.9951 -0.0942
vn -0.0286 -0.9951 -0.0942
vn -0.2889 -0.0975 -0.9524
vn -0.0846 0.9565 -0.2790
vn -0.2779 -0.2890 -0.9161
vn -0.1374 0.8810 -0.4528
vn -0.2563 -0.4696 -0.8448
vn -0.1847 0.7715 -0.6088
vn -0.2248 -0.6326 -0.7412
vn -0.0975 -0.0975 -0.9904
vn -0.0286 0.9565 -0.2902
vn -0.0938 -0.2890 -0.9527
vn -0.0464 0.8810 -0.4709
vn -0.0865 -0.4696 -0.8786
vn -0.0624 0.7715 -0.6332
vn -0.0759 -0.6326 -0.7708
vn -0.0759 0.6326 -0.7708
vn -0.0624 -0.7715 -0.6332
vn -0.0865 0.4696 -0.8786
vn -0.0464 -0.8810 -0.4709
vn -0.0938 0.2890 -0.9527
vn -0.0286 -0.9565 -0.2902
vn -0.0975 0.0975 -0.9904
vn -0.0097 0.9951 -0.0980
vn -0.0097 -0.9951 -0.0980
vn 0.0624 -0.7715 -0.6332
vn 0.0865 0.4696 -0.8786
vn 0.0464 -0.8810 -0.4709
vn 0.0938 0.2890 -0.9527
vn 0.0286 -0.9565 -0.2902
vn 0.0976 0.0975 -0.9904
vn 0.0097 0.9951 -0.0980
vn 0.0097 -0.9951 -0.0980
vn 0.0976 -0.0975 -0.9904
vn 0.0286 0.9565 -0.2902
vn 0.0938 -0.2890 -0.9527
vn 0.0464 0.8810 -0.4709
vn 0.0865 -0.4696 -0.8786
vn 0.0624 0.7715 -0.6332
vn 0.0759 -0.6326 -0.7708
vn 0.0759 0.6326 -0.7708
vn 0.2779 -0.2890 -0.9161
vn 0.1374 0.8810 -0.4528
vn 0.2563 -0.4696 -0.8448
vn 0.1847 0.7715 -0.6088
vn 0.2248 -0.6326 -0.7412
vn 0.2248 0.6326 -0.7412
vn 0.1847 -0.7715 -0.6088
vn 0.2563 0.4696 -0.8448
vn 0.1374 -0.8810 -0.4528
vn 0.2779 0.2890 -0.9161
vn 0.0846 -0.9565 -0.2790
vn 0.2889 0.0975 -0.9524
vn 0.0286 0.9951 -0.0942
vn 0.0286 -0.9951 -0.0942
vn 0.2889 -0.0975 -0.9524
vn 0.0846 0.9565 -0.2790
vn 0.2231 -0.8810 -0.4173
vn 0.4513 0.2890 -0.8443
vn 0.1374 -0.9565 -0.2571
vn 0.4691 0.0975 -0.8777
vn 0.0464 0.9951 -0.0869
vn 0.0464 -0.9951 -0.0869
vn 0.4691 -0.0975 -0.8777
vn 0.1374 0.9565 -0.2571
vn 0.4513 -0.2890 -0.8443
vn 0.2231 0.8810 -0.4173
vn 0.4162 -0.4696 -0.7786
vn 0.2999 0.7715 -0.5611
vn 0.3651 -0.6326 -0.6831
vn 0.3651 0.6326 -0.6831
vn 0.2999 -0.7715 -0.5611
vn 0.4162 0.4696 -0.7786
vn 0.3002 0.8810 -0.3658
vn 0.5601 -0.4696 -0.6825
vn 0.4036 0.7715 -0.4918
vn 0.4913 -0.6326 -0.5987
vn 0.4913 0.6326 -0.5987
vn 0.4036 -0.7715 -0.4918
vn 0.5601 0.4696 -0.6825
vn 0.3002 -0.8810 -0.3658
vn 0.6073 0.2890 -0.7400
vn 0.1850 -0.9565 -0.2254
vn 0.6314 0.0975 -0.7693
vn 0.0625 0.9951 -0.0761
vn 0.0625 -0.9951 -0.0761
vn 0.6314 -0.0975 -0.7693
vn 0.1850 0.9565 -0.2254
vn 0.6073 -0.2890 -0.7400
vn 0.7400 0.2890 -0.6073
vn 0.2254 -0.9565 -0.1850
vn 0.7693 0.0975 -0.6314
vn 0.0761 0.9951 -0.0625
vn 0.0761 -0.9951 -0.0625
vn 0.7693 -0.0975 -0.6314
vn 0.2254 0.9565 -0.1850
vn 0.7400 -0.2890 -0.6073
vn 0.3658 0.8810 -0.3002
vn 0.6825 -0.4696 -0.5601
vn 0.4918 0.7715 -0.4036
vn 0.5987 -0.6326 -0.4913
vn 0.5987 0.6326 -0.4913
vn 0.4918 -0.7715 -0.4036
vn 0.6825 0.4696 -0.5601
vn 0.3658 -0.8810 -0.3002
vn 0.7786 -0.4696 -0.4162
vn 0.5611 0.7715 -0.2999
vn 0.6831 -0.6326 -0.3651
vn 0.6831 0.6326 -0.3651
vn 0.5611 -0.7715 -0.2999
vn 0.7786 0.4696 -0.4162
vn 0.4173 -0.8810 -0.2230
vn 0.8443 0.2890 -0.4513
vn 0.2571 -0.9565 -0.1374
vn 0.8777 0.0975 -0.4691
vn 0.0869 0.9951 -0.0464
vn 0.0869 -0.9951 -0.0464
vn 0.8777 -0.0975 -0.4691
vn 0.2571 0.9565 -0.1374
vn 0.8443 -0.2890 -0.4513
vn 0.4173 0.8810 -0.2230
vn 0.2790 -0.9565 -0.0846
vn 0.9524 0.0975 -0.2889
vn 0.0942 0.9951 -0.0286
vn 0.0942 -0.9951 -0.0286
vn 0.9524 -0.0975 -0.2889
vn 0.2790 0.9565 -0.0846
vn 0.9161 -0.2890 -0.2779
vn 0.4528 0.8810 -0.1374
vn 0.8448 -0.4696 -0.2563
vn 0.6088 0.7715 -0.1847
vn 0.7412 -0.6326 -0.2248
vn 0.7412 0.6326 -0.2248
vn 0.6088 -0.7715 -0.1847
vn 0.8448 0.4696 -0.2563
vn 0.4528 -0.8810 -0.1374
vn 0.9161 0.2890 -0.2779
vn 0.6332 0.7715 -0.0624
vn 0.7708 -0.6326 -0.0759
vn 0.7708 0.6326 -0.0759
vn 0.6332 -0.7715 -0.0624
vn 0.8786 0.4696 -0.0865
vn 0.4709 -0.8810 -0.0464
vn 0.9527 0.2890 -0.0938
vn 0.2902 -0.9565 -0.0286
vn 0.9904 0.0975 -0.0976
vn 0.0980 0.9951 -0.0097
vn 0.0980 -0.9951 -0.0097
vn 0.9904 -0.0975 -0.0976
vn 0.2902 0.9565 -0.0286
vn 0.9527 -0.2890 -0.0938
vn 0.4709 0.8810 -0.0464
vn 0.8786 -0.4696 -0.0865
vt 0.750000 0.312500
vt 0.750000 0.375000
vt 0.718750 0.375000
vt 0.718750 0.312500
vt 0.750000 0.750000
vt 0.750000 0.812500
vt 0.718750 0.812500
vt 0.718750 0.750000
vt 0.750000 0.250000
vt 0.718750 0.250000
vt 0.750000 0.687500
vt 0.718750 0.687500
vt 0.750000 0.187500
vt 0.718750 0.187500
vt 0.750000 0.625000
vt 0.718750 0.625000
vt 0.750000 0.125000
vt 0.718750 0.125000
vt 0.750000 0.562500
vt 0.718750 0.562500
vt 0.750000 0.062500
vt 0.718750 0.062500
vt 0.750000 0.500000
vt 0.718750 0.500000
vt 0.750000 0.937500
vt 0.734375 1.000000
vt 0.718750 0.937500
vt 0.734375 0.000000
vt 0.750000 0.437500
vt 0.718750 0.437500
vt 0.750000 0.875000
vt 0.718750 0.875000
vt 0.687500 0.437500
vt 0.687500 0.375000
vt 0.687500 0.875000
vt 0.687500 0.812500
vt 0.687500 0.312500
vt 0.687500 0.750000
vt 0.687500 0.250000
vt 0.687500 0.687500
vt 0.687500 0.187500
vt 0.687500 0.625000
vt 0.687500 0.125000
vt 0.687500 0.562500
vt 0.687500 0.062500
vt 0.687500 0.500000
vt 0.703125 1.000000
vt 0.687500 0.937500
vt 0.703125 0.000000
vt 0.656250 0.187500
vt 0.656250 0.125000
vt 0.656250 0.625000
vt 0.656250 0.562500
vt 0.656250 0.062500
vt 0.656250 0.500000
vt 0.671875 1.000000
vt 0.656250 0.937500
vt 0.671875 0.000000
vt 0.656250 0.437500
vt 0.656250 0.875000
vt 0.656250 0.375000
vt 0.656250 0.812500
vt 0.656250 0.312500
vt 0.656250 0.750000
vt 0.656250 0.250000
vt 0.656250 0.687500
vt 0.625000 0.875000
vt 0.625000 0.812500
vt 0.625000 0.375000
vt 0.625000 0.312500
vt 0.625000 0.750000
vt 0.625000 0.250000
vt 0.625000 0.687500
vt 0.625000 0.187500
vt 0.625000 0.625000
vt 0.625000 0.125000
vt 0.625000 0.562500
vt 0.625000 0.062500
vt 0.625000 0.500000
vt 0.640625 1.000000
vt 0.625000 0.937500
vt 0.640625 0.000000
vt 0.625000 0.437500
vt 0.593750 0.625000
vt 0.593750 0.562500
vt 0.593750 0.125000
vt 0.593750 0.062500
vt 0.593750 0.500000
vt 0.609375 1.000000
vt 0.593750 0.937500
vt 0.609375 0.000000
vt 0.593750 0.437500
vt 0.593750 0.875000
vt 0.593750 0.375000
vt 0.593750 0.812500
vt 0.593750 0.312500
vt 0.593750 0.750000
vt 0.593750 0.250000
vt 0.593750 0.687500
vt 0.593750 0.187500
vt 0.562500 0.375000
vt 0.562500 0.312500
vt 0.562500 0.812500
vt 0.562500 0.750000
vt 0.562500 0.250000
vt 0.562500 0.687500
vt 0.562500 0.187500
vt 0.562500 0.625000
vt 0.562500 0.125000
vt 0.562500 0.562500
vt 0.562500 0.062500
vt 0.562500 0.500000
vt 0.578125 1.000000
vt 0.562500 0.937500
vt 0.578125 0.000000
vt 0.562500 0.437500
vt 0.562500 0.875000
vt 0.531250 0.125000
vt 0.531250 0.062500
vt 0.531250 0.562500
vt 0.531250 0.500000
vt 0.546875 1.000000
vt 0.531250 0.937500
vt 0.546875 0.000000
vt 0.531250 0.437500
vt 0.531250 0.875000
vt 0.531250 0.375000
vt 0.531250 0.812500
vt 0.531250 0.312500
vt 0.531250 0.750000
vt 0.531250 0.250000
vt 0.531250 0.687500
vt 0.531250 0.187500
vt 0.531250 0.625000
vt 0.500000 0.312500
vt 0.500000 0.250000
vt 0.500000 0.750000
vt 0.500000 0.687500
vt 0.500000 0.187500
vt 0.500000 0.625000
vt 0.500000 0.125000
vt 0.500000 0.562500
vt 0.500000 0.062500
vt 0.500000 0.500000
vt 0.515625 1.000000
vt 0.500000 0.937500
vt 0.515625 0.000000
vt 0.500000 0.437500
vt 0.500000 0.875000
vt 0.500000 0.375000
vt 0.500000 0.812500
vt 0.484375 1.000000
vt 0.468750 0.937500
vt 0.484375 0.000000
vt 0.468750 0.062500
vt 0.468750 0.500000
vt 0.468750 0.437500
vt 0.468750 0.875000
vt 0.468750 0.375000
vt 0.468750 0.812500
vt 0.468750 0.312500
vt 0.468750 0.750000
vt 0.468750 0.250000
vt 0.468750 0.687500
vt 0.468750 0.187500
vt 0.468750 0.625000
vt 0.468750 0.125000
vt 0.468750 0.562500
vt 0.437500 0.750000
vt 0.437500 0.687500
vt 0.437500 0.250000
vt 0.437500 0.187500
vt 0.437500 0.625000
vt 0.437500 0.125000
vt 0.437500 0.562500
vt 0.437500 0.062500
vt 0.437500 0.500000
vt 0.453125 1.000000
vt 0.437500 0.937500
vt 0.453125 0.000000
vt 0.437500 0.437500
vt 0.437500 0.875000
vt 0.437500 0.375000
vt 0.437500 0.812500
vt 0.437500 0.312500
vt 0.406250 0.500000
vt 0.406250 0.437500
vt 0.406250 0.937500
vt 0.406250 0.875000
vt 0.406250 0.375000
vt 0.406250 0.812500
vt 0.406250 0.312500
vt 0.406250 0.750000
vt 0.406250 0.250000
vt 0.406250 0.687500
vt 0.406250 0.187500
vt 0.406250 0.625000
vt 0.406250 0.125000
vt 0.406250 0.562500
vt 0.406250 0.062500
vt 0.421875 1.000000
vt 0.421875 0.000000
vt 0.375000 0.250000
vt 0.375000 0.187500
vt 0.375000 0.687500
vt 0.375000 0.625000
vt 0.375000 0.125000
vt 0.375000 0.562500
vt 0.375000 0.062500
vt 0.375000 0.500000
vt 0.390625 1.000000
vt 0.375000 0.937500
vt 0.390625 0.000000
vt 0.375000 0.437500
vt 0.375000 0.875000
vt 0.375000 0.375000
vt 0.375000 0.812500
vt 0.375000 0.312500
vt 0.375000 0.750000
vt 0.343750 0.937500
vt 0.343750 0.875000
vt 0.343750 0.437500
vt 0.343750 0.375000
vt 0.343750 0.812500
vt 0.343750 0.312500
vt 0.343750 0.750000
vt 0.343750 0.250000
vt 0.343750 0.687500
vt 0.343750 0.187500
vt 0.343750 0.625000
vt 0.343750 0.125000
vt 0.343750 0.562500
vt 0.343750 0.062500
vt 0.343750 0.500000
vt 0.359375 1.000000
vt 0.359375 0.000000
vt 0.312500 0.687500
vt 0.312500 0.625000
vt 0.312500 0.187500
vt 0.312500 0.125000
vt 0.312500 0.562500
vt 0.312500 0.062500
vt 0.312500 0.500000
vt 0.328125 1.000000
vt 0.312500 0.937500
vt 0.328125 0.000000
vt 0.312500 0.437500
vt 0.312500 0.875000
vt 0.312500 0.375000
vt 0.312500 0.812500
vt 0.312500 0.312500
vt 0.312500 0.750000
vt 0.312500 0.250000
vt 0.281250 0.437500
vt 0.281250 0.375000
vt 0.281250 0.875000
vt 0.281250 0.812500
vt 0.281250 0.312500
vt 0.281250 0.750000
vt 0.281250 0.250000
vt 0.281250 0.687500
vt 0.281250 0.187500
vt 0.281250 0.625000
vt 0.281250 0.125000
vt 0.281250 0.562500
vt 0.281250 0.062500
vt 0.281250 0.500000
vt 0.296875 1.000000
vt 0.281250 0.937500
vt 0.296875 0.000000
vt 0.250000 0.187500
vt 0.250000 0.125000
vt 0.250000 0.625000
vt 0.250000 0.562500
vt 0.250000 0.062500
vt 0.250000 0.500000
vt 0.265625 1.000000
vt 0.250000 0.937500
vt 0.265625 0.000000
vt 0.250000 0.437500
vt 0.250000 0.875000
vt 0.250000 0.375000
vt 0.250000 0.812500
vt 0.250000 0.312500
vt 0.250000 0.750000
vt 0.250000 0.250000
vt 0.250000 0.687500
vt 0.218750 0.375000
vt 0.218750 0.312500
vt 0.218750 0.812500
vt 0.218750 0.750000
vt 0.218750 0.250000
vt 0.218750 0.687500
vt 0.218750 0.187500
vt 0.218750 0.625000
vt 0.218750 0.125000
vt 0.218750 0.562500
vt 0.218750 0.062500
vt 0.218750 0.500000
vt 0.234375 1.000000
vt 0.218750 0.937500
vt 0.234375 0.000000
vt 0.218750 0.437500
vt 0.218750 0.875000
vt 0.187500 0.125000
vt 0.187500 0.062500
vt 0.187500 0.562500
vt 0.187500 0.500000
vt 0.203125 1.000000
vt 0.187500 0.937500
vt 0.203125 0.000000
vt 0.187500 0.437500
vt 0.187500 0.875000
vt 0.187500 0.375000
vt 0.187500 0.812500
vt 0.187500 0.312500
vt 0.187500 0.750000
vt 0.187500 0.250000
vt 0.187500 0.687500
vt 0.187500 0.187500
vt 0.187500 0.625000
vt 0.156250 0.812500
vt 0.156250 0.750000
vt 0.156250 0.312500
vt 0.156250 0.250000
vt 0.156250 0.687500
vt 0.156250 0.187500
vt 0.156250 0.625000
vt 0.156250 0.125000
vt 0.156250 0.562500
vt 0.156250 0.062500
vt 0.156250 0.500000
vt 0.171875 1.000000
vt 0.156250 0.937500
vt 0.171875 0.000000
vt 0.156250 0.437500
vt 0.156250 0.875000
vt 0.156250 0.375000
vt 0.125000 0.562500
vt 0.125000 0.500000
vt 0.140625 1.000000
vt 0.125000 0.937500
vt 0.140625 0.000000
vt 0.125000 0.062500
vt 0.125000 0.437500
vt 0.125000 0.875000
vt 0.125000 0.375000
vt 0.125000 0.812500
vt 0.125000 0.312500
vt 0.125000 0.750000
vt 0.125000 0.250000
vt 0.125000 0.687500
vt 0.125000 0.187500
vt 0.125000 0.625000
vt 0.125000 0.125000
vt 0.093750 0.312500
vt 0.093750 0.250000
vt 0.093750 0.750000
vt 0.093750 0.687500
vt 0.093750 0.187500
vt 0.093750 0.625000
vt 0.093750 0.125000
vt 0.093750 0.562500
vt 0.093750 0.062500
vt 0.093750 0.500000
vt 0.109375 1.000000
vt 0.093750 0.937500
vt 0.109375 0.000000
vt 0.093750 0.437500
vt 0.093750 0.875000
vt 0.093750 0.375000
vt 0.093750 0.812500
vt 0.078125 1.000000
vt 0.062500 0.937500
vt 0.078125 0.000000
vt 0.062500 0.062500
vt 0.062500 0.500000
vt 0.062500 0.437500
vt 0.062500 0.875000
vt 0.062500 0.375000
vt 0.062500 0.812500
vt 0.062500 0.312500
vt 0.062500 0.750000
vt 0.062500 0.250000
vt 0.062500 0.687500
vt 0.062500 0.187500
vt 0.062500 0.625000
vt 0.062500 0.125000
vt 0.062500 0.562500
vt 0.031250 0.750000
vt 0.031250 0.687500
vt 0.031250 0.250000
vt 0.031250 0.187500
vt 0.031250 0.625000
vt 0.031250 0.125000
vt 0.031250 0.562500
vt 0.031250 0.062500
vt 0.031250 0.500000
vt 0.046875 1.000000
vt 0.031250 0.937500
vt 0.046875 0.000000
vt 0.031250 0.437500
vt 0.031250 0.875000
vt 0.031250 0.375000
vt 0.031250 0.812500
vt 0.031250 0.312500
vt 0.000000 0.500000
vt 0.000000 0.437500
vt 0.000000 0.937500
vt 0.000000 0.875000
vt 0.000000 0.375000
vt 0.000000 0.812500
vt 0.000000 0.312500
vt 0.000000 0.750000
vt 0.000000 0.250000
vt 0.000000 0.687500
vt 0.000000 0.187500
vt 0.000000 0.625000
vt 0.000000 0.125000
vt 0.000000 0.562500
vt 0.000000 0.062500
vt 0.015625 1.000000
vt 0.015625 0.000000
vt 1.000000 0.187500
vt 1.000000 0.250000
vt 0.968750 0.250000
vt 0.968750 0.187500
vt 1.000000 0.625000
vt 1.000000 0.687500
vt 0.968750 0.687500
vt 0.968750 0.625000
vt 1.000000 0.125000
vt 0.968750 0.125000
vt 1.000000 0.562500
vt 0.968750 0.562500
vt 1.000000 0.062500
vt 0.968750 0.062500
vt 1.000000 0.500000
vt 0.968750 0.500000
vt 1.000000 0.937500
vt 0.984375 1.000000
vt 0.968750 0.937500
vt 0.984375 0.000000
vt 1.000000 0.437500
vt 0.968750 0.437500
vt 1.000000 0.875000
vt 0.968750 0.875000
vt 1.000000 0.375000
vt 0.968750 0.375000
vt 1.000000 0.812500
vt 0.968750 0.812500
vt 1.000000 0.312500
vt 0.968750 0.312500
vt 1.000000 0.750000
vt 0.968750 0.750000
vt 0.937500 0.437500
vt 0.937500 0.375000
vt 0.937500 0.875000
vt 0.937500 0.812500
vt 0.937500 0.312500
vt 0.937500 0.750000
vt 0.937500 0.250000
vt 0.937500 0.687500
vt 0.937500 0.187500
vt 0.937500 0.625000
vt 0.937500 0.125000
vt 0.937500 0.562500
vt 0.937500 0.062500
vt 0.937500 0.500000
vt 0.953125 1.000000
vt 0.937500 0.937500
vt 0.953125 0.000000
vt 0.906250 0.187500
vt 0.906250 0.125000
vt 0.906250 0.625000
vt 0.906250 0.562500
vt 0.906250 0.062500
vt 0.906250 0.500000
vt 0.921875 1.000000
vt 0.906250 0.937500
vt 0.921875 0.000000
vt 0.906250 0.437500
vt 0.906250 0.875000
vt 0.906250 0.375000
vt 0.906250 0.812500
vt 0.906250 0.312500
vt 0.906250 0.750000
vt 0.906250 0.250000
vt 0.906250 0.687500
vt 0.875000 0.875000
vt 0.875000 0.812500
vt 0.875000 0.375000
vt 0.875000 0.312500
vt 0.875000 0.750000
vt 0.875000 0.250000
vt 0.875000 0.687500
vt 0.875000 0.187500
vt 0.875000 0.625000
vt 0.875000 0.125000
vt 0.875000 0.562500
vt 0.875000 0.062500
vt 0.875000 0.500000
vt 0.890625 1.000000
vt 0.875000 0.937500
vt 0.890625 0.000000
vt 0.875000 0.437500
vt 0.843750 0.625000
vt 0.843750 0.562500
vt 0.843750 0.125000
vt 0.843750 0.062500
vt 0.843750 0.500000
vt 0.859375 1.000000
vt 0.843750 0.937500
vt 0.859375 0.000000
vt 0.843750 0.437500
vt 0.843750 0.875000
vt 0.843750 0.375000
vt 0.843750 0.812500
vt 0.843750 0.312500
vt 0.843750 0.750000
vt 0.843750 0.250000
vt 0.843750 0.687500
vt 0.843750 0.187500
vt 0.812500 0.375000
vt 0.812500 0.312500
vt 0.812500 0.812500
vt 0.812500 0.750000
vt 0.812500 0.250000
vt 0.812500 0.687500
vt 0.812500 0.187500
vt 0.812500 0.625000
vt 0.812500 0.125000
vt 0.812500 0.562500
vt 0.812500 0.062500
vt 0.812500 0.500000
vt 0.828125 1.000000
vt 0.812500 0.937500
vt 0.828125 0.000000
vt 0.812500 0.437500
vt 0.812500 0.875000
vt 0.781250 0.125000
vt 0.781250 0.062500
vt 0.781250 0.562500
vt 0.781250 0.500000
vt 0.796875 1.000000
vt 0.781250 0.937500
vt 0.796875 0.000000
vt 0.781250 0.437500
vt 0.781250 0.875000
vt 0.781250 0.375000
vt 0.781250 0.812500
vt 0.781250 0.312500
vt 0.781250 0.750000
vt 0.781250 0.250000
vt 0.781250 0.687500
vt 0.781250 0.187500
vt 0.781250 0.625000
vt 0.765625 1.000000
vt 0.765625 0.000000
s 0
usemtl base
f 3796/4750/3813 4268/4751/3813 3806/4752/3813 3807/4753/3813
f 4266/4754/3814 3791/4755/3814 3799/4756/3814 3800/4757/3814
f 4269/4758/3815 3796/4750/3815 3807/4753/3815 3808/4759/3815
f 3792/4760/3816 4266/4754/3816 3800/4757/3816 3801/4761/3816
f 4270/4762/3817 4269/4758/3817 3808/4759/3817 3809/4763/3817
f 4267/4764/3818 3792/4760/3818 3801/4761/3818 3802/4765/3818
f 4271/4766/3819 4270/4762/3819 3809/4763/3819 3810/4767/3819
f 3793/4768/3820 4267/4764/3820 3802/4765/3820 3803/4769/3820
f 4272/4770/3821 4271/4766/3821 3810/4767/3821 3811/4771/3821
f 3794/4772/3822 3793/4768/3822 3803/4769/3822 3804/4773/3822
f 4264/4774/3823 3872/4775/3823 3797/4776/3823
f 4098/4777/3824 4272/4770/3824 3811/4771/3824
f 3795/4778/3825 3794/4772/3825 3804/4773/3825 3805/4779/3825
f 4265/4780/3826 4264/4774/3826 3797/4776/3826 3798/4781/3826
f 4268/4751/3827 3795/4778/3827 3805/4779/3827 3806/4752/3827
f 3791/4755/3828 4265/4780/3828 3798/4781/3828 3799/4756/3828
f 3806/4752/3829 3805/4779/3829 3820/4782/3829 3821/4783/3829
f 3799/4756/3830 3798/4781/3830 3813/4784/3830 3814/4785/3830
f 3807/4753/3831 3806/4752/3831 3821/4783/3831 3822/4786/3831
f 3800/4757/3832 3799/4756/3832 3814/4785/3832 3815/4787/3832
f 3808/4759/3833 3807/4753/3833 3822/4786/3833 3823/4788/3833
f 3801/4761/3834 3800/4757/3834 3815/4787/3834 3816/4789/3834
f 3809/4763/3835 3808/4759/3835 3823/4788/3835 3824/4790/3835
f 3802/4765/3836 3801/4761/3836 3816/4789/3836 3817/4791/3836
f 3810/4767/3837 3809/4763/3837 3824/4790/3837 3825/4792/3837
f 3803/4769/3838 3802/4765/3838 3817/4791/3838 3818/4793/3838
f 3811/4771/3839 3810/4767/3839 3825/4792/3839 3826/4794/3839
f 3804/4773/3840 3803/4769/3840 3818/4793/3840 3819/4795/3840
f 3797/4776/3841 3872/4796/3841 3812/4797/3841
f 4098/4798/3842 3811/4771/3842 3826/4794/3842
f 3805/4779/3843 3804/4773/3843 3819/4795/3843 3820/4782/3843
f 3798/4781/3844 3797/4776/3844 3812/4797/3844 3813/4784/3844
f 3825/4792/3845 3824/4790/3845 3839/4799/3845 3840/4800/3845
f 3818/4793/3846 3817/4791/3846 3832/4801/3846 3833/4802/3846
f 3826/4794/3847 3825/4792/3847 3840/4800/3847 3841/4803/3847
f 3819/4795/3848 3818/4793/3848 3833/4802/3848 3834/4804/3848
f 3812/4797/3849 3872/4805/3849 3827/4806/3849
f 4098/4807/3850 3826/4794/3850 3841/4803/3850
f 3820/4782/3851 3819/4795/3851 3834/4804/3851 3835/4808/3851
f 3813/4784/3852 3812/4797/3852 3827/4806/3852 3828/4809/3852
f 3821/4783/3853 3820/4782/3853 3835/4808/3853 3836/4810/3853
f 3814/4785/3854 3813/4784/3854 3828/4809/3854 3829/4811/3854
f 3822/4786/3855 3821/4783/3855 3836/4810/3855 3837/4812/3855
f 3815/4787/3856 3814/4785/3856 3829/4811/3856 3830/4813/3856
f 3823/4788/3857 3822/4786/3857 3837/4812/3857 3838/4814/3857
f 3816/4789/3858 3815/4787/3858 3830/4813/3858 3831/4815/3858
f 3824/4790/3859 3823/4788/3859 3838/4814/3859 3839/4799/3859
f 3817/4791/3860 3816/4789/3860 3831/4815/3860 3832/4801/3860
f 3829/4811/3861 3828/4809/3861 3843/4816/3861 3844/4817/3861
f 3837/4812/3862 3836/4810/3862 3851/4818/3862 3852/4819/3862
f 3830/4813/3863 3829/4811/3863 3844/4817/3863 3845/4820/3863
f 3838/4814/3864 3837/4812/3864 3852/4819/3864 3853/4821/3864
f 3831/4815/3865 3830/4813/3865 3845/4820/3865 3846/4822/3865
f 3839/4799/3866 3838/4814/3866 3853/4821/3866 3854/4823/3866
f 3832/4801/3867 3831/4815/3867 3846/4822/3867 3847/4824/3867
f 3840/4800/3868 3839/4799/3868 3854/4823/3868 3855/4825/3868
f 3833/4802/3869 3832/4801/3869 3847/4824/3869 3848/4826/3869
f 3841/4803/3870 3840/4800/3870 3855/4825/3870 3856/4827/3870
f 3834/4804/3871 3833/4802/3871 3848/4826/3871 3849/4828/3871
f 3827/4806/3872 3872/4829/3872 3842/4830/3872
f 4098/4831/3873 3841/4803/3873 3856/4827/3873
f 3835/4808/3874 3834/4804/3874 3849/4828/3874 3850/4832/3874
f 3828/4809/3875 3827/4806/3875 3842/4830/3875 3843/4816/3875
f 3836/4810/3876 3835/4808/3876 3850/4832/3876 3851/4818/3876
f 3848/4826/3877 3847/4824/3877 3862/4833/3877 3863/4834/3877
f 3856/4827/3878 3855/4825/3878 3870/4835/3878 3871/4836/3878
f 3849/4828/3879 3848/4826/3879 3863/4834/3879 3864/4837/3879
f 3842/4830/3880 3872/4838/3880 3857/4839/3880
f 4098/4840/3881 3856/4827/3881 3871/4836/3881
f 3850/4832/3882 3849/4828/3882 3864/4837/3882 3865/4841/3882
f 3843/4816/3883 3842/4830/3883 3857/4839/3883 3858/4842/3883
f 3851/4818/3884 3850/4832/3884 3865/4841/3884 3866/4843/3884
f 3844/4817/3885 3843/4816/3885 3858/4842/3885 3859/4844/3885
f 3852/4819/3886 3851/4818/3886 3866/4843/3886 3867/4845/3886
f 3845/4820/3887 3844/4817/3887 3859/4844/3887 3860/4846/3887
f 3853/4821/3888 3852/4819/3888 3867/4845/3888 3868/4847/3888
f 3846/4822/3889 3845/4820/3889 3860/4846/3889 3861/4848/3889
f 3854/4823/3890 3853/4821/3890 3868/4847/3890 3869/4849/3890
f 3847/4824/3891 3846/4822/3891 3861/4848/3891 3862/4833/3891
f 3855/4825/3892 3854/4823/3892 3869/4849/3892 3870/4835/3892
f 3867/4845/3893 3866/4843/3893 3882/4850/3893 3883/4851/3893
f 3860/4846/3894 3859/4844/3894 3875/4852/3894 3876/4853/3894
f 3868/4847/3895 3867/4845/3895 3883/4851/3895 3884/4854/3895
f 3861/4848/3896 3860/4846/3896 3876/4853/3896 3877/4855/3896
f 3869/4849/3897 3868/4847/3897 3884/4854/3897 3885/4856/3897
f 3862/4833/3898 3861/4848/3898 3877/4855/3898 3878/4857/3898
f 3870/4835/3899 3869/4849/3899 3885/4856/3899 3886/4858/3899
f 3863/4834/3900 3862/4833/3900 3878/4857/3900 3879/4859/3900
f 3871/4836/3901 3870/4835/3901 3886/4858/3901 3887/4860/3901
f 3864/4837/3902 3863/4834/3902 3879/4859/3902 3880/4861/3902
f 3857/4839/3903 3872/4862/3903 3873/4863/3903
f 4098/4864/3904 3871/4836/3904 3887/4860/3904
f 3865/4841/3905 3864/4837/3905 3880/4861/3905 3881/4865/3905
f 3858/4842/3906 3857/4839/3906 3873/4863/3906 3874/4866/3906
f 3866/4843/3907 3865/4841/3907 3881/4865/3907 3882/4850/3907
f 3859/4844/3908 3858/4842/3908 3874/4866/3908 3875/4852/3908
f 3887/4860/3909 3886/4858/3909 3901/4867/3909 3902/4868/3909
f 3880/4861/3910 3879/4859/3910 3894/4869/3910 3895/4870/3910
f 3873/4863/3911 3872/4871/3911 3888/4872/3911
f 4098/4873/3912 3887/4860/3912 3902/4868/3912
f 3881/4865/3913 3880/4861/3913 3895/4870/3913 3896/4874/3913
f 3874/4866/3914 3873/4863/3914 3888/4872/3914 3889/4875/3914
f 3882/4850/3915 3881/4865/3915 3896/4874/3915 3897/4876/3915
f 3875/4852/3916 3874/4866/3916 3889/4875/3916 3890/4877/3916
f 3883/4851/3917 3882/4850/3917 3897/4876/3917 3898/4878/3917
f 3876/4853/3918 3875/4852/3918 3890/4877/3918 3891/4879/3918
f 3884/4854/3919 3883/4851/3919 3898/4878/3919 3899/4880/3919
f 3877/4855/3920 3876/4853/3920 3891/4879/3920 3892/4881/3920
f 3885/4856/3921 3884/4854/3921 3899/4880/3921 3900/4882/3921
f 3878/4857/3922 3877/4855/3922 3892/4881/3922 3893/4883/3922
f 3886/4858/3923 3885/4856/3923 3900/4882/3923 3901/4867/3923
f 3879/4859/3924 3878/4857/3924 3893/4883/3924 3894/4869/3924
f 3899/4880/3925 3898/4878/3925 3913/4884/3925 3914/4885/3925
f 3892/4881/3926 3891/4879/3926 3906/4886/3926 3907/4887/3926
f 3900/4882/3927 3899/4880/3927 3914/4885/3927 3915/4888/3927
f 3893/4883/3928 3892/4881/3928 3907/4887/3928 3908/4889/3928
f 3901/4867/3929 3900/4882/3929 3915/4888/3929 3916/4890/3929
f 3894/4869/3930 3893/4883/3930 3908/4889/3930 3909/4891/3930
f 3902/4868/3931 3901/4867/3931 3916/4890/3931 3917/4892/3931
f 3895/4870/3932 3894/4869/3932 3909/4891/3932 3910/4893/3932
f 3888/4872/3933 3872/4894/3933 3903/4895/3933
f 4098/4896/3934 3902/4868/3934 3917/4892/3934
f 3896/4874/3935 3895/4870/3935 3910/4893/3935 3911/4897/3935
f 3889/4875/3936 3888/4872/3936 3903/4895/3936 3904/4898/3936
f 3897/4876/3937 3896/4874/3937 3911/4897/3937 3912/4899/3937
f 3890/4877/3938 3889/4875/3938 3904/4898/3938 3905/4900/3938
f 3898/4878/3939 3897/4876/3939 3912/4899/3939 3913/4884/3939
f 3891/4879/3940 3890/4877/3940 3905/4900/3940 3906/4886/3940
f 3903/4895/3941 3872/4901/3941 3918/4902/3941
f 4098/4903/3942 3917/4892/3942 3932/4904/3942
f 3911/4897/3943 3910/4893/3943 3925/4905/3943 3926/4906/3943
f 3904/4898/3944 3903/4895/3944 3918/4902/3944 3919/4907/3944
f 3912/4899/3945 3911/4897/3945 3926/4906/3945 3927/4908/3945
f 3905/4900/3946 3904/4898/3946 3919/4907/3946 3920/4909/3946
f 3913/4884/3947 3912/4899/3947 3927/4908/3947 3928/4910/3947
f 3906/4886/3948 3905/4900/3948 3920/4909/3948 3921/4911/3948
f 3914/4885/3949 3913/4884/3949 3928/4910/3949 3929/4912/3949
f 3907/4887/3950 3906/4886/3950 3921/4911/3950 3922/4913/3950
f 3915/4888/3951 3914/4885/3951 3929/4912/3951 3930/4914/3951
f 3908/4889/3952 3907/4887/3952 3922/4913/3952 3923/4915/3952
f 3916/4890/3953 3915/4888/3953 3930/4914/3953 3931/4916/3953
f 3909/4891/3954 3908/4889/3954 3923/4915/3954 3924/4917/3954
f 3917/4892/3955 3916/4890/3955 3931/4916/3955 3932/4904/3955
f 3910/4893/3956 3909/4891/3956 3924/4917/3956 3925/4905/3956
f 3922/4913/3957 3921/4911/3957 3936/4918/3957 3937/4919/3957
f 3930/4914/3958 3929/4912/3958 3944/4920/3958 3945/4921/3958
f 3923/4915/3959 3922/4913/3959 3937/4919/3959 3938/4922/3959
f 3931/4916/3960 3930/4914/3960 3945/4921/3960 3946/4923/3960
f 3924/4917/3961 3923/4915/3961 3938/4922/3961 3939/4924/3961
f 3932/4904/3962 3931/4916/3962 3946/4923/3962 3947/4925/3962
f 3925/4905/3963 3924/4917/3963 3939/4924/3963 3940/4926/3963
f 3918/4902/3964 3872/4927/3964 3933/4928/3964
f 4098/4929/3965 3932/4904/3965 3947/4925/3965
f 3926/4906/3966 3925/4905/3966 3940/4926/3966 3941/4930/3966
f 3919/4907/3967 3918/4902/3967 3933/4928/3967 3934/4931/3967
f 3927/4908/3968 3926/4906/3968 3941/4930/3968 3942/4932/3968
f 3920/4909/3969 3919/4907/3969 3934/4931/3969 3935/4933/3969
f 3928/4910/3970 3927/4908/3970 3942/4932/3970 3943/4934/3970
f 3921/4911/3971 3920/4909/3971 3935/4933/3971 3936/4918/3971
f 3929/4912/3972 3928/4910/3972 3943/4934/3972 3944/4920/3972
f 3941/4930/3973 3940/4926/3973 3955/4935/3973 3956/4936/3973
f 3934/4931/3974 3933/4928/3974 3948/4937/3974 3949/4938/3974
f 3942/4932/3975 3941/4930/3975 3956/4936/3975 3957/4939/3975
f 3935/4933/3976 3934/4931/3976 3949/4938/3976 3950/4940/3976
f 3943/4934/3977 3942/4932/3977 3957/4939/3977 3958/4941/3977
f 3936/4918/3978 3935/4933/3978 3950/4940/3978 3951/4942/3978
f 3944/4920/3979 3943/4934/3979 3958/4941/3979 3959/4943/3979
f 3937/4919/3980 3936/4918/3980 3951/4942/3980 3952/4944/3980
f 3945/4921/3981 3944/4920/3981 3959/4943/3981 3960/4945/3981
f 3938/4922/3982 3937/4919/3982 3952/4944/3982 3953/4946/3982
f 3946/4923/3983 3945/4921/3983 3960/4945/3983 3961/4947/3983
f 3939/4924/3984 3938/4922/3984 3953/4946/3984 3954/4948/3984
f 3947/4925/3985 3946/4923/3985 3961/4947/3985 3962/4949/3985
f 3940/4926/3986 3939/4924/3986 3954/4948/3986 3955/4935/3986
f 3933/4928/3987 3872/4950/3987 3948/4937/3987
f 4098/4951/3988 3947/4925/3988 3962/4949/3988
f 3960/4945/3989 3959/4943/3989 3974/4952/3989 3975/4953/3989
f 3953/4946/3990 3952/4944/3990 3967/4954/3990 3968/4955/3990
f 3961/4947/3991 3960/4945/3991 3975/4953/3991 3976/4956/3991
f 3954/4948/3992 3953/4946/3992 3968/4955/3992 3969/4957/3992
f 3962/4949/3993 3961/4947/3993 3976/4956/3993 3977/4958/3993
f 3955/4935/3994 3954/4948/3994 3969/4957/3994 3970/4959/3994
f 3948/4937/3995 3872/4960/3995 3963/4961/3995
f 4098/4962/3996 3962/4949/3996 3977/4958/3996
f 3956/4936/3997 3955/4935/3997 3970/4959/3997 3971/4963/3997
f 3949/4938/3998 3948/4937/3998 3963/4961/3998 3964/4964/3998
f 3957/4939/3999 3956/4936/3999 3971/4963/3999 3972/4965/3999
f 3950/4940/4000 3949/4938/4000 3964/4964/4000 3965/4966/4000
f 3958/4941/4001 3957/4939/4001 3972/4965/4001 3973/4967/4001
f 3951/4942/4002 3950/4940/4002 3965/4966/4002 3966/4968/4002
f 3959/4943/4003 3958/4941/4003 3973/4967/4003 3974/4952/4003
f 3952/4944/4004 3951/4942/4004 3966/4968/4004 3967/4954/4004
f 3964/4964/4005 3963/4961/4005 3978/4969/4005 3979/4970/4005
f 3972/4965/4006 3971/4963/4006 3986/4971/4006 3987/4972/4006
f 3965/4966/4007 3964/4964/4007 3979/4970/4007 3980/4973/4007
f 3973/4967/4008 3972/4965/4008 3987/4972/4008 3988/4974/4008
f 3966/4968/4009 3965/4966/4009 3980/4973/4009 3981/4975/4009
f 3974/4952/4010 3973/4967/4010 3988/4974/4010 3989/4976/4010
f 3967/4954/4011 3966/4968/4011 3981/4975/4011 3982/4977/4011
f 3975/4953/4012 3974/4952/4012 3989/4976/4012 3990/4978/4012
f 3968/4955/4013 3967/4954/4013 3982/4977/4013 3983/4979/4013
f 3976/4956/4014 3975/4953/4014 3990/4978/4014 3991/4980/4014
f 3969/4957/4015 3968/4955/4015 3983/4979/4015 3984/4981/4015
f 3977/4958/4016 3976/4956/4016 3991/4980/4016 3992/4982/4016
f 3970/4959/4017 3969/4957/4017 3984/4981/4017 3985/4983/4017
f 3963/4961/4018 3872/4984/4018 3978/4969/4018
f 4098/4985/4019 3977/4958/4019 3992/4982/4019
f 3971/4963/4020 3970/4959/4020 3985/4983/4020 3986/4971/4020
f 3983/4979/4021 3982/4977/4021 3997/4986/4021 3998/4987/4021
f 3991/4980/4022 3990/4978/4022 4005/4988/4022 4006/4989/4022
f 3984/4981/4023 3983/4979/4023 3998/4987/4023 3999/4990/4023
f 3992/4982/4024 3991/4980/4024 4006/4989/4024 4007/4991/4024
f 3985/4983/4025 3984/4981/4025 3999/4990/4025 4000/4992/4025
f 3978/4969/4026 3872/4993/4026 3993/4994/4026
f 4098/4995/4027 3992/4982/4027 4007/4991/4027
f 3986/4971/4028 3985/4983/4028 4000/4992/4028 4001/4996/4028
f 3979/4970/4029 3978/4969/4029 3993/4994/4029 3994/4997/4029
f 3987/4972/4030 3986/4971/4030 4001/4996/4030 4002/4998/4030
f 3980/4973/4031 3979/4970/4031 3994/4997/4031 3995/4999/4031
f 3988/4974/4032 3987/4972/4032 4002/4998/4032 4003/5000/4032
f 3981/4975/4033 3980/4973/4033 3995/4999/4033 3996/5001/4033
f 3989/4976/4034 3988/4974/4034 4003/5000/4034 4004/5002/4034
f 3982/4977/4035 3981/4975/4035 3996/5001/4035 3997/4986/4035
f 3990/4978/4036 3989/4976/4036 4004/5002/4036 4005/4988/4036
f 4002/4998/4037 4001/4996/4037 4016/5003/4037 4017/5004/4037
f 3995/4999/4038 3994/4997/4038 4009/5005/4038 4010/5006/4038
f 4003/5000/4039 4002/4998/4039 4017/5004/4039 4018/5007/4039
f 3996/5001/4040 3995/4999/4040 4010/5006/4040 4011/5008/4040
f 4004/5002/4041 4003/5000/4041 4018/5007/4041 4019/5009/4041
f 3997/4986/4042 3996/5001/4042 4011/5008/4042 4012/5010/4042
f 4005/4988/4043 4004/5002/4043 4019/5009/4043 4020/5011/4043
f 3998/4987/4044 3997/4986/4044 4012/5010/4044 4013/5012/4044
f 4006/4989/4045 4005/4988/4045 4020/5011/4045 4021/5013/4045
f 3999/4990/4046 3998/4987/4046 4013/5012/4046 4014/5014/4046
f 4007/4991/4047 4006/4989/4047 4021/5013/4047 4022/5015/4047
f 4000/4992/4048 3999/4990/4048 4014/5014/4048 4015/5016/4048
f 3993/4994/4049 3872/5017/4049 4008/5018/4049
f 4098/5019/4050 4007/4991/4050 4022/5015/4050
f 4001/4996/4051 4000/4992/4051 4015/5016/4051 4016/5003/4051
f 3994/4997/4052 3993/4994/4052 4008/5018/4052 4009/5005/4052
f 4021/5013/4053 4020/5011/4053 4035/5020/4053 4036/5021/4053
f 4014/5014/4054 4013/5012/4054 4028/5022/4054 4029/5023/4054
f 4022/5015/4055 4021/5013/4055 4036/5021/4055 4037/5024/4055
f 4015/5016/4056 4014/5014/4056 4029/5023/4056 4030/5025/4056
f 4008/5018/4057 3872/5026/4057 4023/5027/4057
f 4098/5028/4058 4022/5015/4058 4037/5024/4058
f 4016/5003/4059 4015/5016/4059 4030/5025/4059 4031/5029/4059
f 4009/5005/4060 4008/5018/4060 4023/5027/4060 4024/5030/4060
f 4017/5004/4061 4016/5003/4061 4031/5029/4061 4032/5031/4061
f 4010/5006/4062 4009/5005/4062 4024/5030/4062 4025/5032/4062
f 4018/5007/4063 4017/5004/4063 4032/5031/4063 4033/5033/4063
f 4011/5008/4064 4010/5006/4064 4025/5032/4064 4026/5034/4064
f 4019/5009/4065 4018/5007/4065 4033/5033/4065 4034/5035/4065
f 4012/5010/4066 4011/5008/4066 4026/5034/4066 4027/5036/4066
f 4020/5011/4067 4019/5009/4067 4034/5035/4067 4035/5020/4067
f 4013/5012/4068 4012/5010/4068 4027/5036/4068 4028/5022/4068
f 4033/5033/4069 4032/5031/4069 4047/5037/4069 4048/5038/4069
f 4026/5034/4070 4025/5032/4070 4040/5039/4070 4041/5040/4070
f 4034/5035/4071 4033/5033/4071 4048/5038/4071 4049/5041/4071
f 4027/5036/4072 4026/5034/4072 4041/5040/4072 4042/5042/4072
f 4035/5020/4073 4034/5035/4073 4049/5041/4073 4050/5043/4073
f 4028/5022/4074 4027/5036/4074 4042/5042/4074 4043/5044/4074
f 4036/5021/4075 4035/5020/4075 4050/5043/4075 4051/5045/4075
f 4029/5023/4076 4028/5022/4076 4043/5044/4076 4044/5046/4076
f 4037/5024/4077 4036/5021/4077 4051/5045/4077 4052/5047/4077
f 4030/5025/4078 4029/5023/4078 4044/5046/4078 4045/5048/4078
f 4023/5027/4079 3872/5049/4079 4038/5050/4079
f 4098/5051/4080 4037/5024/4080 4052/5047/4080
f 4031/5029/4081 4030/5025/4081 4045/5048/4081 4046/5052/4081
f 4024/5030/4082 4023/5027/4082 4038/5050/4082 4039/5053/4082
f 4032/5031/4083 4031/5029/4083 4046/5052/4083 4047/5037/4083
f 4025/5032/4084 4024/5030/4084 4039/5053/4084 4040/5039/4084
f 4052/5047/4085 4051/5045/4085 4066/5054/4085 4067/5055/4085
f 4045/5048/4086 4044/5046/4086 4059/5056/4086 4060/5057/4086
f 4038/5050/4087 3872/5058/4087 4053/5059/4087
f 4098/5060/4088 4052/5047/4088 4067/5055/4088
f 4046/5052/4089 4045/5048/4089 4060/5057/4089 4061/5061/4089
f 4039/5053/4090 4038/5050/4090 4053/5059/4090 4054/5062/4090
f 4047/5037/4091 4046/5052/4091 4061/5061/4091 4062/5063/4091
f 4040/5039/4092 4039/5053/4092 4054/5062/4092 4055/5064/4092
f 4048/5038/4093 4047/5037/4093 4062/5063/4093 4063/5065/4093
f 4041/5040/4094 4040/5039/4094 4055/5064/4094 4056/5066/4094
f 4049/5041/4095 4048/5038/4095 4063/5065/4095 4064/5067/4095
f 4042/5042/4096 4041/5040/4096 4056/5066/4096 4057/5068/4096
f 4050/5043/4097 4049/5041/4097 4064/5067/4097 4065/5069/4097
f 4043/5044/4098 4042/5042/4098 4057/5068/4098 4058/5070/4098
f 4051/5045/4099 4050/5043/4099 4065/5069/4099 4066/5054/4099
f 4044/5046/4100 4043/5044/4100 4058/5070/4100 4059/5056/4100
f 4056/5066/4101 4055/5064/4101 4070/5071/4101 4071/5072/4101
f 4064/5067/4102 4063/5065/4102 4078/5073/4102 4079/5074/4102
f 4057/5068/4103 4056/5066/4103 4071/5072/4103 4072/5075/4103
f 4065/5069/4104 4064/5067/4104 4079/5074/4104 4080/5076/4104
f 4058/5070/4105 4057/5068/4105 4072/5075/4105 4073/5077/4105
f 4066/5054/4106 4065/5069/4106 4080/5076/4106 4081/5078/4106
f 4059/5056/4107 4058/5070/4107 4073/5077/4107 4074/5079/4107
f 4067/5055/4108 4066/5054/4108 4081/5078/4108 4082/5080/4108
f 4060/5057/4109 4059/5056/4109 4074/5079/4109 4075/5081/4109
f 4053/5059/4110 3872/5082/4110 4068/5083/4110
f 4098/5084/4111 4067/5055/4111 4082/5080/4111
f 4061/5061/4112 4060/5057/4112 4075/5081/4112 4076/5085/4112
f 4054/5062/4113 4053/5059/4113 4068/5083/4113 4069/5086/4113
f 4062/5063/4114 4061/5061/4114 4076/5085/4114 4077/5087/4114
f 4055/5064/4115 4054/5062/4115 4069/5086/4115 4070/5071/4115
f 4063/5065/4116 4062/5063/4116 4077/5087/4116 4078/5073/4116
f 4075/5081/4117 4074/5079/4117 4089/5088/4117 4090/5089/4117
f 4068/5083/4118 3872/5090/4118 4083/5091/4118
f 4098/5092/4119 4082/5080/4119 4097/5093/4119
f 4076/5085/4120 4075/5081/4120 4090/5089/4120 4091/5094/4120
f 4069/5086/4121 4068/5083/4121 4083/5091/4121 4084/5095/4121
f 4077/5087/4122 4076/5085/4122 4091/5094/4122 4092/5096/4122
f 4070/5071/4123 4069/5086/4123 4084/5095/4123 4085/5097/4123
f 4078/5073/4124 4077/5087/4124 4092/5096/4124 4093/5098/4124
f 4071/5072/4125 4070/5071/4125 4085/5097/4125 4086/5099/4125
f 4079/5074/4126 4078/5073/4126 4093/5098/4126 4094/5100/4126
f 4072/5075/4127 4071/5072/4127 4086/5099/4127 4087/5101/4127
f 4080/5076/4128 4079/5074/4128 4094/5100/4128 4095/5102/4128
f 4073/5077/4129 4072/5075/4129 4087/5101/4129 4088/5103/4129
f 4081/5078/4130 4080/5076/4130 4095/5102/4130 4096/5104/4130
f 4074/5079/4131 4073/5077/4131 4088/5103/4131 4089/5088/4131
f 4082/5080/4132 4081/5078/4132 4096/5104/4132 4097/5093/4132
f 4094/5100/4133 4093/5098/4133 4109/5105/4133 4110/5106/4133
f 4087/5101/4134 4086/5099/4134 4102/5107/4134 4103/5108/4134
f 4095/5102/4135 4094/5100/4135 4110/5106/4135 4111/5109/4135
f 4088/5103/4136 4087/5101/4136 4103/5108/4136 4104/5110/4136
f 4096/5104/4137 4095/5102/4137 4111/5109/4137 4112/5111/4137
f 4089/5088/4138 4088/5103/4138 4104/5110/4138 4105/5112/4138
f 4097/5093/4139 4096/5104/4139 4112/5111/4139 4113/5113/4139
f 4090/5089/4140 4089/5088/4140 4105/5112/4140 4106/5114/4140
f 4083/5091/4141 3872/5115/4141 4099/5116/4141
f 4098/5117/4142 4097/5093/4142 4113/5113/4142
f 4091/5094/4143 4090/5089/4143 4106/5114/4143 4107/5118/4143
f 4084/5095/4144 4083/5091/4144 4099/5116/4144 4100/5119/4144
f 4092/5096/4145 4091/5094/4145 4107/5118/4145 4108/5120/4145
f 4085/5097/4146 4084/5095/4146 4100/5119/4146 4101/5121/4146
f 4093/5098/4147 4092/5096/4147 4108/5120/4147 4109/5105/4147
f 4086/5099/4148 4085/5097/4148 4101/5121/4148 4102/5107/4148
f 4099/5116/4149 3872/5122/4149 4114/5123/4149
f 4098/5124/4150 4113/5113/4150 4128/5125/4150
f 4107/5118/4151 4106/5114/4151 4121/5126/4151 4122/5127/4151
f 4100/5119/4152 4099/5116/4152 4114/5123/4152 4115/5128/4152
f 4108/5120/4153 4107/5118/4153 4122/5127/4153 4123/5129/4153
f 4101/5121/4154 4100/5119/4154 4115/5128/4154 4116/5130/4154
f 4109/5105/4155 4108/5120/4155 4123/5129/4155 4124/5131/4155
f 4102/5107/4156 4101/5121/4156 4116/5130/4156 4117/5132/4156
f 4110/5106/4157 4109/5105/4157 4124/5131/4157 4125/5133/4157
f 4103/5108/4158 4102/5107/4158 4117/5132/4158 4118/5134/4158
f 4111/5109/4159 4110/5106/4159 4125/5133/4159 4126/5135/4159
f 4104/5110/4160 4103/5108/4160 4118/5134/4160 4119/5136/4160
f 4112/5111/4161 4111/5109/4161 4126/5135/4161 4127/5137/4161
f 4105/5112/4162 4104/5110/4162 4119/5136/4162 4120/5138/4162
f 4113/5113/4163 4112/5111/4163 4127/5137/4163 4128/5125/4163
f 4106/5114/4164 4105/5112/4164 4120/5138/4164 4121/5126/4164
f 4118/5134/4165 4117/5132/4165 4132/5139/4165 4133/5140/4165
f 4126/5135/4166 4125/5133/4166 4140/5141/4166 4141/5142/4166
f 4119/5136/4167 4118/5134/4167 4133/5140/4167 4134/5143/4167
f 4127/5137/4168 4126/5135/4168 4141/5142/4168 4142/5144/4168
f 4120/5138/4169 4119/5136/4169 4134/5143/4169 4135/5145/4169
f 4128/5125/4170 4127/5137/4170 4142/5144/4170 4143/5146/4170
f 4121/5126/4171 4120/5138/4171 4135/5145/4171 4136/5147/4171
f 4114/5123/4172 3872/5148/4172 4129/5149/4172
f 4098/5150/4173 4128/5125/4173 4143/5146/4173
f 4122/5127/4174 4121/5126/4174 4136/5147/4174 4137/5151/4174
f 4115/5128/4175 4114/5123/4175 4129/5149/4175 4130/5152/4175
f 4123/5129/4176 4122/5127/4176 4137/5151/4176 4138/5153/4176
f 4116/5130/4177 4115/5128/4177 4130/5152/4177 4131/5154/4177
f 4124/5131/4178 4123/5129/4178 4138/5153/4178 4139/5155/4178
f 4117/5132/4179 4116/5130/4179 4131/5154/4179 4132/5139/4179
f 4125/5133/4180 4124/5131/4180 4139/5155/4180 4140/5141/4180
f 4137/5151/4181 4136/5147/4181 4151/5156/4181 4152/5157/4181
f 4130/5152/4182 4129/5149/4182 4144/5158/4182 4145/5159/4182
f 4138/5153/4183 4137/5151/4183 4152/5157/4183 4153/5160/4183
f 4131/5154/4184 4130/5152/4184 4145/5159/4184 4146/5161/4184
f 4139/5155/4185 4138/5153/4185 4153/5160/4185 4154/5162/4185
f 4132/5139/4186 4131/5154/4186 4146/5161/4186 4147/5163/4186
f 4140/5141/4187 4139/5155/4187 4154/5162/4187 4155/5164/4187
f 4133/5140/4188 4132/5139/4188 4147/5163/4188 4148/5165/4188
f 4141/5142/4189 4140/5141/4189 4155/5164/4189 4156/5166/4189
f 4134/5143/4190 4133/5140/4190 4148/5165/4190 4149/5167/4190
f 4142/5144/4191 4141/5142/4191 4156/5166/4191 4157/5168/4191
f 4135/5145/4192 4134/5143/4192 4149/5167/4192 4150/5169/4192
f 4143/5146/4193 4142/5144/4193 4157/5168/4193 4158/5170/4193
f 4136/5147/4194 4135/5145/4194 4150/5169/4194 4151/5156/4194
f 4129/5149/4195 3872/5171/4195 4144/5158/4195
f 4098/5172/4196 4143/5146/4196 4158/5170/4196
f 4156/5173/4197 4155/5174/4197 4170/5175/4197 4171/5176/4197
f 4149/5177/4198 4148/5178/4198 4163/5179/4198 4164/5180/4198
f 4157/5181/4199 4156/5173/4199 4171/5176/4199 4172/5182/4199
f 4150/5183/4200 4149/5177/4200 4164/5180/4200 4165/5184/4200
f 4158/5185/4201 4157/5181/4201 4172/5182/4201 4173/5186/4201
f 4151/5187/4202 4150/5183/4202 4165/5184/4202 4166/5188/4202
f 4144/5189/4203 3872/5190/4203 4159/5191/4203
f 4098/5192/4204 4158/5185/4204 4173/5186/4204
f 4152/5193/4205 4151/5187/4205 4166/5188/4205 4167/5194/4205
f 4145/5195/4206 4144/5189/4206 4159/5191/4206 4160/5196/4206
f 4153/5197/4207 4152/5193/4207 4167/5194/4207 4168/5198/4207
f 4146/5199/4208 4145/5195/4208 4160/5196/4208 4161/5200/4208
f 4154/5201/4209 4153/5197/4209 4168/5198/4209 4169/5202/4209
f 4147/5203/4210 4146/5199/4210 4161/5200/4210 4162/5204/4210
f 4155/5174/4211 4154/5201/4211 4169/5202/4211 4170/5175/4211
f 4148/5178/4212 4147/5203/4212 4162/5204/4212 4163/5179/4212
f 4168/5198/4213 4167/5194/4213 4182/5205/4213 4183/5206/4213
f 4161/5200/4214 4160/5196/4214 4175/5207/4214 4176/5208/4214
f 4169/5202/4215 4168/5198/4215 4183/5206/4215 4184/5209/4215
f 4162/5204/4216 4161/5200/4216 4176/5208/4216 4177/5210/4216
f 4170/5175/4217 4169/5202/4217 4184/5209/4217 4185/5211/4217
f 4163/5179/4218 4162/5204/4218 4177/5210/4218 4178/5212/4218
f 4171/5176/4219 4170/5175/4219 4185/5211/4219 4186/5213/4219
f 4164/5180/4220 4163/5179/4220 4178/5212/4220 4179/5214/4220
f 4172/5182/4221 4171/5176/4221 4186/5213/4221 4187/5215/4221
f 4165/5184/4222 4164/5180/4222 4179/5214/4222 4180/5216/4222
f 4173/5186/4223 4172/5182/4223 4187/5215/4223 4188/5217/4223
f 4166/5188/4224 4165/5184/4224 4180/5216/4224 4181/5218/4224
f 4159/5191/4225 3872/5219/4225 4174/5220/4225
f 4098/5221/4226 4173/5186/4226 4188/5217/4226
f 4167/5194/4227 4166/5188/4227 4181/5218/4227 4182/5205/4227
f 4160/5196/4228 4159/5191/4228 4174/5220/4228 4175/5207/4228
f 4187/5215/4229 4186/5213/4229 4201/5222/4229 4202/5223/4229
f 4180/5216/4230 4179/5214/4230 4194/5224/4230 4195/5225/4230
f 4188/5217/4231 4187/5215/4231 4202/5223/4231 4203/5226/4231
f 4181/5218/4232 4180/5216/4232 4195/5225/4232 4196/5227/4232
f 4174/5220/4233 3872/5228/4233 4189/5229/4233
f 4098/5230/4234 4188/5217/4234 4203/5226/4234
f 4182/5205/4235 4181/5218/4235 4196/5227/4235 4197/5231/4235
f 4175/5207/4236 4174/5220/4236 4189/5229/4236 4190/5232/4236
f 4183/5206/4237 4182/5205/4237 4197/5231/4237 4198/5233/4237
f 4176/5208/4238 4175/5207/4238 4190/5232/4238 4191/5234/4238
f 4184/5209/4239 4183/5206/4239 4198/5233/4239 4199/5235/4239
f 4177/5210/4240 4176/5208/4240 4191/5234/4240 4192/5236/4240
f 4185/5211/4241 4184/5209/4241 4199/5235/4241 4200/5237/4241
f 4178/5212/4242 4177/5210/4242 4192/5236/4242 4193/5238/4242
f 4186/5213/4243 4185/5211/4243 4200/5237/4243 4201/5222/4243
f 4179/5214/4244 4178/5212/4244 4193/5238/4244 4194/5224/4244
f 4191/5234/4245 4190/5232/4245 4205/5239/4245 4206/5240/4245
f 4199/5235/4246 4198/5233/4246 4213/5241/4246 4214/5242/4246
f 4192/5236/4247 4191/5234/4247 4206/5240/4247 4207/5243/4247
f 4200/5237/4248 4199/5235/4248 4214/5242/4248 4215/5244/4248
f 4193/5238/4249 4192/5236/4249 4207/5243/4249 4208/5245/4249
f 4201/5222/4250 4200/5237/4250 4215/5244/4250 4216/5246/4250
f 4194/5224/4251 4193/5238/4251 4208/5245/4251 4209/5247/4251
f 4202/5223/4252 4201/5222/4252 4216/5246/4252 4217/5248/4252
f 4195/5225/4253 4194/5224/4253 4209/5247/4253 4210/5249/4253
f 4203/5226/4254 4202/5223/4254 4217/5248/4254 4218/5250/4254
f 4196/5227/4255 4195/5225/4255 4210/5249/4255 4211/5251/4255
f 4189/5229/4256 3872/5252/4256 4204/5253/4256
f 4098/5254/4257 4203/5226/4257 4218/5250/4257
f 4197/5231/4258 4196/5227/4258 4211/5251/4258 4212/5255/4258
f 4190/5232/4259 4189/5229/4259 4204/5253/4259 4205/5239/4259
f 4198/5233/4260 4197/5231/4260 4212/5255/4260 4213/5241/4260
f 4210/5249/4261 4209/5247/4261 4224/5256/4261 4225/5257/4261
f 4218/5250/4262 4217/5248/4262 4232/5258/4262 4233/5259/4262
f 4211/5251/4263 4210/5249/4263 4225/5257/4263 4226/5260/4263
f 4204/5253/4264 3872/5261/4264 4219/5262/4264
f 4098/5263/4265 4218/5250/4265 4233/5259/4265
f 4212/5255/4266 4211/5251/4266 4226/5260/4266 4227/5264/4266
f 4205/5239/4267 4204/5253/4267 4219/5262/4267 4220/5265/4267
f 4213/5241/4268 4212/5255/4268 4227/5264/4268 4228/5266/4268
f 4206/5240/4269 4205/5239/4269 4220/5265/4269 4221/5267/4269
f 4214/5242/4270 4213/5241/4270 4228/5266/4270 4229/5268/4270
f 4207/5243/4271 4206/5240/4271 4221/5267/4271 4222/5269/4271
f 4215/5244/4272 4214/5242/4272 4229/5268/4272 4230/5270/4272
f 4208/5245/4273 4207/5243/4273 4222/5269/4273 4223/5271/4273
f 4216/5246/4274 4215/5244/4274 4230/5270/4274 4231/5272/4274
f 4209/5247/4275 4208/5245/4275 4223/5271/4275 4224/5256/4275
f 4217/5248/4276 4216/5246/4276 4231/5272/4276 4232/5258/4276
f 4229/5268/4277 4228/5266/4277 4243/5273/4277 4244/5274/4277
f 4222/5269/4278 4221/5267/4278 4236/5275/4278 4237/5276/4278
f 4230/5270/4279 4229/5268/4279 4244/5274/4279 4245/5277/4279
f 4223/5271/4280 4222/5269/4280 4237/5276/4280 4238/5278/4280
f 4231/5272/4281 4230/5270/4281 4245/5277/4281 4246/5279/4281
f 4224/5256/4282 4223/5271/4282 4238/5278/4282 4239/5280/4282
f 4232/5258/4283 4231/5272/4283 4246/5279/4283 4247/5281/4283
f 4225/5257/4284 4224/5256/4284 4239/5280/4284 4240/5282/4284
f 4233/5259/4285 4232/5258/4285 4247/5281/4285 4248/5283/4285
f 4226/5260/4286 4225/5257/4286 4240/5282/4286 4241/5284/4286
f 4219/5262/4287 3872/5285/4287 4234/5286/4287
f 4098/5287/4288 4233/5259/4288 4248/5283/4288
f 4227/5264/4289 4226/5260/4289 4241/5284/4289 4242/5288/4289
f 4220/5265/4290 4219/5262/4290 4234/5286/4290 4235/5289/4290
f 4228/5266/4291 4227/5264/4291 4242/5288/4291 4243/5273/4291
f 4221/5267/4292 4220/5265/4292 4235/5289/4292 4236/5275/4292
f 4248/5283/4293 4247/5281/4293 4262/5290/4293 4263/5291/4293
f 4241/5284/4294 4240/5282/4294 4255/5292/4294 4256/5293/4294
f 4234/5286/4295 3872/5294/4295 4249/5295/4295
f 4098/5296/4296 4248/5283/4296 4263/5291/4296
f 4242/5288/4297 4241/5284/4297 4256/5293/4297 4257/5297/4297
f 4235/5289/4298 4234/5286/4298 4249/5295/4298 4250/5298/4298
f 4243/5273/4299 4242/5288/4299 4257/5297/4299 4258/5299/4299
f 4236/5275/4300 4235/5289/4300 4250/5298/4300 4251/5300/4300
f 4244/5274/4301 4243/5273/4301 4258/5299/4301 4259/5301/4301
f 4237/5276/4302 4236/5275/4302 4251/5300/4302 4252/5302/4302
f 4245/5277/4303 4244/5274/4303 4259/5301/4303 4260/5303/4303
f 4238/5278/4304 4237/5276/4304 4252/5302/4304 4253/5304/4304
f 4246/5279/4305 4245/5277/4305 4260/5303/4305 4261/5305/4305
f 4239/5280/4306 4238/5278/4306 4253/5304/4306 4254/5306/4306
f 4247/5281/4307 4246/5279/4307 4261/5305/4307 4262/5290/4307
f 4240/5282/4308 4239/5280/4308 4254/5306/4308 4255/5292/4308
f 4252/5302/4309 4251/5300/4309 3791/4755/4309 4266/4754/4309
f 4260/5303/4310 4259/5301/4310 3796/4750/4310 4269/4758/4310
f 4253/5304/4311 4252/5302/4311 4266/4754/4311 3792/4760/4311
f 4261/5305/4312 4260/5303/4312 4269/4758/4312 4270/4762/4312
f 4254/5306/4313 4253/5304/4313 3792/4760/4313 4267/4764/4313
f 4262/5290/4314 4261/5305/4314 4270/4762/4314 4271/4766/4314
f 4255/5292/4315 4254/5306/4315 4267/4764/4315 3793/4768/4315
f 4263/5291/4316 4262/5290/4316 4271/4766/4316 4272/4770/4316
f 4256/5293/4317 4255/5292/4317 3793/4768/4317 3794/4772/4317
f 4249/5295/4318 3872/5307/4318 4264/4774/4318
f 4098/5308/4319 4263/5291/4319 4272/4770/4319
f 4257/5297/4320 4256/5293/4320 3794/4772/4320 3795/4778/4320
f 4250/5298/4321 4249/5295/4321 4264/4774/4321 4265/4780/4321
f 4258/5299/4322 4257/5297/4322 3795/4778/4322 4268/4751/4322
f 4251/5300/4323 4250/5298/4323 4265/4780/4323 3791/4755/4323
f 4259/5301/4324 4258/5299/4324 4268/4751/4324 3796/4750/4324
o Cylinder.006
v 0.600000 1.054800 4.803907
v 0.600000 1.254800 4.803907
v 0.598079 1.054800 4.823416
v 0.598079 1.254800 4.823416
v 0.592388 1.054800 4.842176
v 0.592388 1.254800 4.842176
v 0.583147 1.054800 4.859465
v 0.583147 1.254800 4.859465
v 0.570711 1.054800 4.874618
v 0.570711 1.254800 4.874618
v 0.555557 1.054800 4.887054
v 0.555557 1.254800 4.887054
v 0.538268 1.054800 4.896296
v 0.538268 1.254800 4.896296
v 0.519509 1.054800 4.901986
v 0.519509 1.254800 4.901986
v 0.500000 1.054800 4.903907
v 0.500000 1.254800 4.903907
v 0.480491 1.054800 4.901986
v 0.480491 1.254800 4.901986
v 0.461732 1.054800 4.896296
v 0.461732 1.254800 4.896296
v 0.444443 1.054800 4.887054
v 0.444443 1.254800 4.887054
v 0.429289 1.054800 4.874618
v 0.429289 1.254800 4.874618
v 0.416853 1.054800 4.859465
v 0.416853 1.254800 4.859465
v 0.407612 1.054800 4.842176
v 0.407612 1.254800 4.842176
v 0.401921 1.054800 4.823416
v 0.401921 1.254800 4.823416
v 0.400000 1.054800 4.803907
v 0.400000 1.254800 4.803907
v 0.401921 1.054800 4.784399
v 0.401921 1.254800 4.784399
v 0.407612 1.054800 4.765639
v 0.407612 1.254800 4.765639
v 0.416853 1.054800 4.748350
v 0.416853 1.254800 4.748350
v 0.429289 1.054800 4.733197
v 0.429289 1.254800 4.733197
v 0.444443 1.054800 4.720760
v 0.444443 1.254800 4.720760
v 0.461732 1.054800 4.711519
v 0.461732 1.254800 4.711519
v 0.480491 1.054800 4.705829
v 0.480491 1.254800 4.705829
v 0.500000 1.054800 4.703907
v 0.500000 1.254800 4.703907
v 0.519509 1.054800 4.705829
v 0.519509 1.254800 4.705829
v 0.538268 1.054800 4.711519
v 0.538268 1.254800 4.711519
v 0.555557 1.054800 4.720760
v 0.555557 1.254800 4.720760
v 0.570711 1.054800 4.733197
v 0.570711 1.254800 4.733197
v 0.583147 1.054800 4.748350
v 0.583147 1.254800 4.748350
v 0.592388 1.054800 4.765639
v 0.592388 1.254800 4.765639
v 0.598079 1.054800 4.784399
v 0.598079 1.254800 4.784399
vn 0.9952 -0.0000 0.0980
vn 0.9569 -0.0000 0.2903
vn 0.8819 -0.0000 0.4714
vn 0.7730 -0.0000 0.6344
vn 0.6344 -0.0000 0.7730
vn 0.4714 -0.0000 0.8819
vn 0.2903 -0.0000 0.9569
vn 0.0980 -0.0000 0.9952
vn -0.0980 -0.0000 0.9952
vn -0.2903 -0.0000 0.9569
vn -0.4714 -0.0000 0.8819
vn -0.6344 -0.0000 0.7730
vn -0.7730 -0.0000 0.6344
vn -0.8819 -0.0000 0.4714
vn -0.9569 -0.0000 0.2903
vn -0.9952 -0.0000 0.0980
vn -0.9952 -0.0000 -0.0980
vn -0.9569 -0.0000 -0.2903
vn -0.8819 -0.0000 -0.4714
vn -0.7730 -0.0000 -0.6344
vn -0.6344 -0.0000 -0.7730
vn -0.4714 -0.0000 -0.8819
vn -0.2903 -0.0000 -0.9569
vn -0.0980 -0.0000 -0.9952
vn 0.0980 -0.0000 -0.9952
vn 0.2903 -0.0000 -0.9569
vn 0.4714 -0.0000 -0.8819
vn 0.6344 -0.0000 -0.7730
vn 0.7730 -0.0000 -0.6344
vn 0.8819 -0.0000 -0.4714
vn -0.0000 1.0000 -0.0000
vn 0.9569 -0.0000 -0.2903
vn 0.9952 -0.0000 -0.0980
vn -0.0000 -1.0000 -0.0000
vt 1.000000 0.500000
vt 1.000000 1.000000
vt 0.968750 1.000000
vt 0.968750 0.500000
vt 0.937500 1.000000
vt 0.937500 0.500000
vt 0.906250 1.000000
vt 0.906250 0.500000
vt 0.875000 1.000000
vt 0.875000 0.500000
vt 0.843750 1.000000
vt 0.843750 0.500000
vt 0.812500 1.000000
vt 0.812500 0.500000
vt 0.781250 1.000000
vt 0.781250 0.500000
vt 0.750000 1.000000
vt 0.750000 0.500000
vt 0.718750 1.000000
vt 0.718750 0.500000
vt 0.687500 1.000000
vt 0.687500 0.500000
vt 0.656250 1.000000
vt 0.656250 0.500000
vt 0.625000 1.000000
vt 0.625000 0.500000
vt 0.593750 1.000000
vt 0.593750 0.500000
vt 0.562500 1.000000
vt 0.562500 0.500000
vt 0.531250 1.000000
vt 0.531250 0.500000
vt 0.500000 1.000000
vt 0.500000 0.500000
vt 0.468750 1.000000
vt 0.468750 0.500000
vt 0.437500 1.000000
vt 0.437500 0.500000
vt 0.406250 1.000000
vt 0.406250 0.500000
vt 0.375000 1.000000
vt 0.375000 0.500000
vt 0.343750 1.000000
vt 0.343750 0.500000
vt 0.312500 1.000000
vt 0.312500 0.500000
vt 0.281250 1.000000
vt 0.281250 0.500000
vt 0.250000 1.000000
vt 0.250000 0.500000
vt 0.218750 1.000000
vt 0.218750 0.500000
vt 0.187500 1.000000
vt 0.187500 0.500000
vt 0.156250 1.000000
vt 0.156250 0.500000
vt 0.125000 1.000000
vt 0.125000 0.500000
vt 0.093750 1.000000
vt 0.093750 0.500000
vt 0.062500 1.000000
vt 0.062500 0.500000
vt 0.296822 0.485388
vt 0.250000 0.490000
vt 0.203178 0.485388
vt 0.158156 0.471731
vt 0.116663 0.449553
vt 0.080294 0.419706
vt 0.050447 0.383337
vt 0.028269 0.341844
vt 0.014612 0.296822
vt 0.010000 0.250000
vt 0.014612 0.203178
vt 0.028269 0.158156
vt 0.050447 0.116663
vt 0.080294 0.080294
vt 0.116663 0.050447
vt 0.158156 0.028269
vt 0.203178 0.014612
vt 0.250000 0.010000
vt 0.296822 0.014612
vt 0.341844 0.028269
vt 0.383337 0.050447
vt 0.419706 0.080294
vt 0.449553 0.116663
vt 0.471731 0.158156
vt 0.485388 0.203178
vt 0.490000 0.250000
vt 0.485388 0.296822
vt 0.471731 0.341844
vt 0.449553 0.383337
vt 0.419706 0.419706
vt 0.383337 0.449553
vt 0.341844 0.471731
vt 0.031250 1.000000
vt 0.031250 0.500000
vt 0.000000 1.000000
vt 0.000000 0.500000
vt 0.750000 0.490000
vt 0.796822 0.485388
vt 0.841844 0.471731
vt 0.883337 0.449553
vt 0.919706 0.419706
vt 0.949553 0.383337
vt 0.971731 0.341844
vt 0.985388 0.296822
vt 0.990000 0.250000
vt 0.985388 0.203178
vt 0.971731 0.158156
vt 0.949553 0.116663
vt 0.919706 0.080294
vt 0.883337 0.050447
vt 0.841844 0.028269
vt 0.796822 0.014612
vt 0.750000 0.010000
vt 0.703178 0.014612
vt 0.658156 0.028269
vt 0.616663 0.050447
vt 0.580294 0.080294
vt 0.550447 0.116663
vt 0.528269 0.158156
vt 0.514612 0.203178
vt 0.510000 0.250000
vt 0.514612 0.296822
vt 0.528269 0.341844
vt 0.550447 0.383337
vt 0.580294 0.419706
vt 0.616663 0.449553
vt 0.658156 0.471731
vt 0.703178 0.485388
s 0
usemtl base
f 4273/5309/4325 4274/5310/4325 4276/5311/4325 4275/5312/4325
f 4275/5312/4326 4276/5311/4326 4278/5313/4326 4277/5314/4326
f 4277/5314/4327 4278/5313/4327 4280/5315/4327 4279/5316/4327
f 4279/5316/4328 4280/5315/4328 4282/5317/4328 4281/5318/4328
f 4281/5318/4329 4282/5317/4329 4284/5319/4329 4283/5320/4329
f 4283/5320/4330 4284/5319/4330 4286/5321/4330 4285/5322/4330
f 4285/5322/4331 4286/5321/4331 4288/5323/4331 4287/5324/4331
f 4287/5324/4332 4288/5323/4332 4290/5325/4332 4289/5326/4332
f 4289/5326/4333 4290/5325/4333 4292/5327/4333 4291/5328/4333
f 4291/5328/4334 4292/5327/4334 4294/5329/4334 4293/5330/4334
f 4293/5330/4335 4294/5329/4335 4296/5331/4335 4295/5332/4335
f 4295/5332/4336 4296/5331/4336 4298/5333/4336 4297/5334/4336
f 4297/5334/4337 4298/5333/4337 4300/5335/4337 4299/5336/4337
f 4299/5336/4338 4300/5335/4338 4302/5337/4338 4301/5338/4338
f 4301/5338/4339 4302/5337/4339 4304/5339/4339 4303/5340/4339
f 4303/5340/4340 4304/5339/4340 4306/5341/4340 4305/5342/4340
f 4305/5342/4341 4306/5341/4341 4308/5343/4341 4307/5344/4341
f 4307/5344/4342 4308/5343/4342 4310/5345/4342 4309/5346/4342
f 4309/5346/4343 4310/5345/4343 4312/5347/4343 4311/5348/4343
f 4311/5348/4344 4312/5347/4344 4314/5349/4344 4313/5350/4344
f 4313/5350/4345 4314/5349/4345 4316/5351/4345 4315/5352/4345
f 4315/5352/4346 4316/5351/4346 4318/5353/4346 4317/5354/4346
f 4317/5354/4347 4318/5353/4347 4320/5355/4347 4319/5356/4347
f 4319/5356/4348 4320/5355/4348 4322/5357/4348 4321/5358/4348
f 4321/5358/4349 4322/5357/4349 4324/5359/4349 4323/5360/4349
f 4323/5360/4350 4324/5359/4350 4326/5361/4350 4325/5362/4350
f 4325/5362/4351 4326/5361/4351 4328/5363/4351 4327/5364/4351
f 4327/5364/4352 4328/5363/4352 4330/5365/4352 4329/5366/4352
f 4329/5366/4353 4330/5365/4353 4332/5367/4353 4331/5368/4353
f 4331/5368/4354 4332/5367/4354 4334/5369/4354 4333/5370/4354
f 4276/5371/4355 4274/5372/4355 4336/5373/4355 4334/5374/4355 4332/5375/4355 4330/5376/4355 4328/5377/4355 4326/5378/4355 4324/5379/4355 4322/5380/4355 4320/5381/4355 4318/5382/4355 4316/5383/4355 4314/5384/4355 4312/5385/4355 4310/5386/4355 4308/5387/4355 4306/5388/4355 4304/5389/4355 4302/5390/4355 4300/5391/4355 4298/5392/4355 4296/5393/4355 4294/5394/4355 4292/5395/4355 4290/5396/4355 4288/5397/4355 4286/5398/4355 4284/5399/4355 4282/5400/4355 4280/5401/4355 4278/5402/4355
f 4333/5370/4356 4334/5369/4356 4336/5403/4356 4335/5404/4356
f 4335/5404/4357 4336/5403/4357 4274/5405/4357 4273/5406/4357
f 4273/5407/4358 4275/5408/4358 4277/5409/4358 4279/5410/4358 4281/5411/4358 4283/5412/4358 4285/5413/4358 4287/5414/4358 4289/5415/4358 4291/5416/4358 4293/5417/4358 4295/5418/4358 4297/5419/4358 4299/5420/4358 4301/5421/4358 4303/5422/4358 4305/5423/4358 4307/5424/4358 4309/5425/4358 4311/5426/4358 4313/5427/4358 4315/5428/4358 4317/5429/4358 4319/5430/4358 4321/5431/4358 4323/5432/4358 4325/5433/4358 4327/5434/4358 4329/5435/4358 4331/5436/4358 4333/5437/4358 4335/5438/4358
o Cylinder.007
v 0.600000 1.054800 3.603908
v 0.600000 1.254800 3.603908
v 0.598079 1.054800 3.623417
v 0.598079 1.254800 3.623417
v 0.592388 1.054800 3.642176
v 0.592388 1.254800 3.642176
v 0.583147 1.054800 3.659465
v 0.583147 1.254800 3.659465
v 0.570711 1.054800 3.674618
v 0.570711 1.254800 3.674618
v 0.555557 1.054800 3.687055
v 0.555557 1.254800 3.687055
v 0.538268 1.054800 3.696295
v 0.538268 1.254800 3.696295
v 0.519509 1.054800 3.701986
v 0.519509 1.254800 3.701986
v 0.500000 1.054800 3.703907
v 0.500000 1.254800 3.703907
v 0.480491 1.054800 3.701986
v 0.480491 1.254800 3.701986
v 0.461732 1.054800 3.696295
v 0.461732 1.254800 3.696295
v 0.444443 1.054800 3.687055
v 0.444443 1.254800 3.687055
v 0.429289 1.054800 3.674618
v 0.429289 1.254800 3.674618
v 0.416853 1.054800 3.659465
v 0.416853 1.254800 3.659465
v 0.407612 1.054800 3.642176
v 0.407612 1.254800 3.642176
v 0.401921 1.054800 3.623417
v 0.401921 1.254800 3.623417
v 0.400000 1.054800 3.603908
v 0.400000 1.254800 3.603908
v 0.401921 1.054800 3.584399
v 0.401921 1.254800 3.584399
v 0.407612 1.054800 3.565639
v 0.407612 1.254800 3.565639
v 0.416853 1.054800 3.548351
v 0.416853 1.254800 3.548351
v 0.429289 1.054800 3.533197
v 0.429289 1.254800 3.533197
v 0.444443 1.054800 3.520761
v 0.444443 1.254800 3.520761
v 0.461732 1.054800 3.511520
v 0.461732 1.254800 3.511520
v 0.480491 1.054800 3.505829
v 0.480491 1.254800 3.505829
v 0.500000 1.054800 3.503908
v 0.500000 1.254800 3.503908
v 0.519509 1.054800 3.505829
v 0.519509 1.254800 3.505829
v 0.538268 1.054800 3.511520
v 0.538268 1.254800 3.511520
v 0.555557 1.054800 3.520761
v 0.555557 1.254800 3.520761
v 0.570711 1.054800 3.533197
v 0.570711 1.254800 3.533197
v 0.583147 1.054800 3.548351
v 0.583147 1.254800 3.548351
v 0.592388 1.054800 3.565639
v 0.592388 1.254800 3.565639
v 0.598079 1.054800 3.584399
v 0.598079 1.254800 3.584399
vn 0.9952 -0.0000 0.0980
vn 0.9569 -0.0000 0.2903
vn 0.8819 -0.0000 0.4714
vn 0.7730 -0.0000 0.6344
vn 0.6344 -0.0000 0.7730
vn 0.4714 -0.0000 0.8819
vn 0.2903 -0.0000 0.9569
vn 0.0980 -0.0000 0.9952
vn -0.0980 -0.0000 0.9952
vn -0.2903 -0.0000 0.9569
vn -0.4714 -0.0000 0.8819
vn -0.6344 -0.0000 0.7730
vn -0.7730 -0.0000 0.6344
vn -0.8819 -0.0000 0.4714
vn -0.9569 -0.0000 0.2903
vn -0.9952 -0.0000 0.0980
vn -0.9952 -0.0000 -0.0980
vn -0.9569 -0.0000 -0.2903
vn -0.8819 -0.0000 -0.4714
vn -0.7730 -0.0000 -0.6344
vn -0.6344 -0.0000 -0.7730
vn -0.4714 -0.0000 -0.8819
vn -0.2903 -0.0000 -0.9569
vn -0.0980 -0.0000 -0.9952
vn 0.0980 -0.0000 -0.9952
vn 0.2903 -0.0000 -0.9569
vn 0.4714 -0.0000 -0.8819
vn 0.6344 -0.0000 -0.7730
vn 0.7730 -0.0000 -0.6344
vn 0.8819 -0.0000 -0.4714
vn -0.0000 1.0000 -0.0000
vn 0.9569 -0.0000 -0.2903
vn 0.9952 -0.0000 -0.0980
vn -0.0000 -1.0000 -0.0000
vt 1.000000 0.500000
vt 1.000000 1.000000
vt 0.968750 1.000000
vt 0.968750 0.500000
vt 0.937500 1.000000
vt 0.937500 0.500000
vt 0.906250 1.000000
vt 0.906250 0.500000
vt 0.875000 1.000000
vt 0.875000 0.500000
vt 0.843750 1.000000
vt 0.843750 0.500000
vt 0.812500 1.000000
vt 0.812500 0.500000
vt 0.781250 1.000000
vt 0.781250 0.500000
vt 0.750000 1.000000
vt 0.750000 0.500000
vt 0.718750 1.000000
vt 0.718750 0.500000
vt 0.687500 1.000000
vt 0.687500 0.500000
vt 0.656250 1.000000
vt 0.656250 0.500000
vt 0.625000 1.000000
vt 0.625000 0.500000
vt 0.593750 1.000000
vt 0.593750 0.500000
vt 0.562500 1.000000
vt 0.562500 0.500000
vt 0.531250 1.000000
vt 0.531250 0.500000
vt 0.500000 1.000000
vt 0.500000 0.500000
vt 0.468750 1.000000
vt 0.468750 0.500000
vt 0.437500 1.000000
vt 0.437500 0.500000
vt 0.406250 1.000000
vt 0.406250 0.500000
vt 0.375000 1.000000
vt 0.375000 0.500000
vt 0.343750 1.000000
vt 0.343750 0.500000
vt 0.312500 1.000000
vt 0.312500 0.500000
vt 0.281250 1.000000
vt 0.281250 0.500000
vt 0.250000 1.000000
vt 0.250000 0.500000
vt 0.218750 1.000000
vt 0.218750 0.500000
vt 0.187500 1.000000
vt 0.187500 0.500000
vt 0.156250 1.000000
vt 0.156250 0.500000
vt 0.125000 1.000000
vt 0.125000 0.500000
vt 0.093750 1.000000
vt 0.093750 0.500000
vt 0.062500 1.000000
vt 0.062500 0.500000
vt 0.296822 0.485388
vt 0.250000 0.490000
vt 0.203178 0.485388
vt 0.158156 0.471731
vt 0.116663 0.449553
vt 0.080294 0.419706
vt 0.050447 0.383337
vt 0.028269 0.341844
vt 0.014612 0.296822
vt 0.010000 0.250000
vt 0.014612 0.203178
vt 0.028269 0.158156
vt 0.050447 0.116663
vt 0.080294 0.080294
vt 0.116663 0.050447
vt 0.158156 0.028269
vt 0.203178 0.014612
vt 0.250000 0.010000
vt 0.296822 0.014612
vt 0.341844 0.028269
vt 0.383337 0.050447
vt 0.419706 0.080294
vt 0.449553 0.116663
vt 0.471731 0.158156
vt 0.485388 0.203178
vt 0.490000 0.250000
vt 0.485388 0.296822
vt 0.471731 0.341844
vt 0.449553 0.383337
vt 0.419706 0.419706
vt 0.383337 0.449553
vt 0.341844 0.471731
vt 0.031250 1.000000
vt 0.031250 0.500000
vt 0.000000 1.000000
vt 0.000000 0.500000
vt 0.750000 0.490000
vt 0.796822 0.485388
vt 0.841844 0.471731
vt 0.883337 0.449553
vt 0.919706 0.419706
vt 0.949553 0.383337
vt 0.971731 0.341844
vt 0.985388 0.296822
vt 0.990000 0.250000
vt 0.985388 0.203178
vt 0.971731 0.158156
vt 0.949553 0.116663
vt 0.919706 0.080294
vt 0.883337 0.050447
vt 0.841844 0.028269
vt 0.796822 0.014612
vt 0.750000 0.010000
vt 0.703178 0.014612
vt 0.658156 0.028269
vt 0.616663 0.050447
vt 0.580294 0.080294
vt 0.550447 0.116663
vt 0.528269 0.158156
vt 0.514612 0.203178
vt 0.510000 0.250000
vt 0.514612 0.296822
vt 0.528269 0.341844
vt 0.550447 0.383337
vt 0.580294 0.419706
vt 0.616663 0.449553
vt 0.658156 0.471731
vt 0.703178 0.485388
s 0
usemtl base
f 4337/5439/4359 4338/5440/4359 4340/5441/4359 4339/5442/4359
f 4339/5442/4360 4340/5441/4360 4342/5443/4360 4341/5444/4360
f 4341/5444/4361 4342/5443/4361 4344/5445/4361 4343/5446/4361
f 4343/5446/4362 4344/5445/4362 4346/5447/4362 4345/5448/4362
f 4345/5448/4363 4346/5447/4363 4348/5449/4363 4347/5450/4363
f 4347/5450/4364 4348/5449/4364 4350/5451/4364 4349/5452/4364
f 4349/5452/4365 4350/5451/4365 4352/5453/4365 4351/5454/4365
f 4351/5454/4366 4352/5453/4366 4354/5455/4366 4353/5456/4366
f 4353/5456/4367 4354/5455/4367 4356/5457/4367 4355/5458/4367
f 4355/5458/4368 4356/5457/4368 4358/5459/4368 4357/5460/4368
f 4357/5460/4369 4358/5459/4369 4360/5461/4369 4359/5462/4369
f 4359/5462/4370 4360/5461/4370 4362/5463/4370 4361/5464/4370
f 4361/5464/4371 4362/5463/4371 4364/5465/4371 4363/5466/4371
f 4363/5466/4372 4364/5465/4372 4366/5467/4372 4365/5468/4372
f 4365/5468/4373 4366/5467/4373 4368/5469/4373 4367/5470/4373
f 4367/5470/4374 4368/5469/4374 4370/5471/4374 4369/5472/4374
f 4369/5472/4375 4370/5471/4375 4372/5473/4375 4371/5474/4375
f 4371/5474/4376 4372/5473/4376 4374/5475/4376 4373/5476/4376
f 4373/5476/4377 4374/5475/4377 4376/5477/4377 4375/5478/4377
f 4375/5478/4378 4376/5477/4378 4378/5479/4378 4377/5480/4378
f 4377/5480/4379 4378/5479/4379 4380/5481/4379 4379/5482/4379
f 4379/5482/4380 4380/5481/4380 4382/5483/4380 4381/5484/4380
f 4381/5484/4381 4382/5483/4381 4384/5485/4381 4383/5486/4381
f 4383/5486/4382 4384/5485/4382 4386/5487/4382 4385/5488/4382
f 4385/5488/4383 4386/5487/4383 4388/5489/4383 4387/5490/4383
f 4387/5490/4384 4388/5489/4384 4390/5491/4384 4389/5492/4384
f 4389/5492/4385 4390/5491/4385 4392/5493/4385 4391/5494/4385
f 4391/5494/4386 4392/5493/4386 4394/5495/4386 4393/5496/4386
f 4393/5496/4387 4394/5495/4387 4396/5497/4387 4395/5498/4387
f 4395/5498/4388 4396/5497/4388 4398/5499/4388 4397/5500/4388
f 4340/5501/4389 4338/5502/4389 4400/5503/4389 4398/5504/4389 4396/5505/4389 4394/5506/4389 4392/5507/4389 4390/5508/4389 4388/5509/4389 4386/5510/4389 4384/5511/4389 4382/5512/4389 4380/5513/4389 4378/5514/4389 4376/5515/4389 4374/5516/4389 4372/5517/4389 4370/5518/4389 4368/5519/4389 4366/5520/4389 4364/5521/4389 4362/5522/4389 4360/5523/4389 4358/5524/4389 4356/5525/4389 4354/5526/4389 4352/5527/4389 4350/5528/4389 4348/5529/4389 4346/5530/4389 4344/5531/4389 4342/5532/4389
f 4397/5500/4390 4398/5499/4390 4400/5533/4390 4399/5534/4390
f 4399/5534/4391 4400/5533/4391 4338/5535/4391 4337/5536/4391
f 4337/5537/4392 4339/5538/4392 4341/5539/4392 4343/5540/4392 4345/5541/4392 4347/5542/4392 4349/5543/4392 4351/5544/4392 4353/5545/4392 4355/5546/4392 4357/5547/4392 4359/5548/4392 4361/5549/4392 4363/5550/4392 4365/5551/4392 4367/5552/4392 4369/5553/4392 4371/5554/4392 4373/5555/4392 4375/5556/4392 4377/5557/4392 4379/5558/4392 4381/5559/4392 4383/5560/4392 4385/5561/4392 4387/5562/4392 4389/5563/4392 4391/5564/4392 4393/5565/4392 4395/5566/4392 4397/5567/4392 4399/5568/4392
o Cylinder.008
v -0.400000 1.054800 3.603908
v -0.400000 1.254800 3.603908
v -0.401921 1.054800 3.623417
v -0.401921 1.254800 3.623417
v -0.407612 1.054800 3.642176
v -0.407612 1.254800 3.642176
v -0.416853 1.054800 3.659465
v -0.416853 1.254800 3.659465
v -0.429289 1.054800 3.674618
v -0.429289 1.254800 3.674618
v -0.444443 1.054800 3.687055
v -0.444443 1.254800 3.687055
v -0.461732 1.054800 3.696295
v -0.461732 1.254800 3.696295
v -0.480491 1.054800 3.701986
v -0.480491 1.254800 3.701986
v -0.500000 1.054800 3.703907
v -0.500000 1.254800 3.703907
v -0.519509 1.054800 3.701986
v -0.519509 1.254800 3.701986
v -0.538268 1.054800 3.696295
v -0.538268 1.254800 3.696295
v -0.555557 1.054800 3.687055
v -0.555557 1.254800 3.687055
v -0.570711 1.054800 3.674618
v -0.570711 1.254800 3.674618
v -0.583147 1.054800 3.659465
v -0.583147 1.254800 3.659465
v -0.592388 1.054800 3.642176
v -0.592388 1.254800 3.642176
v -0.598079 1.054800 3.623417
v -0.598079 1.254800 3.623417
v -0.600000 1.054800 3.603908
v -0.600000 1.254800 3.603908
v -0.598079 1.054800 3.584399
v -0.598079 1.254800 3.584399
v -0.592388 1.054800 3.565639
v -0.592388 1.254800 3.565639
v -0.583147 1.054800 3.548351
v -0.583147 1.254800 3.548351
v -0.570711 1.054800 3.533197
v -0.570711 1.254800 3.533197
v -0.555557 1.054800 3.520761
v -0.555557 1.254800 3.520761
v -0.538268 1.054800 3.511520
v -0.538268 1.254800 3.511520
v -0.519509 1.054800 3.505829
v -0.519509 1.254800 3.505829
v -0.500000 1.054800 3.503908
v -0.500000 1.254800 3.503908
v -0.480491 1.054800 3.505829
v -0.480491 1.254800 3.505829
v -0.461732 1.054800 3.511520
v -0.461732 1.254800 3.511520
v -0.444443 1.054800 3.520761
v -0.444443 1.254800 3.520761
v -0.429289 1.054800 3.533197
v -0.429289 1.254800 3.533197
v -0.416853 1.054800 3.548351
v -0.416853 1.254800 3.548351
v -0.407612 1.054800 3.565639
v -0.407612 1.254800 3.565639
v -0.401921 1.054800 3.584399
v -0.401921 1.254800 3.584399
vn 0.9952 -0.0000 0.0980
vn 0.9569 -0.0000 0.2903
vn 0.8819 -0.0000 0.4714
vn 0.7730 -0.0000 0.6344
vn 0.6344 -0.0000 0.7730
vn 0.4714 -0.0000 0.8819
vn 0.2903 -0.0000 0.9569
vn 0.0980 -0.0000 0.9952
vn -0.0980 -0.0000 0.9952
vn -0.2903 -0.0000 0.9569
vn -0.4714 -0.0000 0.8819
vn -0.6344 -0.0000 0.7730
vn -0.7730 -0.0000 0.6344
vn -0.8819 -0.0000 0.4714
vn -0.9569 -0.0000 0.2903
vn -0.9952 -0.0000 0.0980
vn -0.9952 -0.0000 -0.0980
vn -0.9569 -0.0000 -0.2903
vn -0.8819 -0.0000 -0.4714
vn -0.7730 -0.0000 -0.6344
vn -0.6344 -0.0000 -0.7730
vn -0.4714 -0.0000 -0.8819
vn -0.2903 -0.0000 -0.9569
vn -0.0980 -0.0000 -0.9952
vn 0.0980 -0.0000 -0.9952
vn 0.2903 -0.0000 -0.9569
vn 0.4714 -0.0000 -0.8819
vn 0.6344 -0.0000 -0.7730
vn 0.7730 -0.0000 -0.6344
vn 0.8819 -0.0000 -0.4714
vn -0.0000 1.0000 -0.0000
vn 0.9569 -0.0000 -0.2903
vn 0.9952 -0.0000 -0.0980
vn -0.0000 -1.0000 -0.0000
vt 1.000000 0.500000
vt 1.000000 1.000000
vt 0.968750 1.000000
vt 0.968750 0.500000
vt 0.937500 1.000000
vt 0.937500 0.500000
vt 0.906250 1.000000
vt 0.906250 0.500000
vt 0.875000 1.000000
vt 0.875000 0.500000
vt 0.843750 1.000000
vt 0.843750 0.500000
vt 0.812500 1.000000
vt 0.812500 0.500000
vt 0.781250 1.000000
vt 0.781250 0.500000
vt 0.750000 1.000000
vt 0.750000 0.500000
vt 0.718750 1.000000
vt 0.718750 0.500000
vt 0.687500 1.000000
vt 0.687500 0.500000
vt 0.656250 1.000000
vt 0.656250 0.500000
vt 0.625000 1.000000
vt 0.625000 0.500000
vt 0.593750 1.000000
vt 0.593750 0.500000
vt 0.562500 1.000000
vt 0.562500 0.500000
vt 0.531250 1.000000
vt 0.531250 0.500000
vt 0.500000 1.000000
vt 0.500000 0.500000
vt 0.468750 1.000000
vt 0.468750 0.500000
vt 0.437500 1.000000
vt 0.437500 0.500000
vt 0.406250 1.000000
vt 0.406250 0.500000
vt 0.375000 1.000000
vt 0.375000 0.500000
vt 0.343750 1.000000
vt 0.343750 0.500000
vt 0.312500 1.000000
vt 0.312500 0.500000
vt 0.281250 1.000000
vt 0.281250 0.500000
vt 0.250000 1.000000
vt 0.250000 0.500000
vt 0.218750 1.000000
vt 0.218750 0.500000
vt 0.187500 1.000000
vt 0.187500 0.500000
vt 0.156250 1.000000
vt 0.156250 0.500000
vt 0.125000 1.000000
vt 0.125000 0.500000
vt 0.093750 1.000000
vt 0.093750 0.500000
vt 0.062500 1.000000
vt 0.062500 0.500000
vt 0.296822 0.485388
vt 0.250000 0.490000
vt 0.203178 0.485388
vt 0.158156 0.471731
vt 0.116663 0.449553
vt 0.080294 0.419706
vt 0.050447 0.383337
vt 0.028269 0.341844
vt 0.014612 0.296822
vt 0.010000 0.250000
vt 0.014612 0.203178
vt 0.028269 0.158156
vt 0.050447 0.116663
vt 0.080294 0.080294
vt 0.116663 0.050447
vt 0.158156 0.028269
vt 0.203178 0.014612
vt 0.250000 0.010000
vt 0.296822 0.014612
vt 0.341844 0.028269
vt 0.383337 0.050447
vt 0.419706 0.080294
vt 0.449553 0.116663
vt 0.471731 0.158156
vt 0.485388 0.203178
vt 0.490000 0.250000
vt 0.485388 0.296822
vt 0.471731 0.341844
vt 0.449553 0.383337
vt 0.419706 0.419706
vt 0.383337 0.449553
vt 0.341844 0.471731
vt 0.031250 1.000000
vt 0.031250 0.500000
vt 0.000000 1.000000
vt 0.000000 0.500000
vt 0.750000 0.490000
vt 0.796822 0.485388
vt 0.841844 0.471731
vt 0.883337 0.449553
vt 0.919706 0.419706
vt 0.949553 0.383337
vt 0.971731 0.341844
vt 0.985388 0.296822
vt 0.990000 0.250000
vt 0.985388 0.203178
vt 0.971731 0.158156
vt 0.949553 0.116663
vt 0.919706 0.080294
vt 0.883337 0.050447
vt 0.841844 0.028269
vt 0.796822 0.014612
vt 0.750000 0.010000
vt 0.703178 0.014612
vt 0.658156 0.028269
vt 0.616663 0.050447
vt 0.580294 0.080294
vt 0.550447 0.116663
vt 0.528269 0.158156
vt 0.514612 0.203178
vt 0.510000 0.250000
vt 0.514612 0.296822
vt 0.528269 0.341844
vt 0.550447 0.383337
vt 0.580294 0.419706
vt 0.616663 0.449553
vt 0.658156 0.471731
vt 0.703178 0.485388
s 0
usemtl base
f 4401/5569/4393 4402/5570/4393 4404/5571/4393 4403/5572/4393
f 4403/5572/4394 4404/5571/4394 4406/5573/4394 4405/5574/4394
f 4405/5574/4395 4406/5573/4395 4408/5575/4395 4407/5576/4395
f 4407/5576/4396 4408/5575/4396 4410/5577/4396 4409/5578/4396
f 4409/5578/4397 4410/5577/4397 4412/5579/4397 4411/5580/4397
f 4411/5580/4398 4412/5579/4398 4414/5581/4398 4413/5582/4398
f 4413/5582/4399 4414/5581/4399 4416/5583/4399 4415/5584/4399
f 4415/5584/4400 4416/5583/4400 4418/5585/4400 4417/5586/4400
f 4417/5586/4401 4418/5585/4401 4420/5587/4401 4419/5588/4401
f 4419/5588/4402 4420/5587/4402 4422/5589/4402 4421/5590/4402
f 4421/5590/4403 4422/5589/4403 4424/5591/4403 4423/5592/4403
f 4423/5592/4404 4424/5591/4404 4426/5593/4404 4425/5594/4404
f 4425/5594/4405 4426/5593/4405 4428/5595/4405 4427/5596/4405
f 4427/5596/4406 4428/5595/4406 4430/5597/4406 4429/5598/4406
f 4429/5598/4407 4430/5597/4407 4432/5599/4407 4431/5600/4407
f 4431/5600/4408 4432/5599/4408 4434/5601/4408 4433/5602/4408
f 4433/5602/4409 4434/5601/4409 4436/5603/4409 4435/5604/4409
f 4435/5604/4410 4436/5603/4410 4438/5605/4410 4437/5606/4410
f 4437/5606/4411 4438/5605/4411 4440/5607/4411 4439/5608/4411
f 4439/5608/4412 4440/5607/4412 4442/5609/4412 4441/5610/4412
f 4441/5610/4413 4442/5609/4413 4444/5611/4413 4443/5612/4413
f 4443/5612/4414 4444/5611/4414 4446/5613/4414 4445/5614/4414
f 4445/5614/4415 4446/5613/4415 4448/5615/4415 4447/5616/4415
f 4447/5616/4416 4448/5615/4416 4450/5617/4416 4449/5618/4416
f 4449/5618/4417 4450/5617/4417 4452/5619/4417 4451/5620/4417
f 4451/5620/4418 4452/5619/4418 4454/5621/4418 4453/5622/4418
f 4453/5622/4419 4454/5621/4419 4456/5623/4419 4455/5624/4419
f 4455/5624/4420 4456/5623/4420 4458/5625/4420 4457/5626/4420
f 4457/5626/4421 4458/5625/4421 4460/5627/4421 4459/5628/4421
f 4459/5628/4422 4460/5627/4422 4462/5629/4422 4461/5630/4422
f 4404/5631/4423 4402/5632/4423 4464/5633/4423 4462/5634/4423 4460/5635/4423 4458/5636/4423 4456/5637/4423 4454/5638/4423 4452/5639/4423 4450/5640/4423 4448/5641/4423 4446/5642/4423 4444/5643/4423 4442/5644/4423 4440/5645/4423 4438/5646/4423 4436/5647/4423 4434/5648/4423 4432/5649/4423 4430/5650/4423 4428/5651/4423 4426/5652/4423 4424/5653/4423 4422/5654/4423 4420/5655/4423 4418/5656/4423 4416/5657/4423 4414/5658/4423 4412/5659/4423 4410/5660/4423 4408/5661/4423 4406/5662/4423
f 4461/5630/4424 4462/5629/4424 4464/5663/4424 4463/5664/4424
f 4463/5664/4425 4464/5663/4425 4402/5665/4425 4401/5666/4425
f 4401/5667/4426 4403/5668/4426 4405/5669/4426 4407/5670/4426 4409/5671/4426 4411/5672/4426 4413/5673/4426 4415/5674/4426 4417/5675/4426 4419/5676/4426 4421/5677/4426 4423/5678/4426 4425/5679/4426 4427/5680/4426 4429/5681/4426 4431/5682/4426 4433/5683/4426 4435/5684/4426 4437/5685/4426 4439/5686/4426 4441/5687/4426 4443/5688/4426 4445/5689/4426 4447/5690/4426 4449/5691/4426 4451/5692/4426 4453/5693/4426 4455/5694/4426 4457/5695/4426 4459/5696/4426 4461/5697/4426 4463/5698/4426
o Cylinder.009
v -0.400000 1.054800 4.803907
v -0.400000 1.254800 4.803907
v -0.401921 1.054800 4.823416
v -0.401921 1.254800 4.823416
v -0.407612 1.054800 4.842176
v -0.407612 1.254800 4.842176
v -0.416853 1.054800 4.859465
v -0.416853 1.254800 4.859465
v -0.429289 1.054800 4.874618
v -0.429289 1.254800 4.874618
v -0.444443 1.054800 4.887054
v -0.444443 1.254800 4.887054
v -0.461732 1.054800 4.896296
v -0.461732 1.254800 4.896296
v -0.480491 1.054800 4.901986
v -0.480491 1.254800 4.901986
v -0.500000 1.054800 4.903907
v -0.500000 1.254800 4.903907
v -0.519509 1.054800 4.901986
v -0.519509 1.254800 4.901986
v -0.538268 1.054800 4.896296
v -0.538268 1.254800 4.896296
v -0.555557 1.054800 4.887054
v -0.555557 1.254800 4.887054
v -0.570711 1.054800 4.874618
v -0.570711 1.254800 4.874618
v -0.583147 1.054800 4.859465
v -0.583147 1.254800 4.859465
v -0.592388 1.054800 4.842176
v -0.592388 1.254800 4.842176
v -0.598079 1.054800 4.823416
v -0.598079 1.254800 4.823416
v -0.600000 1.054800 4.803907
v -0.600000 1.254800 4.803907
v -0.598079 1.054800 4.784399
v -0.598079 1.254800 4.784399
v -0.592388 1.054800 4.765639
v -0.592388 1.254800 4.765639
v -0.583147 1.054800 4.748350
v -0.583147 1.254800 4.748350
v -0.570711 1.054800 4.733197
v -0.570711 1.254800 4.733197
v -0.555557 1.054800 4.720760
v -0.555557 1.254800 4.720760
v -0.538268 1.054800 4.711519
v -0.538268 1.254800 4.711519
v -0.519509 1.054800 4.705829
v -0.519509 1.254800 4.705829
v -0.500000 1.054800 4.703907
v -0.500000 1.254800 4.703907
v -0.480491 1.054800 4.705829
v -0.480491 1.254800 4.705829
v -0.461732 1.054800 4.711519
v -0.461732 1.254800 4.711519
v -0.444443 1.054800 4.720760
v -0.444443 1.254800 4.720760
v -0.429289 1.054800 4.733197
v -0.429289 1.254800 4.733197
v -0.416853 1.054800 4.748350
v -0.416853 1.254800 4.748350
v -0.407612 1.054800 4.765639
v -0.407612 1.254800 4.765639
v -0.401921 1.054800 4.784399
v -0.401921 1.254800 4.784399
vn 0.9952 -0.0000 0.0980
vn 0.9569 -0.0000 0.2903
vn 0.8819 -0.0000 0.4714
vn 0.7730 -0.0000 0.6344
vn 0.6344 -0.0000 0.7730
vn 0.4714 -0.0000 0.8819
vn 0.2903 -0.0000 0.9569
vn 0.0980 -0.0000 0.9952
vn -0.0980 -0.0000 0.9952
vn -0.2903 -0.0000 0.9569
vn -0.4714 -0.0000 0.8819
vn -0.6344 -0.0000 0.7730
vn -0.7730 -0.0000 0.6344
vn -0.8819 -0.0000 0.4714
vn -0.9569 -0.0000 0.2903
vn -0.9952 -0.0000 0.0980
vn -0.9952 -0.0000 -0.0980
vn -0.9569 -0.0000 -0.2903
vn -0.8819 -0.0000 -0.4714
vn -0.7730 -0.0000 -0.6344
vn -0.6344 -0.0000 -0.7730
vn -0.4714 -0.0000 -0.8819
vn -0.2903 -0.0000 -0.9569
vn -0.0980 -0.0000 -0.9952
vn 0.0980 -0.0000 -0.9952
vn 0.2903 -0.0000 -0.9569
vn 0.4714 -0.0000 -0.8819
vn 0.6344 -0.0000 -0.7730
vn 0.7730 -0.0000 -0.6344
vn 0.8819 -0.0000 -0.4714
vn -0.0000 1.0000 -0.0000
vn 0.9569 -0.0000 -0.2903
vn 0.9952 -0.0000 -0.0980
vn -0.0000 -1.0000 -0.0000
vt 1.000000 0.500000
vt 1.000000 1.000000
vt 0.968750 1.000000
vt 0.968750 0.500000
vt 0.937500 1.000000
vt 0.937500 0.500000
vt 0.906250 1.000000
vt 0.906250 0.500000
vt 0.875000 1.000000
vt 0.875000 0.500000
vt 0.843750 1.000000
vt 0.843750 0.500000
vt 0.812500 1.000000
vt 0.812500 0.500000
vt 0.781250 1.000000
vt 0.781250 0.500000
vt 0.750000 1.000000
vt 0.750000 0.500000
vt 0.718750 1.000000
vt 0.718750 0.500000
vt 0.687500 1.000000
vt 0.687500 0.500000
vt 0.656250 1.000000
vt 0.656250 0.500000
vt 0.625000 1.000000
vt 0.625000 0.500000
vt 0.593750 1.000000
vt 0.593750 0.500000
vt 0.562500 1.000000
vt 0.562500 0.500000
vt 0.531250 1.000000
vt 0.531250 0.500000
vt 0.500000 1.000000
vt 0.500000 0.500000
vt 0.468750 1.000000
vt 0.468750 0.500000
vt 0.437500 1.000000
vt 0.437500 0.500000
vt 0.406250 1.000000
vt 0.406250 0.500000
vt 0.375000 1.000000
vt 0.375000 0.500000
vt 0.343750 1.000000
vt 0.343750 0.500000
vt 0.312500 1.000000
vt 0.312500 0.500000
vt 0.281250 1.000000
vt 0.281250 0.500000
vt 0.250000 1.000000
vt 0.250000 0.500000
vt 0.218750 1.000000
vt 0.218750 0.500000
vt 0.187500 1.000000
vt 0.187500 0.500000
vt 0.156250 1.000000
vt 0.156250 0.500000
vt 0.125000 1.000000
vt 0.125000 0.500000
vt 0.093750 1.000000
vt 0.093750 0.500000
vt 0.062500 1.000000
vt 0.062500 0.500000
vt 0.296822 0.485388
vt 0.250000 0.490000
vt 0.203178 0.485388
vt 0.158156 0.471731
vt 0.116663 0.449553
vt 0.080294 0.419706
vt 0.050447 0.383337
vt 0.028269 0.341844
vt 0.014612 0.296822
vt 0.010000 0.250000
vt 0.014612 0.203178
vt 0.028269 0.158156
vt 0.050447 0.116663
vt 0.080294 0.080294
vt 0.116663 0.050447
vt 0.158156 0.028269
vt 0.203178 0.014612
vt 0.250000 0.010000
vt 0.296822 0.014612
vt 0.341844 0.028269
vt 0.383337 0.050447
vt 0.419706 0.080294
vt 0.449553 0.116663
vt 0.471731 0.158156
vt 0.485388 0.203178
vt 0.490000 0.250000
vt 0.485388 0.296822
vt 0.471731 0.341844
vt 0.449553 0.383337
vt 0.419706 0.419706
vt 0.383337 0.449553
vt 0.341844 0.471731
vt 0.031250 1.000000
vt 0.031250 0.500000
vt 0.000000 1.000000
vt 0.000000 0.500000
vt 0.750000 0.490000
vt 0.796822 0.485388
vt 0.841844 0.471731
vt 0.883337 0.449553
vt 0.919706 0.419706
vt 0.949553 0.383337
vt 0.971731 0.341844
vt 0.985388 0.296822
vt 0.990000 0.250000
vt 0.985388 0.203178
vt 0.971731 0.158156
vt 0.949553 0.116663
vt 0.919706 0.080294
vt 0.883337 0.050447
vt 0.841844 0.028269
vt 0.796822 0.014612
vt 0.750000 0.010000
vt 0.703178 0.014612
vt 0.658156 0.028269
vt 0.616663 0.050447
vt 0.580294 0.080294
vt 0.550447 0.116663
vt 0.528269 0.158156
vt 0.514612 0.203178
vt 0.510000 0.250000
vt 0.514612 0.296822
vt 0.528269 0.341844
vt 0.550447 0.383337
vt 0.580294 0.419706
vt 0.616663 0.449553
vt 0.658156 0.471731
vt 0.703178 0.485388
s 0
usemtl base
f 4465/5699/4427 4466/5700/4427 4468/5701/4427 4467/5702/4427
f 4467/5702/4428 4468/5701/4428 4470/5703/4428 4469/5704/4428
f 4469/5704/4429 4470/5703/4429 4472/5705/4429 4471/5706/4429
f 4471/5706/4430 4472/5705/4430 4474/5707/4430 4473/5708/4430
f 4473/5708/4431 4474/5707/4431 4476/5709/4431 4475/5710/4431
f 4475/5710/4432 4476/5709/4432 4478/5711/4432 4477/5712/4432
f 4477/5712/4433 4478/5711/4433 4480/5713/4433 4479/5714/4433
f 4479/5714/4434 4480/5713/4434 4482/5715/4434 4481/5716/4434
f 4481/5716/4435 4482/5715/4435 4484/5717/4435 4483/5718/4435
f 4483/5718/4436 4484/5717/4436 4486/5719/4436 4485/5720/4436
f 4485/5720/4437 4486/5719/4437 4488/5721/4437 4487/5722/4437
f 4487/5722/4438 4488/5721/4438 4490/5723/4438 4489/5724/4438
f 4489/5724/4439 4490/5723/4439 4492/5725/4439 4491/5726/4439
f 4491/5726/4440 4492/5725/4440 4494/5727/4440 4493/5728/4440
f 4493/5728/4441 4494/5727/4441 4496/5729/4441 4495/5730/4441
f 4495/5730/4442 4496/5729/4442 4498/5731/4442 4497/5732/4442
f 4497/5732/4443 4498/5731/4443 4500/5733/4443 4499/5734/4443
f 4499/5734/4444 4500/5733/4444 4502/5735/4444 4501/5736/4444
f 4501/5736/4445 4502/5735/4445 4504/5737/4445 4503/5738/4445
f 4503/5738/4446 4504/5737/4446 4506/5739/4446 4505/5740/4446
f 4505/5740/4447 4506/5739/4447 4508/5741/4447 4507/5742/4447
f 4507/5742/4448 4508/5741/4448 4510/5743/4448 4509/5744/4448
f 4509/5744/4449 4510/5743/4449 4512/5745/4449 4511/5746/4449
f 4511/5746/4450 4512/5745/4450 4514/5747/4450 4513/5748/4450
f 4513/5748/4451 4514/5747/4451 4516/5749/4451 4515/5750/4451
f 4515/5750/4452 4516/5749/4452 4518/5751/4452 4517/5752/4452
f 4517/5752/4453 4518/5751/4453 4520/5753/4453 4519/5754/4453
f 4519/5754/4454 4520/5753/4454 4522/5755/4454 4521/5756/4454
f 4521/5756/4455 4522/5755/4455 4524/5757/4455 4523/5758/4455
f 4523/5758/4456 4524/5757/4456 4526/5759/4456 4525/5760/4456
f 4468/5761/4457 4466/5762/4457 4528/5763/4457 4526/5764/4457 4524/5765/4457 4522/5766/4457 4520/5767/4457 4518/5768/4457 4516/5769/4457 4514/5770/4457 4512/5771/4457 4510/5772/4457 4508/5773/4457 4506/5774/4457 4504/5775/4457 4502/5776/4457 4500/5777/4457 4498/5778/4457 4496/5779/4457 4494/5780/4457 4492/5781/4457 4490/5782/4457 4488/5783/4457 4486/5784/4457 4484/5785/4457 4482/5786/4457 4480/5787/4457 4478/5788/4457 4476/5789/4457 4474/5790/4457 4472/5791/4457 4470/5792/4457
f 4525/5760/4458 4526/5759/4458 4528/5793/4458 4527/5794/4458
f 4527/5794/4459 4528/5793/4459 4466/5795/4459 4465/5796/4459
f 4465/5797/4460 4467/5798/4460 4469/5799/4460 4471/5800/4460 4473/5801/4460 4475/5802/4460 4477/5803/4460 4479/5804/4460 4481/5805/4460 4483/5806/4460 4485/5807/4460 4487/5808/4460 4489/5809/4460 4491/5810/4460 4493/5811/4460 4495/5812/4460 4497/5813/4460 4499/5814/4460 4501/5815/4460 4503/5816/4460 4505/5817/4460 4507/5818/4460 4509/5819/4460 4511/5820/4460 4513/5821/4460 4515/5822/4460 4517/5823/4460 4519/5824/4460 4521/5825/4460 4523/5826/4460 4525/5827/4460 4527/5828/4460
o Cylinder.010
v 1.054999 4.443686 4.203907
v 1.054999 4.556314 4.203907
v 1.034727 4.443686 4.409728
v 1.034727 4.556314 4.409728
v 0.974692 4.443686 4.607638
v 0.974692 4.556314 4.607638
v 0.877200 4.443686 4.790033
v 0.877200 4.556314 4.790033
v 0.745997 4.443686 4.949904
v 0.745997 4.556314 4.949904
v 0.586126 4.443686 5.081107
v 0.586126 4.556314 5.081107
v 0.403731 4.443686 5.178599
v 0.403731 4.556314 5.178599
v 0.205820 4.443686 5.238635
v 0.205820 4.556314 5.238635
v 0.000000 4.443686 5.258906
v 0.000000 4.556314 5.258906
v -0.205820 4.443686 5.238635
v -0.205820 4.556314 5.238635
v -0.403731 4.443686 5.178599
v -0.403731 4.556314 5.178599
v -0.586126 4.443686 5.081107
v -0.586126 4.556314 5.081107
v -0.745997 4.443686 4.949904
v -0.745997 4.556314 4.949904
v -0.877200 4.443686 4.790033
v -0.877200 4.556314 4.790033
v -0.974692 4.443686 4.607638
v -0.974692 4.556314 4.607638
v -1.034727 4.443686 4.409728
v -1.034727 4.556314 4.409728
v -1.054999 4.443686 4.203907
v -1.054999 4.556314 4.203907
v -1.034727 4.443686 3.998087
v -1.034727 4.556314 3.998087
v -0.974692 4.443686 3.800177
v -0.974692 4.556314 3.800177
v -0.877200 4.443686 3.617781
v -0.877200 4.556314 3.617781
v -0.745997 4.443686 3.457911
v -0.745997 4.556314 3.457911
v -0.586126 4.443686 3.326708
v -0.586126 4.556314 3.326708
v -0.403731 4.443686 3.229216
v -0.403731 4.556314 3.229216
v -0.205820 4.443686 3.169180
v -0.205820 4.556314 3.169180
v 0.000000 4.443686 3.148909
v 0.000000 4.556314 3.148909
v 0.205820 4.443686 3.169180
v 0.205820 4.556314 3.169180
v 0.403731 4.443686 3.229216
v 0.403731 4.556314 3.229216
v 0.586126 4.443686 3.326708
v 0.586126 4.556314 3.326708
v 0.745997 4.443686 3.457911
v 0.745997 4.556314 3.457911
v 0.877200 4.443686 3.617781
v 0.877200 4.556314 3.617781
v 0.974692 4.443686 3.800177
v 0.974692 4.556314 3.800177
v 1.034727 4.443686 3.998087
v 1.034727 4.556314 3.998087
vn 0.9952 -0.0000 0.0980
vn 0.9569 -0.0000 0.2903
vn 0.8819 -0.0000 0.4714
vn 0.7730 -0.0000 0.6344
vn 0.6344 -0.0000 0.7730
vn 0.4714 -0.0000 0.8819
vn 0.2903 -0.0000 0.9569
vn 0.0980 -0.0000 0.9952
vn -0.0980 -0.0000 0.9952
vn -0.2903 -0.0000 0.9569
vn -0.4714 -0.0000 0.8819
vn -0.6344 -0.0000 0.7730
vn -0.7730 -0.0000 0.6344
vn -0.8819 -0.0000 0.4714
vn -0.9569 -0.0000 0.2903
vn -0.9952 -0.0000 0.0980
vn -0.9952 -0.0000 -0.0980
vn -0.9569 -0.0000 -0.2903
vn -0.8819 -0.0000 -0.4714
vn -0.7730 -0.0000 -0.6344
vn -0.6344 -0.0000 -0.7730
vn -0.4714 -0.0000 -0.8819
vn -0.2903 -0.0000 -0.9569
vn -0.0980 -0.0000 -0.9952
vn 0.0980 -0.0000 -0.9952
vn 0.2903 -0.0000 -0.9569
vn 0.4714 -0.0000 -0.8819
vn 0.6344 -0.0000 -0.7730
vn 0.7730 -0.0000 -0.6344
vn 0.8819 -0.0000 -0.4714
vn -0.0000 1.0000 -0.0000
vn 0.9569 -0.0000 -0.2903
vn 0.9952 -0.0000 -0.0980
vn -0.0000 -1.0000 -0.0000
vt 1.000000 0.500000
vt 1.000000 1.000000
vt 0.968750 1.000000
vt 0.968750 0.500000
vt 0.937500 1.000000
vt 0.937500 0.500000
vt 0.906250 1.000000
vt 0.906250 0.500000
vt 0.875000 1.000000
vt 0.875000 0.500000
vt 0.843750 1.000000
vt 0.843750 0.500000
vt 0.812500 1.000000
vt 0.812500 0.500000
vt 0.781250 1.000000
vt 0.781250 0.500000
vt 0.750000 1.000000
vt 0.750000 0.500000
vt 0.718750 1.000000
vt 0.718750 0.500000
vt 0.687500 1.000000
vt 0.687500 0.500000
vt 0.656250 1.000000
vt 0.656250 0.500000
vt 0.625000 1.000000
vt 0.625000 0.500000
vt 0.593750 1.000000
vt 0.593750 0.500000
vt 0.562500 1.000000
vt 0.562500 0.500000
vt 0.531250 1.000000
vt 0.531250 0.500000
vt 0.500000 1.000000
vt 0.500000 0.500000
vt 0.468750 1.000000
vt 0.468750 0.500000
vt 0.437500 1.000000
vt 0.437500 0.500000
vt 0.406250 1.000000
vt 0.406250 0.500000
vt 0.375000 1.000000
vt 0.375000 0.500000
vt 0.343750 1.000000
vt 0.343750 0.500000
vt 0.312500 1.000000
vt 0.312500 0.500000
vt 0.281250 1.000000
vt 0.281250 0.500000
vt 0.250000 1.000000
vt 0.250000 0.500000
vt 0.218750 1.000000
vt 0.218750 0.500000
vt 0.187500 1.000000
vt 0.187500 0.500000
vt 0.156250 1.000000
vt 0.156250 0.500000
vt 0.125000 1.000000
vt 0.125000 0.500000
vt 0.093750 1.000000
vt 0.093750 0.500000
vt 0.062500 1.000000
vt 0.062500 0.500000
vt 0.296822 0.485388
vt 0.250000 0.490000
vt 0.203178 0.485388
vt 0.158156 0.471731
vt 0.116663 0.449553
vt 0.080294 0.419706
vt 0.050447 0.383337
vt 0.028269 0.341844
vt 0.014612 0.296822
vt 0.010000 0.250000
vt 0.014612 0.203178
vt 0.028269 0.158156
vt 0.050447 0.116663
vt 0.080294 0.080294
vt 0.116663 0.050447
vt 0.158156 0.028269
vt 0.203178 0.014612
vt 0.250000 0.010000
vt 0.296822 0.014612
vt 0.341844 0.028269
vt 0.383337 0.050447
vt 0.419706 0.080294
vt 0.449553 0.116663
vt 0.471731 0.158156
vt 0.485388 0.203178
vt 0.490000 0.250000
vt 0.485388 0.296822
vt 0.471731 0.341844
vt 0.449553 0.383337
vt 0.419706 0.419706
vt 0.383337 0.449553
vt 0.341844 0.471731
vt 0.031250 1.000000
vt 0.031250 0.500000
vt 0.000000 1.000000
vt 0.000000 0.500000
vt 0.750000 0.490000
vt 0.796822 0.485388
vt 0.841844 0.471731
vt 0.883337 0.449553
vt 0.919706 0.419706
vt 0.949553 0.383337
vt 0.971731 0.341844
vt 0.985388 0.296822
vt 0.990000 0.250000
vt 0.985388 0.203178
vt 0.971731 0.158156
vt 0.949553 0.116663
vt 0.919706 0.080294
vt 0.883337 0.050447
vt 0.841844 0.028269
vt 0.796822 0.014612
vt 0.750000 0.010000
vt 0.703178 0.014612
vt 0.658156 0.028269
vt 0.616663 0.050447
vt 0.580294 0.080294
vt 0.550447 0.116663
vt 0.528269 0.158156
vt 0.514612 0.203178
vt 0.510000 0.250000
vt 0.514612 0.296822
vt 0.528269 0.341844
vt 0.550447 0.383337
vt 0.580294 0.419706
vt 0.616663 0.449553
vt 0.658156 0.471731
vt 0.703178 0.485388
s 0
usemtl cojin
f 4529/5829/4461 4530/5830/4461 4532/5831/4461 4531/5832/4461
f 4531/5832/4462 4532/5831/4462 4534/5833/4462 4533/5834/4462
f 4533/5834/4463 4534/5833/4463 4536/5835/4463 4535/5836/4463
f 4535/5836/4464 4536/5835/4464 4538/5837/4464 4537/5838/4464
f 4537/5838/4465 4538/5837/4465 4540/5839/4465 4539/5840/4465
f 4539/5840/4466 4540/5839/4466 4542/5841/4466 4541/5842/4466
f 4541/5842/4467 4542/5841/4467 4544/5843/4467 4543/5844/4467
f 4543/5844/4468 4544/5843/4468 4546/5845/4468 4545/5846/4468
f 4545/5846/4469 4546/5845/4469 4548/5847/4469 4547/5848/4469
f 4547/5848/4470 4548/5847/4470 4550/5849/4470 4549/5850/4470
f 4549/5850/4471 4550/5849/4471 4552/5851/4471 4551/5852/4471
f 4551/5852/4472 4552/5851/4472 4554/5853/4472 4553/5854/4472
f 4553/5854/4473 4554/5853/4473 4556/5855/4473 4555/5856/4473
f 4555/5856/4474 4556/5855/4474 4558/5857/4474 4557/5858/4474
f 4557/5858/4475 4558/5857/4475 4560/5859/4475 4559/5860/4475
f 4559/5860/4476 4560/5859/4476 4562/5861/4476 4561/5862/4476
f 4561/5862/4477 4562/5861/4477 4564/5863/4477 4563/5864/4477
f 4563/5864/4478 4564/5863/4478 4566/5865/4478 4565/5866/4478
f 4565/5866/4479 4566/5865/4479 4568/5867/4479 4567/5868/4479
f 4567/5868/4480 4568/5867/4480 4570/5869/4480 4569/5870/4480
f 4569/5870/4481 4570/5869/4481 4572/5871/4481 4571/5872/4481
f 4571/5872/4482 4572/5871/4482 4574/5873/4482 4573/5874/4482
f 4573/5874/4483 4574/5873/4483 4576/5875/4483 4575/5876/4483
f 4575/5876/4484 4576/5875/4484 4578/5877/4484 4577/5878/4484
f 4577/5878/4485 4578/5877/4485 4580/5879/4485 4579/5880/4485
f 4579/5880/4486 4580/5879/4486 4582/5881/4486 4581/5882/4486
f 4581/5882/4487 4582/5881/4487 4584/5883/4487 4583/5884/4487
f 4583/5884/4488 4584/5883/4488 4586/5885/4488 4585/5886/4488
f 4585/5886/4489 4586/5885/4489 4588/5887/4489 4587/5888/4489
f 4587/5888/4490 4588/5887/4490 4590/5889/4490 4589/5890/4490
f 4532/5891/4491 4530/5892/4491 4592/5893/4491 4590/5894/4491 4588/5895/4491 4586/5896/4491 4584/5897/4491 4582/5898/4491 4580/5899/4491 4578/5900/4491 4576/5901/4491 4574/5902/4491 4572/5903/4491 4570/5904/4491 4568/5905/4491 4566/5906/4491 4564/5907/4491 4562/5908/4491 4560/5909/4491 4558/5910/4491 4556/5911/4491 4554/5912/4491 4552/5913/4491 4550/5914/4491 4548/5915/4491 4546/5916/4491 4544/5917/4491 4542/5918/4491 4540/5919/4491 4538/5920/4491 4536/5921/4491 4534/5922/4491
f 4589/5890/4492 4590/5889/4492 4592/5923/4492 4591/5924/4492
f 4591/5924/4493 4592/5923/4493 4530/5925/4493 4529/5926/4493
f 4529/5927/4494 4531/5928/4494 4533/5929/4494 4535/5930/4494 4537/5931/4494 4539/5932/4494 4541/5933/4494 4543/5934/4494 4545/5935/4494 4547/5936/4494 4549/5937/4494 4551/5938/4494 4553/5939/4494 4555/5940/4494 4557/5941/4494 4559/5942/4494 4561/5943/4494 4563/5944/4494 4565/5945/4494 4567/5946/4494 4569/5947/4494 4571/5948/4494 4573/5949/4494 4575/5950/4494 4577/5951/4494 4579/5952/4494 4581/5953/4494 4583/5954/4494 4585/5955/4494 4587/5956/4494 4589/5957/4494 4591/5958/4494
o Cylinder.011
v 0.987159 4.539344 4.203910
v 0.987159 5.260656 4.203910
v 0.968191 4.539344 4.396495
v 0.968191 5.260656 4.396495
v 0.912016 4.539344 4.581679
v 0.912016 5.260656 4.581679
v 0.820793 4.539344 4.752346
v 0.820793 5.260656 4.752346
v 0.698027 4.539344 4.901937
v 0.698027 5.260656 4.901937
v 0.548436 4.539344 5.024703
v 0.548436 5.260656 5.024703
v 0.377769 4.539344 5.115926
v 0.377769 5.260656 5.115926
v 0.192585 4.539344 5.172101
v 0.192585 5.260656 5.172101
v 0.000000 4.539344 5.191069
v 0.000000 5.260656 5.191069
v -0.192585 4.539344 5.172101
v -0.192585 5.260656 5.172101
v -0.377769 4.539344 5.115926
v -0.377769 5.260656 5.115926
v -0.548436 4.539344 5.024703
v -0.548436 5.260656 5.024703
v -0.698027 4.539344 4.901937
v -0.698027 5.260656 4.901937
v -0.820793 4.539344 4.752346
v -0.820793 5.260656 4.752346
v -0.912016 4.539344 4.581679
v -0.912016 5.260656 4.581679
v -0.968191 4.539344 4.396495
v -0.968191 5.260656 4.396495
v -0.987159 4.539344 4.203910
v -0.987159 5.260656 4.203910
v -0.968191 4.539344 4.011325
v -0.968191 5.260656 4.011325
v -0.912016 4.539344 3.826140
v -0.912016 5.260656 3.826140
v -0.820793 4.539344 3.655474
v -0.820793 5.260656 3.655474
v -0.698027 4.539344 3.505883
v -0.698027 5.260656 3.505883
v -0.548436 4.539344 3.383117
v -0.548436 5.260656 3.383117
v -0.377769 4.539344 3.291894
v -0.377769 5.260656 3.291894
v -0.192585 4.539344 3.235719
v -0.192585 5.260656 3.235719
v 0.000000 4.539344 3.216751
v 0.000000 5.260656 3.216751
v 0.192585 4.539344 3.235719
v 0.192585 5.260656 3.235719
v 0.377769 4.539344 3.291894
v 0.377769 5.260656 3.291894
v 0.548436 4.539344 3.383117
v 0.548436 5.260656 3.383117
v 0.698027 4.539344 3.505883
v 0.698027 5.260656 3.505883
v 0.820793 4.539344 3.655474
v 0.820793 5.260656 3.655474
v 0.912016 4.539344 3.826140
v 0.912016 5.260656 3.826140
v 0.968191 4.539344 4.011325
v 0.968191 5.260656 4.011325
vn 0.9952 -0.0000 0.0980
vn 0.9569 -0.0000 0.2903
vn 0.8819 -0.0000 0.4714
vn 0.7730 -0.0000 0.6344
vn 0.6344 -0.0000 0.7730
vn 0.4714 -0.0000 0.8819
vn 0.2903 -0.0000 0.9569
vn 0.0980 -0.0000 0.9952
vn -0.0980 -0.0000 0.9952
vn -0.2903 -0.0000 0.9569
vn -0.4714 -0.0000 0.8819
vn -0.6344 -0.0000 0.7730
vn -0.7730 -0.0000 0.6344
vn -0.8819 -0.0000 0.4714
vn -0.9569 -0.0000 0.2903
vn -0.9952 -0.0000 0.0980
vn -0.9952 -0.0000 -0.0980
vn -0.9569 -0.0000 -0.2903
vn -0.8819 -0.0000 -0.4714
vn -0.7730 -0.0000 -0.6344
vn -0.6344 -0.0000 -0.7730
vn -0.4714 -0.0000 -0.8819
vn -0.2903 -0.0000 -0.9569
vn -0.0980 -0.0000 -0.9952
vn 0.0980 -0.0000 -0.9952
vn 0.2903 -0.0000 -0.9569
vn 0.4714 -0.0000 -0.8819
vn 0.6344 -0.0000 -0.7730
vn 0.7730 -0.0000 -0.6344
vn 0.8819 -0.0000 -0.4714
vn -0.0000 1.0000 -0.0000
vn 0.9569 -0.0000 -0.2903
vn 0.9952 -0.0000 -0.0980
vn -0.0000 -1.0000 -0.0000
vt 1.000000 0.500000
vt 1.000000 1.000000
vt 0.968750 1.000000
vt 0.968750 0.500000
vt 0.937500 1.000000
vt 0.937500 0.500000
vt 0.906250 1.000000
vt 0.906250 0.500000
vt 0.875000 1.000000
vt 0.875000 0.500000
vt 0.843750 1.000000
vt 0.843750 0.500000
vt 0.812500 1.000000
vt 0.812500 0.500000
vt 0.781250 1.000000
vt 0.781250 0.500000
vt 0.750000 1.000000
vt 0.750000 0.500000
vt 0.718750 1.000000
vt 0.718750 0.500000
vt 0.687500 1.000000
vt 0.687500 0.500000
vt 0.656250 1.000000
vt 0.656250 0.500000
vt 0.625000 1.000000
vt 0.625000 0.500000
vt 0.593750 1.000000
vt 0.593750 0.500000
vt 0.562500 1.000000
vt 0.562500 0.500000
vt 0.531250 1.000000
vt 0.531250 0.500000
vt 0.500000 1.000000
vt 0.500000 0.500000
vt 0.468750 1.000000
vt 0.468750 0.500000
vt 0.437500 1.000000
vt 0.437500 0.500000
vt 0.406250 1.000000
vt 0.406250 0.500000
vt 0.375000 1.000000
vt 0.375000 0.500000
vt 0.343750 1.000000
vt 0.343750 0.500000
vt 0.312500 1.000000
vt 0.312500 0.500000
vt 0.281250 1.000000
vt 0.281250 0.500000
vt 0.250000 1.000000
vt 0.250000 0.500000
vt 0.218750 1.000000
vt 0.218750 0.500000
vt 0.187500 1.000000
vt 0.187500 0.500000
vt 0.156250 1.000000
vt 0.156250 0.500000
vt 0.125000 1.000000
vt 0.125000 0.500000
vt 0.093750 1.000000
vt 0.093750 0.500000
vt 0.062500 1.000000
vt 0.062500 0.500000
vt 0.296822 0.485388
vt 0.250000 0.490000
vt 0.203178 0.485388
vt 0.158156 0.471731
vt 0.116663 0.449553
vt 0.080294 0.419706
vt 0.050447 0.383337
vt 0.028269 0.341844
vt 0.014612 0.296822
vt 0.010000 0.250000
vt 0.014612 0.203178
vt 0.028269 0.158156
vt 0.050447 0.116663
vt 0.080294 0.080294
vt 0.116663 0.050447
vt 0.158156 0.028269
vt 0.203178 0.014612
vt 0.250000 0.010000
vt 0.296822 0.014612
vt 0.341844 0.028269
vt 0.383337 0.050447
vt 0.419706 0.080294
vt 0.449553 0.116663
vt 0.471731 0.158156
vt 0.485388 0.203178
vt 0.490000 0.250000
vt 0.485388 0.296822
vt 0.471731 0.341844
vt 0.449553 0.383337
vt 0.419706 0.419706
vt 0.383337 0.449553
vt 0.341844 0.471731
vt 0.031250 1.000000
vt 0.031250 0.500000
vt 0.000000 1.000000
vt 0.000000 0.500000
vt 0.750000 0.490000
vt 0.796822 0.485388
vt 0.841844 0.471731
vt 0.883337 0.449553
vt 0.919706 0.419706
vt 0.949553 0.383337
vt 0.971731 0.341844
vt 0.985388 0.296822
vt 0.990000 0.250000
vt 0.985388 0.203178
vt 0.971731 0.158156
vt 0.949553 0.116663
vt 0.919706 0.080294
vt 0.883337 0.050447
vt 0.841844 0.028269
vt 0.796822 0.014612
vt 0.750000 0.010000
vt 0.703178 0.014612
vt 0.658156 0.028269
vt 0.616663 0.050447
vt 0.580294 0.080294
vt 0.550447 0.116663
vt 0.528269 0.158156
vt 0.514612 0.203178
vt 0.510000 0.250000
vt 0.514612 0.296822
vt 0.528269 0.341844
vt 0.550447 0.383337
vt 0.580294 0.419706
vt 0.616663 0.449553
vt 0.658156 0.471731
vt 0.703178 0.485388
s 0
usemtl cojin
f 4593/5959/4495 4594/5960/4495 4596/5961/4495 4595/5962/4495
f 4595/5962/4496 4596/5961/4496 4598/5963/4496 4597/5964/4496
f 4597/5964/4497 4598/5963/4497 4600/5965/4497 4599/5966/4497
f 4599/5966/4498 4600/5965/4498 4602/5967/4498 4601/5968/4498
f 4601/5968/4499 4602/5967/4499 4604/5969/4499 4603/5970/4499
f 4603/5970/4500 4604/5969/4500 4606/5971/4500 4605/5972/4500
f 4605/5972/4501 4606/5971/4501 4608/5973/4501 4607/5974/4501
f 4607/5974/4502 4608/5973/4502 4610/5975/4502 4609/5976/4502
f 4609/5976/4503 4610/5975/4503 4612/5977/4503 4611/5978/4503
f 4611/5978/4504 4612/5977/4504 4614/5979/4504 4613/5980/4504
f 4613/5980/4505 4614/5979/4505 4616/5981/4505 4615/5982/4505
f 4615/5982/4506 4616/5981/4506 4618/5983/4506 4617/5984/4506
f 4617/5984/4507 4618/5983/4507 4620/5985/4507 4619/5986/4507
f 4619/5986/4508 4620/5985/4508 4622/5987/4508 4621/5988/4508
f 4621/5988/4509 4622/5987/4509 4624/5989/4509 4623/5990/4509
f 4623/5990/4510 4624/5989/4510 4626/5991/4510 4625/5992/4510
f 4625/5992/4511 4626/5991/4511 4628/5993/4511 4627/5994/4511
f 4627/5994/4512 4628/5993/4512 4630/5995/4512 4629/5996/4512
f 4629/5996/4513 4630/5995/4513 4632/5997/4513 4631/5998/4513
f 4631/5998/4514 4632/5997/4514 4634/5999/4514 4633/6000/4514
f 4633/6000/4515 4634/5999/4515 4636/6001/4515 4635/6002/4515
f 4635/6002/4516 4636/6001/4516 4638/6003/4516 4637/6004/4516
f 4637/6004/4517 4638/6003/4517 4640/6005/4517 4639/6006/4517
f 4639/6006/4518 4640/6005/4518 4642/6007/4518 4641/6008/4518
f 4641/6008/4519 4642/6007/4519 4644/6009/4519 4643/6010/4519
f 4643/6010/4520 4644/6009/4520 4646/6011/4520 4645/6012/4520
f 4645/6012/4521 4646/6011/4521 4648/6013/4521 4647/6014/4521
f 4647/6014/4522 4648/6013/4522 4650/6015/4522 4649/6016/4522
f 4649/6016/4523 4650/6015/4523 4652/6017/4523 4651/6018/4523
f 4651/6018/4524 4652/6017/4524 4654/6019/4524 4653/6020/4524
f 4596/6021/4525 4594/6022/4525 4656/6023/4525 4654/6024/4525 4652/6025/4525 4650/6026/4525 4648/6027/4525 4646/6028/4525 4644/6029/4525 4642/6030/4525 4640/6031/4525 4638/6032/4525 4636/6033/4525 4634/6034/4525 4632/6035/4525 4630/6036/4525 4628/6037/4525 4626/6038/4525 4624/6039/4525 4622/6040/4525 4620/6041/4525 4618/6042/4525 4616/6043/4525 4614/6044/4525 4612/6045/4525 4610/6046/4525 4608/6047/4525 4606/6048/4525 4604/6049/4525 4602/6050/4525 4600/6051/4525 4598/6052/4525
f 4653/6020/4526 4654/6019/4526 4656/6053/4526 4655/6054/4526
f 4655/6054/4527 4656/6053/4527 4594/6055/4527 4593/6056/4527
f 4593/6057/4528 4595/6058/4528 4597/6059/4528 4599/6060/4528 4601/6061/4528 4603/6062/4528 4605/6063/4528 4607/6064/4528 4609/6065/4528 4611/6066/4528 4613/6067/4528 4615/6068/4528 4617/6069/4528 4619/6070/4528 4621/6071/4528 4623/6072/4528 4625/6073/4528 4627/6074/4528 4629/6075/4528 4631/6076/4528 4633/6077/4528 4635/6078/4528 4637/6079/4528 4639/6080/4528 4641/6081/4528 4643/6082/4528 4645/6083/4528 4647/6084/4528 4649/6085/4528 4651/6086/4528 4653/6087/4528 4655/6088/4528
o Cube.004
v 0.570000 5.126797 3.673908
v 0.570000 1.175732 3.673908
v 0.430000 5.126797 3.673908
v 0.430000 1.175732 3.673908
v 0.570000 5.126797 3.533908
v 0.570000 1.175732 3.533908
v 0.430000 5.126797 3.533908
v 0.430000 1.175732 3.533908
vn -0.0000 1.0000 -0.0000
vn -1.0000 -0.0000 -0.0000
vn -0.0000 -0.0000 -1.0000
vn -0.0000 -1.0000 -0.0000
vn -0.0000 -0.0000 1.0000
vn 1.0000 -0.0000 -0.0000
vt 0.625000 0.500000
vt 0.875000 0.500000
vt 0.875000 0.750000
vt 0.625000 0.750000
vt 0.375000 0.750000
vt 0.625000 1.000000
vt 0.375000 1.000000
vt 0.375000 0.000000
vt 0.625000 0.000000
vt 0.625000 0.250000
vt 0.375000 0.250000
vt 0.125000 0.500000
vt 0.375000 0.500000
vt 0.125000 0.750000
s 0
usemtl base
f 4657/6089/4529 4661/6090/4529 4663/6091/4529 4659/6092/4529
f 4660/6093/4530 4659/6092/4530 4663/6094/4530 4664/6095/4530
f 4664/6096/4531 4663/6097/4531 4661/6098/4531 4662/6099/4531
f 4662/6100/4532 4658/6101/4532 4660/6093/4532 4664/6102/4532
f 4658/6101/4533 4657/6089/4533 4659/6092/4533 4660/6093/4533
f 4662/6099/4534 4661/6098/4534 4657/6089/4534 4658/6101/4534
o Cube.005
v -0.430000 5.066780 3.673908
v -0.430000 1.175732 3.673908
v -0.570000 5.066780 3.673908
v -0.570000 1.175732 3.673908
v -0.430000 5.066780 3.533908
v -0.430000 1.175732 3.533908
v -0.570000 5.066780 3.533908
v -0.570000 1.175732 3.533908
vn -0.0000 1.0000 -0.0000
vn -1.0000 -0.0000 -0.0000
vn -0.0000 -0.0000 -1.0000
vn -0.0000 -1.0000 -0.0000
vn -0.0000 -0.0000 1.0000
vn 1.0000 -0.0000 -0.0000
vt 0.625000 0.500000
vt 0.875000 0.500000
vt 0.875000 0.750000
vt 0.625000 0.750000
vt 0.375000 0.750000
vt 0.625000 1.000000
vt 0.375000 1.000000
vt 0.375000 0.000000
vt 0.625000 0.000000
vt 0.625000 0.250000
vt 0.375000 0.250000
vt 0.125000 0.500000
vt 0.375000 0.500000
vt 0.125000 0.750000
s 0
usemtl base
f 4665/6103/4535 4669/6104/4535 4671/6105/4535 4667/6106/4535
f 4668/6107/4536 4667/6106/4536 4671/6108/4536 4672/6109/4536
f 4672/6110/4537 4671/6111/4537 4669/6112/4537 4670/6113/4537
f 4670/6114/4538 4666/6115/4538 4668/6107/4538 4672/6116/4538
f 4666/6115/4539 4665/6103/4539 4667/6106/4539 4668/6107/4539
f 4670/6113/4540 4669/6112/4540 4665/6103/4540 4666/6115/4540
o Cube.006
v -0.430000 4.897750 4.873908
v -0.430000 1.175732 4.873908
v -0.570000 4.897750 4.873908
v -0.570000 1.175732 4.873908
v -0.430000 4.897750 4.733907
v -0.430000 1.175732 4.733907
v -0.570000 4.897750 4.733907
v -0.570000 1.175732 4.733907
vn -0.0000 1.0000 -0.0000
vn -1.0000 -0.0000 -0.0000
vn -0.0000 -0.0000 -1.0000
vn -0.0000 -1.0000 -0.0000
vn -0.0000 -0.0000 1.0000
vn 1.0000 -0.0000 -0.0000
vt 0.625000 0.500000
vt 0.875000 0.500000
vt 0.875000 0.750000
vt 0.625000 0.750000
vt 0.375000 0.750000
vt 0.625000 1.000000
vt 0.375000 1.000000
vt 0.375000 0.000000
vt 0.625000 0.000000
vt 0.625000 0.250000
vt 0.375000 0.250000
vt 0.125000 0.500000
vt 0.375000 0.500000
vt 0.125000 0.750000
s 0
usemtl base
f 4673/6117/4541 4677/6118/4541 4679/6119/4541 4675/6120/4541
f 4676/6121/4542 4675/6120/4542 4679/6122/4542 4680/6123/4542
f 4680/6124/4543 4679/6125/4543 4677/6126/4543 4678/6127/4543
f 4678/6128/4544 4674/6129/4544 4676/6121/4544 4680/6130/4544
f 4674/6129/4545 4673/6117/4545 4675/6120/4545 4676/6121/4545
f 4678/6127/4546 4677/6126/4546 4673/6117/4546 4674/6129/4546
o Cube.007
v 0.570000 4.904793 4.873908
v 0.570000 1.075732 4.873908
v 0.430000 4.904793 4.873908
v 0.430000 1.075732 4.873908
v 0.570000 4.904793 4.733907
v 0.570000 1.075732 4.733907
v 0.430000 4.904793 4.733907
v 0.430000 1.075732 4.733907
vn -0.0000 1.0000 -0.0000
vn -1.0000 -0.0000 -0.0000
vn -0.0000 -0.0000 -1.0000
vn -0.0000 -1.0000 -0.0000
vn -0.0000 -0.0000 1.0000
vn 1.0000 -0.0000 -0.0000
vt 0.625000 0.500000
vt 0.875000 0.500000
vt 0.875000 0.750000
vt 0.625000 0.750000
vt 0.375000 0.750000
vt 0.625000 1.000000
vt 0.375000 1.000000
vt 0.375000 0.000000
vt 0.625000 0.000000
vt 0.625000 0.250000
vt 0.375000 0.250000
vt 0.125000 0.500000
vt 0.375000 0.500000
vt 0.125000 0.750000
s 0
usemtl base
f 4681/6131/4547 4685/6132/4547 4687/6133/4547 4683/6134/4547
f 4684/6135/4548 4683/6134/4548 4687/6136/4548 4688/6137/4548
f 4688/6138/4549 4687/6139/4549 4685/6140/4549 4686/6141/4549
f 4686/6142/4550 4682/6143/4550 4684/6135/4550 4688/6144/4550
f 4682/6143/4551 4681/6131/4551 4683/6134/4551 4684/6135/4551
f 4686/6141/4552 4685/6140/4552 4681/6131/4552 4682/6143/4552
o Circle
v 0.117983 5.263121 -0.000000
v 0.115716 5.263121 -0.023017
v 0.109002 5.263121 -0.045150
v 0.098099 5.263121 -0.065548
v 0.083426 5.263121 -0.083426
v 0.065548 5.263121 -0.098099
v 0.045150 5.263121 -0.109002
v 0.023017 5.263121 -0.115716
v 0.000000 5.263121 -0.117983
v -0.023017 5.263121 -0.115716
v -0.045150 5.263121 -0.109002
v -0.065548 5.263121 -0.098099
v -0.083426 5.263121 -0.083426
v -0.098099 5.263121 -0.065548
v -0.109002 5.263121 -0.045150
v -0.115716 5.263121 -0.023017
v -0.117983 5.263121 -0.000000
v -0.115716 5.263121 0.023017
v -0.109002 5.263121 0.045150
v -0.098099 5.263121 0.065548
v -0.083426 5.263121 0.083426
v -0.065548 5.263121 0.098099
v -0.045150 5.263121 0.109002
v -0.023017 5.263121 0.115716
v 0.000000 5.263121 0.117983
v 0.023017 5.263121 0.115716
v 0.045150 5.263121 0.109002
v 0.065548 5.263121 0.098099
v 0.083426 5.263121 0.083426
v 0.098099 5.263121 0.065548
v 0.109002 5.263121 0.045150
v 0.115716 5.263121 0.023017
vn -0.0000 1.0000 -0.0000
vt 0.000000 0.000000
s 0
usemtl Material.006
f 4690/6145/4553 4691/6145/4553 4692/6145/4553 4693/6145/4553 4694/6145/4553 4695/6145/4553 4696/6145/4553 4697/6145/4553 4698/6145/4553 4699/6145/4553 4700/6145/4553 4701/6145/4553 4702/6145/4553 4703/6145/4553 4704/6145/4553 4705/6145/4553 4706/6145/4553 4707/6145/4553 4708/6145/4553 4709/6145/4553 4710/6145/4553 4711/6145/4553 4712/6145/4553 4713/6145/4553 4714/6145/4553 4715/6145/4553 4716/6145/4553 4717/6145/4553 4718/6145/4553 4719/6145/4553 4720/6145/4553 4689/6145/4553
o Circle.001
v 0.117983 5.263121 4.203910
v 0.115716 5.263121 4.180892
v 0.109002 5.263121 4.158760
v 0.098099 5.263121 4.138362
v 0.083426 5.263121 4.120483
v 0.065548 5.263121 4.105811
v 0.045150 5.263121 4.094908
v 0.023017 5.263121 4.088194
v 0.000000 5.263121 4.085927
v -0.023017 5.263121 4.088194
v -0.045150 5.263121 4.094908
v -0.065548 5.263121 4.105811
v -0.083426 5.263121 4.120483
v -0.098099 5.263121 4.138362
v -0.109002 5.263121 4.158760
v -0.115716 5.263121 4.180892
v -0.117983 5.263121 4.203910
v -0.115716 5.263121 4.226927
v -0.109002 5.263121 4.249060
v -0.098099 5.263121 4.269457
v -0.083426 5.263121 4.287336
v -0.065548 5.263121 4.302009
v -0.045150 5.263121 4.312912
v -0.023017 5.263121 4.319625
v 0.000000 5.263121 4.321893
v 0.023017 5.263121 4.319625
v 0.045150 5.263121 4.312912
v 0.065548 5.263121 4.302009
v 0.083426 5.263121 4.287336
v 0.098099 5.263121 4.269457
v 0.109002 5.263121 4.249060
v 0.115716 5.263121 4.226927
vn -0.0000 1.0000 -0.0000
vt 0.000000 0.000000
s 0
usemtl Material.008
f 4722/6146/4554 4723/6146/4554 4724/6146/4554 4725/6146/4554 4726/6146/4554 4727/6146/4554 4728/6146/4554 4729/6146/4554 4730/6146/4554 4731/6146/4554 4732/6146/4554 4733/6146/4554 4734/6146/4554 4735/6146/4554 4736/6146/4554 4737/6146/4554 4738/6146/4554 4739/6146/4554 4740/6146/4554 4741/6146/4554 4742/6146/4554 4743/6146/4554 4744/6146/4554 4745/6146/4554 4746/6146/4554 4747/6146/4554 4748/6146/4554 4749/6146/4554 4750/6146/4554 4751/6146/4554 4752/6146/4554 4721/6146/4554
