# Blender 4.5.3 LTS
# www.blender.org
mtllib cara2.mtl
o colmillo
v -2.123384 -2.130387 0.342975
v -2.871128 -0.801166 0.452341
v -1.991279 -2.069527 0.334792
v -2.505227 -0.632599 0.429674
v -2.106546 -2.147617 0.486650
v -2.824490 -0.848891 0.850284
v -1.974440 -2.086757 0.478466
v -2.458590 -0.680323 0.827618
v -2.833470 -1.004019 0.444459
v -2.376610 -0.793547 0.416158
v -2.318378 -0.853136 0.913027
v -2.775239 -1.063608 0.941328
v -2.145927 -1.476484 0.586912
v -2.107509 -1.515797 0.914718
v -2.408920 -1.654655 0.933390
v -2.447338 -1.615342 0.605583
v -1.997795 -2.086832 0.319956
v -2.009087 -2.107461 0.304394
v -2.024256 -2.125362 0.293968
v -2.042791 -2.137967 0.290924
v -2.063980 -2.143663 0.296429
v -2.086259 -2.143013 0.309175
v -2.107584 -2.137410 0.326757
v -2.862436 -0.956934 0.424290
v -2.884411 -0.918195 0.410701
v -2.898969 -0.886606 0.403836
v -2.905681 -0.860970 0.403841
v -2.904445 -0.840170 0.410572
v -2.896465 -0.823399 0.422736
v -2.883668 -0.810095 0.438363
v -2.843925 -0.783916 0.436853
v -2.801894 -0.759472 0.419388
v -2.751373 -0.732610 0.405763
v -2.695948 -0.705742 0.398426
v -2.639114 -0.680893 0.398809
v -2.584805 -0.659461 0.405940
v -2.537411 -0.642707 0.417866
v -2.116131 -1.574435 0.569208
v -2.088184 -1.669788 0.540054
v -2.062735 -1.760440 0.503321
v -2.040429 -1.844290 0.462879
v -2.021845 -1.919319 0.422462
v -2.007277 -1.983837 0.385258
v -1.996938 -2.035887 0.354417
v -1.967577 -2.096399 0.454118
v -1.960869 -2.106283 0.423240
v -1.957158 -2.112372 0.393603
v -1.957453 -2.112969 0.368554
v -1.962221 -2.107191 0.350399
v -1.970706 -2.096218 0.339310
v -1.981571 -2.082079 0.334715
v -2.489446 -0.628657 0.461499
v -2.470828 -0.626074 0.509622
v -2.455025 -0.626969 0.566271
v -2.444478 -0.632080 0.627183
v -2.440717 -0.641611 0.688361
v -2.443158 -0.654389 0.745722
v -2.450377 -0.668636 0.794856
v -2.080697 -1.610695 0.871557
v -2.055722 -1.703007 0.817048
v -2.033215 -1.790648 0.755207
v -2.013806 -1.871534 0.690048
v -1.998047 -1.943672 0.625525
v -1.986173 -2.005433 0.565336
v -1.978292 -2.054968 0.513515
v -2.089922 -2.155484 0.477461
v -2.067745 -2.161959 0.467153
v -2.044891 -2.163198 0.459312
v -2.023496 -2.157712 0.455562
v -2.005166 -2.144897 0.456851
v -1.990573 -2.126407 0.462372
v -1.980133 -2.104905 0.470660
v -2.487497 -0.693784 0.843759
v -2.531365 -0.714147 0.861930
v -2.583183 -0.738128 0.876052
v -2.639090 -0.763925 0.883574
v -2.695441 -0.789845 0.883006
v -2.748453 -0.814158 0.875378
v -2.794012 -0.834993 0.862747
v -2.358700 -1.738769 0.888778
v -2.310411 -1.820341 0.832825
v -2.264818 -1.897346 0.769554
v -2.222683 -1.967762 0.702988
v -2.184758 -2.029688 0.637091
v -2.151750 -2.081713 0.575593
v -2.124579 -2.122361 0.522577
v -2.120140 -2.145916 0.343298
v -2.115963 -2.163137 0.348308
v -2.111989 -2.176188 0.359677
v -2.108834 -2.182710 0.377931
v -2.106925 -2.181369 0.402881
v -2.106127 -2.173202 0.432238
v -2.106146 -2.160236 0.462702
v -2.841977 -0.849043 0.819114
v -2.862431 -0.847545 0.771695
v -2.879530 -0.843769 0.715544
v -2.890560 -0.837587 0.654817
v -2.893839 -0.829127 0.593454
v -2.890101 -0.819230 0.535595
v -2.881045 -0.809064 0.485757
v -2.501673 -1.527529 0.610514
v -2.556206 -1.440459 0.602843
v -2.609971 -1.355387 0.585289
v -2.662001 -1.273572 0.560571
v -2.711332 -1.196271 0.531410
v -2.756997 -1.124740 0.500524
v -2.798032 -1.060237 0.470634
v -2.491803 -0.629565 0.414088
v -2.475065 -0.629264 0.396631
v -2.458453 -0.634704 0.382944
v -2.442582 -0.647624 0.375153
v -2.427486 -0.669397 0.374629
v -2.412237 -0.700668 0.381451
v -2.395667 -0.741897 0.395375
v -2.441855 -0.680676 0.840271
v -2.421353 -0.684227 0.854935
v -2.401607 -0.692875 0.867994
v -2.383556 -0.708026 0.878807
v -2.367391 -0.730893 0.887402
v -2.352053 -0.762254 0.894976
v -2.336173 -0.802778 0.903021
v -2.833721 -0.861206 0.864546
v -2.842753 -0.878363 0.881039
v -2.847599 -0.898341 0.895622
v -2.846654 -0.921372 0.907495
v -2.838874 -0.948102 0.916609
v -2.824228 -0.979781 0.924226
v -2.802941 -1.017815 0.931935
v -2.818800 -1.074646 0.891731
v -2.852678 -1.079705 0.832736
v -2.876530 -1.079132 0.767256
v -2.890016 -1.073277 0.698200
v -2.892794 -1.062489 0.628482
v -2.884523 -1.047117 0.561011
v -2.864862 -1.027511 0.498700
v -2.361340 -0.880016 0.956743
v -2.413697 -0.909200 0.989312
v -2.472773 -0.939454 1.010566
v -2.535890 -0.969544 1.020341
v -2.600372 -0.998238 1.018470
v -2.663542 -1.024302 1.004789
v -2.722723 -1.046503 0.979130
v -2.333048 -0.782508 0.465755
v -2.299171 -0.777450 0.524750
v -2.275319 -0.778023 0.590231
v -2.261833 -0.783878 0.659286
v -2.259055 -0.794666 0.729005
v -2.267325 -0.810037 0.796476
v -2.286986 -0.829644 0.858787
v -2.790509 -0.977138 0.400743
v -2.738152 -0.947954 0.368175
v -2.679076 -0.917701 0.346921
v -2.615958 -0.887610 0.337146
v -2.551476 -0.858917 0.339016
v -2.488306 -0.832852 0.352698
v -2.429125 -0.810652 0.378357
v -2.354193 -0.855764 0.443140
v -2.328728 -0.927440 0.473994
v -2.300822 -1.007152 0.505980
v -2.271082 -1.093479 0.536355
v -2.240116 -1.184998 0.562377
v -2.208530 -1.280287 0.581306
v -2.176931 -1.377923 0.590398
v -2.297621 -0.913654 0.925847
v -2.274141 -0.983299 0.939768
v -2.248499 -1.060695 0.952439
v -2.221256 -1.144467 0.961508
v -2.192974 -1.233238 0.964622
v -2.164215 -1.325634 0.959429
v -2.135539 -1.420279 0.943579
v -2.741460 -1.118127 0.953341
v -2.702410 -1.180600 0.966298
v -2.659008 -1.249814 0.977869
v -2.612175 -1.324560 0.985724
v -2.562829 -1.403628 0.987533
v -2.511891 -1.485806 0.980967
v -2.460282 -1.569886 0.963696
v -2.143224 -2.103281 0.363479
v -2.172854 -2.060117 0.395515
v -2.208556 -2.005336 0.434028
v -2.249306 -1.940518 0.475819
v -2.294338 -1.867138 0.517668
v -2.342874 -1.787121 0.555831
v -2.394134 -1.702509 0.586429
v -2.418994 -1.597608 0.576742
v -2.384452 -1.578354 0.555255
v -2.345477 -1.558394 0.541232
v -2.303836 -1.538542 0.534784
v -2.261294 -1.519611 0.536018
v -2.219618 -1.502416 0.545044
v -2.180573 -1.487769 0.561972
v -2.117187 -1.469202 0.619633
v -2.094837 -1.465864 0.658555
v -2.079101 -1.466242 0.701755
v -2.070203 -1.470105 0.747314
v -2.068371 -1.477222 0.793311
v -2.073827 -1.487364 0.837824
v -2.086798 -1.500299 0.878933
v -2.135853 -1.533532 0.943560
v -2.170395 -1.552786 0.965047
v -2.209370 -1.572746 0.979069
v -2.251011 -1.592598 0.985518
v -2.293553 -1.611528 0.984284
v -2.335229 -1.628724 0.975257
v -2.374274 -1.643371 0.958329
v -2.437660 -1.661938 0.900668
v -2.460010 -1.665275 0.861747
v -2.475746 -1.664897 0.818546
v -2.484644 -1.661035 0.772987
v -2.486476 -1.653917 0.726991
v -2.481020 -1.643776 0.682477
v -2.468049 -1.630841 0.641368
v -2.818543 -0.929469 0.379625
v -2.840012 -0.890399 0.365512
v -2.854639 -0.858816 0.358695
v -2.862148 -0.833606 0.359467
v -2.862629 -0.813768 0.367956
v -2.857639 -0.798743 0.383644
v -2.849652 -0.788363 0.406134
v -2.765052 -0.899648 0.346350
v -2.785912 -0.860210 0.331845
v -2.800646 -0.828608 0.325062
v -2.809171 -0.803811 0.326400
v -2.811725 -0.784889 0.336212
v -2.809837 -0.771323 0.354667
v -2.805579 -0.762803 0.382059
v -2.704696 -0.868735 0.324634
v -2.724870 -0.828917 0.309874
v -2.739728 -0.797300 0.303111
v -2.749403 -0.772941 0.304816
v -2.754218 -0.754947 0.315458
v -2.755263 -0.742631 0.335497
v -2.753842 -0.735374 0.365410
v -2.640211 -0.837991 0.314647
v -2.659645 -0.797807 0.299769
v -2.674619 -0.766212 0.293017
v -2.685493 -0.742357 0.294894
v -2.692637 -0.725369 0.305898
v -2.696473 -0.714273 0.326507
v -2.697432 -0.708064 0.357193
v -2.574330 -0.808677 0.316558
v -2.592999 -0.768165 0.301705
v -2.608065 -0.736644 0.294955
v -2.620111 -0.713377 0.296807
v -2.629556 -0.697516 0.307736
v -2.636172 -0.687767 0.328120
v -2.639539 -0.682715 0.358329
v -2.509789 -0.782051 0.330537
v -2.527701 -0.741254 0.315850
v -2.542838 -0.709837 0.309091
v -2.555994 -0.687173 0.310716
v -2.567684 -0.672461 0.321095
v -2.577300 -0.664194 0.340262
v -2.583709 -0.660590 0.368315
v -2.449323 -0.759372 0.356753
v -2.466523 -0.718335 0.342375
v -2.481718 -0.687014 0.335594
v -2.495899 -0.664878 0.336779
v -2.509755 -0.651202 0.346097
v -2.522757 -0.644466 0.362899
v -2.533479 -0.642704 0.386548
v -2.351161 -0.730617 0.446049
v -2.367211 -0.689244 0.432717
v -2.382517 -0.657955 0.425835
v -2.398394 -0.636316 0.425477
v -2.416040 -0.623750 0.431347
v -2.436174 -0.619103 0.441662
v -2.459704 -0.621093 0.453660
v -2.316548 -0.725446 0.506324
v -2.332199 -0.683987 0.493694
v -2.347558 -0.652635 0.486733
v -2.364062 -0.630952 0.485312
v -2.383132 -0.618401 0.488978
v -2.406137 -0.614056 0.495966
v -2.434614 -0.616916 0.503944
v -2.292179 -0.726027 0.573225
v -2.307550 -0.684550 0.561371
v -2.322953 -0.653127 0.554315
v -2.339908 -0.631299 0.551701
v -2.359954 -0.618543 0.552987
v -2.384706 -0.614106 0.556874
v -2.415814 -0.617180 0.561847
v -2.278401 -0.732008 0.643778
v -2.293614 -0.690587 0.632740
v -2.309042 -0.659125 0.625575
v -2.326253 -0.637126 0.621687
v -2.346821 -0.624071 0.620480
v -2.372325 -0.619321 0.621378
v -2.404349 -0.622213 0.623804
v -2.275563 -0.743031 0.715008
v -2.290742 -0.701749 0.704790
v -2.306171 -0.670300 0.697508
v -2.323428 -0.648162 0.692316
v -2.344065 -0.634802 0.688567
v -2.369526 -0.629639 0.686393
v -2.401245 -0.632089 0.686160
v -2.284013 -0.758740 0.783941
v -2.299288 -0.717665 0.774517
v -2.314698 -0.686261 0.767119
v -2.331792 -0.663974 0.760662
v -2.352026 -0.650231 0.754391
v -2.376498 -0.644386 0.748867
v -2.406335 -0.645855 0.745243
v -2.304100 -0.778775 0.847603
v -2.319606 -0.737959 0.838914
v -2.334984 -0.706595 0.831414
v -2.351712 -0.684086 0.823800
v -2.371063 -0.669776 0.815124
v -2.393490 -0.662782 0.805871
v -2.419405 -0.662332 0.797522
v -2.380067 -0.830241 0.947686
v -2.396464 -0.790027 0.940169
v -2.411756 -0.758606 0.932556
v -2.427171 -0.735208 0.923213
v -2.443588 -0.718910 0.910672
v -2.460497 -0.708177 0.894148
v -2.476499 -0.701012 0.872741
v -2.433561 -0.860055 0.980963
v -2.450586 -0.820166 0.973844
v -2.465824 -0.788645 0.966219
v -2.480328 -0.764603 0.956349
v -2.494851 -0.746992 0.942554
v -2.508961 -0.734126 0.923379
v -2.521719 -0.724024 0.897255
v -2.493919 -0.890962 1.002680
v -2.511651 -0.851409 0.995825
v -2.526819 -0.819783 0.988199
v -2.540277 -0.795071 0.978002
v -2.552709 -0.776153 0.963443
v -2.564136 -0.761482 0.942780
v -2.574386 -0.749387 0.914262
v -2.558405 -0.921703 1.012667
v -2.576885 -0.882496 1.005933
v -2.591962 -0.850796 0.998306
v -2.604269 -0.825474 0.987956
v -2.614448 -0.805381 0.973064
v -2.623182 -0.789271 0.951868
v -2.631166 -0.775875 0.922621
v -2.624285 -0.951020 1.010755
v -2.643521 -0.912161 1.003994
v -2.658482 -0.880440 0.996355
v -2.669569 -0.854636 0.986011
v -2.677372 -0.833584 0.971165
v -2.683226 -0.816346 0.950157
v -2.688689 -0.802046 0.921343
v -2.688824 -0.977653 0.996775
v -2.708797 -0.939122 0.989839
v -2.723633 -0.907416 0.982189
v -2.733505 -0.881240 0.972033
v -2.738892 -0.859419 0.957672
v -2.741498 -0.841254 0.937784
v -2.743588 -0.826238 0.911000
v -2.749287 -1.000338 0.970558
v -2.769952 -0.962091 0.963305
v -2.784677 -0.930408 0.955657
v -2.793420 -0.903936 0.945901
v -2.796463 -0.881477 0.932532
v -2.795378 -0.862455 0.914893
v -2.792672 -0.846671 0.892327
v -2.847449 -1.029092 0.881262
v -2.869264 -0.991182 0.872963
v -2.883878 -0.959467 0.865416
v -2.890925 -0.932498 0.857202
v -2.890177 -0.908928 0.847282
v -2.881962 -0.887817 0.836130
v -2.866448 -0.868281 0.825215
v -2.882064 -1.034258 0.820988
v -2.904299 -0.996389 0.811996
v -2.918912 -0.964618 0.804548
v -2.925437 -0.937462 0.797436
v -2.923444 -0.913480 0.789788
v -2.912661 -0.891393 0.782081
v -2.892684 -0.869912 0.775371
v -2.906436 -1.033670 0.754089
v -2.928970 -0.995777 0.744327
v -2.943594 -0.963956 0.736995
v -2.949772 -0.936714 0.731117
v -2.946973 -0.912558 0.725915
v -2.934693 -0.890007 0.721403
v -2.912414 -0.867580 0.717825
v -2.920216 -1.027687 0.683536
v -2.942916 -0.989716 0.672962
v -2.957540 -0.957883 0.665748
v -2.963508 -0.930705 0.661163
v -2.960264 -0.906680 0.658481
v -2.947330 -0.884222 0.656998
v -2.924248 -0.861726 0.656010
v -2.923053 -1.016666 0.612306
v -2.945778 -0.978577 0.600908
v -2.960376 -0.946784 0.593801
v -2.966251 -0.919851 0.590501
v -2.962862 -0.896298 0.590335
v -2.949872 -0.874474 0.591884
v -2.926982 -0.852672 0.593512
v -2.914600 -1.000964 0.543371
v -2.937210 -0.962711 0.531173
v -2.951773 -0.930992 0.524162
v -2.957707 -0.904440 0.522087
v -2.954550 -0.881649 0.524376
v -2.942300 -0.861063 0.529179
v -2.920963 -0.840973 0.534072
v -2.894510 -0.980935 0.479708
v -2.916869 -0.942468 0.466767
v -2.931410 -0.910826 0.459837
v -2.937607 -0.884728 0.458880
v -2.935155 -0.862903 0.463505
v -2.924646 -0.844139 0.471922
v -2.906747 -0.827043 0.481353
v -1.985510 -2.115976 0.310351
v -1.974338 -2.136808 0.310227
v -1.965886 -2.150789 0.318569
v -1.961217 -2.157334 0.335346
v -1.960990 -2.155798 0.360343
v -1.964752 -2.146617 0.392023
v -1.971631 -2.130178 0.428777
v -1.994792 -2.142800 0.291621
v -1.982936 -2.168267 0.288890
v -1.974338 -2.184601 0.295710
v -1.969693 -2.191765 0.311925
v -1.969460 -2.189592 0.337333
v -1.973288 -2.178140 0.371209
v -1.980581 -2.157342 0.412877
v -2.008471 -2.163263 0.279831
v -1.996036 -2.190956 0.275973
v -1.987326 -2.208566 0.282192
v -1.982699 -2.216118 0.298328
v -1.982403 -2.213603 0.324194
v -1.986252 -2.200968 0.359455
v -1.993946 -2.178125 0.403761
v -2.026024 -2.176317 0.276393
v -2.013280 -2.204533 0.272275
v -2.004607 -2.222535 0.278399
v -2.000052 -2.230246 0.294591
v -1.999654 -2.227604 0.320665
v -2.003425 -2.214617 0.356365
v -2.011371 -2.191312 0.401421
v -2.046880 -2.180958 0.282210
v -2.034307 -2.208587 0.278343
v -2.025945 -2.226358 0.284584
v -2.021562 -2.234022 0.300735
v -2.021023 -2.231395 0.326586
v -2.024523 -2.218599 0.361825
v -2.032356 -2.195820 0.406140
v -2.070001 -2.177448 0.296280
v -2.058626 -2.203137 0.293579
v -2.051098 -2.219963 0.300465
v -2.047012 -2.227385 0.316715
v -2.046220 -2.224955 0.342088
v -2.048978 -2.213010 0.375898
v -2.055790 -2.191990 0.417536
v -2.094400 -2.166141 0.317097
v -2.085830 -2.188172 0.317134
v -2.079837 -2.203285 0.325628
v -2.076177 -2.210295 0.342468
v -2.074941 -2.208294 0.367401
v -2.076244 -2.197981 0.398930
v -2.080521 -2.180343 0.435523
v -2.489424 -0.682610 0.803037
v -2.488118 -0.669600 0.751758
v -2.488804 -0.657541 0.693187
v -2.493597 -0.648170 0.631010
v -2.503363 -0.642643 0.568956
v -2.516379 -0.640680 0.510618
v -2.529696 -0.641399 0.459406
v -2.536748 -0.702545 0.815825
v -2.539991 -0.690185 0.760759
v -2.543784 -0.678687 0.699477
v -2.549805 -0.669382 0.635054
v -2.558887 -0.663232 0.570611
v -2.569481 -0.660008 0.509134
v -2.579216 -0.659087 0.453456
v -2.590428 -0.726389 0.827070
v -2.596831 -0.714625 0.769363
v -2.603272 -0.703721 0.705765
v -2.610506 -0.694531 0.639152
v -2.618903 -0.687726 0.572388
v -2.627432 -0.683311 0.508257
v -2.634678 -0.681108 0.449502
v -2.647477 -0.752420 0.833739
v -2.656164 -0.741438 0.775176
v -2.664817 -0.731325 0.710704
v -2.673101 -0.722427 0.643142
v -2.680685 -0.715088 0.575311
v -2.687238 -0.709640 0.510033
v -2.692435 -0.706415 0.450131
v -2.704655 -0.779013 0.834146
v -2.715321 -0.769212 0.776703
v -2.725909 -0.760219 0.713362
v -2.734996 -0.751882 0.646863
v -2.741540 -0.744224 0.579985
v -2.745922 -0.737898 0.515597
v -2.748905 -0.733732 0.456578
v -2.758471 -0.804691 0.829560
v -2.771355 -0.796772 0.775091
v -2.783866 -0.789291 0.714349
v -2.793597 -0.781696 0.650156
v -2.798968 -0.773836 0.585483
v -2.800845 -0.766595 0.523466
v -2.800939 -0.761233 0.467191
v -2.805385 -0.828171 0.822610
v -2.821308 -0.823098 0.772398
v -2.835970 -0.817478 0.714692
v -2.846315 -0.810665 0.652860
v -2.850529 -0.802580 0.590461
v -2.849569 -0.794179 0.531258
v -2.845657 -0.786960 0.478979
v -2.491246 -1.577732 0.928441
v -2.545042 -1.494207 0.943223
v -2.598094 -1.412564 0.947381
v -2.649448 -1.334006 0.943285
v -2.698150 -1.259733 0.933303
v -2.743245 -1.190948 0.919805
v -2.783780 -1.128851 0.905158
v -2.515326 -1.581328 0.886507
v -2.570824 -1.498057 0.898327
v -2.625520 -1.416659 0.899621
v -2.678436 -1.338334 0.892805
v -2.728590 -1.264278 0.880294
v -2.775003 -1.195689 0.864502
v -2.816692 -1.133766 0.847844
v -2.532281 -1.580921 0.839962
v -2.588975 -1.497621 0.848495
v -2.644830 -1.416196 0.846611
v -2.698846 -1.337844 0.836776
v -2.750023 -1.263763 0.821457
v -2.797362 -1.195152 0.803119
v -2.839864 -1.133209 0.784230
v -2.541867 -1.576759 0.790877
v -2.599238 -1.493165 0.795943
v -2.655747 -1.411456 0.790707
v -2.710385 -1.332834 0.777688
v -2.762140 -1.258502 0.759407
v -2.810004 -1.189664 0.738385
v -2.852966 -1.127521 0.717143
v -2.543842 -1.569091 0.741320
v -2.601352 -1.484955 0.742886
v -2.657997 -1.402722 0.734265
v -2.712762 -1.323603 0.718032
v -2.764637 -1.248809 0.696762
v -2.812608 -1.179551 0.673030
v -2.855665 -1.117041 0.649411
v -2.537963 -1.558164 0.693361
v -2.595058 -1.473257 0.691540
v -2.651301 -1.390278 0.679644
v -2.705685 -1.310450 0.660300
v -2.757205 -1.234997 0.636136
v -2.804855 -1.165141 0.609782
v -2.847630 -1.102107 0.583864
v -2.523988 -1.544228 0.649069
v -2.580096 -1.458336 0.644121
v -2.635384 -1.374406 0.629200
v -2.688862 -1.293674 0.606982
v -2.739539 -1.217380 0.580147
v -2.786425 -1.146762 0.551370
v -2.828529 -1.083060 0.523328
v -2.166077 -1.439386 0.974653
v -2.196909 -1.346091 0.992698
v -2.227754 -1.255000 1.000012
v -2.258017 -1.167468 0.998914
v -2.287102 -1.084849 0.991720
v -2.314414 -1.008498 0.980748
v -2.339358 -0.939769 0.968317
v -2.203293 -1.460131 0.997803
v -2.236754 -1.368300 1.017483
v -2.270140 -1.278626 1.026378
v -2.302817 -1.192439 1.026781
v -2.334147 -1.111072 1.020984
v -2.363494 -1.035855 1.011279
v -2.390223 -0.968121 0.999957
v -2.245285 -1.481636 1.012911
v -2.281711 -1.391324 1.033658
v -2.317965 -1.303118 1.043585
v -2.353365 -1.218326 1.044968
v -2.387229 -1.138256 1.040082
v -2.418873 -1.064216 1.031203
v -2.447615 -0.997512 1.020606
v -2.290150 -1.503024 1.019859
v -2.329744 -1.414223 1.041096
v -2.369062 -1.327478 1.051498
v -2.407373 -1.244074 1.053332
v -2.443943 -1.165294 1.048865
v -2.478040 -1.092423 1.040366
v -2.508934 -1.026745 1.030102
v -2.335984 -1.523420 1.018529
v -2.378816 -1.436059 1.039673
v -2.421265 -1.350707 1.049984
v -2.462548 -1.268626 1.051731
v -2.501883 -1.191077 1.047184
v -2.538487 -1.119321 1.038612
v -2.571578 -1.054621 1.028285
v -2.380887 -1.541947 1.008804
v -2.426889 -1.455894 1.029261
v -2.472404 -1.371808 1.038908
v -2.516600 -1.290928 1.040024
v -2.558644 -1.214496 1.034891
v -2.597704 -1.143754 1.025787
v -2.632947 -1.079942 1.014993
v -2.422953 -1.557728 0.990566
v -2.471927 -1.472790 1.009734
v -2.520315 -1.389781 1.018136
v -2.567239 -1.309924 1.018069
v -2.611821 -1.234445 1.011835
v -2.653181 -1.164565 1.001734
v -2.690442 -1.101510 0.990066
v -2.145967 -1.370076 0.625652
v -2.175379 -1.271886 0.619050
v -2.204850 -1.176062 0.602529
v -2.233809 -1.084034 0.578793
v -2.261680 -0.997234 0.550545
v -2.287893 -0.917092 0.520488
v -2.311873 -0.845040 0.491323
v -2.121886 -1.366481 0.667586
v -2.149598 -1.268037 0.663946
v -2.177425 -1.171967 0.650289
v -2.204821 -1.079705 0.629273
v -2.231240 -0.992688 0.603555
v -2.256135 -0.912350 0.575790
v -2.278961 -0.840126 0.548637
v -2.104932 -1.366888 0.714131
v -2.131446 -1.268473 0.713777
v -2.158115 -1.172430 0.703299
v -2.184411 -1.080196 0.685302
v -2.209807 -0.993203 0.662392
v -2.233776 -0.912887 0.637173
v -2.255789 -0.840682 0.612251
v -2.095346 -1.371050 0.763216
v -2.121183 -1.272928 0.766329
v -2.147197 -1.177170 0.759204
v -2.172872 -1.085206 0.744391
v -2.197690 -0.998464 0.724441
v -2.221134 -0.918376 0.701907
v -2.242687 -0.846370 0.679338
v -2.093371 -1.378718 0.812773
v -2.119069 -1.281138 0.819386
v -2.144948 -1.185904 0.815645
v -2.170495 -1.094436 0.804046
v -2.195194 -1.008157 0.787087
v -2.218530 -0.928488 0.767262
v -2.239988 -0.856851 0.747070
v -2.099250 -1.389645 0.860732
v -2.125363 -1.292836 0.870732
v -2.151644 -1.198348 0.870266
v -2.177572 -1.107589 0.861778
v -2.202625 -1.021970 0.847712
v -2.226283 -0.942898 0.830510
v -2.248024 -0.871784 0.812617
v -2.113225 -1.403581 0.905024
v -2.140325 -1.307757 0.918152
v -2.167561 -1.214220 0.920711
v -2.194395 -1.124366 0.915096
v -2.220291 -1.039587 0.903702
v -2.244713 -0.961277 0.888922
v -2.267124 -0.890832 0.873152
v -2.471136 -1.508422 0.579440
v -2.523512 -1.420002 0.569575
v -2.575191 -1.333626 0.549898
v -2.625240 -1.250572 0.523165
v -2.672729 -1.172117 0.492129
v -2.716724 -1.099542 0.459544
v -2.756295 -1.034123 0.428164
v -2.433920 -1.487678 0.556291
v -2.483668 -1.397793 0.544790
v -2.532805 -1.310000 0.523532
v -2.580440 -1.225600 0.495297
v -2.625684 -1.145894 0.462865
v -2.667644 -1.072184 0.429014
v -2.705430 -1.005770 0.396524
v -2.391928 -1.466173 0.541183
v -2.438710 -1.374769 0.528615
v -2.484980 -1.285508 0.506326
v -2.529891 -1.199713 0.477111
v -2.572602 -1.118710 0.443767
v -2.612265 -1.043824 0.409089
v -2.648038 -0.976379 0.375875
v -2.347063 -1.444784 0.534234
v -2.390677 -1.351870 0.521176
v -2.433882 -1.261148 0.498412
v -2.475884 -1.173966 0.468747
v -2.515888 -1.091672 0.434983
v -2.553098 -1.015616 0.399926
v -2.586720 -0.947146 0.366379
v -2.301228 -1.424388 0.535564
v -2.341605 -1.330034 0.522600
v -2.381680 -1.237918 0.499926
v -2.420709 -1.149413 0.470347
v -2.457947 -1.065890 0.436664
v -2.492651 -0.988718 0.401680
v -2.524075 -0.919270 0.368196
v -2.256326 -1.405862 0.545289
v -2.293532 -1.310199 0.533011
v -2.330540 -1.216818 0.511003
v -2.366657 -1.127111 0.482054
v -2.401186 -1.042470 0.448958
v -2.433434 -0.964286 0.414505
v -2.462706 -0.893949 0.381488
v -2.214260 -1.390081 0.563528
v -2.248494 -1.293304 0.552538
v -2.282630 -1.198845 0.531775
v -2.316018 -1.108115 0.504009
v -2.348009 -1.022522 0.472013
v -2.377957 -0.943474 0.438558
v -2.405211 -0.872381 0.406415
v -2.128641 -2.100298 0.348091
v -2.156818 -2.053166 0.378774
v -2.190721 -1.995771 0.415614
v -2.229521 -1.928928 0.455547
v -2.272498 -1.853806 0.495387
v -2.318906 -1.772223 0.531425
v -2.367990 -1.686163 0.559823
v -2.108296 -2.099813 0.332392
v -2.135809 -2.047694 0.363751
v -2.168219 -1.986596 0.400479
v -2.205028 -1.916966 0.439727
v -2.245722 -1.839594 0.478484
v -2.289649 -1.756127 0.513153
v -2.336121 -1.668426 0.539990
v -2.085832 -2.096931 0.320743
v -2.112226 -2.041165 0.352836
v -2.142848 -1.976836 0.389876
v -2.177393 -1.904472 0.429020
v -2.215510 -1.824821 0.467292
v -2.256637 -1.739428 0.501180
v -2.300164 -1.650037 0.527042
v -2.063521 -2.089662 0.315531
v -2.088089 -2.031989 0.347845
v -2.116356 -1.965636 0.384990
v -2.148184 -1.891290 0.424088
v -2.183365 -1.809810 0.462141
v -2.221407 -1.722725 0.495673
v -2.261750 -1.631736 0.521086
v -2.043101 -2.077245 0.318096
v -2.065068 -2.019440 0.349915
v -2.090295 -1.952625 0.386621
v -2.118865 -1.877509 0.425395
v -2.150744 -1.794984 0.463280
v -2.185479 -1.706646 0.496772
v -2.222515 -1.614265 0.522231
v -2.025248 -2.061554 0.327247
v -2.043807 -2.005310 0.358051
v -2.065464 -1.939258 0.394113
v -2.090494 -1.864201 0.432632
v -2.118936 -1.781184 0.470630
v -2.150327 -1.691942 0.504522
v -2.184083 -1.598383 0.530572
v -2.010166 -2.045718 0.340751
v -2.024587 -1.992248 0.370582
v -2.042465 -1.927471 0.406430
v -2.064030 -1.852688 0.445295
v -2.089184 -1.769355 0.484031
v -2.117409 -1.679395 0.518943
v -2.148081 -1.584853 0.546200
v -1.984015 -2.038058 0.364541
v -1.991824 -1.982651 0.400386
v -2.004138 -1.916244 0.441295
v -2.020548 -1.839951 0.484850
v -2.040666 -1.755142 0.528167
v -2.063904 -1.663722 0.567615
v -2.089624 -1.567729 0.599377
v -1.972357 -2.046061 0.375361
v -1.978920 -1.986302 0.417078
v -1.989878 -1.917116 0.462872
v -2.004840 -1.839110 0.510551
v -2.023400 -1.753199 0.557537
v -2.044991 -1.661086 0.600345
v -2.069006 -1.564674 0.635256
v -1.963493 -2.053926 0.390513
v -1.969415 -1.991421 0.436929
v -1.979594 -1.920198 0.487323
v -1.993654 -1.840831 0.539296
v -2.011190 -1.754105 0.590230
v -2.031659 -1.661588 0.636700
v -2.054487 -1.565045 0.675083
v -1.958493 -2.058897 0.411072
v -1.964064 -1.995659 0.460668
v -1.973802 -1.923878 0.514668
v -1.987343 -1.844176 0.570401
v -2.004292 -1.757355 0.625040
v -2.024123 -1.664936 0.675138
v -2.046279 -1.568619 0.717096
v -1.958047 -2.059499 0.436986
v -1.963404 -1.997572 0.488216
v -1.972895 -1.927052 0.544478
v -1.986194 -1.848465 0.602951
v -2.002934 -1.762552 0.660668
v -2.022589 -1.670869 0.714089
v -2.044590 -1.575173 0.759531
v -1.961772 -2.056893 0.465681
v -1.967193 -1.998302 0.517137
v -1.976781 -1.930519 0.574625
v -1.990241 -1.854049 0.635114
v -2.007239 -1.769736 0.695427
v -2.027233 -1.679258 0.751867
v -2.049627 -1.584504 0.800608
v -1.968914 -2.053510 0.493391
v -1.974970 -1.999898 0.544197
v -1.985242 -1.935581 0.602534
v -1.999455 -1.861536 0.664833
v -2.017301 -1.779052 0.727534
v -2.038222 -1.690004 0.786758
v -2.061594 -1.596412 0.838544
v -1.989152 -2.067222 0.520054
v -2.000325 -2.017075 0.577601
v -2.014903 -1.955675 0.641611
v -2.033105 -1.884333 0.709165
v -2.054849 -1.804490 0.777002
v -2.079629 -1.718056 0.841310
v -2.106834 -1.627061 0.898145
v -2.002704 -2.084623 0.519607
v -2.017409 -2.032322 0.583294
v -2.035277 -1.970148 0.651691
v -2.056529 -1.898957 0.722445
v -2.081175 -1.819825 0.792832
v -2.108753 -1.734486 0.859265
v -2.138685 -1.644839 0.917938
v -2.019655 -2.101237 0.518151
v -2.037430 -2.047722 0.585741
v -2.058567 -1.985093 0.657345
v -2.083095 -1.914113 0.730611
v -2.110935 -1.835720 0.802953
v -2.141631 -1.751517 0.870920
v -2.174627 -1.663270 0.930847
v -2.039774 -2.113963 0.518155
v -2.060046 -2.060685 0.587119
v -2.084124 -1.998618 0.660012
v -2.111818 -1.928504 0.734390
v -2.142876 -1.851242 0.807617
v -2.176800 -1.768371 0.876283
v -2.213032 -1.681590 0.936784
v -2.062386 -2.120923 0.520798
v -2.084587 -2.069448 0.588662
v -2.111120 -2.009303 0.660600
v -2.141623 -1.941076 0.734237
v -2.175702 -1.865557 0.806965
v -2.212788 -1.784299 0.875328
v -2.252275 -1.699042 0.935657
v -2.085752 -2.122883 0.524752
v -2.109411 -2.074707 0.588993
v -2.138032 -2.017486 0.658056
v -2.171063 -1.951722 0.729540
v -2.207961 -1.878235 0.800686
v -2.248074 -1.798670 0.867895
v -2.290723 -1.714882 0.927356
v -2.107627 -2.121802 0.527393
v -2.132556 -2.077993 0.585792
v -2.163158 -2.023976 0.650795
v -2.198596 -1.960574 0.719417
v -2.238163 -1.888941 0.788357
v -2.281126 -1.810884 0.853792
v -2.326743 -1.728371 0.911767
v -2.133779 -2.129462 0.503604
v -2.165319 -2.087590 0.555988
v -2.201485 -2.035203 0.615930
v -2.242078 -1.973311 0.679863
v -2.286681 -1.903153 0.744221
v -2.334631 -1.826557 0.805120
v -2.385200 -1.745494 0.858591
v -2.138643 -2.138376 0.476638
v -2.174298 -2.093714 0.529967
v -2.213618 -2.039628 0.589297
v -2.256717 -1.976813 0.651621
v -2.303497 -1.906220 0.713779
v -2.353411 -1.829526 0.772073
v -2.405801 -1.748591 0.822672
v -2.141993 -2.144242 0.448381
v -2.180241 -2.097467 0.501648
v -2.221821 -2.041730 0.559898
v -2.266834 -1.977754 0.620335
v -2.315256 -1.906437 0.680015
v -2.366609 -1.829357 0.735400
v -2.420303 -1.748261 0.782806
v -2.144801 -2.144728 0.422613
v -2.184071 -2.097015 0.474296
v -2.226678 -2.040376 0.530333
v -2.272659 -1.975619 0.588076
v -2.321949 -1.903697 0.644718
v -2.374085 -1.826161 0.696817
v -2.428504 -1.744707 0.740774
v -2.147439 -2.138668 0.401908
v -2.186251 -2.091316 0.450361
v -2.228519 -2.034876 0.502743
v -2.274294 -1.970120 0.556681
v -2.323511 -1.897989 0.609577
v -2.375679 -1.820076 0.658011
v -2.430200 -1.738134 0.698357
v -2.149228 -2.127544 0.386317
v -2.186025 -2.081714 0.429907
v -2.226715 -2.026225 0.477544
v -2.271316 -1.961874 0.527058
v -2.319657 -1.889683 0.575890
v -2.371169 -1.811354 0.620550
v -2.425180 -1.728761 0.657320
v -2.148880 -2.114010 0.374754
v -2.182173 -2.070343 0.412178
v -2.220382 -2.015866 0.454691
v -2.263171 -1.951726 0.499879
v -2.310046 -1.879244 0.544854
v -2.360314 -1.800276 0.585977
v -2.413229 -1.716812 0.619423
vn -0.2728 -0.4559 -0.8472
vn -0.3472 -0.3487 -0.8706
vn -0.4777 -0.1164 -0.8708
vn -0.6201 0.2948 -0.7270
vn -0.6306 0.6529 -0.4197
vn -0.5635 0.8088 -0.1681
vn -0.1226 -0.3990 -0.9087
vn -0.1892 -0.2896 -0.9382
vn -0.3126 -0.0570 -0.9482
vn -0.4741 0.3525 -0.8069
vn -0.5347 0.7066 -0.4634
vn -0.5063 0.8430 -0.1819
vn 0.0166 -0.3401 -0.9402
vn -0.0420 -0.2278 -0.9728
vn -0.1564 0.0067 -0.9877
vn -0.3297 0.4127 -0.8491
vn -0.4385 0.7550 -0.4875
vn -0.4500 0.8725 -0.1904
vn 0.1512 -0.2781 -0.9486
vn 0.1006 -0.1621 -0.9816
vn -0.0049 0.0765 -0.9971
vn -0.1867 0.4786 -0.8580
vn -0.3390 0.8008 -0.4937
vn -0.3903 0.9000 -0.1941
vn 0.2887 -0.2095 -0.9342
vn 0.2458 -0.0892 -0.9652
vn 0.1482 0.1552 -0.9767
vn -0.0437 0.5507 -0.8335
vn -0.2379 0.8434 -0.4818
vn -0.3309 0.9238 -0.1928
vn 0.4350 -0.1298 -0.8910
vn 0.3993 -0.0048 -0.9168
vn 0.3074 0.2453 -0.9194
vn 0.1023 0.6276 -0.7718
vn -0.1309 0.8830 -0.4507
vn -0.2667 0.9456 -0.1865
vn -0.3955 -0.5563 -0.7308
vn -0.4371 -0.5082 -0.7421
vn -0.5170 -0.4025 -0.7555
vn -0.6488 -0.1701 -0.7417
vn -0.7629 0.2391 -0.6007
vn -0.7255 0.5966 -0.3432
vn -0.6243 0.7690 -0.1374
vn -0.5506 0.8344 -0.0247
vn -0.5118 0.8587 -0.0273
vn -0.4759 0.8789 -0.0313
vn -0.4396 0.8975 -0.0346
vn -0.4002 0.9157 -0.0371
vn -0.3623 0.9313 -0.0383
vn -0.3234 0.9455 -0.0390
vn -0.2798 0.9592 -0.0414
vn -0.1942 0.9671 -0.1641
vn -0.0193 0.9219 -0.3870
vn 0.2494 0.7055 -0.6634
vn 0.4716 0.3460 -0.8111
vn 0.5612 0.0943 -0.8223
vn 0.5912 -0.0345 -0.8058
vn 0.6020 -0.0968 -0.7926
vn 0.4498 -0.1905 -0.8726
vn 0.3082 -0.2679 -0.9128
vn 0.1755 -0.3341 -0.9260
vn 0.0456 -0.3939 -0.9180
vn -0.0887 -0.4507 -0.8882
vn -0.2345 -0.5057 -0.8302
vn 0.8487 0.1675 -0.5017
vn 0.8185 0.2912 -0.4952
vn 0.7204 0.5196 -0.4594
vn 0.4683 0.8145 -0.3424
vn 0.1364 0.9764 -0.1674
vn -0.1051 0.9939 -0.0323
vn 0.9120 0.2437 -0.3301
vn 0.8778 0.3594 -0.3168
vn 0.7738 0.5692 -0.2780
vn 0.5173 0.8357 -0.1846
vn 0.1677 0.9841 -0.0584
vn -0.0918 0.9952 0.0337
vn 0.9398 0.3031 -0.1578
vn 0.9011 0.4098 -0.1414
vn 0.7918 0.6018 -0.1041
vn 0.5360 0.8435 -0.0348
vn 0.1837 0.9820 0.0444
vn -0.0825 0.9920 0.0959
vn 0.9371 0.3487 0.0166
vn 0.8942 0.4463 0.0336
vn 0.7798 0.6225 0.0658
vn 0.5269 0.8427 0.1110
vn 0.1854 0.9718 0.1460
vn -0.0770 0.9842 0.1596
vn 0.9032 0.3811 0.1976
vn 0.8567 0.4700 0.2125
vn 0.7378 0.6324 0.2360
vn 0.4906 0.8336 0.2538
vn 0.1727 0.9541 0.2445
vn -0.0757 0.9724 0.2206
vn 0.8313 0.3982 0.3877
vn 0.7828 0.4784 0.3980
vn 0.6622 0.6283 0.4083
vn 0.4273 0.8133 0.3948
vn 0.1457 0.9278 0.3436
vn -0.0783 0.9558 0.2835
vn 0.7501 0.0107 -0.6612
vn 0.7413 0.0726 -0.6672
vn 0.7133 0.2013 -0.6713
vn 0.6209 0.4455 -0.6450
vn 0.3805 0.7727 -0.5080
vn 0.0773 0.9559 -0.2833
vn -0.1331 0.9855 -0.1053
vn -0.2418 0.9703 -0.0066
vn -0.2380 0.9705 0.0391
vn -0.2327 0.9692 0.0801
vn -0.2275 0.9663 0.1205
vn -0.2227 0.9611 0.1634
vn -0.2187 0.9544 0.2034
vn -0.2149 0.9458 0.2435
vn -0.2088 0.9349 0.2870
vn -0.0942 0.9313 0.3520
vn 0.0955 0.8909 0.4440
vn 0.3348 0.7773 0.5326
vn 0.5475 0.6038 0.5793
vn 0.6633 0.4656 0.5858
vn 0.7110 0.3942 0.5823
vn 0.7248 0.3714 0.5803
vn 0.8467 0.3691 0.3833
vn 0.9187 0.3456 0.1914
vn 0.9517 0.3069 0.0096
vn 0.9528 0.2552 -0.1644
vn 0.9230 0.1899 -0.3346
vn 0.8580 0.1088 -0.5020
vn 0.3693 0.3139 0.8747
vn 0.3329 0.3713 0.8668
vn 0.2463 0.4932 0.8343
vn 0.0963 0.6639 0.7416
vn -0.0716 0.8023 0.5926
vn -0.2039 0.8741 0.4409
vn 0.2081 0.2570 0.9437
vn 0.1774 0.3109 0.9337
vn 0.1049 0.4294 0.8970
vn -0.0184 0.6045 0.7964
vn -0.1574 0.7623 0.6278
vn -0.2619 0.8506 0.4558
vn 0.0584 0.1957 0.9789
vn 0.0318 0.2484 0.9681
vn -0.0299 0.3665 0.9299
vn -0.1312 0.5478 0.8263
vn -0.2409 0.7229 0.6476
vn -0.3173 0.8266 0.4649
vn -0.0862 0.1291 0.9879
vn -0.1101 0.1830 0.9769
vn -0.1637 0.3049 0.9382
vn -0.2463 0.4947 0.8334
vn -0.3264 0.6835 0.6529
vn -0.3744 0.8003 0.4684
vn -0.2327 0.0540 0.9710
vn -0.2548 0.1118 0.9605
vn -0.3016 0.2421 0.9222
vn -0.3650 0.4449 0.8178
vn -0.4122 0.6449 0.6436
vn -0.4292 0.7736 0.4662
vn -0.3868 -0.0344 0.9215
vn -0.4077 0.0301 0.9126
vn -0.4475 0.1736 0.8773
vn -0.4896 0.3940 0.7779
vn -0.5014 0.6043 0.6192
vn -0.4859 0.7442 0.4584
vn 0.5539 0.3462 0.7572
vn 0.5432 0.3631 0.7570
vn 0.5004 0.4264 0.7535
vn 0.3977 0.5548 0.7308
vn 0.2165 0.7238 0.6551
vn 0.0170 0.8459 0.5331
vn -0.1415 0.9007 0.4108
vn -0.2380 0.9152 0.3252
vn -0.2808 0.9013 0.3299
vn -0.3190 0.8866 0.3348
vn -0.3563 0.8708 0.3387
vn -0.3956 0.8527 0.3412
vn -0.4321 0.8345 0.3418
vn -0.4683 0.8149 0.3415
vn -0.5069 0.7913 0.3418
vn -0.5494 0.7128 0.4360
vn -0.5975 0.5628 0.5712
vn -0.6212 0.3379 0.7070
vn -0.6023 0.0941 0.7927
vn -0.5689 -0.0662 0.8198
vn -0.5482 -0.1397 0.8246
vn -0.5422 -0.1588 0.8251
vn -0.3820 -0.0485 0.9229
vn -0.2285 0.0432 0.9726
vn -0.0821 0.1200 0.9894
vn 0.0628 0.1868 0.9804
vn 0.2136 0.2469 0.9452
vn 0.3770 0.3012 0.8759
vn -0.7981 -0.3524 0.4887
vn -0.8265 -0.2630 0.4977
vn -0.8613 -0.0736 0.5027
vn -0.8515 0.2242 0.4740
vn -0.7619 0.5096 0.3998
vn -0.6448 0.6948 0.3185
vn -0.8508 -0.4269 0.3063
vn -0.8867 -0.3332 0.3205
vn -0.9307 -0.1363 0.3393
vn -0.9220 0.1829 0.3413
vn -0.8093 0.5017 0.3053
vn -0.6655 0.7007 0.2571
vn -0.8666 -0.4823 0.1284
vn -0.9112 -0.3854 0.1454
vn -0.9677 -0.1825 0.1741
vn -0.9668 0.1546 0.2036
vn -0.8409 0.4990 0.2095
vn -0.6798 0.7065 0.1969
vn -0.8516 -0.5221 -0.0469
vn -0.9058 -0.4226 -0.0294
vn -0.9770 -0.2131 0.0054
vn -0.9882 0.1413 0.0596
vn -0.8579 0.5021 0.1089
vn -0.6886 0.7127 0.1335
vn -0.8061 -0.5478 -0.2237
vn -0.8704 -0.4460 -0.2085
vn -0.9584 -0.2288 -0.1707
vn -0.9854 0.1434 -0.0915
vn -0.8597 0.5108 0.0053
vn -0.6914 0.7190 0.0709
vn -0.7251 -0.5575 -0.4042
vn -0.7988 -0.4538 -0.3950
vn -0.9049 -0.2292 -0.3587
vn -0.9539 0.1593 -0.2543
vn -0.8448 0.5244 -0.1066
vn -0.6886 0.7251 0.0039
vn -0.6895 -0.2801 0.6679
vn -0.6977 -0.2548 0.6696
vn -0.7207 -0.1720 0.6716
vn -0.7514 0.0054 0.6598
vn -0.7505 0.2773 0.5998
vn -0.6913 0.5284 0.4928
vn -0.6090 0.6941 0.3838
vn -0.5445 0.7802 0.3078
vn -0.5533 0.7899 0.2645
vn -0.5614 0.7965 0.2246
vn -0.5680 0.8020 0.1848
vn -0.5732 0.8071 0.1419
vn -0.5762 0.8110 0.1014
vn -0.5779 0.8139 0.0601
vn -0.5800 0.8145 0.0144
vn -0.6716 0.7374 -0.0720
vn -0.8030 0.5503 -0.2288
vn -0.8825 0.1909 -0.4298
vn -0.8035 -0.2107 -0.5568
vn -0.6807 -0.4409 -0.5850
vn -0.6008 -0.5457 -0.5841
vn -0.5590 -0.5924 -0.5801
vn -0.6867 -0.6028 -0.4063
vn -0.7730 -0.5915 -0.2295
vn -0.8243 -0.5635 -0.0544
vn -0.8450 -0.5209 0.1209
vn -0.8346 -0.4621 0.3000
vn -0.7864 -0.3833 0.4845
vn 0.5789 0.3338 -0.7439
vn 0.8072 0.1715 -0.5648
vn 0.9568 -0.0423 -0.2877
vn 0.9690 -0.2470 0.0093
vn 0.8957 -0.3839 0.2245
vn 0.8027 -0.4694 0.3679
vn 0.3692 0.2786 -0.8866
vn 0.6637 0.0517 -0.7462
vn 0.8876 -0.2667 -0.3757
vn 0.8723 -0.4877 0.0356
vn 0.7662 -0.5756 0.2856
vn 0.6701 -0.6082 0.4255
vn 0.0701 0.1717 -0.9827
vn 0.3303 -0.1611 -0.9300
vn 0.6149 -0.6313 -0.4727
vn 0.6205 -0.7812 0.0693
vn 0.5500 -0.7649 0.3353
vn 0.4957 -0.7332 0.4654
vn -0.2754 0.0126 -0.9613
vn -0.1856 -0.3988 -0.8981
vn 0.0338 -0.8990 -0.4367
vn 0.1989 -0.9754 0.0954
vn 0.2592 -0.8989 0.3533
vn 0.2834 -0.8310 0.4786
vn -0.5394 -0.1400 -0.8303
vn -0.5431 -0.5042 -0.6715
vn -0.4084 -0.8637 -0.2954
vn -0.1892 -0.9767 0.1013
vn -0.0287 -0.9418 0.3349
vn 0.0722 -0.8836 0.4626
vn -0.7019 -0.2563 -0.6646
vn -0.7079 -0.5265 -0.4709
vn -0.6141 -0.7660 -0.1904
vn -0.4365 -0.8945 0.0964
vn -0.2637 -0.9180 0.2963
vn -0.1243 -0.8964 0.4254
vn 0.5273 0.4460 -0.7232
vn 0.7037 0.3656 -0.6092
vn 0.8642 0.2437 -0.4403
vn 0.9690 0.0886 -0.2305
vn 0.9967 -0.0810 -0.0070
vn 0.9600 -0.2208 0.1720
vn 0.8922 -0.3305 0.3079
vn 0.8152 -0.4125 0.4066
vn 0.7194 -0.5171 0.4637
vn 0.5996 -0.6169 0.5098
vn 0.4586 -0.7059 0.5398
vn 0.2942 -0.7816 0.5500
vn 0.1328 -0.8319 0.5387
vn -0.0247 -0.8599 0.5098
vn -0.1715 -0.8671 0.4677
vn -0.2934 -0.8767 0.3813
vn -0.4340 -0.8631 0.2583
vn -0.5819 -0.8082 0.0908
vn -0.7153 -0.6873 -0.1262
vn -0.7865 -0.5168 -0.3380
vn -0.7927 -0.3238 -0.5165
vn -0.7515 -0.1431 -0.6440
vn -0.6496 -0.0315 -0.7596
vn -0.5000 0.0929 -0.8610
vn -0.3032 0.2169 -0.9279
vn -0.0634 0.3274 -0.9428
vn 0.1642 0.3989 -0.9021
vn 0.3653 0.4360 -0.8225
vn -0.3257 0.9183 0.2250
vn -0.3327 0.9229 0.1938
vn -0.3376 0.9266 0.1655
vn -0.3410 0.9301 0.1367
vn -0.3428 0.9332 0.1079
vn -0.3432 0.9362 0.0758
vn -0.3560 0.9071 0.2245
vn -0.3629 0.9115 0.1933
vn -0.3677 0.9150 0.1663
vn -0.3707 0.9181 0.1400
vn -0.3724 0.9212 0.1127
vn -0.3729 0.9244 0.0806
vn -0.3827 0.8961 0.2250
vn -0.3884 0.9009 0.1936
vn -0.3923 0.9045 0.1673
vn -0.3953 0.9075 0.1423
vn -0.3975 0.9103 0.1157
vn -0.3993 0.9130 0.0836
vn -0.4093 0.8838 0.2266
vn -0.4125 0.8898 0.1951
vn -0.4153 0.8939 0.1687
vn -0.4183 0.8969 0.1437
vn -0.4217 0.8991 0.1172
vn -0.4258 0.9008 0.0853
vn -0.4349 0.8707 0.2294
vn -0.4370 0.8774 0.1978
vn -0.4393 0.8820 0.1708
vn -0.4424 0.8851 0.1445
vn -0.4464 0.8871 0.1173
vn -0.4518 0.8880 0.0854
vn -0.4629 0.8551 0.2335
vn -0.4650 0.8619 0.2020
vn -0.4676 0.8667 0.1736
vn -0.4710 0.8702 0.1447
vn -0.4751 0.8722 0.1161
vn -0.4804 0.8730 0.0843
vn -0.2786 0.9236 0.2635
vn -0.2847 0.9310 0.2285
vn -0.2905 0.9365 0.1962
vn -0.2953 0.9411 0.1647
vn -0.2993 0.9451 0.1312
vn -0.3019 0.9482 0.0992
vn -0.3038 0.9504 0.0661
vn -0.3059 0.9516 0.0299
vn -0.3401 0.9398 0.0330
vn -0.3710 0.9279 0.0364
vn -0.4006 0.9154 0.0390
vn -0.4314 0.9012 0.0409
vn -0.4602 0.8868 0.0419
vn -0.4895 0.8710 0.0423
vn -0.5207 0.8526 0.0432
vn -0.5176 0.8520 0.0793
vn -0.5137 0.8506 0.1123
vn -0.5098 0.8481 0.1442
vn -0.5059 0.8441 0.1777
vn -0.5023 0.8390 0.2094
vn -0.4985 0.8325 0.2418
vn -0.4934 0.8246 0.2768
vn -0.4622 0.8431 0.2748
vn -0.4332 0.8592 0.2722
vn -0.4045 0.8738 0.2699
vn -0.3738 0.8880 0.2680
vn -0.3440 0.9003 0.2667
vn -0.3128 0.9119 0.2655
vn -0.7103 -0.5379 0.4540
vn -0.7322 -0.4994 0.4633
vn -0.7497 -0.4655 0.4704
vn -0.7635 -0.4367 0.4759
vn -0.7739 -0.4132 0.4799
vn -0.7812 -0.3961 0.4826
vn -0.7802 -0.5596 0.2793
vn -0.7936 -0.5378 0.2844
vn -0.8048 -0.5186 0.2886
vn -0.8141 -0.5020 0.2921
vn -0.8215 -0.4880 0.2950
vn -0.8272 -0.4770 0.2971
vn -0.8162 -0.5669 0.1113
vn -0.8206 -0.5603 0.1127
vn -0.8246 -0.5541 0.1140
vn -0.8283 -0.5484 0.1153
vn -0.8318 -0.5428 0.1164
vn -0.8352 -0.5372 0.1176
vn -0.8248 -0.5628 -0.0542
vn -0.8195 -0.5703 -0.0556
vn -0.8154 -0.5761 -0.0566
vn -0.8126 -0.5799 -0.0574
vn -0.8113 -0.5817 -0.0577
vn -0.8119 -0.5810 -0.0575
vn -0.8066 -0.5472 -0.2235
vn -0.7909 -0.5685 -0.2265
vn -0.7779 -0.5853 -0.2287
vn -0.7677 -0.5980 -0.2303
vn -0.7608 -0.6063 -0.2314
vn -0.7580 -0.6097 -0.2318
vn -0.7561 -0.5170 -0.4013
vn -0.7293 -0.5522 -0.4039
vn -0.7068 -0.5797 -0.4054
vn -0.6888 -0.6004 -0.4063
vn -0.6760 -0.6145 -0.4067
vn -0.6695 -0.6216 -0.4068
vn -0.5581 -0.5578 0.6143
vn -0.5951 -0.4953 0.6329
vn -0.6245 -0.4387 0.6462
vn -0.6475 -0.3891 0.6553
vn -0.6650 -0.3471 0.6613
vn -0.6777 -0.3138 0.6650
vn -0.6860 -0.2904 0.6671
vn -0.6895 -0.2800 0.6679
vn -0.7848 -0.3872 0.4839
vn -0.8309 -0.4696 0.2985
vn -0.8387 -0.5314 0.1187
vn -0.8151 -0.5765 -0.0567
vn -0.7607 -0.6065 -0.2314
vn -0.6714 -0.6195 -0.4068
vn -0.5416 -0.6105 -0.5779
vn -0.5405 -0.6116 -0.5777
vn -0.5504 -0.6014 -0.5791
vn -0.5686 -0.5821 -0.5812
vn -0.5938 -0.5539 -0.5836
vn -0.6253 -0.5160 -0.5854
vn -0.6627 -0.4667 -0.5857
vn -0.7052 -0.4036 -0.5829
vn -0.7867 -0.4728 -0.3970
vn -0.8249 -0.5208 -0.2198
vn -0.8313 -0.5533 -0.0525
vn -0.8113 -0.5742 0.1098
vn -0.7642 -0.5842 0.2733
vn -0.6834 -0.5808 0.4423
vn 0.5247 0.0087 0.8513
vn 0.4870 0.0952 0.8682
vn 0.4519 0.1672 0.8763
vn 0.4212 0.2248 0.8786
vn 0.3967 0.2681 0.8779
vn 0.3799 0.2964 0.8763
vn 0.3672 -0.0651 0.9279
vn 0.3259 0.0276 0.9450
vn 0.2886 0.1050 0.9517
vn 0.2571 0.1668 0.9519
vn 0.2323 0.2131 0.9490
vn 0.2157 0.2432 0.9457
vn 0.2145 -0.1357 0.9673
vn 0.1716 -0.0402 0.9843
vn 0.1343 0.0399 0.9901
vn 0.1035 0.1041 0.9892
vn 0.0800 0.1523 0.9851
vn 0.0644 0.1836 0.9809
vn 0.0631 -0.2054 0.9766
vn 0.0201 -0.1100 0.9937
vn -0.0160 -0.0293 0.9994
vn -0.0449 0.0358 0.9984
vn -0.0666 0.0848 0.9942
vn -0.0807 0.1168 0.9899
vn -0.0929 -0.2770 0.9564
vn -0.1347 -0.1846 0.9735
vn -0.1686 -0.1057 0.9800
vn -0.1951 -0.0415 0.9799
vn -0.2145 0.0072 0.9767
vn -0.2270 0.0393 0.9731
vn -0.2581 -0.3519 0.8998
vn -0.2976 -0.2663 0.9168
vn -0.3287 -0.1924 0.9246
vn -0.3524 -0.1316 0.9266
vn -0.3694 -0.0849 0.9254
vn -0.3802 -0.0538 0.9234
vn 0.7139 -0.0021 0.7003
vn 0.6837 0.0858 0.7247
vn 0.6524 0.1615 0.7405
vn 0.6224 0.2246 0.7498
vn 0.5956 0.2754 0.7546
vn 0.5735 0.3139 0.7567
vn 0.5581 0.3395 0.7572
vn 0.5517 0.3496 0.7572
vn 0.3734 0.3069 0.8754
vn 0.2096 0.2541 0.9442
vn 0.0588 0.1948 0.9791
vn -0.0857 0.1282 0.9880
vn -0.2314 0.0509 0.9715
vn -0.3841 -0.0421 0.9223
vn -0.5434 -0.1549 0.8250
vn -0.5398 -0.1663 0.8252
vn -0.5305 -0.1947 0.8250
vn -0.5157 -0.2366 0.8235
vn -0.4950 -0.2902 0.8190
vn -0.4675 -0.3545 0.8098
vn -0.4319 -0.4282 0.7938
vn -0.3873 -0.5094 0.7685
vn -0.2096 -0.4466 0.8699
vn -0.0433 -0.3800 0.9240
vn 0.1118 -0.3128 0.9432
vn 0.2610 -0.2440 0.9340
vn 0.4100 -0.1712 0.8959
vn 0.5621 -0.0910 0.8220
vn 0.8383 0.2175 -0.5000
vn 0.8474 0.1742 -0.5016
vn 0.8536 0.1391 -0.5021
vn 0.8576 0.1120 -0.5021
vn 0.8600 0.0931 -0.5018
vn 0.8610 0.0835 -0.5016
vn 0.9118 0.2445 -0.3300
vn 0.9175 0.2185 -0.3323
vn 0.9216 0.1976 -0.3340
vn 0.9245 0.1816 -0.3352
vn 0.9263 0.1709 -0.3359
vn 0.9269 0.1666 -0.3362
vn 0.9526 0.2560 -0.1643
vn 0.9548 0.2471 -0.1655
vn 0.9564 0.2402 -0.1664
vn 0.9574 0.2355 -0.1670
vn 0.9579 0.2333 -0.1673
vn 0.9577 0.2343 -0.1672
vn 0.9670 0.2546 0.0009
vn 0.9650 0.2623 0.0021
vn 0.9630 0.2694 0.0033
vn 0.9611 0.2760 0.0044
vn 0.9593 0.2824 0.0055
vn 0.9574 0.2886 0.0065
vn 0.9555 0.2400 0.1718
vn 0.9481 0.2646 0.1765
vn 0.9412 0.2857 0.1805
vn 0.9349 0.3037 0.1838
vn 0.9293 0.3186 0.1865
vn 0.9249 0.3302 0.1886
vn 0.9117 0.2094 0.3535
vn 0.8975 0.2514 0.3623
vn 0.8839 0.2870 0.3692
vn 0.8715 0.3165 0.3746
vn 0.8609 0.3399 0.3786
vn 0.8529 0.3567 0.3813
vn 0.7010 0.2442 -0.6700
vn 0.7211 0.1709 -0.6714
vn 0.7344 0.1104 -0.6696
vn 0.7430 0.0619 -0.6664
vn 0.7484 0.0246 -0.6628
vn 0.7515 -0.0016 -0.6597
vn 0.7530 -0.0157 -0.6579
vn 0.7528 -0.0141 -0.6581
vn 0.8607 0.0863 -0.5017
vn 0.9263 0.1707 -0.3359
vn 0.9565 0.2396 -0.1665
vn 0.9554 0.2951 0.0076
vn 0.9218 0.3378 0.1900
vn 0.8486 0.3653 0.3827
vn 0.7247 0.3715 0.5803
vn 0.7302 0.3620 0.5794
vn 0.7424 0.3404 0.5771
vn 0.7591 0.3089 0.5731
vn 0.7789 0.2681 0.5669
vn 0.8008 0.2179 0.5579
vn 0.8234 0.1582 0.5450
vn 0.8450 0.0886 0.5274
vn 0.9257 0.1605 0.3426
vn 0.9631 0.2116 0.1663
vn 0.9692 0.2461 -0.0005
vn 0.9498 0.2672 -0.1628
vn 0.9040 0.2757 -0.3269
vn 0.8249 0.2697 -0.4968
vn -0.3681 -0.3156 -0.8746
vn -0.3207 -0.3886 -0.8638
vn -0.2819 -0.4437 -0.8507
vn -0.2516 -0.4839 -0.8382
vn -0.2301 -0.5113 -0.8280
vn -0.2180 -0.5262 -0.8220
vn -0.2169 -0.2411 -0.9460
vn -0.1707 -0.3211 -0.9315
vn -0.1337 -0.3815 -0.9147
vn -0.1054 -0.4256 -0.8988
vn -0.0855 -0.4556 -0.8861
vn -0.0743 -0.4720 -0.8784
vn -0.0706 -0.1712 -0.9827
vn -0.0278 -0.2557 -0.9664
vn 0.0057 -0.3197 -0.9475
vn 0.0307 -0.3666 -0.9299
vn 0.0482 -0.3986 -0.9159
vn 0.0579 -0.4162 -0.9074
vn 0.0751 -0.1041 -0.9917
vn 0.1132 -0.1908 -0.9751
vn 0.1420 -0.2569 -0.9560
vn 0.1632 -0.3056 -0.9381
vn 0.1776 -0.3389 -0.9239
vn 0.1856 -0.3574 -0.9153
vn 0.2261 -0.0370 -0.9734
vn 0.2584 -0.1234 -0.9581
vn 0.2820 -0.1899 -0.9404
vn 0.2988 -0.2393 -0.9238
vn 0.3100 -0.2734 -0.9106
vn 0.3160 -0.2922 -0.9026
vn 0.3873 0.0324 -0.9214
vn 0.4132 -0.0506 -0.9092
vn 0.4312 -0.1152 -0.8949
vn 0.4435 -0.1637 -0.8812
vn 0.4513 -0.1973 -0.8703
vn 0.4555 -0.2159 -0.8637
vn -0.5742 -0.3128 -0.7566
vn -0.5227 -0.3940 -0.7560
vn -0.4778 -0.4568 -0.7504
vn -0.4403 -0.5044 -0.7428
vn -0.4106 -0.5394 -0.7352
vn -0.3893 -0.5632 -0.7289
vn -0.3774 -0.5761 -0.7251
vn -0.3777 -0.5757 -0.7252
vn -0.2179 -0.5263 -0.8219
vn -0.0740 -0.4725 -0.8782
vn 0.0582 -0.4168 -0.9071
vn 0.1859 -0.3580 -0.9150
vn 0.3162 -0.2927 -0.9024
vn 0.4555 -0.2161 -0.8636
vn 0.6058 -0.1226 -0.7861
vn 0.6059 -0.1231 -0.7860
vn 0.6034 -0.1059 -0.7904
vn 0.5985 -0.0745 -0.7977
vn 0.5903 -0.0296 -0.8066
vn 0.5776 0.0294 -0.8158
vn 0.5585 0.1041 -0.8230
vn 0.5301 0.1959 -0.8250
vn 0.3508 0.1357 -0.9266
vn 0.1827 0.0719 -0.9805
vn 0.0262 0.0062 -0.9996
vn -0.1235 -0.0627 -0.9904
vn -0.2722 -0.1376 -0.9524
vn -0.4234 -0.2209 -0.8786
vn -0.6034 0.1509 -0.7830
vn -0.5974 0.1543 -0.7870
vn -0.5872 0.1375 -0.7977
vn -0.5725 0.1049 -0.8131
vn -0.5518 0.0545 -0.8322
vn -0.5224 -0.0163 -0.8525
vn -0.4673 0.2629 -0.8441
vn -0.4607 0.2664 -0.8466
vn -0.4492 0.2481 -0.8583
vn -0.4321 0.2130 -0.8763
vn -0.4085 0.1591 -0.8988
vn -0.3760 0.0836 -0.9229
vn -0.3189 0.3556 -0.8786
vn -0.3153 0.3571 -0.8793
vn -0.3046 0.3372 -0.8908
vn -0.2874 0.3001 -0.9096
vn -0.2627 0.2443 -0.9334
vn -0.2284 0.1665 -0.9592
vn -0.1533 0.4318 -0.8888
vn -0.1569 0.4300 -0.8891
vn -0.1499 0.4085 -0.9004
vn -0.1348 0.3704 -0.9190
vn -0.1109 0.3142 -0.9428
vn -0.0766 0.2364 -0.9686
vn 0.0161 0.4856 -0.8740
vn 0.0089 0.4828 -0.8757
vn 0.0141 0.4616 -0.8870
vn 0.0279 0.4249 -0.9048
vn 0.0512 0.3709 -0.9273
vn 0.0850 0.2959 -0.9514
vn 0.1949 0.5187 -0.8325
vn 0.1880 0.5161 -0.8356
vn 0.1931 0.4970 -0.8460
vn 0.2067 0.4640 -0.8614
vn 0.2297 0.4145 -0.8806
vn 0.2623 0.3452 -0.9011
vn -0.7214 -0.0083 -0.6925
vn -0.7259 0.0130 -0.6877
vn -0.7235 0.0147 -0.6902
vn -0.7168 -0.0003 -0.6973
vn -0.7060 -0.0291 -0.7076
vn -0.6891 -0.0739 -0.7208
vn -0.6638 -0.1361 -0.7354
vn -0.6260 -0.2175 -0.7489
vn -0.4801 -0.1102 -0.8703
vn -0.3307 -0.0175 -0.9436
vn -0.1817 0.0622 -0.9814
vn -0.0300 0.1321 -0.9908
vn 0.1303 0.1949 -0.9721
vn 0.3043 0.2512 -0.9189
vn 0.4921 0.2976 -0.8181
vn 0.4561 0.3799 -0.8048
vn 0.4268 0.4402 -0.7900
vn 0.4051 0.4827 -0.7765
vn 0.3913 0.5102 -0.7659
vn 0.3849 0.5253 -0.7588
vn 0.3880 0.5261 -0.7567
vn 0.4008 0.5087 -0.7620
vn 0.2350 0.4963 -0.8358
vn 0.0543 0.4624 -0.8850
vn -0.1294 0.4045 -0.9053
vn -0.3153 0.3189 -0.8938
vn -0.4755 0.2183 -0.8522
vn -0.6126 0.1058 -0.7833
vn 0.7568 0.4275 -0.4945
vn 0.7561 0.4397 -0.4847
vn 0.7591 0.4387 -0.4809
vn 0.7659 0.4275 -0.4802
vn 0.7764 0.4058 -0.4823
vn 0.7903 0.3728 -0.4863
vn 0.8800 0.3336 -0.3381
vn 0.8763 0.3551 -0.3257
vn 0.8746 0.3640 -0.3201
vn 0.8757 0.3634 -0.3179
vn 0.8794 0.3542 -0.3181
vn 0.8857 0.3365 -0.3199
vn 0.9585 0.2232 -0.1776
vn 0.9521 0.2553 -0.1681
vn 0.9475 0.2749 -0.1632
vn 0.9448 0.2855 -0.1608
vn 0.9438 0.2892 -0.1599
vn 0.9444 0.2870 -0.1601
vn 0.9949 0.0997 -0.0159
vn 0.9894 0.1447 -0.0142
vn 0.9845 0.1752 -0.0115
vn 0.9804 0.1968 -0.0087
vn 0.9770 0.2130 -0.0061
vn 0.9742 0.2258 -0.0039
vn 0.9913 -0.0221 0.1300
vn 0.9910 0.0291 0.1308
vn 0.9885 0.0666 0.1355
vn 0.9852 0.0972 0.1415
vn 0.9812 0.1244 0.1478
vn 0.9764 0.1515 0.1539
vn 0.9537 -0.1435 0.2645
vn 0.9578 -0.0941 0.2715
vn 0.9579 -0.0540 0.2820
vn 0.9558 -0.0167 0.2934
vn 0.9521 0.0203 0.3052
vn 0.9464 0.0607 0.3172
vn 0.5962 0.4746 -0.6476
vn 0.5867 0.4962 -0.6400
vn 0.5874 0.5002 -0.6363
vn 0.5945 0.4909 -0.6369
vn 0.6067 0.4707 -0.6405
vn 0.6243 0.4377 -0.6470
vn 0.6468 0.3900 -0.6553
vn 0.6735 0.3249 -0.6639
vn 0.8071 0.3269 -0.4916
vn 0.8942 0.3099 -0.3230
vn 0.9466 0.2793 -0.1612
vn 0.9716 0.2366 -0.0021
vn 0.9705 0.1804 0.1600
vn 0.9380 0.1074 0.3297
vn 0.8628 0.0139 0.5053
vn 0.8737 -0.0494 0.4839
vn 0.8799 -0.1017 0.4641
vn 0.8832 -0.1471 0.4453
vn 0.8842 -0.1892 0.4271
vn 0.8829 -0.2298 0.4094
vn 0.8788 -0.2716 0.3923
vn 0.8718 -0.3138 0.3761
vn 0.9378 -0.2171 0.2709
vn 0.9849 -0.1007 0.1406
vn 0.9995 0.0297 -0.0145
vn 0.9655 0.1716 -0.1959
vn 0.8807 0.2968 -0.3692
vn 0.7518 0.3996 -0.5245
vn 0.6430 -0.5118 0.5697
vn 0.6356 -0.4805 0.6042
vn 0.6327 -0.4419 0.6359
vn 0.6297 -0.3969 0.6678
vn 0.6243 -0.3437 0.7015
vn 0.6136 -0.2784 0.7389
vn 0.5289 -0.5920 0.6081
vn 0.5155 -0.5633 0.6458
vn 0.5073 -0.5272 0.6817
vn 0.5000 -0.4841 0.7181
vn 0.4902 -0.4318 0.7572
vn 0.4744 -0.3660 0.8006
vn 0.4152 -0.6569 0.6294
vn 0.4011 -0.6277 0.6672
vn 0.3889 -0.5935 0.7047
vn 0.3761 -0.5530 0.7435
vn 0.3601 -0.5032 0.7856
vn 0.3378 -0.4392 0.8325
vn 0.2942 -0.7126 0.6369
vn 0.2850 -0.6812 0.6744
vn 0.2707 -0.6479 0.7120
vn 0.2522 -0.6100 0.7511
vn 0.2291 -0.5635 0.7937
vn 0.1998 -0.5028 0.8410
vn 0.1695 -0.7576 0.6303
vn 0.1603 -0.7269 0.6678
vn 0.1419 -0.6955 0.7043
vn 0.1176 -0.6602 0.7418
vn 0.0883 -0.6169 0.7821
vn 0.0531 -0.5601 0.8267
vn 0.0313 -0.7936 0.6076
vn 0.0159 -0.7660 0.6426
vn -0.0083 -0.7372 0.6756
vn -0.0372 -0.7041 0.7091
vn -0.0706 -0.6638 0.7446
vn -0.1093 -0.6115 0.7837
vn 0.7643 -0.4359 0.4752
vn 0.7642 -0.4048 0.5021
vn 0.7646 -0.3688 0.5286
vn 0.7649 -0.3288 0.5539
vn 0.7639 -0.2839 0.5795
vn 0.7606 -0.2326 0.6061
vn 0.7531 -0.1715 0.6352
vn 0.7385 -0.0949 0.6675
vn 0.5940 -0.1948 0.7806
vn 0.4486 -0.2799 0.8488
vn 0.3055 -0.3537 0.8841
vn 0.1612 -0.4202 0.8930
vn 0.0094 -0.4822 0.8760
vn -0.1558 -0.5402 0.8270
vn -0.3361 -0.5900 0.7341
vn -0.2908 -0.6524 0.6999
vn -0.2523 -0.6993 0.6689
vn -0.2183 -0.7364 0.6403
vn -0.1875 -0.7676 0.6129
vn -0.1595 -0.7946 0.5858
vn -0.1348 -0.8190 0.5578
vn -0.1140 -0.8406 0.5296
vn 0.0250 -0.8241 0.5659
vn 0.1627 -0.7915 0.5892
vn 0.2974 -0.7448 0.5973
vn 0.4334 -0.6821 0.5889
vn 0.5548 -0.6108 0.5649
vn 0.6659 -0.5288 0.5262
vn -0.4791 -0.8035 0.3532
vn -0.5185 -0.7742 0.3630
vn -0.5479 -0.7477 0.3753
vn -0.5736 -0.7213 0.3882
vn -0.5980 -0.6938 0.4012
vn -0.6238 -0.6627 0.4145
vn -0.6090 -0.7593 0.2291
vn -0.6475 -0.7257 0.2323
vn -0.6739 -0.6993 0.2385
vn -0.6943 -0.6765 0.2455
vn -0.7117 -0.6555 0.2526
vn -0.7285 -0.6340 0.2595
vn -0.7185 -0.6897 0.0902
vn -0.7489 -0.6561 0.0935
vn -0.7685 -0.6324 0.0971
vn -0.7820 -0.6151 0.1005
vn -0.7918 -0.6019 0.1035
vn -0.7995 -0.5913 0.1060
vn -0.8050 -0.5893 -0.0683
vn -0.8244 -0.5631 -0.0581
vn -0.8357 -0.5466 -0.0527
vn -0.8418 -0.5375 -0.0501
vn -0.8438 -0.5344 -0.0492
vn -0.8426 -0.5363 -0.0494
vn -0.8545 -0.4655 -0.2306
vn -0.8671 -0.4481 -0.2177
vn -0.8722 -0.4408 -0.2119
vn -0.8722 -0.4418 -0.2096
vn -0.8677 -0.4507 -0.2099
vn -0.8585 -0.4670 -0.2119
vn -0.8621 -0.3183 -0.3942
vn -0.8700 -0.3094 -0.3840
vn -0.8707 -0.3122 -0.3799
vn -0.8666 -0.3245 -0.3791
vn -0.8571 -0.3467 -0.3811
vn -0.8414 -0.3789 -0.3852
vn -0.2859 -0.8471 0.4479
vn -0.3208 -0.8242 0.4666
vn -0.3534 -0.7993 0.4860
vn -0.3831 -0.7731 0.5056
vn -0.4125 -0.7440 0.5256
vn -0.4429 -0.7111 0.5460
vn -0.4765 -0.6715 0.5675
vn -0.5153 -0.6209 0.5907
vn -0.6524 -0.6253 0.4282
vn -0.7460 -0.6103 0.2664
vn -0.8058 -0.5822 0.1080
vn -0.8382 -0.5429 -0.0506
vn -0.8442 -0.4909 -0.2154
vn -0.8181 -0.4218 -0.3909
vn -0.7480 -0.3300 -0.5759
vn -0.7793 -0.2670 -0.5670
vn -0.8000 -0.2185 -0.5588
vn -0.8130 -0.1834 -0.5526
vn -0.8201 -0.1608 -0.5492
vn -0.8224 -0.1493 -0.5489
vn -0.8194 -0.1515 -0.5528
vn -0.8099 -0.1732 -0.5605
vn -0.8408 -0.3341 -0.4258
vn -0.8302 -0.4914 -0.2632
vn -0.7724 -0.6290 -0.0883
vn -0.6683 -0.7386 0.0888
vn -0.5443 -0.8052 0.2353
vn -0.4125 -0.8392 0.3545
vt 0.517992 0.031250
vt 0.532496 0.031250
vt 0.533602 0.062500
vt 0.519829 0.062500
vt 0.547527 0.031250
vt 0.548131 0.062500
vt 0.562824 0.031250
vt 0.563128 0.062500
vt 0.578262 0.031250
vt 0.578390 0.062500
vt 0.593791 0.031250
vt 0.593828 0.062500
vt 0.609380 0.031250
vt 0.609385 0.062500
vt 0.534453 0.093750
vt 0.521069 0.093750
vt 0.548640 0.093750
vt 0.563391 0.093750
vt 0.578501 0.093750
vt 0.593861 0.093750
vt 0.609389 0.093750
vt 0.535046 0.125000
vt 0.521848 0.125000
vt 0.549022 0.125000
vt 0.563592 0.125000
vt 0.578586 0.125000
vt 0.593887 0.125000
vt 0.609392 0.125000
vt 0.535409 0.156250
vt 0.522311 0.156250
vt 0.549261 0.156250
vt 0.563719 0.156250
vt 0.578639 0.156250
vt 0.593902 0.156250
vt 0.609394 0.156250
vt 0.535595 0.187500
vt 0.522549 0.187500
vt 0.549383 0.187500
vt 0.563784 0.187500
vt 0.578666 0.187500
vt 0.593910 0.187500
vt 0.609395 0.187500
vt 0.535664 0.218750
vt 0.522637 0.218750
vt 0.549429 0.218750
vt 0.563807 0.218750
vt 0.578677 0.218750
vt 0.593913 0.218750
vt 0.609395 0.218750
vt 0.500000 0.000000
vt 0.515625 0.000000
vt 0.504956 0.031250
vt 0.531250 0.000000
vt 0.546875 0.000000
vt 0.562500 0.000000
vt 0.578125 0.000000
vt 0.593750 0.000000
vt 0.609375 0.000000
vt 0.625000 0.000000
vt 0.625000 0.031250
vt 0.625000 0.062500
vt 0.625000 0.093750
vt 0.625000 0.125000
vt 0.625000 0.156250
vt 0.625000 0.187500
vt 0.625000 0.218750
vt 0.625000 0.250000
vt 0.609396 0.250000
vt 0.593914 0.250000
vt 0.578678 0.250000
vt 0.563811 0.250000
vt 0.549435 0.250000
vt 0.535674 0.250000
vt 0.522650 0.250000
vt 0.510472 0.218750
vt 0.510486 0.250000
vt 0.510377 0.187500
vt 0.510117 0.156250
vt 0.509612 0.125000
vt 0.508752 0.093750
vt 0.507318 0.062500
vt 0.522650 0.281250
vt 0.535674 0.281250
vt 0.535674 0.312500
vt 0.522650 0.312500
vt 0.549435 0.281250
vt 0.549435 0.312500
vt 0.563811 0.281250
vt 0.563811 0.312500
vt 0.578678 0.281250
vt 0.578678 0.312500
vt 0.593914 0.281250
vt 0.593914 0.312500
vt 0.609395 0.281250
vt 0.609396 0.312500
vt 0.535674 0.343750
vt 0.522650 0.343750
vt 0.549435 0.343750
vt 0.563811 0.343750
vt 0.578678 0.343750
vt 0.593914 0.343750
vt 0.609396 0.343750
vt 0.535674 0.375000
vt 0.522650 0.375000
vt 0.549435 0.375000
vt 0.563811 0.375000
vt 0.578678 0.375000
vt 0.593914 0.375000
vt 0.609396 0.375000
vt 0.535675 0.406250
vt 0.522650 0.406250
vt 0.549438 0.406250
vt 0.563818 0.406250
vt 0.578690 0.406250
vt 0.593928 0.406250
vt 0.609405 0.406250
vt 0.535681 0.437500
vt 0.522650 0.437500
vt 0.549458 0.437500
vt 0.563865 0.437500
vt 0.578776 0.437500
vt 0.594029 0.437500
vt 0.609471 0.437500
vt 0.535697 0.468750
vt 0.522653 0.468750
vt 0.549512 0.468750
vt 0.563994 0.468750
vt 0.579013 0.468750
vt 0.594350 0.468750
vt 0.609751 0.468750
vt 0.510486 0.281250
vt 0.625000 0.281250
vt 0.625000 0.312500
vt 0.625000 0.343750
vt 0.625000 0.375000
vt 0.625000 0.406250
vt 0.625000 0.437500
vt 0.625000 0.468750
vt 0.625000 0.500000
vt 0.611072 0.500000
vt 0.595216 0.500000
vt 0.579505 0.500000
vt 0.564245 0.500000
vt 0.549618 0.500000
vt 0.535728 0.500000
vt 0.522657 0.500000
vt 0.510486 0.468750
vt 0.510486 0.500000
vt 0.510486 0.437500
vt 0.510486 0.406250
vt 0.510486 0.375000
vt 0.510486 0.343750
vt 0.510486 0.312500
vt 0.522663 0.531250
vt 0.535776 0.531250
vt 0.535830 0.562500
vt 0.522669 0.562500
vt 0.549781 0.531250
vt 0.549962 0.562500
vt 0.564631 0.531250
vt 0.565059 0.562500
vt 0.580296 0.531250
vt 0.581168 0.562500
vt 0.596807 0.531250
vt 0.598546 0.562500
vt 0.614435 0.531250
vt 0.617628 0.562500
vt 0.535873 0.593750
vt 0.522675 0.593750
vt 0.550107 0.593750
vt 0.565405 0.593750
vt 0.581850 0.593750
vt 0.599766 0.593750
vt 0.619549 0.593750
vt 0.535891 0.625000
vt 0.522677 0.625000
vt 0.550168 0.625000
vt 0.565547 0.625000
vt 0.582123 0.625000
vt 0.600207 0.625000
vt 0.620165 0.625000
vt 0.535873 0.656250
vt 0.522675 0.656250
vt 0.550107 0.656250
vt 0.565405 0.656250
vt 0.581850 0.656250
vt 0.599766 0.656250
vt 0.619549 0.656250
vt 0.535830 0.687500
vt 0.522669 0.687500
vt 0.549962 0.687500
vt 0.565059 0.687500
vt 0.581168 0.687500
vt 0.598546 0.687500
vt 0.617628 0.687500
vt 0.535776 0.718750
vt 0.522662 0.718750
vt 0.549781 0.718750
vt 0.564631 0.718750
vt 0.580296 0.718750
vt 0.596807 0.718750
vt 0.614435 0.718750
vt 0.510486 0.531250
vt 0.634918 0.531250
vt 0.639350 0.562500
vt 0.641659 0.593750
vt 0.642361 0.625000
vt 0.641659 0.656250
vt 0.639350 0.687500
vt 0.634918 0.718750
vt 0.625000 0.750000
vt 0.611072 0.750000
vt 0.595216 0.750000
vt 0.579505 0.750000
vt 0.564245 0.750000
vt 0.549618 0.750000
vt 0.535728 0.750000
vt 0.522657 0.750000
vt 0.510486 0.718750
vt 0.510486 0.750000
vt 0.510486 0.687500
vt 0.510486 0.656250
vt 0.510486 0.625000
vt 0.510486 0.593750
vt 0.510486 0.562500
vt 0.522640 0.781250
vt 0.535687 0.781250
vt 0.535602 0.812500
vt 0.522550 0.812500
vt 0.549506 0.781250
vt 0.549406 0.812500
vt 0.563990 0.781250
vt 0.563838 0.812500
vt 0.579012 0.781250
vt 0.578764 0.812500
vt 0.594350 0.781250
vt 0.594026 0.812500
vt 0.609751 0.781250
vt 0.609471 0.812500
vt 0.535410 0.843750
vt 0.522311 0.843750
vt 0.549264 0.843750
vt 0.563725 0.843750
vt 0.578651 0.843750
vt 0.593917 0.843750
vt 0.609403 0.843750
vt 0.535046 0.875000
vt 0.521848 0.875000
vt 0.549022 0.875000
vt 0.563592 0.875000
vt 0.578586 0.875000
vt 0.593887 0.875000
vt 0.609392 0.875000
vt 0.534453 0.906250
vt 0.521069 0.906250
vt 0.548640 0.906250
vt 0.563391 0.906250
vt 0.578501 0.906250
vt 0.593861 0.906250
vt 0.609389 0.906250
vt 0.533602 0.937500
vt 0.519829 0.937500
vt 0.548131 0.937500
vt 0.563128 0.937500
vt 0.578390 0.937500
vt 0.593829 0.937500
vt 0.609385 0.937500
vt 0.532496 0.968750
vt 0.517992 0.968750
vt 0.547527 0.968750
vt 0.562824 0.968750
vt 0.578262 0.968750
vt 0.593791 0.968750
vt 0.609380 0.968750
vt 0.510472 0.781250
vt 0.625000 0.781250
vt 0.625000 0.812500
vt 0.625000 0.843750
vt 0.625000 0.875000
vt 0.625000 0.906250
vt 0.625000 0.937500
vt 0.625000 0.968750
vt 0.625000 1.000000
vt 0.609375 1.000000
vt 0.593750 1.000000
vt 0.578125 1.000000
vt 0.562500 1.000000
vt 0.546875 1.000000
vt 0.531250 1.000000
vt 0.515625 1.000000
vt 0.504956 0.968750
vt 0.500000 1.000000
vt 0.507318 0.937500
vt 0.508752 0.906250
vt 0.509612 0.875000
vt 0.510117 0.843750
vt 0.510377 0.812500
vt 0.156235 0.531250
vt 0.187381 0.531250
vt 0.187277 0.562500
vt 0.156222 0.562500
vt 0.218348 0.531250
vt 0.217996 0.562500
vt 0.249046 0.531250
vt 0.248214 0.562500
vt 0.279329 0.531250
vt 0.277670 0.562500
vt 0.308823 0.531250
vt 0.305740 0.562500
vt 0.336739 0.531250
vt 0.331542 0.562500
vt 0.187203 0.593750
vt 0.156213 0.593750
vt 0.217748 0.593750
vt 0.247625 0.593750
vt 0.276521 0.593750
vt 0.303763 0.593750
vt 0.328568 0.593750
vt 0.187175 0.625000
vt 0.156209 0.625000
vt 0.217654 0.625000
vt 0.247402 0.625000
vt 0.276094 0.625000
vt 0.303081 0.625000
vt 0.327632 0.625000
vt 0.187203 0.656250
vt 0.156213 0.656250
vt 0.217748 0.656250
vt 0.247625 0.656250
vt 0.276521 0.656250
vt 0.303763 0.656250
vt 0.328568 0.656250
vt 0.187277 0.687500
vt 0.156222 0.687500
vt 0.217996 0.687500
vt 0.248214 0.687500
vt 0.277670 0.687500
vt 0.305740 0.687500
vt 0.331542 0.687500
vt 0.187381 0.718750
vt 0.156235 0.718750
vt 0.218347 0.718750
vt 0.249046 0.718750
vt 0.279329 0.718750
vt 0.308823 0.718750
vt 0.336739 0.718750
vt 0.125000 0.500000
vt 0.156250 0.500000
vt 0.125000 0.531250
vt 0.187500 0.500000
vt 0.218750 0.500000
vt 0.250000 0.500000
vt 0.281250 0.500000
vt 0.312500 0.500000
vt 0.343750 0.500000
vt 0.375000 0.500000
vt 0.360156 0.531250
vt 0.353523 0.562500
vt 0.350066 0.593750
vt 0.349016 0.625000
vt 0.350067 0.656250
vt 0.353523 0.687500
vt 0.360156 0.718750
vt 0.375000 0.750000
vt 0.343750 0.750000
vt 0.312500 0.750000
vt 0.281250 0.750000
vt 0.250000 0.750000
vt 0.218750 0.750000
vt 0.187500 0.750000
vt 0.156250 0.750000
vt 0.125000 0.718750
vt 0.125000 0.750000
vt 0.125000 0.687500
vt 0.125000 0.656250
vt 0.125000 0.625000
vt 0.125000 0.593750
vt 0.125000 0.562500
vt 0.660934 0.531250
vt 0.689957 0.531250
vt 0.692017 0.562500
vt 0.664407 0.562500
vt 0.720033 0.531250
vt 0.721142 0.562500
vt 0.750638 0.531250
vt 0.751194 0.562500
vt 0.781519 0.531250
vt 0.781754 0.562500
vt 0.812580 0.531250
vt 0.812649 0.562500
vt 0.843760 0.531250
vt 0.843769 0.562500
vt 0.693337 0.593750
vt 0.666394 0.593750
vt 0.721910 0.593750
vt 0.751587 0.593750
vt 0.781920 0.593750
vt 0.812698 0.593750
vt 0.843775 0.593750
vt 0.693793 0.625000
vt 0.667019 0.625000
vt 0.722195 0.625000
vt 0.751736 0.625000
vt 0.781982 0.625000
vt 0.812717 0.625000
vt 0.843777 0.625000
vt 0.693337 0.656250
vt 0.666394 0.656250
vt 0.721910 0.656250
vt 0.751587 0.656250
vt 0.781920 0.656250
vt 0.812698 0.656250
vt 0.843775 0.656250
vt 0.692017 0.687500
vt 0.664407 0.687500
vt 0.721142 0.687500
vt 0.751194 0.687500
vt 0.781754 0.687500
vt 0.812649 0.687500
vt 0.843769 0.687500
vt 0.689957 0.718750
vt 0.660934 0.718750
vt 0.720033 0.718750
vt 0.750638 0.718750
vt 0.781519 0.718750
vt 0.812580 0.718750
vt 0.843760 0.718750
vt 0.656250 0.500000
vt 0.687500 0.500000
vt 0.718750 0.500000
vt 0.750000 0.500000
vt 0.781250 0.500000
vt 0.812500 0.500000
vt 0.843750 0.500000
vt 0.875000 0.500000
vt 0.875000 0.531250
vt 0.875000 0.562500
vt 0.875000 0.593750
vt 0.875000 0.625000
vt 0.875000 0.656250
vt 0.875000 0.687500
vt 0.875000 0.718750
vt 0.875000 0.750000
vt 0.843750 0.750000
vt 0.812500 0.750000
vt 0.781250 0.750000
vt 0.750000 0.750000
vt 0.718750 0.750000
vt 0.687500 0.750000
vt 0.656250 0.750000
vt 0.445603 0.781250
vt 0.453541 0.781250
vt 0.453539 0.812500
vt 0.445604 0.812500
vt 0.461715 0.781250
vt 0.461705 0.812500
vt 0.470247 0.781250
vt 0.470224 0.812500
vt 0.479264 0.781250
vt 0.479219 0.812500
vt 0.488890 0.781250
vt 0.488822 0.812500
vt 0.499251 0.781250
vt 0.499163 0.812500
vt 0.453534 0.843750
vt 0.445606 0.843750
vt 0.461679 0.843750
vt 0.470160 0.843750
vt 0.479097 0.843750
vt 0.488635 0.843750
vt 0.498925 0.843750
vt 0.453522 0.875000
vt 0.445610 0.875000
vt 0.461629 0.875000
vt 0.470035 0.875000
vt 0.478859 0.875000
vt 0.488273 0.875000
vt 0.498462 0.875000
vt 0.453505 0.906250
vt 0.445617 0.906250
vt 0.461549 0.906250
vt 0.469836 0.906250
vt 0.478478 0.906250
vt 0.487680 0.906250
vt 0.497683 0.906250
vt 0.453483 0.937500
vt 0.445630 0.937500
vt 0.461445 0.937500
vt 0.469577 0.937500
vt 0.477970 0.937500
vt 0.486829 0.937500
vt 0.496443 0.937500
vt 0.453460 0.968750
vt 0.445649 0.968750
vt 0.461325 0.968750
vt 0.469277 0.968750
vt 0.477369 0.968750
vt 0.485724 0.968750
vt 0.494606 0.968750
vt 0.437776 0.750000
vt 0.445603 0.750000
vt 0.437777 0.781250
vt 0.453542 0.750000
vt 0.461716 0.750000
vt 0.470251 0.750000
vt 0.479271 0.750000
vt 0.488900 0.750000
vt 0.499264 0.750000
vt 0.492239 1.000000
vt 0.484479 1.000000
vt 0.476718 1.000000
vt 0.468957 1.000000
vt 0.461197 1.000000
vt 0.453436 1.000000
vt 0.445675 1.000000
vt 0.437849 0.968750
vt 0.437915 1.000000
vt 0.437818 0.937500
vt 0.437799 0.906250
vt 0.437788 0.875000
vt 0.437781 0.843750
vt 0.437778 0.812500
vt 0.445603 0.531250
vt 0.453541 0.531250
vt 0.453542 0.562500
vt 0.445603 0.562500
vt 0.461716 0.531250
vt 0.461716 0.562500
vt 0.470251 0.531250
vt 0.470251 0.562500
vt 0.479271 0.531250
vt 0.479271 0.562500
vt 0.488900 0.531250
vt 0.488900 0.562500
vt 0.499264 0.531250
vt 0.499264 0.562500
vt 0.453542 0.593750
vt 0.445603 0.593750
vt 0.461716 0.593750
vt 0.470251 0.593750
vt 0.479271 0.593750
vt 0.488900 0.593750
vt 0.499264 0.593750
vt 0.453542 0.625000
vt 0.445603 0.625000
vt 0.461716 0.625000
vt 0.470251 0.625000
vt 0.479271 0.625000
vt 0.488900 0.625000
vt 0.499264 0.625000
vt 0.453541 0.656250
vt 0.445603 0.656250
vt 0.461716 0.656250
vt 0.470251 0.656250
vt 0.479271 0.656250
vt 0.488900 0.656250
vt 0.499264 0.656250
vt 0.453541 0.687500
vt 0.445603 0.687500
vt 0.461716 0.687500
vt 0.470251 0.687500
vt 0.479271 0.687500
vt 0.488900 0.687500
vt 0.499264 0.687500
vt 0.453542 0.718750
vt 0.445603 0.718750
vt 0.461716 0.718750
vt 0.470251 0.718750
vt 0.479271 0.718750
vt 0.488900 0.718750
vt 0.499264 0.718750
vt 0.437776 0.500000
vt 0.445603 0.500000
vt 0.437776 0.531250
vt 0.453541 0.500000
vt 0.461716 0.500000
vt 0.470251 0.500000
vt 0.479271 0.500000
vt 0.488900 0.500000
vt 0.499264 0.500000
vt 0.510486 0.500000
vt 0.510486 0.531250
vt 0.510486 0.593750
vt 0.510486 0.625000
vt 0.510486 0.687500
vt 0.510486 0.718750
vt 0.510486 0.750000
vt 0.488900 0.750000
vt 0.479271 0.750000
vt 0.470251 0.750000
vt 0.461716 0.750000
vt 0.453541 0.750000
vt 0.445603 0.750000
vt 0.437776 0.718750
vt 0.437776 0.750000
vt 0.437776 0.687500
vt 0.437776 0.656250
vt 0.437776 0.625000
vt 0.437776 0.593750
vt 0.437776 0.562500
vt 0.445603 0.281250
vt 0.453541 0.281250
vt 0.453542 0.312500
vt 0.445603 0.312500
vt 0.461716 0.281250
vt 0.461716 0.312500
vt 0.470251 0.281250
vt 0.470251 0.312500
vt 0.479271 0.281250
vt 0.479271 0.312500
vt 0.488900 0.281250
vt 0.488900 0.312500
vt 0.499264 0.281250
vt 0.499264 0.312500
vt 0.453542 0.343750
vt 0.445603 0.343750
vt 0.461716 0.343750
vt 0.470251 0.343750
vt 0.479271 0.343750
vt 0.488900 0.343750
vt 0.499264 0.343750
vt 0.453542 0.375000
vt 0.445603 0.375000
vt 0.461716 0.375000
vt 0.470251 0.375000
vt 0.479271 0.375000
vt 0.488900 0.375000
vt 0.499264 0.375000
vt 0.453541 0.406250
vt 0.445603 0.406250
vt 0.461716 0.406250
vt 0.470251 0.406250
vt 0.479271 0.406250
vt 0.488900 0.406250
vt 0.499264 0.406250
vt 0.453541 0.437500
vt 0.445603 0.437500
vt 0.461716 0.437500
vt 0.470251 0.437500
vt 0.479271 0.437500
vt 0.488900 0.437500
vt 0.499264 0.437500
vt 0.453542 0.468750
vt 0.445603 0.468750
vt 0.461716 0.468750
vt 0.470251 0.468750
vt 0.479271 0.468750
vt 0.488900 0.468750
vt 0.499264 0.468750
vt 0.437776 0.250000
vt 0.445603 0.250000
vt 0.437776 0.281250
vt 0.453541 0.250000
vt 0.461716 0.250000
vt 0.470251 0.250000
vt 0.479271 0.250000
vt 0.488900 0.250000
vt 0.499264 0.250000
vt 0.510486 0.250000
vt 0.510486 0.281250
vt 0.510486 0.312500
vt 0.510486 0.343750
vt 0.510486 0.375000
vt 0.510486 0.406250
vt 0.510486 0.437500
vt 0.510486 0.468750
vt 0.437776 0.468750
vt 0.437776 0.437500
vt 0.437776 0.406250
vt 0.437776 0.375000
vt 0.437776 0.343750
vt 0.437776 0.312500
vt 0.445649 0.031250
vt 0.453460 0.031250
vt 0.453483 0.062500
vt 0.445630 0.062500
vt 0.461325 0.031250
vt 0.461445 0.062500
vt 0.469277 0.031250
vt 0.469577 0.062500
vt 0.477369 0.031250
vt 0.477970 0.062500
vt 0.485724 0.031250
vt 0.486829 0.062500
vt 0.494606 0.031250
vt 0.496443 0.062500
vt 0.453505 0.093750
vt 0.445617 0.093750
vt 0.461549 0.093750
vt 0.469836 0.093750
vt 0.478478 0.093750
vt 0.487680 0.093750
vt 0.497683 0.093750
vt 0.453522 0.125000
vt 0.445610 0.125000
vt 0.461629 0.125000
vt 0.470035 0.125000
vt 0.478859 0.125000
vt 0.488272 0.125000
vt 0.498462 0.125000
vt 0.453534 0.156250
vt 0.445606 0.156250
vt 0.461679 0.156250
vt 0.470160 0.156250
vt 0.479097 0.156250
vt 0.488635 0.156250
vt 0.498925 0.156250
vt 0.453539 0.187500
vt 0.445604 0.187500
vt 0.461705 0.187500
vt 0.470224 0.187500
vt 0.479219 0.187500
vt 0.488822 0.187500
vt 0.499164 0.187500
vt 0.453541 0.218750
vt 0.445603 0.218750
vt 0.461715 0.218750
vt 0.470247 0.218750
vt 0.479264 0.218750
vt 0.488890 0.218750
vt 0.499251 0.218750
vt 0.437915 0.000000
vt 0.445675 0.000000
vt 0.437849 0.031250
vt 0.453436 0.000000
vt 0.461197 0.000000
vt 0.468957 0.000000
vt 0.476718 0.000000
vt 0.484479 0.000000
vt 0.492239 0.000000
vt 0.488900 0.250000
vt 0.479271 0.250000
vt 0.470251 0.250000
vt 0.461716 0.250000
vt 0.453542 0.250000
vt 0.445603 0.250000
vt 0.437777 0.218750
vt 0.437776 0.250000
vt 0.437778 0.187500
vt 0.437781 0.156250
vt 0.437788 0.125000
vt 0.437799 0.093750
vt 0.437818 0.062500
vt 0.382864 0.031250
vt 0.390728 0.031250
vt 0.390728 0.062500
vt 0.382864 0.062500
vt 0.398591 0.031250
vt 0.398590 0.062500
vt 0.406453 0.031250
vt 0.406449 0.062500
vt 0.414313 0.031250
vt 0.414305 0.062500
vt 0.422170 0.031250
vt 0.422155 0.062500
vt 0.430019 0.031250
vt 0.429995 0.062500
vt 0.390727 0.093750
vt 0.382864 0.093750
vt 0.398588 0.093750
vt 0.406446 0.093750
vt 0.414298 0.093750
vt 0.422144 0.093750
vt 0.429979 0.093750
vt 0.390727 0.125000
vt 0.382864 0.125000
vt 0.398587 0.125000
vt 0.406443 0.125000
vt 0.414293 0.125000
vt 0.422136 0.125000
vt 0.429968 0.125000
vt 0.390727 0.156250
vt 0.382864 0.156250
vt 0.398586 0.156250
vt 0.406441 0.156250
vt 0.414290 0.156250
vt 0.422131 0.156250
vt 0.429962 0.156250
vt 0.390727 0.187500
vt 0.382864 0.187500
vt 0.398586 0.187500
vt 0.406440 0.187500
vt 0.414289 0.187500
vt 0.422129 0.187500
vt 0.429959 0.187500
vt 0.390727 0.218750
vt 0.382864 0.218750
vt 0.398586 0.218750
vt 0.406440 0.218750
vt 0.414288 0.218750
vt 0.422128 0.218750
vt 0.429958 0.218750
vt 0.375000 0.000000
vt 0.382864 0.000000
vt 0.375000 0.031250
vt 0.390729 0.000000
vt 0.398593 0.000000
vt 0.406457 0.000000
vt 0.414322 0.000000
vt 0.422186 0.000000
vt 0.430050 0.000000
vt 0.429958 0.250000
vt 0.422128 0.250000
vt 0.414288 0.250000
vt 0.406440 0.250000
vt 0.398586 0.250000
vt 0.390726 0.250000
vt 0.382864 0.250000
vt 0.375000 0.218750
vt 0.375000 0.250000
vt 0.375000 0.187500
vt 0.375000 0.156250
vt 0.375000 0.125000
vt 0.375000 0.093750
vt 0.375000 0.062500
vt 0.382864 0.281250
vt 0.390727 0.281250
vt 0.390727 0.312500
vt 0.382864 0.312500
vt 0.398586 0.281250
vt 0.398586 0.312500
vt 0.406440 0.281250
vt 0.406440 0.312500
vt 0.414288 0.281250
vt 0.414288 0.312500
vt 0.422128 0.281250
vt 0.422128 0.312500
vt 0.429958 0.281250
vt 0.429958 0.312500
vt 0.390727 0.343750
vt 0.382864 0.343750
vt 0.398586 0.343750
vt 0.406440 0.343750
vt 0.414288 0.343750
vt 0.422128 0.343750
vt 0.429958 0.343750
vt 0.390726 0.375000
vt 0.382864 0.375000
vt 0.398586 0.375000
vt 0.406440 0.375000
vt 0.414288 0.375000
vt 0.422128 0.375000
vt 0.429958 0.375000
vt 0.390705 0.406250
vt 0.382850 0.406250
vt 0.398567 0.406250
vt 0.406430 0.406250
vt 0.414284 0.406250
vt 0.422126 0.406250
vt 0.429958 0.406250
vt 0.390554 0.437500
vt 0.382751 0.437500
vt 0.398440 0.437500
vt 0.406359 0.437500
vt 0.414254 0.437500
vt 0.422118 0.437500
vt 0.429956 0.437500
vt 0.390073 0.468750
vt 0.382332 0.468750
vt 0.398084 0.468750
vt 0.406166 0.468750
vt 0.414172 0.468750
vt 0.422093 0.468750
vt 0.429953 0.468750
vt 0.375000 0.281250
vt 0.437776 0.281250
vt 0.437776 0.312500
vt 0.437776 0.343750
vt 0.437776 0.375000
vt 0.437776 0.406250
vt 0.437776 0.437500
vt 0.437776 0.500000
vt 0.429948 0.500000
vt 0.422046 0.500000
vt 0.414014 0.500000
vt 0.405790 0.500000
vt 0.397347 0.500000
vt 0.388778 0.500000
vt 0.380354 0.500000
vt 0.375000 0.468750
vt 0.375000 0.437500
vt 0.375000 0.406250
vt 0.375000 0.375000
vt 0.375000 0.343750
vt 0.375000 0.312500
vt 0.375321 0.531250
vt 0.386396 0.531250
vt 0.383794 0.562500
vt 0.370543 0.562500
vt 0.396164 0.531250
vt 0.394859 0.562500
vt 0.405212 0.531250
vt 0.404572 0.562500
vt 0.413770 0.531250
vt 0.413500 0.562500
vt 0.421974 0.531250
vt 0.421894 0.562500
vt 0.429938 0.531250
vt 0.429929 0.562500
vt 0.381968 0.593750
vt 0.367668 0.593750
vt 0.393839 0.593750
vt 0.404055 0.593750
vt 0.413282 0.593750
vt 0.421829 0.593750
vt 0.429920 0.593750
vt 0.381307 0.625000
vt 0.366746 0.625000
vt 0.393430 0.625000
vt 0.403842 0.625000
vt 0.413192 0.625000
vt 0.421803 0.625000
vt 0.429917 0.625000
vt 0.381968 0.656250
vt 0.367668 0.656250
vt 0.393839 0.656250
vt 0.404055 0.656250
vt 0.413282 0.656250
vt 0.421829 0.656250
vt 0.429920 0.656250
vt 0.383794 0.687500
vt 0.370543 0.687500
vt 0.394859 0.687500
vt 0.404572 0.687500
vt 0.413500 0.687500
vt 0.421894 0.687500
vt 0.429929 0.687500
vt 0.386396 0.718750
vt 0.375321 0.718750
vt 0.396164 0.718750
vt 0.405212 0.718750
vt 0.413770 0.718750
vt 0.421974 0.718750
vt 0.429938 0.718750
vt 0.437776 0.531250
vt 0.437776 0.593750
vt 0.437776 0.625000
vt 0.437776 0.656250
vt 0.437776 0.687500
vt 0.437776 0.718750
vt 0.429948 0.750000
vt 0.422046 0.750000
vt 0.414014 0.750000
vt 0.405790 0.750000
vt 0.397347 0.750000
vt 0.388778 0.750000
vt 0.380354 0.750000
vt 0.382332 0.781250
vt 0.390073 0.781250
vt 0.390554 0.812500
vt 0.382751 0.812500
vt 0.398084 0.781250
vt 0.398440 0.812500
vt 0.406166 0.781250
vt 0.406359 0.812500
vt 0.414172 0.781250
vt 0.414254 0.812500
vt 0.422094 0.781250
vt 0.422119 0.812500
vt 0.429954 0.781250
vt 0.429958 0.812500
vt 0.390705 0.843750
vt 0.382850 0.843750
vt 0.398568 0.843750
vt 0.406431 0.843750
vt 0.414286 0.843750
vt 0.422130 0.843750
vt 0.429962 0.843750
vt 0.390727 0.875000
vt 0.382864 0.875000
vt 0.398587 0.875000
vt 0.406443 0.875000
vt 0.414293 0.875000
vt 0.422136 0.875000
vt 0.429968 0.875000
vt 0.390727 0.906250
vt 0.382864 0.906250
vt 0.398588 0.906250
vt 0.406446 0.906250
vt 0.414298 0.906250
vt 0.422144 0.906250
vt 0.429979 0.906250
vt 0.390728 0.937500
vt 0.382864 0.937500
vt 0.398589 0.937500
vt 0.406449 0.937500
vt 0.414305 0.937500
vt 0.422155 0.937500
vt 0.429995 0.937500
vt 0.390728 0.968750
vt 0.382864 0.968750
vt 0.398591 0.968750
vt 0.406453 0.968750
vt 0.414313 0.968750
vt 0.422170 0.968750
vt 0.430019 0.968750
vt 0.375000 0.781250
vt 0.430050 1.000000
vt 0.422186 1.000000
vt 0.414322 1.000000
vt 0.406457 1.000000
vt 0.398593 1.000000
vt 0.390729 1.000000
vt 0.382864 1.000000
vt 0.375000 0.968750
vt 0.375000 1.000000
vt 0.375000 0.937500
vt 0.375000 0.906250
vt 0.375000 0.875000
vt 0.375000 0.843750
vt 0.375000 0.812500
s 0
usemtl col
f 213/1/1 214/2/1 221/3/1 220/4/1
f 214/2/2 215/5/2 222/6/2 221/3/2
f 215/5/3 216/7/3 223/8/3 222/6/3
f 216/7/4 217/9/4 224/10/4 223/8/4
f 217/9/5 218/11/5 225/12/5 224/10/5
f 218/11/6 219/13/6 226/14/6 225/12/6
f 220/4/7 221/3/7 228/15/7 227/16/7
f 221/3/8 222/6/8 229/17/8 228/15/8
f 222/6/9 223/8/9 230/18/9 229/17/9
f 223/8/10 224/10/10 231/19/10 230/18/10
f 224/10/11 225/12/11 232/20/11 231/19/11
f 225/12/12 226/14/12 233/21/12 232/20/12
f 227/16/13 228/15/13 235/22/13 234/23/13
f 228/15/14 229/17/14 236/24/14 235/22/14
f 229/17/15 230/18/15 237/25/15 236/24/15
f 230/18/16 231/19/16 238/26/16 237/25/16
f 231/19/17 232/20/17 239/27/17 238/26/17
f 232/20/18 233/21/18 240/28/18 239/27/18
f 234/23/19 235/22/19 242/29/19 241/30/19
f 235/22/20 236/24/20 243/31/20 242/29/20
f 236/24/21 237/25/21 244/32/21 243/31/21
f 237/25/22 238/26/22 245/33/22 244/32/22
f 238/26/23 239/27/23 246/34/23 245/33/23
f 239/27/24 240/28/24 247/35/24 246/34/24
f 241/30/25 242/29/25 249/36/25 248/37/25
f 242/29/26 243/31/26 250/38/26 249/36/26
f 243/31/27 244/32/27 251/39/27 250/38/27
f 244/32/28 245/33/28 252/40/28 251/39/28
f 245/33/29 246/34/29 253/41/29 252/40/29
f 246/34/30 247/35/30 254/42/30 253/41/30
f 248/37/31 249/36/31 256/43/31 255/44/31
f 249/36/32 250/38/32 257/45/32 256/43/32
f 250/38/33 251/39/33 258/46/33 257/45/33
f 251/39/34 252/40/34 259/47/34 258/46/34
f 252/40/35 253/41/35 260/48/35 259/47/35
f 253/41/36 254/42/36 261/49/36 260/48/36
f 9/50/37 24/51/37 213/1/37 150/52/37
f 24/51/38 25/53/38 214/2/38 213/1/38
f 25/53/39 26/54/39 215/5/39 214/2/39
f 26/54/40 27/55/40 216/7/40 215/5/40
f 27/55/41 28/56/41 217/9/41 216/7/41
f 28/56/42 29/57/42 218/11/42 217/9/42
f 29/57/43 30/58/43 219/13/43 218/11/43
f 30/58/44 2/59/44 31/60/44 219/13/44
f 219/13/45 31/60/45 32/61/45 226/14/45
f 226/14/46 32/61/46 33/62/46 233/21/46
f 233/21/47 33/62/47 34/63/47 240/28/47
f 240/28/48 34/63/48 35/64/48 247/35/48
f 247/35/49 35/64/49 36/65/49 254/42/49
f 254/42/50 36/65/50 37/66/50 261/49/50
f 261/49/51 37/66/51 4/67/51 108/68/51
f 260/48/52 261/49/52 108/68/52 109/69/52
f 259/47/53 260/48/53 109/69/53 110/70/53
f 258/46/54 259/47/54 110/70/54 111/71/54
f 257/45/55 258/46/55 111/71/55 112/72/55
f 256/43/56 257/45/56 112/72/56 113/73/56
f 255/44/57 256/43/57 113/73/57 114/74/57
f 156/75/58 255/44/58 114/74/58 10/76/58
f 155/77/59 248/37/59 255/44/59 156/75/59
f 154/78/60 241/30/60 248/37/60 155/77/60
f 153/79/61 234/23/61 241/30/61 154/78/61
f 152/80/62 227/16/62 234/23/62 153/79/62
f 151/81/63 220/4/63 227/16/63 152/80/63
f 150/52/64 213/1/64 220/4/64 151/81/64
f 262/82/65 263/83/65 270/84/65 269/85/65
f 263/83/66 264/86/66 271/87/66 270/84/66
f 264/86/67 265/88/67 272/89/67 271/87/67
f 265/88/68 266/90/68 273/91/68 272/89/68
f 266/90/69 267/92/69 274/93/69 273/91/69
f 267/92/70 268/94/70 275/95/70 274/93/70
f 269/85/71 270/84/71 277/96/71 276/97/71
f 270/84/72 271/87/72 278/98/72 277/96/72
f 271/87/73 272/89/73 279/99/73 278/98/73
f 272/89/74 273/91/74 280/100/74 279/99/74
f 273/91/75 274/93/75 281/101/75 280/100/75
f 274/93/76 275/95/76 282/102/76 281/101/76
f 276/97/77 277/96/77 284/103/77 283/104/77
f 277/96/78 278/98/78 285/105/78 284/103/78
f 278/98/79 279/99/79 286/106/79 285/105/79
f 279/99/80 280/100/80 287/107/80 286/106/80
f 280/100/81 281/101/81 288/108/81 287/107/81
f 281/101/82 282/102/82 289/109/82 288/108/82
f 283/104/83 284/103/83 291/110/83 290/111/83
f 284/103/84 285/105/84 292/112/84 291/110/84
f 285/105/85 286/106/85 293/113/85 292/112/85
f 286/106/86 287/107/86 294/114/86 293/113/86
f 287/107/87 288/108/87 295/115/87 294/114/87
f 288/108/88 289/109/88 296/116/88 295/115/88
f 290/111/89 291/110/89 298/117/89 297/118/89
f 291/110/90 292/112/90 299/119/90 298/117/90
f 292/112/91 293/113/91 300/120/91 299/119/91
f 293/113/92 294/114/92 301/121/92 300/120/92
f 294/114/93 295/115/93 302/122/93 301/121/93
f 295/115/94 296/116/94 303/123/94 302/122/94
f 297/118/95 298/117/95 305/124/95 304/125/95
f 298/117/96 299/119/96 306/126/96 305/124/96
f 299/119/97 300/120/97 307/127/97 306/126/97
f 300/120/98 301/121/98 308/128/98 307/127/98
f 301/121/99 302/122/99 309/129/99 308/128/99
f 302/122/100 303/123/100 310/130/100 309/129/100
f 10/76/101 114/74/101 262/82/101 143/131/101
f 114/74/102 113/73/102 263/83/102 262/82/102
f 113/73/103 112/72/103 264/86/103 263/83/103
f 112/72/104 111/71/104 265/88/104 264/86/104
f 111/71/105 110/70/105 266/90/105 265/88/105
f 110/70/106 109/69/106 267/92/106 266/90/106
f 109/69/107 108/68/107 268/94/107 267/92/107
f 108/68/108 4/67/108 52/132/108 268/94/108
f 268/94/109 52/132/109 53/133/109 275/95/109
f 275/95/110 53/133/110 54/134/110 282/102/110
f 282/102/111 54/134/111 55/135/111 289/109/111
f 289/109/112 55/135/112 56/136/112 296/116/112
f 296/116/113 56/136/113 57/137/113 303/123/113
f 303/123/114 57/137/114 58/138/114 310/130/114
f 310/130/115 58/138/115 8/139/115 115/140/115
f 309/129/116 310/130/116 115/140/116 116/141/116
f 308/128/117 309/129/117 116/141/117 117/142/117
f 307/127/118 308/128/118 117/142/118 118/143/118
f 306/126/119 307/127/119 118/143/119 119/144/119
f 305/124/120 306/126/120 119/144/120 120/145/120
f 304/125/121 305/124/121 120/145/121 121/146/121
f 149/147/122 304/125/122 121/146/122 11/148/122
f 148/149/123 297/118/123 304/125/123 149/147/123
f 147/150/124 290/111/124 297/118/124 148/149/124
f 146/151/125 283/104/125 290/111/125 147/150/125
f 145/152/126 276/97/126 283/104/126 146/151/126
f 144/153/127 269/85/127 276/97/127 145/152/127
f 143/131/128 262/82/128 269/85/128 144/153/128
f 311/154/129 312/155/129 319/156/129 318/157/129
f 312/155/130 313/158/130 320/159/130 319/156/130
f 313/158/131 314/160/131 321/161/131 320/159/131
f 314/160/132 315/162/132 322/163/132 321/161/132
f 315/162/133 316/164/133 323/165/133 322/163/133
f 316/164/134 317/166/134 324/167/134 323/165/134
f 318/157/135 319/156/135 326/168/135 325/169/135
f 319/156/136 320/159/136 327/170/136 326/168/136
f 320/159/137 321/161/137 328/171/137 327/170/137
f 321/161/138 322/163/138 329/172/138 328/171/138
f 322/163/139 323/165/139 330/173/139 329/172/139
f 323/165/140 324/167/140 331/174/140 330/173/140
f 325/169/141 326/168/141 333/175/141 332/176/141
f 326/168/142 327/170/142 334/177/142 333/175/142
f 327/170/143 328/171/143 335/178/143 334/177/143
f 328/171/144 329/172/144 336/179/144 335/178/144
f 329/172/145 330/173/145 337/180/145 336/179/145
f 330/173/146 331/174/146 338/181/146 337/180/146
f 332/176/147 333/175/147 340/182/147 339/183/147
f 333/175/148 334/177/148 341/184/148 340/182/148
f 334/177/149 335/178/149 342/185/149 341/184/149
f 335/178/150 336/179/150 343/186/150 342/185/150
f 336/179/151 337/180/151 344/187/151 343/186/151
f 337/180/152 338/181/152 345/188/152 344/187/152
f 339/183/153 340/182/153 347/189/153 346/190/153
f 340/182/154 341/184/154 348/191/154 347/189/154
f 341/184/155 342/185/155 349/192/155 348/191/155
f 342/185/156 343/186/156 350/193/156 349/192/156
f 343/186/157 344/187/157 351/194/157 350/193/157
f 344/187/158 345/188/158 352/195/158 351/194/158
f 346/190/159 347/189/159 354/196/159 353/197/159
f 347/189/160 348/191/160 355/198/160 354/196/160
f 348/191/161 349/192/161 356/199/161 355/198/161
f 349/192/162 350/193/162 357/200/162 356/199/162
f 350/193/163 351/194/163 358/201/163 357/200/163
f 351/194/164 352/195/164 359/202/164 358/201/164
f 11/148/165 121/146/165 311/154/165 136/203/165
f 121/146/166 120/145/166 312/155/166 311/154/166
f 120/145/167 119/144/167 313/158/167 312/155/167
f 119/144/168 118/143/168 314/160/168 313/158/168
f 118/143/169 117/142/169 315/162/169 314/160/169
f 117/142/170 116/141/170 316/164/170 315/162/170
f 116/141/171 115/140/171 317/166/171 316/164/171
f 115/140/172 8/139/172 73/204/172 317/166/172
f 317/166/173 73/204/173 74/205/173 324/167/173
f 324/167/174 74/205/174 75/206/174 331/174/174
f 331/174/175 75/206/175 76/207/175 338/181/175
f 338/181/176 76/207/176 77/208/176 345/188/176
f 345/188/177 77/208/177 78/209/177 352/195/177
f 352/195/178 78/209/178 79/210/178 359/202/178
f 359/202/179 79/210/179 6/211/179 122/212/179
f 358/201/180 359/202/180 122/212/180 123/213/180
f 357/200/181 358/201/181 123/213/181 124/214/181
f 356/199/182 357/200/182 124/214/182 125/215/182
f 355/198/183 356/199/183 125/215/183 126/216/183
f 354/196/184 355/198/184 126/216/184 127/217/184
f 353/197/185 354/196/185 127/217/185 128/218/185
f 142/219/186 353/197/186 128/218/186 12/220/186
f 141/221/187 346/190/187 353/197/187 142/219/187
f 140/222/188 339/183/188 346/190/188 141/221/188
f 139/223/189 332/176/189 339/183/189 140/222/189
f 138/224/190 325/169/190 332/176/190 139/223/190
f 137/225/191 318/157/191 325/169/191 138/224/191
f 136/203/192 311/154/192 318/157/192 137/225/192
f 360/226/193 361/227/193 368/228/193 367/229/193
f 361/227/194 362/230/194 369/231/194 368/228/194
f 362/230/195 363/232/195 370/233/195 369/231/195
f 363/232/196 364/234/196 371/235/196 370/233/196
f 364/234/197 365/236/197 372/237/197 371/235/197
f 365/236/198 366/238/198 373/239/198 372/237/198
f 367/229/199 368/228/199 375/240/199 374/241/199
f 368/228/200 369/231/200 376/242/200 375/240/200
f 369/231/201 370/233/201 377/243/201 376/242/201
f 370/233/202 371/235/202 378/244/202 377/243/202
f 371/235/203 372/237/203 379/245/203 378/244/203
f 372/237/204 373/239/204 380/246/204 379/245/204
f 374/241/205 375/240/205 382/247/205 381/248/205
f 375/240/206 376/242/206 383/249/206 382/247/206
f 376/242/207 377/243/207 384/250/207 383/249/207
f 377/243/208 378/244/208 385/251/208 384/250/208
f 378/244/209 379/245/209 386/252/209 385/251/209
f 379/245/210 380/246/210 387/253/210 386/252/210
f 381/248/211 382/247/211 389/254/211 388/255/211
f 382/247/212 383/249/212 390/256/212 389/254/212
f 383/249/213 384/250/213 391/257/213 390/256/213
f 384/250/214 385/251/214 392/258/214 391/257/214
f 385/251/215 386/252/215 393/259/215 392/258/215
f 386/252/216 387/253/216 394/260/216 393/259/216
f 388/255/217 389/254/217 396/261/217 395/262/217
f 389/254/218 390/256/218 397/263/218 396/261/218
f 390/256/219 391/257/219 398/264/219 397/263/219
f 391/257/220 392/258/220 399/265/220 398/264/220
f 392/258/221 393/259/221 400/266/221 399/265/221
f 393/259/222 394/260/222 401/267/222 400/266/222
f 395/262/223 396/261/223 403/268/223 402/269/223
f 396/261/224 397/263/224 404/270/224 403/268/224
f 397/263/225 398/264/225 405/271/225 404/270/225
f 398/264/226 399/265/226 406/272/226 405/271/226
f 399/265/227 400/266/227 407/273/227 406/272/227
f 400/266/228 401/267/228 408/274/228 407/273/228
f 12/220/229 128/218/229 360/226/229 129/275/229
f 128/218/230 127/217/230 361/227/230 360/226/230
f 127/217/231 126/216/231 362/230/231 361/227/231
f 126/216/232 125/215/232 363/232/232 362/230/232
f 125/215/233 124/214/233 364/234/233 363/232/233
f 124/214/234 123/213/234 365/236/234 364/234/234
f 123/213/235 122/212/235 366/238/235 365/236/235
f 122/212/236 6/211/236 94/276/236 366/238/236
f 366/238/237 94/276/237 95/277/237 373/239/237
f 373/239/238 95/277/238 96/278/238 380/246/238
f 380/246/239 96/278/239 97/279/239 387/253/239
f 387/253/240 97/279/240 98/280/240 394/260/240
f 394/260/241 98/280/241 99/281/241 401/267/241
f 401/267/242 99/281/242 100/282/242 408/274/242
f 408/274/243 100/282/243 2/283/243 30/284/243
f 407/273/244 408/274/244 30/284/244 29/285/244
f 406/272/245 407/273/245 29/285/245 28/286/245
f 405/271/246 406/272/246 28/286/246 27/287/246
f 404/270/247 405/271/247 27/287/247 26/288/247
f 403/268/248 404/270/248 26/288/248 25/289/248
f 402/269/249 403/268/249 25/289/249 24/290/249
f 135/291/250 402/269/250 24/290/250 9/292/250
f 134/293/251 395/262/251 402/269/251 135/291/251
f 133/294/252 388/255/252 395/262/252 134/293/252
f 132/295/253 381/248/253 388/255/253 133/294/253
f 131/296/254 374/241/254 381/248/254 132/295/254
f 130/297/255 367/229/255 374/241/255 131/296/255
f 129/275/256 360/226/256 367/229/256 130/297/256
f 409/298/257 410/299/257 417/300/257 416/301/257
f 410/299/258 411/302/258 418/303/258 417/300/258
f 411/302/259 412/304/259 419/305/259 418/303/259
f 412/304/260 413/306/260 420/307/260 419/305/260
f 413/306/261 414/308/261 421/309/261 420/307/261
f 414/308/262 415/310/262 422/311/262 421/309/262
f 416/301/263 417/300/263 424/312/263 423/313/263
f 417/300/264 418/303/264 425/314/264 424/312/264
f 418/303/265 419/305/265 426/315/265 425/314/265
f 419/305/266 420/307/266 427/316/266 426/315/266
f 420/307/267 421/309/267 428/317/267 427/316/267
f 421/309/268 422/311/268 429/318/268 428/317/268
f 423/313/269 424/312/269 431/319/269 430/320/269
f 424/312/270 425/314/270 432/321/270 431/319/270
f 425/314/271 426/315/271 433/322/271 432/321/271
f 426/315/272 427/316/272 434/323/272 433/322/272
f 427/316/273 428/317/273 435/324/273 434/323/273
f 428/317/274 429/318/274 436/325/274 435/324/274
f 430/320/275 431/319/275 438/326/275 437/327/275
f 431/319/276 432/321/276 439/328/276 438/326/276
f 432/321/277 433/322/277 440/329/277 439/328/277
f 433/322/278 434/323/278 441/330/278 440/329/278
f 434/323/279 435/324/279 442/331/279 441/330/279
f 435/324/280 436/325/280 443/332/280 442/331/280
f 437/327/281 438/326/281 445/333/281 444/334/281
f 438/326/282 439/328/282 446/335/282 445/333/282
f 439/328/283 440/329/283 447/336/283 446/335/283
f 440/329/284 441/330/284 448/337/284 447/336/284
f 441/330/285 442/331/285 449/338/285 448/337/285
f 442/331/286 443/332/286 450/339/286 449/338/286
f 444/334/287 445/333/287 452/340/287 451/341/287
f 445/333/288 446/335/288 453/342/288 452/340/288
f 446/335/289 447/336/289 454/343/289 453/342/289
f 447/336/290 448/337/290 455/344/290 454/343/290
f 448/337/291 449/338/291 456/345/291 455/344/291
f 449/338/292 450/339/292 457/346/292 456/345/292
f 3/347/293 51/348/293 409/298/293 17/349/293
f 51/348/294 50/350/294 410/299/294 409/298/294
f 50/350/295 49/351/295 411/302/295 410/299/295
f 49/351/296 48/352/296 412/304/296 411/302/296
f 48/352/297 47/353/297 413/306/297 412/304/297
f 47/353/298 46/354/298 414/308/298 413/306/298
f 46/354/299 45/355/299 415/310/299 414/308/299
f 45/355/300 7/356/300 72/357/300 415/310/300
f 415/310/301 72/357/301 71/358/301 422/311/301
f 422/311/302 71/358/302 70/359/302 429/318/302
f 429/318/303 70/359/303 69/360/303 436/325/303
f 436/325/304 69/360/304 68/361/304 443/332/304
f 443/332/305 68/361/305 67/362/305 450/339/305
f 450/339/306 67/362/306 66/363/306 457/346/306
f 457/346/307 66/363/307 5/364/307 93/365/307
f 456/345/308 457/346/308 93/365/308 92/366/308
f 455/344/309 456/345/309 92/366/309 91/367/309
f 454/343/310 455/344/310 91/367/310 90/368/310
f 453/342/311 454/343/311 90/368/311 89/369/311
f 452/340/312 453/342/312 89/369/312 88/370/312
f 451/341/313 452/340/313 88/370/313 87/371/313
f 23/372/314 451/341/314 87/371/314 1/373/314
f 22/374/315 444/334/315 451/341/315 23/372/315
f 21/375/316 437/327/316 444/334/316 22/374/316
f 20/376/317 430/320/317 437/327/317 21/375/317
f 19/377/318 423/313/318 430/320/318 20/376/318
f 18/378/319 416/301/319 423/313/319 19/377/319
f 17/349/320 409/298/320 416/301/320 18/378/320
f 458/379/321 459/380/321 466/381/321 465/382/321
f 459/380/322 460/383/322 467/384/322 466/381/322
f 460/383/323 461/385/323 468/386/323 467/384/323
f 461/385/324 462/387/324 469/388/324 468/386/324
f 462/387/325 463/389/325 470/390/325 469/388/325
f 463/389/326 464/391/326 471/392/326 470/390/326
f 465/382/327 466/381/327 473/393/327 472/394/327
f 466/381/328 467/384/328 474/395/328 473/393/328
f 467/384/329 468/386/329 475/396/329 474/395/329
f 468/386/330 469/388/330 476/397/330 475/396/330
f 469/388/331 470/390/331 477/398/331 476/397/331
f 470/390/332 471/392/332 478/399/332 477/398/332
f 472/394/333 473/393/333 480/400/333 479/401/333
f 473/393/334 474/395/334 481/402/334 480/400/334
f 474/395/335 475/396/335 482/403/335 481/402/335
f 475/396/336 476/397/336 483/404/336 482/403/336
f 476/397/337 477/398/337 484/405/337 483/404/337
f 477/398/338 478/399/338 485/406/338 484/405/338
f 479/401/339 480/400/339 487/407/339 486/408/339
f 480/400/340 481/402/340 488/409/340 487/407/340
f 481/402/341 482/403/341 489/410/341 488/409/341
f 482/403/342 483/404/342 490/411/342 489/410/342
f 483/404/343 484/405/343 491/412/343 490/411/343
f 484/405/344 485/406/344 492/413/344 491/412/344
f 486/408/345 487/407/345 494/414/345 493/415/345
f 487/407/346 488/409/346 495/416/346 494/414/346
f 488/409/347 489/410/347 496/417/347 495/416/347
f 489/410/348 490/411/348 497/418/348 496/417/348
f 490/411/349 491/412/349 498/419/349 497/418/349
f 491/412/350 492/413/350 499/420/350 498/419/350
f 493/415/351 494/414/351 501/421/351 500/422/351
f 494/414/352 495/416/352 502/423/352 501/421/352
f 495/416/353 496/417/353 503/424/353 502/423/353
f 496/417/354 497/418/354 504/425/354 503/424/354
f 497/418/355 498/419/355 505/426/355 504/425/355
f 498/419/356 499/420/356 506/427/356 505/426/356
f 8/139/357 58/428/357 458/379/357 73/204/357
f 58/428/358 57/429/358 459/380/358 458/379/358
f 57/429/359 56/430/359 460/383/359 459/380/359
f 56/430/360 55/431/360 461/385/360 460/383/360
f 55/431/361 54/432/361 462/387/361 461/385/361
f 54/432/362 53/433/362 463/389/362 462/387/362
f 53/433/363 52/434/363 464/391/363 463/389/363
f 52/434/364 4/435/364 37/436/364 464/391/364
f 464/391/365 37/436/365 36/437/365 471/392/365
f 471/392/366 36/437/366 35/438/366 478/399/366
f 478/399/367 35/438/367 34/439/367 485/406/367
f 485/406/368 34/439/368 33/440/368 492/413/368
f 492/413/369 33/440/369 32/441/369 499/420/369
f 499/420/370 32/441/370 31/442/370 506/427/370
f 506/427/371 31/442/371 2/443/371 100/444/371
f 505/426/372 506/427/372 100/444/372 99/445/372
f 504/425/373 505/426/373 99/445/373 98/446/373
f 503/424/374 504/425/374 98/446/374 97/447/374
f 502/423/375 503/424/375 97/447/375 96/448/375
f 501/421/376 502/423/376 96/448/376 95/449/376
f 500/422/377 501/421/377 95/449/377 94/450/377
f 79/210/378 500/422/378 94/450/378 6/211/378
f 78/209/379 493/415/379 500/422/379 79/210/379
f 77/208/380 486/408/380 493/415/380 78/209/380
f 76/207/381 479/401/381 486/408/381 77/208/381
f 75/206/382 472/394/382 479/401/382 76/207/382
f 74/205/383 465/382/383 472/394/383 75/206/383
f 73/204/384 458/379/384 465/382/384 74/205/384
f 507/451/385 508/452/385 515/453/385 514/454/385
f 508/452/386 509/455/386 516/456/386 515/453/386
f 509/455/387 510/457/387 517/458/387 516/456/387
f 510/457/388 511/459/388 518/460/388 517/458/388
f 511/459/389 512/461/389 519/462/389 518/460/389
f 512/461/390 513/463/390 520/464/390 519/462/390
f 514/454/391 515/453/391 522/465/391 521/466/391
f 515/453/392 516/456/392 523/467/392 522/465/392
f 516/456/393 517/458/393 524/468/393 523/467/393
f 517/458/394 518/460/394 525/469/394 524/468/394
f 518/460/395 519/462/395 526/470/395 525/469/395
f 519/462/396 520/464/396 527/471/396 526/470/396
f 521/466/397 522/465/397 529/472/397 528/473/397
f 522/465/398 523/467/398 530/474/398 529/472/398
f 523/467/399 524/468/399 531/475/399 530/474/399
f 524/468/400 525/469/400 532/476/400 531/475/400
f 525/469/401 526/470/401 533/477/401 532/476/401
f 526/470/402 527/471/402 534/478/402 533/477/402
f 528/473/403 529/472/403 536/479/403 535/480/403
f 529/472/404 530/474/404 537/481/404 536/479/404
f 530/474/405 531/475/405 538/482/405 537/481/405
f 531/475/406 532/476/406 539/483/406 538/482/406
f 532/476/407 533/477/407 540/484/407 539/483/407
f 533/477/408 534/478/408 541/485/408 540/484/408
f 535/480/409 536/479/409 543/486/409 542/487/409
f 536/479/410 537/481/410 544/488/410 543/486/410
f 537/481/411 538/482/411 545/489/411 544/488/411
f 538/482/412 539/483/412 546/490/412 545/489/412
f 539/483/413 540/484/413 547/491/413 546/490/413
f 540/484/414 541/485/414 548/492/414 547/491/414
f 542/487/415 543/486/415 550/493/415 549/494/415
f 543/486/416 544/488/416 551/495/416 550/493/416
f 544/488/417 545/489/417 552/496/417 551/495/417
f 545/489/418 546/490/418 553/497/418 552/496/418
f 546/490/419 547/491/419 554/498/419 553/497/419
f 547/491/420 548/492/420 555/499/420 554/498/420
f 15/500/421 177/501/421 507/451/421 206/502/421
f 177/501/422 176/503/422 508/452/422 507/451/422
f 176/503/423 175/504/423 509/455/423 508/452/423
f 175/504/424 174/505/424 510/457/424 509/455/424
f 174/505/425 173/506/425 511/459/425 510/457/425
f 173/506/426 172/507/426 512/461/426 511/459/426
f 172/507/427 171/508/427 513/463/427 512/461/427
f 171/508/428 12/220/428 129/275/428 513/463/428
f 513/463/429 129/275/429 130/297/429 520/464/429
f 520/464/430 130/297/430 131/296/430 527/471/430
f 527/471/431 131/296/431 132/295/431 534/478/431
f 534/478/432 132/295/432 133/294/432 541/485/432
f 541/485/433 133/294/433 134/293/433 548/492/433
f 548/492/434 134/293/434 135/291/434 555/499/434
f 555/499/435 135/291/435 9/292/435 107/509/435
f 554/498/436 555/499/436 107/509/436 106/510/436
f 553/497/437 554/498/437 106/510/437 105/511/437
f 552/496/438 553/497/438 105/511/438 104/512/438
f 551/495/439 552/496/439 104/512/439 103/513/439
f 550/493/440 551/495/440 103/513/440 102/514/440
f 549/494/441 550/493/441 102/514/441 101/515/441
f 212/516/442 549/494/442 101/515/442 16/517/442
f 211/518/443 542/487/443 549/494/443 212/516/443
f 210/519/444 535/480/444 542/487/444 211/518/444
f 209/520/445 528/473/445 535/480/445 210/519/445
f 208/521/446 521/466/446 528/473/446 209/520/446
f 207/522/447 514/454/447 521/466/447 208/521/447
f 206/502/448 507/451/448 514/454/448 207/522/448
f 556/523/449 557/524/449 564/525/449 563/526/449
f 557/524/450 558/527/450 565/528/450 564/525/450
f 558/527/451 559/529/451 566/530/451 565/528/451
f 559/529/452 560/531/452 567/532/452 566/530/452
f 560/531/453 561/533/453 568/534/453 567/532/453
f 561/533/454 562/535/454 569/536/454 568/534/454
f 563/526/455 564/525/455 571/537/455 570/538/455
f 564/525/456 565/528/456 572/539/456 571/537/456
f 565/528/457 566/530/457 573/540/457 572/539/457
f 566/530/458 567/532/458 574/541/458 573/540/458
f 567/532/459 568/534/459 575/542/459 574/541/459
f 568/534/460 569/536/460 576/543/460 575/542/460
f 570/538/461 571/537/461 578/544/461 577/545/461
f 571/537/462 572/539/462 579/546/462 578/544/462
f 572/539/463 573/540/463 580/547/463 579/546/463
f 573/540/464 574/541/464 581/548/464 580/547/464
f 574/541/465 575/542/465 582/549/465 581/548/465
f 575/542/466 576/543/466 583/550/466 582/549/466
f 577/545/467 578/544/467 585/551/467 584/552/467
f 578/544/468 579/546/468 586/553/468 585/551/468
f 579/546/469 580/547/469 587/554/469 586/553/469
f 580/547/470 581/548/470 588/555/470 587/554/470
f 581/548/471 582/549/471 589/556/471 588/555/471
f 582/549/472 583/550/472 590/557/472 589/556/472
f 584/552/473 585/551/473 592/558/473 591/559/473
f 585/551/474 586/553/474 593/560/474 592/558/474
f 586/553/475 587/554/475 594/561/475 593/560/475
f 587/554/476 588/555/476 595/562/476 594/561/476
f 588/555/477 589/556/477 596/563/477 595/562/477
f 589/556/478 590/557/478 597/564/478 596/563/478
f 591/559/479 592/558/479 599/565/479 598/566/479
f 592/558/480 593/560/480 600/567/480 599/565/480
f 593/560/481 594/561/481 601/568/481 600/567/481
f 594/561/482 595/562/482 602/569/482 601/568/482
f 595/562/483 596/563/483 603/570/483 602/569/483
f 596/563/484 597/564/484 604/571/484 603/570/484
f 14/572/485 170/573/485 556/523/485 199/574/485
f 170/573/486 169/575/486 557/524/486 556/523/486
f 169/575/487 168/576/487 558/527/487 557/524/487
f 168/576/488 167/577/488 559/529/488 558/527/488
f 167/577/489 166/578/489 560/531/489 559/529/489
f 166/578/490 165/579/490 561/533/490 560/531/490
f 165/579/491 164/580/491 562/535/491 561/533/491
f 164/580/492 11/581/492 136/582/492 562/535/492
f 562/535/493 136/582/493 137/225/493 569/536/493
f 569/536/494 137/225/494 138/583/494 576/543/494
f 576/543/495 138/583/495 139/584/495 583/550/495
f 583/550/496 139/584/496 140/222/496 590/557/496
f 590/557/497 140/222/497 141/585/497 597/564/497
f 597/564/498 141/585/498 142/586/498 604/571/498
f 604/571/499 142/586/499 12/587/499 171/508/499
f 603/570/500 604/571/500 171/508/500 172/588/500
f 602/569/501 603/570/501 172/588/501 173/589/501
f 601/568/502 602/569/502 173/589/502 174/590/502
f 600/567/503 601/568/503 174/590/503 175/591/503
f 599/565/504 600/567/504 175/591/504 176/592/504
f 598/566/505 599/565/505 176/592/505 177/593/505
f 205/594/506 598/566/506 177/593/506 15/595/506
f 204/596/507 591/559/507 598/566/507 205/594/507
f 203/597/508 584/552/508 591/559/508 204/596/508
f 202/598/509 577/545/509 584/552/509 203/597/509
f 201/599/510 570/538/510 577/545/510 202/598/510
f 200/600/511 563/526/511 570/538/511 201/599/511
f 199/574/512 556/523/512 563/526/512 200/600/512
f 605/601/513 606/602/513 613/603/513 612/604/513
f 606/602/514 607/605/514 614/606/514 613/603/514
f 607/605/515 608/607/515 615/608/515 614/606/515
f 608/607/516 609/609/516 616/610/516 615/608/516
f 609/609/517 610/611/517 617/612/517 616/610/517
f 610/611/518 611/613/518 618/614/518 617/612/518
f 612/604/519 613/603/519 620/615/519 619/616/519
f 613/603/520 614/606/520 621/617/520 620/615/520
f 614/606/521 615/608/521 622/618/521 621/617/521
f 615/608/522 616/610/522 623/619/522 622/618/522
f 616/610/523 617/612/523 624/620/523 623/619/523
f 617/612/524 618/614/524 625/621/524 624/620/524
f 619/616/525 620/615/525 627/622/525 626/623/525
f 620/615/526 621/617/526 628/624/526 627/622/526
f 621/617/527 622/618/527 629/625/527 628/624/527
f 622/618/528 623/619/528 630/626/528 629/625/528
f 623/619/529 624/620/529 631/627/529 630/626/529
f 624/620/530 625/621/530 632/628/530 631/627/530
f 626/623/531 627/622/531 634/629/531 633/630/531
f 627/622/532 628/624/532 635/631/532 634/629/532
f 628/624/533 629/625/533 636/632/533 635/631/533
f 629/625/534 630/626/534 637/633/534 636/632/534
f 630/626/535 631/627/535 638/634/535 637/633/535
f 631/627/536 632/628/536 639/635/536 638/634/536
f 633/630/537 634/629/537 641/636/537 640/637/537
f 634/629/538 635/631/538 642/638/538 641/636/538
f 635/631/539 636/632/539 643/639/539 642/638/539
f 636/632/540 637/633/540 644/640/540 643/639/540
f 637/633/541 638/634/541 645/641/541 644/640/541
f 638/634/542 639/635/542 646/642/542 645/641/542
f 640/637/543 641/636/543 648/643/543 647/644/543
f 641/636/544 642/638/544 649/645/544 648/643/544
f 642/638/545 643/639/545 650/646/545 649/645/545
f 643/639/546 644/640/546 651/647/546 650/646/546
f 644/640/547 645/641/547 652/648/547 651/647/547
f 645/641/548 646/642/548 653/649/548 652/648/548
f 13/650/549 163/651/549 605/601/549 192/652/549
f 163/651/550 162/653/550 606/602/550 605/601/550
f 162/653/551 161/654/551 607/605/551 606/602/551
f 161/654/552 160/655/552 608/607/552 607/605/552
f 160/655/553 159/656/553 609/609/553 608/607/553
f 159/656/554 158/657/554 610/611/554 609/609/554
f 158/657/555 157/658/555 611/613/555 610/611/555
f 157/658/556 10/659/556 143/660/556 611/613/556
f 611/613/557 143/660/557 144/661/557 618/614/557
f 618/614/558 144/661/558 145/662/558 625/621/558
f 625/621/559 145/662/559 146/663/559 632/628/559
f 632/628/560 146/663/560 147/664/560 639/635/560
f 639/635/561 147/664/561 148/665/561 646/642/561
f 646/642/562 148/665/562 149/666/562 653/649/562
f 653/649/563 149/666/563 11/581/563 164/580/563
f 652/648/564 653/649/564 164/580/564 165/579/564
f 651/647/565 652/648/565 165/579/565 166/578/565
f 650/646/566 651/647/566 166/578/566 167/577/566
f 649/645/567 650/646/567 167/577/567 168/576/567
f 648/643/568 649/645/568 168/576/568 169/575/568
f 647/644/569 648/643/569 169/575/569 170/573/569
f 198/667/570 647/644/570 170/573/570 14/572/570
f 197/668/571 640/637/571 647/644/571 198/667/571
f 196/669/572 633/630/572 640/637/572 197/668/572
f 195/670/573 626/623/573 633/630/573 196/669/573
f 194/671/574 619/616/574 626/623/574 195/670/574
f 193/672/575 612/604/575 619/616/575 194/671/575
f 192/652/576 605/601/576 612/604/576 193/672/576
f 654/673/577 655/674/577 662/675/577 661/676/577
f 655/674/578 656/677/578 663/678/578 662/675/578
f 656/677/579 657/679/579 664/680/579 663/678/579
f 657/679/580 658/681/580 665/682/580 664/680/580
f 658/681/581 659/683/581 666/684/581 665/682/581
f 659/683/582 660/685/582 667/686/582 666/684/582
f 661/676/583 662/675/583 669/687/583 668/688/583
f 662/675/584 663/678/584 670/689/584 669/687/584
f 663/678/585 664/680/585 671/690/585 670/689/585
f 664/680/586 665/682/586 672/691/586 671/690/586
f 665/682/587 666/684/587 673/692/587 672/691/587
f 666/684/588 667/686/588 674/693/588 673/692/588
f 668/688/589 669/687/589 676/694/589 675/695/589
f 669/687/590 670/689/590 677/696/590 676/694/590
f 670/689/591 671/690/591 678/697/591 677/696/591
f 671/690/592 672/691/592 679/698/592 678/697/592
f 672/691/593 673/692/593 680/699/593 679/698/593
f 673/692/594 674/693/594 681/700/594 680/699/594
f 675/695/595 676/694/595 683/701/595 682/702/595
f 676/694/596 677/696/596 684/703/596 683/701/596
f 677/696/597 678/697/597 685/704/597 684/703/597
f 678/697/598 679/698/598 686/705/598 685/704/598
f 679/698/599 680/699/599 687/706/599 686/705/599
f 680/699/600 681/700/600 688/707/600 687/706/600
f 682/702/601 683/701/601 690/708/601 689/709/601
f 683/701/602 684/703/602 691/710/602 690/708/602
f 684/703/603 685/704/603 692/711/603 691/710/603
f 685/704/604 686/705/604 693/712/604 692/711/604
f 686/705/605 687/706/605 694/713/605 693/712/605
f 687/706/606 688/707/606 695/714/606 694/713/606
f 689/709/607 690/708/607 697/715/607 696/716/607
f 690/708/608 691/710/608 698/717/608 697/715/608
f 691/710/609 692/711/609 699/718/609 698/717/609
f 692/711/610 693/712/610 700/719/610 699/718/610
f 693/712/611 694/713/611 701/720/611 700/719/611
f 694/713/612 695/714/612 702/721/612 701/720/612
f 16/722/613 101/723/613 654/673/613 185/724/613
f 101/723/614 102/725/614 655/674/614 654/673/614
f 102/725/615 103/726/615 656/677/615 655/674/615
f 103/726/616 104/727/616 657/679/616 656/677/616
f 104/727/617 105/728/617 658/681/617 657/679/617
f 105/728/618 106/729/618 659/683/618 658/681/618
f 106/729/619 107/730/619 660/685/619 659/683/619
f 107/730/620 9/50/620 150/52/620 660/685/620
f 660/685/621 150/52/621 151/81/621 667/686/621
f 667/686/622 151/81/622 152/80/622 674/693/622
f 674/693/623 152/80/623 153/79/623 681/700/623
f 681/700/624 153/79/624 154/78/624 688/707/624
f 688/707/625 154/78/625 155/77/625 695/714/625
f 695/714/626 155/77/626 156/75/626 702/721/626
f 702/721/627 156/75/627 10/76/627 157/658/627
f 701/720/628 702/721/628 157/658/628 158/731/628
f 700/719/629 701/720/629 158/731/629 159/732/629
f 699/718/630 700/719/630 159/732/630 160/733/630
f 698/717/631 699/718/631 160/733/631 161/734/631
f 697/715/632 698/717/632 161/734/632 162/735/632
f 696/716/633 697/715/633 162/735/633 163/736/633
f 191/737/634 696/716/634 163/736/634 13/738/634
f 190/739/635 689/709/635 696/716/635 191/737/635
f 189/740/636 682/702/636 689/709/636 190/739/636
f 188/741/637 675/695/637 682/702/637 189/740/637
f 187/742/638 668/688/638 675/695/638 188/741/638
f 186/743/639 661/676/639 668/688/639 187/742/639
f 185/724/640 654/673/640 661/676/640 186/743/640
f 703/744/641 704/745/641 711/746/641 710/747/641
f 704/745/642 705/748/642 712/749/642 711/746/642
f 705/748/643 706/750/643 713/751/643 712/749/643
f 706/750/644 707/752/644 714/753/644 713/751/644
f 707/752/645 708/754/645 715/755/645 714/753/645
f 708/754/646 709/756/646 716/757/646 715/755/646
f 710/747/647 711/746/647 718/758/647 717/759/647
f 711/746/648 712/749/648 719/760/648 718/758/648
f 712/749/649 713/751/649 720/761/649 719/760/649
f 713/751/650 714/753/650 721/762/650 720/761/650
f 714/753/651 715/755/651 722/763/651 721/762/651
f 715/755/652 716/757/652 723/764/652 722/763/652
f 717/759/653 718/758/653 725/765/653 724/766/653
f 718/758/654 719/760/654 726/767/654 725/765/654
f 719/760/655 720/761/655 727/768/655 726/767/655
f 720/761/656 721/762/656 728/769/656 727/768/656
f 721/762/657 722/763/657 729/770/657 728/769/657
f 722/763/658 723/764/658 730/771/658 729/770/658
f 724/766/659 725/765/659 732/772/659 731/773/659
f 725/765/660 726/767/660 733/774/660 732/772/660
f 726/767/661 727/768/661 734/775/661 733/774/661
f 727/768/662 728/769/662 735/776/662 734/775/662
f 728/769/663 729/770/663 736/777/663 735/776/663
f 729/770/664 730/771/664 737/778/664 736/777/664
f 731/773/665 732/772/665 739/779/665 738/780/665
f 732/772/666 733/774/666 740/781/666 739/779/666
f 733/774/667 734/775/667 741/782/667 740/781/667
f 734/775/668 735/776/668 742/783/668 741/782/668
f 735/776/669 736/777/669 743/784/669 742/783/669
f 736/777/670 737/778/670 744/785/670 743/784/670
f 738/780/671 739/779/671 746/786/671 745/787/671
f 739/779/672 740/781/672 747/788/672 746/786/672
f 740/781/673 741/782/673 748/789/673 747/788/673
f 741/782/674 742/783/674 749/790/674 748/789/674
f 742/783/675 743/784/675 750/791/675 749/790/675
f 743/784/676 744/785/676 751/792/676 750/791/676
f 1/793/677 178/794/677 703/744/677 23/795/677
f 178/794/678 179/796/678 704/745/678 703/744/678
f 179/796/679 180/797/679 705/748/679 704/745/679
f 180/797/680 181/798/680 706/750/680 705/748/680
f 181/798/681 182/799/681 707/752/681 706/750/681
f 182/799/682 183/800/682 708/754/682 707/752/682
f 183/800/683 184/801/683 709/756/683 708/754/683
f 184/801/684 16/722/684 185/724/684 709/756/684
f 709/756/685 185/724/685 186/743/685 716/757/685
f 716/757/686 186/743/686 187/742/686 723/764/686
f 723/764/687 187/742/687 188/741/687 730/771/687
f 730/771/688 188/741/688 189/740/688 737/778/688
f 737/778/689 189/740/689 190/739/689 744/785/689
f 744/785/690 190/739/690 191/737/690 751/792/690
f 751/792/691 191/737/691 13/738/691 38/802/691
f 750/791/692 751/792/692 38/802/692 39/803/692
f 749/790/693 750/791/693 39/803/693 40/804/693
f 748/789/694 749/790/694 40/804/694 41/805/694
f 747/788/695 748/789/695 41/805/695 42/806/695
f 746/786/696 747/788/696 42/806/696 43/807/696
f 745/787/697 746/786/697 43/807/697 44/808/697
f 17/809/698 745/787/698 44/808/698 3/810/698
f 18/811/699 738/780/699 745/787/699 17/809/699
f 19/812/700 731/773/700 738/780/700 18/811/700
f 20/813/701 724/766/701 731/773/701 19/812/701
f 21/814/702 717/759/702 724/766/702 20/813/702
f 22/815/703 710/747/703 717/759/703 21/814/703
f 23/795/704 703/744/704 710/747/704 22/815/704
f 752/816/705 753/817/705 760/818/705 759/819/705
f 753/817/706 754/820/706 761/821/706 760/818/706
f 754/820/707 755/822/707 762/823/707 761/821/707
f 755/822/708 756/824/708 763/825/708 762/823/708
f 756/824/709 757/826/709 764/827/709 763/825/709
f 757/826/710 758/828/710 765/829/710 764/827/710
f 759/819/711 760/818/711 767/830/711 766/831/711
f 760/818/712 761/821/712 768/832/712 767/830/712
f 761/821/713 762/823/713 769/833/713 768/832/713
f 762/823/714 763/825/714 770/834/714 769/833/714
f 763/825/715 764/827/715 771/835/715 770/834/715
f 764/827/716 765/829/716 772/836/716 771/835/716
f 766/831/717 767/830/717 774/837/717 773/838/717
f 767/830/718 768/832/718 775/839/718 774/837/718
f 768/832/719 769/833/719 776/840/719 775/839/719
f 769/833/720 770/834/720 777/841/720 776/840/720
f 770/834/721 771/835/721 778/842/721 777/841/721
f 771/835/722 772/836/722 779/843/722 778/842/722
f 773/838/723 774/837/723 781/844/723 780/845/723
f 774/837/724 775/839/724 782/846/724 781/844/724
f 775/839/725 776/840/725 783/847/725 782/846/725
f 776/840/726 777/841/726 784/848/726 783/847/726
f 777/841/727 778/842/727 785/849/727 784/848/727
f 778/842/728 779/843/728 786/850/728 785/849/728
f 780/845/729 781/844/729 788/851/729 787/852/729
f 781/844/730 782/846/730 789/853/730 788/851/730
f 782/846/731 783/847/731 790/854/731 789/853/731
f 783/847/732 784/848/732 791/855/732 790/854/732
f 784/848/733 785/849/733 792/856/733 791/855/733
f 785/849/734 786/850/734 793/857/734 792/856/734
f 787/852/735 788/851/735 795/858/735 794/859/735
f 788/851/736 789/853/736 796/860/736 795/858/736
f 789/853/737 790/854/737 797/861/737 796/860/737
f 790/854/738 791/855/738 798/862/738 797/861/738
f 791/855/739 792/856/739 799/863/739 798/862/739
f 792/856/740 793/857/740 800/864/740 799/863/740
f 3/810/741 44/808/741 752/816/741 51/865/741
f 44/808/742 43/807/742 753/817/742 752/816/742
f 43/807/743 42/806/743 754/820/743 753/817/743
f 42/806/744 41/805/744 755/822/744 754/820/744
f 41/805/745 40/804/745 756/824/745 755/822/745
f 40/804/746 39/803/746 757/826/746 756/824/746
f 39/803/747 38/802/747 758/828/747 757/826/747
f 38/802/748 13/738/748 192/866/748 758/828/748
f 758/828/749 192/866/749 193/867/749 765/829/749
f 765/829/750 193/867/750 194/868/750 772/836/750
f 772/836/751 194/868/751 195/869/751 779/843/751
f 779/843/752 195/869/752 196/870/752 786/850/752
f 786/850/753 196/870/753 197/871/753 793/857/753
f 793/857/754 197/871/754 198/667/754 800/864/754
f 800/864/755 198/667/755 14/872/755 59/873/755
f 799/863/756 800/864/756 59/873/756 60/874/756
f 798/862/757 799/863/757 60/874/757 61/875/757
f 797/861/758 798/862/758 61/875/758 62/876/758
f 796/860/759 797/861/759 62/876/759 63/877/759
f 795/858/760 796/860/760 63/877/760 64/878/760
f 794/859/761 795/858/761 64/878/761 65/879/761
f 45/880/762 794/859/762 65/879/762 7/356/762
f 46/881/763 787/852/763 794/859/763 45/880/763
f 47/882/764 780/845/764 787/852/764 46/881/764
f 48/883/765 773/838/765 780/845/765 47/882/765
f 49/884/766 766/831/766 773/838/766 48/883/766
f 50/885/767 759/819/767 766/831/767 49/884/767
f 51/865/768 752/816/768 759/819/768 50/885/768
f 801/886/769 802/887/769 809/888/769 808/889/769
f 802/887/770 803/890/770 810/891/770 809/888/770
f 803/890/771 804/892/771 811/893/771 810/891/771
f 804/892/772 805/894/772 812/895/772 811/893/772
f 805/894/773 806/896/773 813/897/773 812/895/773
f 806/896/774 807/898/774 814/899/774 813/897/774
f 808/889/775 809/888/775 816/900/775 815/901/775
f 809/888/776 810/891/776 817/902/776 816/900/776
f 810/891/777 811/893/777 818/903/777 817/902/777
f 811/893/778 812/895/778 819/904/778 818/903/778
f 812/895/779 813/897/779 820/905/779 819/904/779
f 813/897/780 814/899/780 821/906/780 820/905/780
f 815/901/781 816/900/781 823/907/781 822/908/781
f 816/900/782 817/902/782 824/909/782 823/907/782
f 817/902/783 818/903/783 825/910/783 824/909/783
f 818/903/784 819/904/784 826/911/784 825/910/784
f 819/904/785 820/905/785 827/912/785 826/911/785
f 820/905/786 821/906/786 828/913/786 827/912/786
f 822/908/787 823/907/787 830/914/787 829/915/787
f 823/907/788 824/909/788 831/916/788 830/914/788
f 824/909/789 825/910/789 832/917/789 831/916/789
f 825/910/790 826/911/790 833/918/790 832/917/790
f 826/911/791 827/912/791 834/919/791 833/918/791
f 827/912/792 828/913/792 835/920/792 834/919/792
f 829/915/793 830/914/793 837/921/793 836/922/793
f 830/914/794 831/916/794 838/923/794 837/921/794
f 831/916/795 832/917/795 839/924/795 838/923/795
f 832/917/796 833/918/796 840/925/796 839/924/796
f 833/918/797 834/919/797 841/926/797 840/925/797
f 834/919/798 835/920/798 842/927/798 841/926/798
f 836/922/799 837/921/799 844/928/799 843/929/799
f 837/921/800 838/923/800 845/930/800 844/928/800
f 838/923/801 839/924/801 846/931/801 845/930/801
f 839/924/802 840/925/802 847/932/802 846/931/802
f 840/925/803 841/926/803 848/933/803 847/932/803
f 841/926/804 842/927/804 849/934/804 848/933/804
f 7/356/805 65/879/805 801/886/805 72/357/805
f 65/879/806 64/878/806 802/887/806 801/886/806
f 64/878/807 63/877/807 803/890/807 802/887/807
f 63/877/808 62/876/808 804/892/808 803/890/808
f 62/876/809 61/875/809 805/894/809 804/892/809
f 61/875/810 60/874/810 806/896/810 805/894/810
f 60/874/811 59/873/811 807/898/811 806/896/811
f 59/873/812 14/872/812 199/935/812 807/898/812
f 807/898/813 199/935/813 200/600/813 814/899/813
f 814/899/814 200/600/814 201/936/814 821/906/814
f 821/906/815 201/936/815 202/937/815 828/913/815
f 828/913/816 202/937/816 203/938/816 835/920/816
f 835/920/817 203/938/817 204/939/817 842/927/817
f 842/927/818 204/939/818 205/940/818 849/934/818
f 849/934/819 205/940/819 15/500/819 80/941/819
f 848/933/820 849/934/820 80/941/820 81/942/820
f 847/932/821 848/933/821 81/942/821 82/943/821
f 846/931/822 847/932/822 82/943/822 83/944/822
f 845/930/823 846/931/823 83/944/823 84/945/823
f 844/928/824 845/930/824 84/945/824 85/946/824
f 843/929/825 844/928/825 85/946/825 86/947/825
f 66/363/826 843/929/826 86/947/826 5/364/826
f 67/362/827 836/922/827 843/929/827 66/363/827
f 68/361/828 829/915/828 836/922/828 67/362/828
f 69/360/829 822/908/829 829/915/829 68/361/829
f 70/359/830 815/901/830 822/908/830 69/360/830
f 71/358/831 808/889/831 815/901/831 70/359/831
f 72/357/832 801/886/832 808/889/832 71/358/832
f 850/948/833 851/949/833 858/950/833 857/951/833
f 851/949/834 852/952/834 859/953/834 858/950/834
f 852/952/835 853/954/835 860/955/835 859/953/835
f 853/954/836 854/956/836 861/957/836 860/955/836
f 854/956/837 855/958/837 862/959/837 861/957/837
f 855/958/838 856/960/838 863/961/838 862/959/838
f 857/951/839 858/950/839 865/962/839 864/963/839
f 858/950/840 859/953/840 866/964/840 865/962/840
f 859/953/841 860/955/841 867/965/841 866/964/841
f 860/955/842 861/957/842 868/966/842 867/965/842
f 861/957/843 862/959/843 869/967/843 868/966/843
f 862/959/844 863/961/844 870/968/844 869/967/844
f 864/963/845 865/962/845 872/969/845 871/970/845
f 865/962/846 866/964/846 873/971/846 872/969/846
f 866/964/847 867/965/847 874/972/847 873/971/847
f 867/965/848 868/966/848 875/973/848 874/972/848
f 868/966/849 869/967/849 876/974/849 875/973/849
f 869/967/850 870/968/850 877/975/850 876/974/850
f 871/970/851 872/969/851 879/976/851 878/977/851
f 872/969/852 873/971/852 880/978/852 879/976/852
f 873/971/853 874/972/853 881/979/853 880/978/853
f 874/972/854 875/973/854 882/980/854 881/979/854
f 875/973/855 876/974/855 883/981/855 882/980/855
f 876/974/856 877/975/856 884/982/856 883/981/856
f 878/977/857 879/976/857 886/983/857 885/984/857
f 879/976/858 880/978/858 887/985/858 886/983/858
f 880/978/859 881/979/859 888/986/859 887/985/859
f 881/979/860 882/980/860 889/987/860 888/986/860
f 882/980/861 883/981/861 890/988/861 889/987/861
f 883/981/862 884/982/862 891/989/862 890/988/862
f 885/984/863 886/983/863 893/990/863 892/991/863
f 886/983/864 887/985/864 894/992/864 893/990/864
f 887/985/865 888/986/865 895/993/865 894/992/865
f 888/986/866 889/987/866 896/994/866 895/993/866
f 889/987/867 890/988/867 897/995/867 896/994/867
f 890/988/868 891/989/868 898/996/868 897/995/868
f 5/364/869 86/947/869 850/948/869 93/997/869
f 86/947/870 85/946/870 851/949/870 850/948/870
f 85/946/871 84/945/871 852/952/871 851/949/871
f 84/945/872 83/944/872 853/954/872 852/952/872
f 83/944/873 82/943/873 854/956/873 853/954/873
f 82/943/874 81/942/874 855/958/874 854/956/874
f 81/942/875 80/941/875 856/960/875 855/958/875
f 80/941/876 15/500/876 206/502/876 856/960/876
f 856/960/877 206/502/877 207/522/877 863/961/877
f 863/961/878 207/522/878 208/521/878 870/968/878
f 870/968/879 208/521/879 209/520/879 877/975/879
f 877/975/880 209/520/880 210/519/880 884/982/880
f 884/982/881 210/519/881 211/518/881 891/989/881
f 891/989/882 211/518/882 212/516/882 898/996/882
f 898/996/883 212/516/883 16/517/883 184/998/883
f 897/995/884 898/996/884 184/998/884 183/999/884
f 896/994/885 897/995/885 183/999/885 182/1000/885
f 895/993/886 896/994/886 182/1000/886 181/1001/886
f 894/992/887 895/993/887 181/1001/887 180/1002/887
f 893/990/888 894/992/888 180/1002/888 179/1003/888
f 892/991/889 893/990/889 179/1003/889 178/1004/889
f 87/1005/890 892/991/890 178/1004/890 1/1006/890
f 88/1007/891 885/984/891 892/991/891 87/1005/891
f 89/1008/892 878/977/892 885/984/892 88/1007/892
f 90/1009/893 871/970/893 878/977/893 89/1008/893
f 91/1010/894 864/963/894 871/970/894 90/1009/894
f 92/1011/895 857/951/895 864/963/895 91/1010/895
f 93/997/896 850/948/896 857/951/896 92/1011/896
o colmillo.001
v -2.139267 -1.679056 0.272169
v -2.417372 -1.356757 0.649238
v -2.090133 -1.660844 0.285951
v -2.281284 -1.306314 0.687410
v -2.133004 -1.721241 0.305589
v -2.400026 -1.473600 0.741803
v -2.083871 -1.703029 0.319371
v -2.263938 -1.423157 0.779976
v -2.403366 -1.408251 0.594019
v -2.233448 -1.345267 0.641680
v -2.211790 -1.491157 0.757257
v -2.381708 -1.554140 0.709595
v -2.147651 -1.570309 0.507866
v -2.133362 -1.666559 0.584117
v -2.245465 -1.708112 0.552672
v -2.259753 -1.611862 0.476421
v -2.089975 -1.856462 0.272169
v -2.368080 -1.534163 0.649238
v -2.040842 -1.838249 0.285951
v -2.231993 -1.483719 0.687410
v -2.083713 -1.898647 0.305589
v -2.350735 -1.651006 0.741803
v -2.034579 -1.880435 0.319371
v -2.214647 -1.600562 0.779976
v -2.354074 -1.585657 0.594019
v -2.184156 -1.522673 0.641680
v -2.162499 -1.668562 0.757257
v -2.332417 -1.731546 0.709595
v -2.098360 -1.747715 0.507866
v -2.084071 -1.843965 0.584117
v -2.196173 -1.885518 0.552672
v -2.210462 -1.789268 0.476421
v -2.199122 -1.514752 0.272169
v -2.477227 -1.192453 0.649238
v -2.149988 -1.496539 0.285951
v -2.341139 -1.142009 0.687410
v -2.192859 -1.556937 0.305589
v -2.459881 -1.309296 0.741803
v -2.143726 -1.538725 0.319371
v -2.323793 -1.258852 0.779975
v -2.463221 -1.243947 0.594019
v -2.293303 -1.180963 0.641680
v -2.271645 -1.326852 0.757257
v -2.441563 -1.389836 0.709595
v -2.207506 -1.406005 0.507866
v -2.193218 -1.502255 0.584117
v -2.305320 -1.543808 0.552672
v -2.319609 -1.447558 0.476421
v -2.092557 -1.661526 0.277501
v -2.096757 -1.662897 0.267988
v -2.102398 -1.664892 0.260546
v -2.109292 -1.667422 0.256440
v -2.117173 -1.670368 0.256402
v -2.125459 -1.673536 0.259937
v -2.133390 -1.676662 0.266047
v -2.414139 -1.390536 0.601028
v -2.422312 -1.376748 0.607588
v -2.427727 -1.366609 0.614050
v -2.430223 -1.359842 0.620767
v -2.429764 -1.356114 0.627993
v -2.426795 -1.354872 0.635597
v -2.422036 -1.355453 0.643209
v -2.407254 -1.348146 0.649667
v -2.391622 -1.337117 0.651459
v -2.372832 -1.326455 0.654899
v -2.352218 -1.317440 0.660000
v -2.331080 -1.310979 0.666610
v -2.310881 -1.307189 0.674107
v -2.293254 -1.305889 0.681644
v -2.136569 -1.591533 0.477533
v -2.126175 -1.609072 0.444858
v -2.116709 -1.623384 0.411413
v -2.108413 -1.634928 0.378770
v -2.101502 -1.644151 0.348445
v -2.096083 -1.651439 0.321722
v -2.092238 -1.657103 0.299944
v -2.081318 -1.699197 0.310417
v -2.078823 -1.693718 0.299675
v -2.077443 -1.687562 0.290255
v -2.077553 -1.681158 0.283485
v -2.079326 -1.674876 0.280205
v -2.082482 -1.669074 0.280152
v -2.086523 -1.664138 0.282642
v -2.275414 -1.313609 0.696845
v -2.268490 -1.325534 0.710227
v -2.262613 -1.340609 0.724950
v -2.258690 -1.357915 0.739693
v -2.257291 -1.376457 0.753349
v -2.258199 -1.394857 0.765146
v -2.260884 -1.411489 0.774387
v -2.123390 -1.680308 0.547862
v -2.114101 -1.690402 0.509289
v -2.105730 -1.697342 0.470004
v -2.098512 -1.701629 0.431612
v -2.092650 -1.703773 0.395680
v -2.088234 -1.704313 0.363610
v -2.085303 -1.703817 0.336952
v -2.126821 -1.720911 0.301102
v -2.118573 -1.719921 0.296684
v -2.110073 -1.718194 0.294290
v -2.102116 -1.715763 0.294737
v -2.095298 -1.712717 0.298434
v -2.089871 -1.709282 0.304735
v -2.085988 -1.705775 0.312556
v -2.274690 -1.430939 0.780711
v -2.291005 -1.441075 0.780174
v -2.310278 -1.451106 0.777621
v -2.331071 -1.459887 0.772850
v -2.352030 -1.466582 0.765910
v -2.371746 -1.471003 0.757527
v -2.388690 -1.473195 0.748734
v -2.226787 -1.718634 0.518860
v -2.208827 -1.725514 0.482719
v -2.191869 -1.729271 0.445842
v -2.176198 -1.730425 0.409821
v -2.162093 -1.729514 0.376201
v -2.149817 -1.727140 0.346336
v -2.139711 -1.723984 0.321690
v -2.138060 -1.683241 0.268186
v -2.136507 -1.689100 0.264998
v -2.135028 -1.695524 0.264581
v -2.133855 -1.702027 0.267692
v -2.133145 -1.708209 0.274630
v -2.132848 -1.713743 0.284521
v -2.132855 -1.718300 0.295961
v -2.406530 -1.465475 0.733534
v -2.414137 -1.452658 0.721406
v -2.420497 -1.436952 0.707570
v -2.424599 -1.419412 0.693156
v -2.425819 -1.401105 0.679171
v -2.424428 -1.383335 0.666487
v -2.421060 -1.367596 0.655992
v -2.279962 -1.589969 0.500726
v -2.300244 -1.564971 0.521509
v -2.320241 -1.537912 0.539159
v -2.339592 -1.509835 0.554065
v -2.357939 -1.481787 0.566615
v -2.374924 -1.454811 0.577198
v -2.390186 -1.429950 0.586203
v -2.276291 -1.301430 0.684090
v -2.270066 -1.296777 0.679560
v -2.263887 -1.294628 0.674520
v -2.257985 -1.295999 0.669079
v -2.252370 -1.301610 0.663237
v -2.246698 -1.311653 0.656847
v -2.240536 -1.326186 0.649723
v -2.257714 -1.426564 0.783224
v -2.250089 -1.431343 0.786165
v -2.242745 -1.437047 0.787348
v -2.236031 -1.443880 0.786234
v -2.230019 -1.452169 0.782513
v -2.224315 -1.462433 0.776298
v -2.218408 -1.475240 0.767806
v -2.403459 -1.480587 0.742343
v -2.406818 -1.489438 0.742203
v -2.408621 -1.498533 0.740820
v -2.408270 -1.507724 0.737921
v -2.405376 -1.517168 0.733326
v -2.399929 -1.527528 0.727038
v -2.392011 -1.539589 0.719111
v -2.397910 -1.544062 0.693609
v -2.410510 -1.529944 0.676708
v -2.419381 -1.512640 0.659569
v -2.424397 -1.493005 0.642871
v -2.425430 -1.471894 0.627289
v -2.422354 -1.450161 0.613502
v -2.415041 -1.428662 0.602186
v -2.227769 -1.509705 0.761758
v -2.247241 -1.525942 0.762712
v -2.269213 -1.539497 0.760398
v -2.292688 -1.550003 0.755097
v -2.316671 -1.557088 0.747086
v -2.340165 -1.560386 0.736647
v -2.362176 -1.559526 0.724056
v -2.217246 -1.355345 0.657667
v -2.204646 -1.369463 0.674568
v -2.195775 -1.386768 0.691707
v -2.190759 -1.406403 0.708405
v -2.189726 -1.427514 0.723987
v -2.192802 -1.449247 0.737774
v -2.200114 -1.470746 0.749090
v -2.387387 -1.389702 0.589518
v -2.367914 -1.373465 0.588564
v -2.345943 -1.359910 0.590878
v -2.322468 -1.349405 0.596179
v -2.298485 -1.342319 0.604189
v -2.274991 -1.339021 0.614629
v -2.252980 -1.339881 0.627219
v -2.225111 -1.368762 0.632506
v -2.215639 -1.395769 0.621877
v -2.205261 -1.425194 0.609441
v -2.194200 -1.455943 0.594847
v -2.182682 -1.486923 0.577744
v -2.170934 -1.517040 0.557780
v -2.159182 -1.545200 0.534605
v -2.204070 -1.510493 0.744789
v -2.195337 -1.532528 0.730220
v -2.185800 -1.556282 0.713292
v -2.175668 -1.580775 0.693742
v -2.165149 -1.605029 0.671310
v -2.154453 -1.628063 0.645736
v -2.143788 -1.648900 0.616758
v -2.369145 -1.571682 0.698485
v -2.354621 -1.591570 0.685542
v -2.338479 -1.612875 0.670466
v -2.321060 -1.634668 0.652959
v -2.302707 -1.656017 0.632725
v -2.283762 -1.675995 0.609465
v -2.264568 -1.693669 0.582880
v -2.146646 -1.677270 0.284683
v -2.157666 -1.674266 0.304448
v -2.170944 -1.669891 0.328967
v -2.186100 -1.663725 0.356979
v -2.202849 -1.655313 0.387251
v -2.220901 -1.644184 0.418288
v -2.239966 -1.629859 0.448531
v -2.249212 -1.599625 0.473452
v -2.236365 -1.588913 0.472823
v -2.221869 -1.579970 0.474349
v -2.206381 -1.573039 0.477847
v -2.190559 -1.568364 0.483131
v -2.175058 -1.566189 0.490019
v -2.160537 -1.566756 0.498325
v -2.136962 -1.576958 0.518413
v -2.128649 -1.586272 0.529564
v -2.122797 -1.597689 0.540871
v -2.119487 -1.610643 0.551887
v -2.118806 -1.624571 0.562167
v -2.120835 -1.638909 0.571263
v -2.125659 -1.653093 0.578729
v -2.143904 -1.678796 0.587086
v -2.156751 -1.689508 0.587716
v -2.171247 -1.698452 0.586189
v -2.186734 -1.705382 0.582692
v -2.202557 -1.710057 0.577407
v -2.218057 -1.712233 0.570519
v -2.232579 -1.711666 0.562213
v -2.256154 -1.701463 0.542125
v -2.264467 -1.692149 0.530975
v -2.270319 -1.680732 0.519668
v -2.273628 -1.667778 0.508651
v -2.274310 -1.653850 0.498371
v -2.272281 -1.639512 0.489275
v -2.267456 -1.625328 0.481810
v -2.043265 -1.838932 0.277501
v -2.047465 -1.840302 0.267988
v -2.053107 -1.842298 0.260546
v -2.060001 -1.844828 0.256440
v -2.067882 -1.847774 0.256402
v -2.076168 -1.850941 0.259937
v -2.084099 -1.854068 0.266047
v -2.364848 -1.567942 0.601028
v -2.373021 -1.554154 0.607588
v -2.378435 -1.544015 0.614050
v -2.380932 -1.537248 0.620767
v -2.380472 -1.533519 0.627993
v -2.377504 -1.532278 0.635597
v -2.372745 -1.532859 0.643209
v -2.357963 -1.525552 0.649667
v -2.342331 -1.514523 0.651459
v -2.323540 -1.503861 0.654899
v -2.302927 -1.494845 0.660000
v -2.281789 -1.488385 0.666610
v -2.261590 -1.484594 0.674107
v -2.243963 -1.483295 0.681644
v -2.087278 -1.768939 0.477533
v -2.076884 -1.786477 0.444858
v -2.067418 -1.800789 0.411413
v -2.059122 -1.812334 0.378771
v -2.052210 -1.821556 0.348445
v -2.046792 -1.828845 0.321722
v -2.042947 -1.834509 0.299944
v -2.032027 -1.876602 0.310417
v -2.029532 -1.871123 0.299675
v -2.028152 -1.864967 0.290255
v -2.028261 -1.858563 0.283485
v -2.030035 -1.852282 0.280205
v -2.033190 -1.846480 0.280152
v -2.037231 -1.841543 0.282642
v -2.226123 -1.491015 0.696845
v -2.219199 -1.502939 0.710227
v -2.213321 -1.518015 0.724950
v -2.209398 -1.535320 0.739693
v -2.207999 -1.553862 0.753349
v -2.208908 -1.572262 0.765146
v -2.211592 -1.588894 0.774387
v -2.074099 -1.857714 0.547862
v -2.064810 -1.867808 0.509289
v -2.056439 -1.874748 0.470004
v -2.049220 -1.879035 0.431612
v -2.043359 -1.881179 0.395680
v -2.038943 -1.881719 0.363610
v -2.036012 -1.881222 0.336952
v -2.077530 -1.898317 0.301102
v -2.069282 -1.897326 0.296684
v -2.060782 -1.895599 0.294290
v -2.052824 -1.893169 0.294737
v -2.046007 -1.890123 0.298434
v -2.040579 -1.886687 0.304735
v -2.036696 -1.883181 0.312556
v -2.225399 -1.608345 0.780711
v -2.241714 -1.618481 0.780174
v -2.260986 -1.628512 0.777621
v -2.281780 -1.637293 0.772850
v -2.302738 -1.643988 0.765910
v -2.322455 -1.648409 0.757527
v -2.339399 -1.650601 0.748734
v -2.177495 -1.896040 0.518860
v -2.159536 -1.902920 0.482719
v -2.142578 -1.906677 0.445842
v -2.126907 -1.907831 0.409821
v -2.112802 -1.906919 0.376201
v -2.100525 -1.904546 0.346336
v -2.090420 -1.901390 0.321691
v -2.088768 -1.860647 0.268186
v -2.087215 -1.866505 0.264998
v -2.085737 -1.872929 0.264581
v -2.084564 -1.879433 0.267692
v -2.083854 -1.885615 0.274630
v -2.083557 -1.891149 0.284521
v -2.083564 -1.895706 0.295961
v -2.357239 -1.642881 0.733534
v -2.364846 -1.630064 0.721406
v -2.371206 -1.614358 0.707570
v -2.375308 -1.596818 0.693156
v -2.376527 -1.578510 0.679171
v -2.375137 -1.560741 0.666487
v -2.371769 -1.545002 0.655992
v -2.230671 -1.767375 0.500726
v -2.250953 -1.742377 0.521509
v -2.270949 -1.715317 0.539159
v -2.290301 -1.687241 0.554065
v -2.308648 -1.659193 0.566615
v -2.325632 -1.632216 0.577198
v -2.340894 -1.607356 0.586203
v -2.227000 -1.478835 0.684090
v -2.220774 -1.474183 0.679559
v -2.214596 -1.472034 0.674520
v -2.208694 -1.473404 0.669079
v -2.203079 -1.479016 0.663237
v -2.197407 -1.489059 0.656847
v -2.191244 -1.503592 0.649723
v -2.208423 -1.603970 0.783224
v -2.200798 -1.608749 0.786165
v -2.193454 -1.614453 0.787348
v -2.186740 -1.621286 0.786234
v -2.180728 -1.629575 0.782513
v -2.175023 -1.639839 0.776298
v -2.169117 -1.652645 0.767806
v -2.354168 -1.657993 0.742343
v -2.357527 -1.666844 0.742203
v -2.359330 -1.675938 0.740820
v -2.358978 -1.685129 0.737921
v -2.356084 -1.694574 0.733326
v -2.350637 -1.704933 0.727038
v -2.342720 -1.716995 0.719111
v -2.348619 -1.721468 0.693609
v -2.361218 -1.707350 0.676708
v -2.370090 -1.690046 0.659569
v -2.375105 -1.670411 0.642870
v -2.376138 -1.649299 0.627289
v -2.373062 -1.627567 0.613502
v -2.365750 -1.606067 0.602186
v -2.178477 -1.687111 0.761758
v -2.197950 -1.703348 0.762712
v -2.219922 -1.716903 0.760398
v -2.243397 -1.727408 0.755097
v -2.267380 -1.734494 0.747086
v -2.290874 -1.737792 0.736647
v -2.312885 -1.736932 0.724056
v -2.167955 -1.532751 0.657667
v -2.155355 -1.546869 0.674568
v -2.146484 -1.564173 0.691707
v -2.141468 -1.583808 0.708405
v -2.140435 -1.604920 0.723987
v -2.143511 -1.626652 0.737774
v -2.150823 -1.648151 0.749090
v -2.338096 -1.567108 0.589518
v -2.318623 -1.550871 0.588564
v -2.296651 -1.537316 0.590878
v -2.273176 -1.526811 0.596179
v -2.249194 -1.519725 0.604189
v -2.225699 -1.516427 0.614629
v -2.203688 -1.517287 0.627219
v -2.175819 -1.546168 0.632506
v -2.166348 -1.573174 0.621877
v -2.155969 -1.602599 0.609441
v -2.144908 -1.633348 0.594847
v -2.133391 -1.664328 0.577744
v -2.121643 -1.694445 0.557780
v -2.109891 -1.722605 0.534605
v -2.154779 -1.687899 0.744789
v -2.146046 -1.709934 0.730220
v -2.136509 -1.733687 0.713292
v -2.126376 -1.758181 0.693742
v -2.115858 -1.782434 0.671310
v -2.105161 -1.805469 0.645736
v -2.094496 -1.826306 0.616758
v -2.319854 -1.749087 0.698485
v -2.305330 -1.768975 0.685542
v -2.289188 -1.790281 0.670466
v -2.271769 -1.812073 0.652959
v -2.253416 -1.833423 0.632725
v -2.234471 -1.853400 0.609465
v -2.215276 -1.871075 0.582880
v -2.097354 -1.854676 0.284683
v -2.108375 -1.851672 0.304448
v -2.121653 -1.847297 0.328967
v -2.136809 -1.841130 0.356980
v -2.153558 -1.832719 0.387251
v -2.171609 -1.821589 0.418288
v -2.190674 -1.807265 0.448531
v -2.199920 -1.777030 0.473452
v -2.187073 -1.766319 0.472823
v -2.172577 -1.757375 0.474349
v -2.157090 -1.750445 0.477847
v -2.141268 -1.745770 0.483131
v -2.125767 -1.743594 0.490019
v -2.111246 -1.744161 0.498325
v -2.087671 -1.754364 0.518413
v -2.079358 -1.763678 0.529564
v -2.073505 -1.775095 0.540871
v -2.070196 -1.788049 0.551887
v -2.069514 -1.801977 0.562167
v -2.071544 -1.816315 0.571263
v -2.076368 -1.830499 0.578729
v -2.094613 -1.856202 0.587086
v -2.107460 -1.866914 0.587716
v -2.121956 -1.875857 0.586189
v -2.137443 -1.882788 0.582692
v -2.153265 -1.887463 0.577407
v -2.168766 -1.889638 0.570519
v -2.183288 -1.889071 0.562213
v -2.206862 -1.878869 0.542125
v -2.215175 -1.869555 0.530975
v -2.221028 -1.858138 0.519668
v -2.224337 -1.845184 0.508651
v -2.225019 -1.831256 0.498371
v -2.222989 -1.816918 0.489275
v -2.218165 -1.802734 0.481810
v -2.152412 -1.497222 0.277501
v -2.156612 -1.498592 0.267988
v -2.162253 -1.500588 0.260546
v -2.169147 -1.503118 0.256440
v -2.177028 -1.506064 0.256402
v -2.185314 -1.509231 0.259937
v -2.193245 -1.512358 0.266047
v -2.473994 -1.226232 0.601028
v -2.482167 -1.212444 0.607588
v -2.487582 -1.202305 0.614050
v -2.490078 -1.195538 0.620767
v -2.489619 -1.191809 0.627993
v -2.486650 -1.190568 0.635597
v -2.481891 -1.191149 0.643208
v -2.467110 -1.183842 0.649667
v -2.451477 -1.172813 0.651459
v -2.432687 -1.162151 0.654899
v -2.412073 -1.153135 0.660000
v -2.390935 -1.146675 0.666610
v -2.370736 -1.142884 0.674107
v -2.353109 -1.141585 0.681644
v -2.196424 -1.427229 0.477533
v -2.186030 -1.444767 0.444858
v -2.176565 -1.459080 0.411413
v -2.168269 -1.470624 0.378770
v -2.161357 -1.479846 0.348445
v -2.155939 -1.487135 0.321722
v -2.152093 -1.492799 0.299944
v -2.141173 -1.534892 0.310417
v -2.138679 -1.529413 0.299675
v -2.137298 -1.523258 0.290255
v -2.137408 -1.516854 0.283485
v -2.139181 -1.510572 0.280205
v -2.142337 -1.504770 0.280152
v -2.146378 -1.499833 0.282642
v -2.335270 -1.149305 0.696845
v -2.328345 -1.161229 0.710227
v -2.322468 -1.176305 0.724950
v -2.318545 -1.193610 0.739693
v -2.317146 -1.212152 0.753349
v -2.318054 -1.230552 0.765146
v -2.320739 -1.247185 0.774387
v -2.183245 -1.516004 0.547862
v -2.173957 -1.526098 0.509289
v -2.165586 -1.533038 0.470004
v -2.158367 -1.537325 0.431612
v -2.152506 -1.539469 0.395679
v -2.148089 -1.540009 0.363609
v -2.145159 -1.539513 0.336952
v -2.186677 -1.556607 0.301102
v -2.178428 -1.555616 0.296684
v -2.169928 -1.553889 0.294290
v -2.161971 -1.551459 0.294737
v -2.155154 -1.548413 0.298434
v -2.149726 -1.544977 0.304735
v -2.145843 -1.541471 0.312556
v -2.334545 -1.266635 0.780711
v -2.350860 -1.276771 0.780174
v -2.370133 -1.286802 0.777621
v -2.390926 -1.295583 0.772850
v -2.411885 -1.302278 0.765910
v -2.431601 -1.306699 0.757527
v -2.448546 -1.308891 0.748734
v -2.286642 -1.554330 0.518860
v -2.268682 -1.561210 0.482719
v -2.251725 -1.564967 0.445842
v -2.236054 -1.566121 0.409821
v -2.221948 -1.565209 0.376201
v -2.209672 -1.562836 0.346336
v -2.199566 -1.559680 0.321690
v -2.197915 -1.518937 0.268186
v -2.196362 -1.524795 0.264998
v -2.194884 -1.531219 0.264581
v -2.193711 -1.537723 0.267692
v -2.193000 -1.543905 0.274630
v -2.192703 -1.549439 0.284521
v -2.192711 -1.553996 0.295961
v -2.466385 -1.301171 0.733534
v -2.473992 -1.288354 0.721406
v -2.480352 -1.272648 0.707570
v -2.484454 -1.255108 0.693156
v -2.485674 -1.236800 0.679171
v -2.484283 -1.219031 0.666487
v -2.480916 -1.203292 0.655992
v -2.339818 -1.425665 0.500726
v -2.360100 -1.400667 0.521509
v -2.380096 -1.373607 0.539159
v -2.399447 -1.345531 0.554065
v -2.417795 -1.317483 0.566615
v -2.434779 -1.290506 0.577198
v -2.450041 -1.265646 0.586203
v -2.336146 -1.137125 0.684090
v -2.329921 -1.132473 0.679559
v -2.323743 -1.130324 0.674520
v -2.317840 -1.131694 0.669079
v -2.312225 -1.137306 0.663237
v -2.306554 -1.147349 0.656847
v -2.300391 -1.161882 0.649723
v -2.317570 -1.262260 0.783224
v -2.309944 -1.267039 0.786165
v -2.302600 -1.272743 0.787348
v -2.295887 -1.279576 0.786234
v -2.289874 -1.287865 0.782513
v -2.284170 -1.298129 0.776298
v -2.278264 -1.310935 0.767806
v -2.463315 -1.316283 0.742343
v -2.466674 -1.325134 0.742203
v -2.468476 -1.334228 0.740820
v -2.468125 -1.343419 0.737921
v -2.465231 -1.352864 0.733326
v -2.459784 -1.363223 0.727038
v -2.451867 -1.375285 0.719111
v -2.457765 -1.379758 0.693609
v -2.470365 -1.365640 0.676708
v -2.479236 -1.348336 0.659569
v -2.484252 -1.328701 0.642870
v -2.485285 -1.307589 0.627289
v -2.482209 -1.285857 0.613502
v -2.474897 -1.264358 0.602186
v -2.287624 -1.345401 0.761758
v -2.307097 -1.361638 0.762712
v -2.329069 -1.375193 0.760398
v -2.352544 -1.385698 0.755097
v -2.376526 -1.392784 0.747086
v -2.400021 -1.396082 0.736647
v -2.422032 -1.395222 0.724056
v -2.277102 -1.191041 0.657667
v -2.264502 -1.205159 0.674568
v -2.255630 -1.222463 0.691707
v -2.250615 -1.242098 0.708405
v -2.249581 -1.263210 0.723987
v -2.252657 -1.284942 0.737774
v -2.259970 -1.306442 0.749090
v -2.447243 -1.225398 0.589518
v -2.427770 -1.209161 0.588564
v -2.405798 -1.195606 0.590878
v -2.382323 -1.185101 0.596179
v -2.358340 -1.178015 0.604189
v -2.334846 -1.174717 0.614629
v -2.312835 -1.175577 0.627219
v -2.284966 -1.204458 0.632506
v -2.275495 -1.231464 0.621877
v -2.265116 -1.260889 0.609441
v -2.254055 -1.291639 0.594847
v -2.242537 -1.322618 0.577744
v -2.230790 -1.352736 0.557780
v -2.219038 -1.380896 0.534605
v -2.263925 -1.346189 0.744789
v -2.255192 -1.368224 0.730220
v -2.245655 -1.391977 0.713292
v -2.235523 -1.416471 0.693742
v -2.225004 -1.440724 0.671310
v -2.214308 -1.463759 0.645736
v -2.203643 -1.484596 0.616758
v -2.429000 -1.407377 0.698485
v -2.414477 -1.427266 0.685542
v -2.398334 -1.448571 0.670466
v -2.380916 -1.470363 0.652959
v -2.362563 -1.491713 0.632725
v -2.343618 -1.511690 0.609464
v -2.324423 -1.529365 0.582880
v -2.206501 -1.512966 0.284683
v -2.217521 -1.509962 0.304448
v -2.230800 -1.505587 0.328967
v -2.245955 -1.499420 0.356979
v -2.262704 -1.491009 0.387251
v -2.280756 -1.479879 0.418288
v -2.299821 -1.465555 0.448531
v -2.309067 -1.435321 0.473452
v -2.296220 -1.424609 0.472823
v -2.281724 -1.415666 0.474349
v -2.266237 -1.408735 0.477847
v -2.250414 -1.404060 0.483131
v -2.234914 -1.401884 0.490019
v -2.220392 -1.402452 0.498325
v -2.196817 -1.412654 0.518413
v -2.188504 -1.421968 0.529563
v -2.182652 -1.433385 0.540870
v -2.179343 -1.446339 0.551887
v -2.178661 -1.460267 0.562167
v -2.180691 -1.474605 0.571263
v -2.185515 -1.488789 0.578729
v -2.203759 -1.514492 0.587086
v -2.216606 -1.525204 0.587716
v -2.231102 -1.534147 0.586189
v -2.246590 -1.541078 0.582692
v -2.262412 -1.545753 0.577407
v -2.277913 -1.547929 0.570519
v -2.292434 -1.547361 0.562213
v -2.316009 -1.537159 0.542125
v -2.324322 -1.527845 0.530975
v -2.330174 -1.516428 0.519668
v -2.333484 -1.503474 0.508651
v -2.334165 -1.489546 0.498371
v -2.332136 -1.475208 0.489275
v -2.327312 -1.461024 0.481810
v -2.397814 -1.371584 0.596430
v -2.405799 -1.357572 0.602938
v -2.411239 -1.347447 0.609411
v -2.414032 -1.340994 0.616219
v -2.414211 -1.337980 0.623657
v -2.412355 -1.338122 0.631735
v -2.409384 -1.341273 0.640392
v -2.377919 -1.354994 0.595456
v -2.385678 -1.340782 0.601957
v -2.391158 -1.330661 0.608445
v -2.394329 -1.324465 0.615293
v -2.395278 -1.322039 0.622841
v -2.394576 -1.323292 0.631267
v -2.392992 -1.328218 0.640731
v -2.355472 -1.341144 0.597820
v -2.362975 -1.326764 0.604353
v -2.368501 -1.316645 0.610850
v -2.372099 -1.310660 0.617681
v -2.373890 -1.308697 0.625205
v -2.374279 -1.310695 0.633721
v -2.373750 -1.316614 0.643520
v -2.331488 -1.330410 0.603237
v -2.338716 -1.315904 0.609835
v -2.344285 -1.305793 0.616329
v -2.348330 -1.299986 0.623073
v -2.350986 -1.298384 0.630428
v -2.352413 -1.300853 0.638777
v -2.352770 -1.307251 0.648505
v -2.306985 -1.323171 0.611420
v -2.313929 -1.308584 0.618111
v -2.319532 -1.298494 0.624586
v -2.324012 -1.292836 0.631169
v -2.327525 -1.291511 0.638210
v -2.329986 -1.294277 0.646145
v -2.331238 -1.300856 0.655445
v -2.282980 -1.319803 0.622086
v -2.289643 -1.305185 0.628895
v -2.295272 -1.295119 0.635340
v -2.300165 -1.289561 0.641706
v -2.304513 -1.288396 0.648300
v -2.308090 -1.291234 0.655526
v -2.310473 -1.297631 0.663877
v -2.260492 -1.320683 0.634948
v -2.266889 -1.306082 0.641902
v -2.272540 -1.296036 0.648316
v -2.277815 -1.290502 0.654428
v -2.282968 -1.289332 0.660470
v -2.287804 -1.291955 0.666671
v -2.291792 -1.297685 0.673377
v -2.223983 -1.336482 0.666057
v -2.229952 -1.322067 0.673375
v -2.235645 -1.312003 0.679754
v -2.241550 -1.306196 0.685328
v -2.248113 -1.304415 0.690170
v -2.255601 -1.305891 0.694110
v -2.264353 -1.309559 0.696757
v -2.211109 -1.350906 0.683326
v -2.216930 -1.336651 0.690852
v -2.222643 -1.326550 0.697226
v -2.228781 -1.320453 0.702531
v -2.235874 -1.318100 0.706787
v -2.244430 -1.318783 0.709770
v -2.255021 -1.321628 0.711127
v -2.202046 -1.368585 0.700837
v -2.207763 -1.354528 0.708573
v -2.213491 -1.344384 0.714941
v -2.219797 -1.337936 0.719969
v -2.227253 -1.334904 0.723650
v -2.236459 -1.334751 0.725838
v -2.248029 -1.336866 0.726346
v -2.196922 -1.388645 0.717898
v -2.202580 -1.374818 0.725834
v -2.208318 -1.364634 0.732184
v -2.214719 -1.357807 0.736920
v -2.222368 -1.354044 0.740022
v -2.231854 -1.353025 0.741503
v -2.243765 -1.354424 0.741386
v -2.195866 -1.410214 0.733817
v -2.201511 -1.396639 0.741933
v -2.207250 -1.386428 0.748249
v -2.213668 -1.379223 0.752677
v -2.221344 -1.374713 0.755187
v -2.230813 -1.372780 0.755965
v -2.242610 -1.373366 0.755262
v -2.199008 -1.432419 0.747902
v -2.204690 -1.419106 0.756174
v -2.210421 -1.408876 0.762447
v -2.216779 -1.401301 0.766580
v -2.224305 -1.396030 0.768524
v -2.233406 -1.393039 0.768597
v -2.244503 -1.392478 0.767256
v -2.206480 -1.454386 0.759462
v -2.212247 -1.441333 0.767860
v -2.217966 -1.431088 0.774096
v -2.224188 -1.423150 0.777982
v -2.231385 -1.417099 0.779440
v -2.239726 -1.412828 0.778829
v -2.249364 -1.410523 0.776742
v -2.234734 -1.494191 0.772405
v -2.240832 -1.481604 0.780954
v -2.246520 -1.471314 0.787175
v -2.252253 -1.462689 0.790838
v -2.258359 -1.455101 0.791796
v -2.264647 -1.447939 0.790245
v -2.270599 -1.440439 0.786470
v -2.254630 -1.510779 0.773381
v -2.260962 -1.498383 0.781951
v -2.266629 -1.488063 0.788194
v -2.272023 -1.479130 0.791886
v -2.277425 -1.470867 0.792858
v -2.282672 -1.462447 0.791165
v -2.287418 -1.452937 0.786914
v -2.277078 -1.524628 0.771019
v -2.283673 -1.512390 0.779570
v -2.289315 -1.502042 0.785841
v -2.294320 -1.492847 0.789622
v -2.298944 -1.484038 0.790734
v -2.303194 -1.474752 0.789121
v -2.307006 -1.464088 0.784760
v -2.301062 -1.535361 0.765603
v -2.307935 -1.523245 0.774095
v -2.313543 -1.512878 0.780386
v -2.318120 -1.503481 0.784286
v -2.321906 -1.494275 0.785618
v -2.325155 -1.484469 0.784242
v -2.328124 -1.473271 0.780029
v -2.325565 -1.542601 0.757418
v -2.332719 -1.530570 0.765812
v -2.338283 -1.520194 0.772105
v -2.342407 -1.510671 0.776134
v -2.345309 -1.501224 0.777728
v -2.347486 -1.491170 0.776697
v -2.349518 -1.479846 0.772836
v -2.349568 -1.545970 0.746751
v -2.356997 -1.533980 0.755013
v -2.362515 -1.523605 0.761299
v -2.366187 -1.514034 0.765474
v -2.368190 -1.504511 0.767398
v -2.369159 -1.494505 0.766906
v -2.369937 -1.483524 0.763767
v -2.372056 -1.545092 0.733886
v -2.379742 -1.533094 0.741990
v -2.385219 -1.522726 0.748271
v -2.388470 -1.513180 0.752629
v -2.389602 -1.503749 0.754983
v -2.389199 -1.494106 0.755308
v -2.388192 -1.484027 0.753485
v -2.408565 -1.529293 0.702778
v -2.416679 -1.517110 0.710517
v -2.422114 -1.506759 0.716833
v -2.424735 -1.497487 0.721729
v -2.424457 -1.488665 0.725284
v -2.421401 -1.480170 0.727869
v -2.415631 -1.472153 0.730105
v -2.421439 -1.514868 0.685511
v -2.429709 -1.502514 0.693056
v -2.435144 -1.492174 0.699412
v -2.437571 -1.483141 0.704649
v -2.436830 -1.474806 0.708912
v -2.432819 -1.466956 0.712662
v -2.425389 -1.459527 0.716518
v -2.430504 -1.497188 0.668002
v -2.438885 -1.484626 0.675351
v -2.444324 -1.474304 0.681750
v -2.446621 -1.465571 0.687334
v -2.445580 -1.457831 0.692289
v -2.441013 -1.450695 0.697005
v -2.432727 -1.443837 0.701935
v -2.435629 -1.477127 0.650941
v -2.444072 -1.464332 0.658096
v -2.449511 -1.454037 0.664530
v -2.451730 -1.445660 0.670439
v -2.450524 -1.438614 0.676024
v -2.445714 -1.432297 0.681515
v -2.437129 -1.426098 0.687147
v -2.436684 -1.455558 0.635022
v -2.445136 -1.442515 0.641990
v -2.450565 -1.432260 0.648442
v -2.452751 -1.424284 0.654626
v -2.451490 -1.418022 0.660752
v -2.446659 -1.412666 0.666877
v -2.438146 -1.407336 0.673018
v -2.433540 -1.433354 0.620934
v -2.441950 -1.420059 0.627734
v -2.447366 -1.409848 0.634192
v -2.449573 -1.402294 0.640600
v -2.448399 -1.396876 0.647174
v -2.443843 -1.392699 0.653835
v -2.435907 -1.388677 0.660389
v -2.426068 -1.411389 0.609372
v -2.434384 -1.397843 0.616032
v -2.439792 -1.387674 0.622491
v -2.442097 -1.380532 0.629075
v -2.441185 -1.375982 0.636013
v -2.437277 -1.373232 0.643151
v -2.430619 -1.371189 0.650119
v -2.087988 -1.666705 0.267330
v -2.083833 -1.672173 0.261840
v -2.080689 -1.678049 0.260381
v -2.078953 -1.684172 0.263096
v -2.078868 -1.690315 0.270098
v -2.080267 -1.696190 0.280867
v -2.082826 -1.701477 0.294877
v -2.091440 -1.668881 0.255358
v -2.087030 -1.674890 0.247966
v -2.083833 -1.680989 0.245488
v -2.082105 -1.687128 0.247893
v -2.082018 -1.693210 0.255170
v -2.083442 -1.699060 0.267114
v -2.086154 -1.704484 0.283564
v -2.096527 -1.671195 0.246885
v -2.091902 -1.677496 0.238612
v -2.088663 -1.683775 0.235641
v -2.086942 -1.689996 0.237923
v -2.086832 -1.696107 0.245411
v -2.088264 -1.702008 0.258031
v -2.091125 -1.707583 0.275712
v -2.103056 -1.673741 0.242558
v -2.098316 -1.680112 0.234079
v -2.095090 -1.686469 0.230980
v -2.093396 -1.692747 0.233236
v -2.093248 -1.698879 0.240812
v -2.094651 -1.704803 0.253639
v -2.097606 -1.710452 0.271640
v -2.110813 -1.676490 0.242878
v -2.106136 -1.682772 0.234619
v -2.103027 -1.689099 0.231612
v -2.101396 -1.695353 0.233869
v -2.101196 -1.701432 0.241382
v -2.102498 -1.707284 0.254038
v -2.105411 -1.712878 0.271705
v -2.119412 -1.679249 0.247512
v -2.115181 -1.685324 0.240070
v -2.112382 -1.691571 0.237480
v -2.110862 -1.697787 0.239826
v -2.110567 -1.703792 0.247162
v -2.111593 -1.709495 0.259218
v -2.114127 -1.714852 0.275718
v -2.128487 -1.681717 0.255970
v -2.125299 -1.687544 0.250209
v -2.123070 -1.693759 0.248493
v -2.121709 -1.700021 0.251102
v -2.121249 -1.706024 0.258210
v -2.121734 -1.711560 0.269235
v -2.123325 -1.716489 0.283517
v -2.275406 -1.417321 0.772887
v -2.274920 -1.400454 0.762756
v -2.275176 -1.381927 0.750450
v -2.276958 -1.363165 0.736489
v -2.280591 -1.345451 0.721553
v -2.285431 -1.329651 0.706664
v -2.290385 -1.316425 0.692955
v -2.293007 -1.425935 0.771041
v -2.294214 -1.408246 0.759740
v -2.295624 -1.389158 0.746572
v -2.297863 -1.369825 0.732000
v -2.301241 -1.351320 0.716596
v -2.305182 -1.334365 0.701209
v -2.308802 -1.319537 0.686750
v -2.312972 -1.435176 0.767764
v -2.315354 -1.416953 0.755610
v -2.317749 -1.397415 0.741674
v -2.320440 -1.377538 0.726494
v -2.323563 -1.358253 0.710649
v -2.326735 -1.340288 0.694874
v -2.329430 -1.324315 0.679938
v -2.334190 -1.443795 0.762706
v -2.337421 -1.425555 0.750120
v -2.340640 -1.405996 0.735747
v -2.343721 -1.385949 0.720240
v -2.346541 -1.366243 0.704254
v -2.348979 -1.347705 0.688446
v -2.350911 -1.331161 0.673475
v -2.355456 -1.450923 0.755847
v -2.359423 -1.433288 0.743248
v -2.363361 -1.414321 0.728880
v -2.366741 -1.394701 0.713507
v -2.369175 -1.375160 0.697855
v -2.370804 -1.356623 0.682512
v -2.371914 -1.340063 0.668021
v -2.375472 -1.456502 0.747910
v -2.380264 -1.440143 0.735603
v -2.384917 -1.422256 0.721525
v -2.388536 -1.403435 0.706566
v -2.390534 -1.384418 0.691550
v -2.391232 -1.366261 0.677072
v -2.391267 -1.350104 0.663619
v -2.392920 -1.460880 0.739924
v -2.398843 -1.446388 0.727996
v -2.404296 -1.429788 0.714232
v -2.408144 -1.411792 0.699692
v -2.409711 -1.393312 0.685335
v -2.409354 -1.375585 0.671904
v -2.407899 -1.359984 0.659992
v -2.276084 -1.686506 0.571516
v -2.296092 -1.668325 0.597299
v -2.315824 -1.647859 0.619783
v -2.334924 -1.626045 0.639280
v -2.353037 -1.603820 0.656101
v -2.369809 -1.582123 0.670555
v -2.384885 -1.561891 0.682954
v -2.285040 -1.676471 0.559503
v -2.305681 -1.657581 0.584437
v -2.326024 -1.636429 0.606101
v -2.345705 -1.613964 0.624819
v -2.364359 -1.591134 0.640914
v -2.381620 -1.568888 0.654712
v -2.397126 -1.548175 0.666535
v -2.291346 -1.664171 0.547320
v -2.312432 -1.644413 0.571394
v -2.333206 -1.622421 0.592226
v -2.353296 -1.599157 0.610154
v -2.372330 -1.575585 0.625515
v -2.389936 -1.552667 0.638646
v -2.405744 -1.531364 0.649885
v -2.294911 -1.650214 0.535451
v -2.316249 -1.629470 0.558686
v -2.337266 -1.606525 0.578707
v -2.357587 -1.582356 0.595865
v -2.376837 -1.557942 0.610510
v -2.394638 -1.534261 0.622992
v -2.410617 -1.512289 0.633662
v -2.295646 -1.635207 0.524375
v -2.317035 -1.613404 0.546828
v -2.338103 -1.589434 0.566093
v -2.358471 -1.564292 0.582533
v -2.377765 -1.538973 0.596510
v -2.395607 -1.514470 0.608386
v -2.411621 -1.491779 0.618525
v -2.293459 -1.619760 0.514575
v -2.314694 -1.596865 0.536336
v -2.335613 -1.571840 0.554932
v -2.355839 -1.545696 0.570736
v -2.375001 -1.519445 0.584121
v -2.392723 -1.494098 0.595462
v -2.408632 -1.470666 0.605131
v -2.288261 -1.604478 0.506532
v -2.309130 -1.580504 0.527725
v -2.329693 -1.554435 0.545771
v -2.349582 -1.527300 0.561053
v -2.368431 -1.500127 0.573953
v -2.385869 -1.473944 0.584854
v -2.401528 -1.449780 0.594137
v -2.155145 -1.662085 0.619957
v -2.166613 -1.642179 0.649161
v -2.178085 -1.620045 0.674953
v -2.189340 -1.596646 0.697593
v -2.200157 -1.572949 0.717336
v -2.210315 -1.549916 0.734439
v -2.219593 -1.528513 0.749161
v -2.168987 -1.673626 0.620635
v -2.181432 -1.654536 0.649887
v -2.193849 -1.633189 0.675726
v -2.206002 -1.610540 0.698409
v -2.217655 -1.587538 0.718193
v -2.228570 -1.565136 0.735334
v -2.238511 -1.544287 0.750088
v -2.184605 -1.683261 0.618991
v -2.198153 -1.664851 0.648126
v -2.211637 -1.644163 0.673853
v -2.224803 -1.622138 0.696430
v -2.237397 -1.599718 0.716114
v -2.249166 -1.577844 0.733165
v -2.259856 -1.557456 0.747840
v -2.201291 -1.690728 0.615223
v -2.216017 -1.672846 0.644092
v -2.230641 -1.652668 0.669561
v -2.244889 -1.631127 0.691893
v -2.258491 -1.609157 0.711351
v -2.271173 -1.587691 0.728195
v -2.282662 -1.567662 0.742690
v -2.218338 -1.695765 0.609529
v -2.234268 -1.678238 0.637996
v -2.250056 -1.658404 0.663076
v -2.265410 -1.637190 0.685039
v -2.280040 -1.615524 0.704153
v -2.293654 -1.594334 0.720686
v -2.305961 -1.574546 0.734908
v -2.235039 -1.698109 0.602108
v -2.252148 -1.680748 0.630051
v -2.269076 -1.661074 0.654625
v -2.285514 -1.640012 0.676106
v -2.301151 -1.618487 0.694772
v -2.315678 -1.597425 0.710900
v -2.328786 -1.577749 0.724766
v -2.250684 -1.697498 0.593159
v -2.268899 -1.680094 0.620470
v -2.286896 -1.660378 0.644432
v -2.304348 -1.639276 0.665333
v -2.320929 -1.617715 0.683460
v -2.336312 -1.596619 0.699098
v -2.350170 -1.576914 0.712534
v -2.147666 -1.552363 0.545968
v -2.158605 -1.524709 0.569946
v -2.169566 -1.495081 0.590686
v -2.180336 -1.464566 0.608526
v -2.190703 -1.434249 0.623806
v -2.200452 -1.405216 0.636863
v -2.209371 -1.378552 0.648037
v -2.138710 -1.562399 0.557982
v -2.149016 -1.535453 0.582808
v -2.159366 -1.506511 0.604369
v -2.169555 -1.476646 0.622988
v -2.179381 -1.446935 0.638992
v -2.188640 -1.418450 0.652707
v -2.197130 -1.392268 0.664457
v -2.132404 -1.574699 0.570164
v -2.142265 -1.548622 0.595851
v -2.152184 -1.520519 0.618243
v -2.161964 -1.491453 0.637653
v -2.171410 -1.462483 0.654392
v -2.180324 -1.434672 0.668772
v -2.188511 -1.409079 0.681107
v -2.128839 -1.588656 0.582034
v -2.138448 -1.563564 0.608559
v -2.148124 -1.536415 0.631762
v -2.157672 -1.508254 0.651941
v -2.166903 -1.480126 0.669396
v -2.175622 -1.453078 0.684426
v -2.183639 -1.428155 0.697329
v -2.128104 -1.603662 0.593109
v -2.137662 -1.579630 0.620417
v -2.147287 -1.553506 0.644376
v -2.156788 -1.526318 0.665274
v -2.165975 -1.499096 0.683397
v -2.174654 -1.472868 0.699032
v -2.182635 -1.448664 0.712467
v -2.130291 -1.619110 0.602910
v -2.140003 -1.596169 0.630909
v -2.149777 -1.571100 0.655537
v -2.159420 -1.544914 0.677071
v -2.168739 -1.518624 0.695785
v -2.177537 -1.493241 0.711957
v -2.185623 -1.469778 0.725861
v -2.135489 -1.634392 0.610953
v -2.145567 -1.612530 0.639520
v -2.155697 -1.588505 0.664698
v -2.165677 -1.563310 0.686754
v -2.175309 -1.537942 0.705953
v -2.184392 -1.513394 0.722564
v -2.192727 -1.490664 0.736854
v -2.268605 -1.576785 0.497527
v -2.288085 -1.550855 0.518084
v -2.307305 -1.522895 0.535516
v -2.325920 -1.493964 0.550214
v -2.343582 -1.465120 0.562571
v -2.359945 -1.437423 0.572979
v -2.374662 -1.411930 0.581831
v -2.254763 -1.565243 0.496849
v -2.273265 -1.538499 0.517358
v -2.291541 -1.509751 0.534743
v -2.309258 -1.480071 0.549398
v -2.326085 -1.450531 0.561714
v -2.341691 -1.422202 0.572085
v -2.355745 -1.396156 0.580904
v -2.239145 -1.555608 0.498493
v -2.256545 -1.528183 0.519119
v -2.273753 -1.498777 0.536616
v -2.290457 -1.468472 0.551377
v -2.306342 -1.438351 0.563792
v -2.321094 -1.409495 0.574253
v -2.334399 -1.382987 0.583151
v -2.222459 -1.548141 0.502262
v -2.238680 -1.520188 0.523153
v -2.254749 -1.490272 0.540908
v -2.270370 -1.459483 0.555913
v -2.285249 -1.428911 0.568556
v -2.299088 -1.399647 0.579223
v -2.311593 -1.372782 0.588302
v -2.205411 -1.543104 0.507956
v -2.220429 -1.514796 0.529249
v -2.235334 -1.484536 0.547393
v -2.249850 -1.453420 0.562767
v -2.263700 -1.422544 0.575754
v -2.276607 -1.393005 0.586732
v -2.288294 -1.365898 0.596084
v -2.188711 -1.540760 0.515376
v -2.202549 -1.512286 0.537194
v -2.216313 -1.481866 0.555845
v -2.229746 -1.450598 0.571700
v -2.242589 -1.419581 0.585134
v -2.254582 -1.389914 0.596519
v -2.265469 -1.362694 0.606226
v -2.173066 -1.541371 0.524326
v -2.185798 -1.512941 0.546775
v -2.198494 -1.482562 0.566037
v -2.210912 -1.451334 0.582473
v -2.222811 -1.420354 0.596447
v -2.233949 -1.390720 0.608321
v -2.244086 -1.363529 0.618457
v -2.141222 -1.672452 0.281401
v -2.151701 -1.668045 0.301849
v -2.164311 -1.662542 0.326610
v -2.178742 -1.655354 0.354663
v -2.194726 -1.645956 0.384860
v -2.211986 -1.633857 0.415746
v -2.230242 -1.618574 0.445788
v -2.133655 -1.668211 0.277383
v -2.143888 -1.662665 0.299316
v -2.155942 -1.656155 0.325018
v -2.169632 -1.648052 0.353620
v -2.184767 -1.637776 0.384121
v -2.201105 -1.624820 0.415139
v -2.218389 -1.608696 0.445198
v -2.125300 -1.664399 0.275063
v -2.135117 -1.658082 0.298144
v -2.146506 -1.650801 0.324775
v -2.159354 -1.641949 0.354066
v -2.173531 -1.630944 0.385035
v -2.188827 -1.617275 0.416352
v -2.205015 -1.600448 0.446596
v -2.117002 -1.661114 0.275591
v -2.126139 -1.654352 0.299230
v -2.136653 -1.646563 0.326419
v -2.148490 -1.637176 0.356217
v -2.161575 -1.625631 0.387608
v -2.175724 -1.611423 0.419273
v -2.190729 -1.594056 0.449818
v -2.109407 -1.658508 0.279521
v -2.117577 -1.651581 0.303064
v -2.126960 -1.643556 0.330257
v -2.137586 -1.633880 0.360172
v -2.149442 -1.622015 0.391792
v -2.162362 -1.607466 0.423775
v -2.176136 -1.589744 0.454697
v -2.102767 -1.656762 0.286047
v -2.109670 -1.649982 0.308914
v -2.117725 -1.641989 0.335737
v -2.127034 -1.632262 0.365569
v -2.137612 -1.620297 0.397348
v -2.149287 -1.605613 0.429673
v -2.161842 -1.587735 0.461059
v -2.097158 -1.656119 0.293761
v -2.102522 -1.649816 0.315644
v -2.109171 -1.642103 0.342077
v -2.117191 -1.632540 0.371928
v -2.126547 -1.620684 0.403985
v -2.137044 -1.606078 0.436767
v -2.148452 -1.588257 0.468730
v -2.087431 -1.660328 0.302049
v -2.090336 -1.655089 0.326027
v -2.094916 -1.648272 0.354223
v -2.101019 -1.639538 0.385708
v -2.108502 -1.628494 0.419360
v -2.117145 -1.614690 0.453724
v -2.126710 -1.597666 0.487255
v -2.083096 -1.665275 0.302809
v -2.085536 -1.660426 0.329477
v -2.089612 -1.654155 0.359692
v -2.095177 -1.646049 0.392714
v -2.102080 -1.635674 0.427624
v -2.110110 -1.622568 0.463056
v -2.119042 -1.606258 0.497528
v -2.079799 -1.671321 0.304749
v -2.082001 -1.666977 0.333377
v -2.085787 -1.661373 0.365340
v -2.091017 -1.654033 0.399853
v -2.097539 -1.644477 0.436018
v -2.105152 -1.632223 0.472523
v -2.113642 -1.616788 0.507947
v -2.077940 -1.678019 0.308875
v -2.080011 -1.674314 0.338535
v -2.083633 -1.669508 0.371596
v -2.088670 -1.663064 0.407189
v -2.094973 -1.654454 0.444358
v -2.102349 -1.643176 0.481795
v -2.110589 -1.628737 0.518103
v -2.077773 -1.684966 0.315559
v -2.079766 -1.682036 0.345307
v -2.083296 -1.678155 0.378635
v -2.088242 -1.672723 0.414659
v -2.094468 -1.665159 0.452403
v -2.101778 -1.654946 0.490524
v -2.109961 -1.641584 0.527590
v -2.079159 -1.691795 0.323818
v -2.081175 -1.689805 0.352752
v -2.084741 -1.686967 0.385686
v -2.089747 -1.682623 0.421688
v -2.096069 -1.676161 0.459698
v -2.103506 -1.667057 0.498301
v -2.111835 -1.654808 0.535991
v -2.081815 -1.698161 0.332020
v -2.084068 -1.697314 0.359478
v -2.087888 -1.695615 0.391729
v -2.093174 -1.692384 0.427574
v -2.099812 -1.687031 0.465735
v -2.107593 -1.679034 0.504698
v -2.116286 -1.667889 0.542888
v -2.089342 -1.708765 0.335468
v -2.093498 -1.710600 0.363798
v -2.098920 -1.711156 0.396782
v -2.105690 -1.710016 0.433307
v -2.113777 -1.706706 0.472132
v -2.122993 -1.700731 0.511753
v -2.133111 -1.691594 0.550595
v -2.094383 -1.713243 0.330792
v -2.099852 -1.716117 0.361307
v -2.106498 -1.717618 0.395652
v -2.114402 -1.717356 0.432982
v -2.123568 -1.714901 0.472295
v -2.133825 -1.709772 0.512190
v -2.144958 -1.701473 0.551164
v -2.100687 -1.717248 0.326056
v -2.107298 -1.720824 0.357919
v -2.115160 -1.723045 0.393231
v -2.124282 -1.723497 0.431168
v -2.134637 -1.721749 0.470803
v -2.146053 -1.717322 0.510806
v -2.158325 -1.709720 0.549744
v -2.108170 -1.720608 0.322723
v -2.115710 -1.724607 0.354888
v -2.124665 -1.727315 0.390391
v -2.134965 -1.728286 0.428396
v -2.146516 -1.727069 0.467969
v -2.159134 -1.723176 0.507807
v -2.172609 -1.716112 0.546513
v -2.116580 -1.723139 0.321598
v -2.124837 -1.727325 0.353000
v -2.134705 -1.730290 0.387748
v -2.146050 -1.731565 0.425062
v -2.158725 -1.730678 0.464047
v -2.172518 -1.727131 0.503382
v -2.187205 -1.720425 0.541644
v -2.125270 -1.724692 0.322128
v -2.134070 -1.728800 0.351709
v -2.144715 -1.731784 0.384933
v -2.157000 -1.733146 0.421033
v -2.170723 -1.732380 0.459068
v -2.185642 -1.728979 0.497655
v -2.201504 -1.722433 0.535303
v -2.133406 -1.725098 0.323109
v -2.142678 -1.728829 0.350003
v -2.154060 -1.731595 0.381316
v -2.167240 -1.732831 0.416042
v -2.181956 -1.731978 0.453008
v -2.197935 -1.728509 0.490732
v -2.214901 -1.721911 0.527654
v -2.143133 -1.720889 0.314821
v -2.154863 -1.723556 0.339620
v -2.168314 -1.725426 0.369170
v -2.183412 -1.725833 0.402262
v -2.200001 -1.724168 0.437632
v -2.217835 -1.719898 0.473776
v -2.236643 -1.712502 0.509128
v -2.144942 -1.716179 0.305366
v -2.158203 -1.718356 0.331146
v -2.172827 -1.719618 0.360978
v -2.188857 -1.719360 0.393888
v -2.206255 -1.717003 0.428792
v -2.224819 -1.712025 0.464273
v -2.244305 -1.703911 0.498833
v -2.146188 -1.710325 0.296369
v -2.160413 -1.711929 0.322686
v -2.175878 -1.712472 0.352666
v -2.192619 -1.711412 0.385382
v -2.210629 -1.708216 0.419820
v -2.229728 -1.702374 0.454635
v -2.249698 -1.693380 0.488394
v -2.147232 -1.703704 0.289438
v -2.161838 -1.704645 0.315583
v -2.177685 -1.704370 0.345214
v -2.194786 -1.702398 0.377423
v -2.213118 -1.698247 0.411218
v -2.232509 -1.691423 0.445285
v -2.252748 -1.681432 0.478228
v -2.148213 -1.696680 0.285559
v -2.162649 -1.696870 0.310756
v -2.178369 -1.695691 0.339371
v -2.195394 -1.692722 0.370575
v -2.213699 -1.687534 0.403436
v -2.233102 -1.679651 0.436633
v -2.253379 -1.668585 0.468750
v -2.148879 -1.689659 0.284357
v -2.162564 -1.688977 0.307871
v -2.177698 -1.686805 0.334984
v -2.194286 -1.682786 0.364914
v -2.212266 -1.676517 0.396717
v -2.231424 -1.667535 0.429027
v -2.251512 -1.655360 0.460371
v -2.148749 -1.683057 0.284849
v -2.161132 -1.681331 0.306169
v -2.175343 -1.678084 0.331664
v -2.191257 -1.672987 0.360396
v -2.208691 -1.665631 0.391258
v -2.227387 -1.655554 0.422801
v -2.247067 -1.642278 0.453495
v -2.348523 -1.548990 0.596430
v -2.356508 -1.534977 0.602938
v -2.361948 -1.524853 0.609411
v -2.364741 -1.518399 0.616219
v -2.364919 -1.515385 0.623657
v -2.363064 -1.515528 0.631735
v -2.360093 -1.518678 0.640392
v -2.328628 -1.532400 0.595456
v -2.336386 -1.518188 0.601957
v -2.341866 -1.508067 0.608444
v -2.345037 -1.501870 0.615293
v -2.345987 -1.499445 0.622841
v -2.345285 -1.500697 0.631267
v -2.343701 -1.505624 0.640731
v -2.306180 -1.518550 0.597820
v -2.313683 -1.504170 0.604353
v -2.319209 -1.494051 0.610850
v -2.322808 -1.488066 0.617681
v -2.324599 -1.486103 0.625205
v -2.324987 -1.488101 0.633721
v -2.324459 -1.494020 0.643520
v -2.282197 -1.507816 0.603237
v -2.289425 -1.493309 0.609835
v -2.294994 -1.483199 0.616329
v -2.299038 -1.477392 0.623073
v -2.301695 -1.475789 0.630429
v -2.303122 -1.478258 0.638777
v -2.303478 -1.484657 0.648505
v -2.257694 -1.500577 0.611420
v -2.264637 -1.485990 0.618111
v -2.270241 -1.475900 0.624586
v -2.274721 -1.470242 0.631170
v -2.278234 -1.468917 0.638210
v -2.280694 -1.471683 0.646146
v -2.281947 -1.478262 0.655445
v -2.233689 -1.497209 0.622086
v -2.240351 -1.482590 0.628895
v -2.245981 -1.472525 0.635340
v -2.250874 -1.466967 0.641706
v -2.255222 -1.465801 0.648300
v -2.258798 -1.468639 0.655526
v -2.261182 -1.475036 0.663877
v -2.211200 -1.498089 0.634948
v -2.217597 -1.483488 0.641902
v -2.223249 -1.473442 0.648316
v -2.228523 -1.467908 0.654428
v -2.233676 -1.466738 0.660470
v -2.238513 -1.469360 0.666671
v -2.242500 -1.475090 0.673377
v -2.174691 -1.513888 0.666057
v -2.180661 -1.499472 0.673375
v -2.186353 -1.489408 0.679754
v -2.192259 -1.483601 0.685328
v -2.198822 -1.481821 0.690170
v -2.206310 -1.483296 0.694110
v -2.215061 -1.486965 0.696757
v -2.161818 -1.528312 0.683326
v -2.167639 -1.514057 0.690852
v -2.173352 -1.503956 0.697226
v -2.179490 -1.497859 0.702531
v -2.186582 -1.495506 0.706787
v -2.195138 -1.496189 0.709770
v -2.205730 -1.499034 0.711127
v -2.152755 -1.545990 0.700837
v -2.158472 -1.531934 0.708573
v -2.164200 -1.521789 0.714941
v -2.170506 -1.515341 0.719969
v -2.177962 -1.512310 0.723650
v -2.187168 -1.512157 0.725838
v -2.198738 -1.514271 0.726346
v -2.147630 -1.566051 0.717898
v -2.153288 -1.552223 0.725834
v -2.159026 -1.542040 0.732184
v -2.165428 -1.535213 0.736920
v -2.173077 -1.531450 0.740022
v -2.182563 -1.530431 0.741503
v -2.194474 -1.531830 0.741386
v -2.146574 -1.587620 0.733817
v -2.152220 -1.574044 0.741933
v -2.157959 -1.563833 0.748249
v -2.164377 -1.556628 0.752677
v -2.172052 -1.552119 0.755187
v -2.181522 -1.550186 0.755966
v -2.193319 -1.550772 0.755262
v -2.149717 -1.609825 0.747902
v -2.155398 -1.596512 0.756174
v -2.161130 -1.586282 0.762447
v -2.167488 -1.578706 0.766580
v -2.175013 -1.573435 0.768524
v -2.184115 -1.570445 0.768597
v -2.195212 -1.569883 0.767256
v -2.157188 -1.631791 0.759462
v -2.162956 -1.618739 0.767860
v -2.168675 -1.608493 0.774096
v -2.174896 -1.600556 0.777982
v -2.182093 -1.594505 0.779440
v -2.190435 -1.590234 0.778829
v -2.200073 -1.587928 0.776742
v -2.185442 -1.671597 0.772405
v -2.191541 -1.659010 0.780954
v -2.197228 -1.648720 0.787175
v -2.202961 -1.640095 0.790838
v -2.209068 -1.632507 0.791796
v -2.215356 -1.625344 0.790245
v -2.221308 -1.617845 0.786470
v -2.205338 -1.688185 0.773381
v -2.211670 -1.675789 0.781951
v -2.217338 -1.665469 0.788194
v -2.222732 -1.656536 0.791886
v -2.228133 -1.648272 0.792858
v -2.233381 -1.639853 0.791165
v -2.238127 -1.630342 0.786914
v -2.227787 -1.702034 0.771019
v -2.234382 -1.689796 0.779570
v -2.240023 -1.679448 0.785841
v -2.245028 -1.670252 0.789622
v -2.249652 -1.661444 0.790734
v -2.253902 -1.652157 0.789121
v -2.257715 -1.641494 0.784760
v -2.251771 -1.712767 0.765603
v -2.258644 -1.700651 0.774095
v -2.264251 -1.690284 0.780386
v -2.268829 -1.680887 0.784286
v -2.272614 -1.671681 0.785618
v -2.275863 -1.661875 0.784242
v -2.278832 -1.650677 0.780029
v -2.276273 -1.720007 0.757418
v -2.283428 -1.707976 0.765812
v -2.288992 -1.697599 0.772105
v -2.293116 -1.688077 0.776134
v -2.296018 -1.678630 0.777728
v -2.298195 -1.668575 0.776697
v -2.300227 -1.657252 0.772836
v -2.300277 -1.723376 0.746751
v -2.307705 -1.711386 0.755013
v -2.313223 -1.701011 0.761299
v -2.316895 -1.691439 0.765474
v -2.318899 -1.681916 0.767398
v -2.319868 -1.671911 0.766906
v -2.320645 -1.660930 0.763767
v -2.322765 -1.722498 0.733886
v -2.330451 -1.710500 0.741990
v -2.335927 -1.700131 0.748271
v -2.339179 -1.690586 0.752629
v -2.340311 -1.681154 0.754983
v -2.339907 -1.671512 0.755308
v -2.338901 -1.661433 0.753485
v -2.359274 -1.706698 0.702778
v -2.367387 -1.694515 0.710517
v -2.372823 -1.684165 0.716833
v -2.375443 -1.674892 0.721729
v -2.375165 -1.666071 0.725283
v -2.372110 -1.657576 0.727869
v -2.366340 -1.649558 0.730105
v -2.372148 -1.692273 0.685511
v -2.380418 -1.679919 0.693056
v -2.385853 -1.669580 0.699413
v -2.388279 -1.660547 0.704649
v -2.387538 -1.652212 0.708912
v -2.383528 -1.644361 0.712662
v -2.376098 -1.636932 0.716518
v -2.381213 -1.674593 0.668002
v -2.389593 -1.662032 0.675351
v -2.395033 -1.651710 0.681750
v -2.397330 -1.642977 0.687334
v -2.396289 -1.635237 0.692289
v -2.391722 -1.628101 0.697005
v -2.383436 -1.621242 0.701935
v -2.386338 -1.654532 0.650941
v -2.394780 -1.641737 0.658096
v -2.400219 -1.631443 0.664530
v -2.402439 -1.623066 0.670439
v -2.401233 -1.616020 0.676024
v -2.396422 -1.609702 0.681516
v -2.387837 -1.603504 0.687147
v -2.387393 -1.632964 0.635022
v -2.395845 -1.619921 0.641990
v -2.401274 -1.609666 0.648442
v -2.403459 -1.601690 0.654626
v -2.402199 -1.595428 0.660752
v -2.397368 -1.590072 0.666877
v -2.388854 -1.584742 0.673018
v -2.384249 -1.610760 0.620934
v -2.392658 -1.597465 0.627734
v -2.398074 -1.587254 0.634192
v -2.400282 -1.579700 0.640600
v -2.399107 -1.574282 0.647174
v -2.394551 -1.570105 0.653835
v -2.386616 -1.566083 0.660389
v -2.376777 -1.588795 0.609372
v -2.385093 -1.575249 0.616032
v -2.390501 -1.565080 0.622491
v -2.392806 -1.557938 0.629075
v -2.391894 -1.553387 0.636013
v -2.387985 -1.550638 0.643151
v -2.381328 -1.548595 0.650119
v -2.038696 -1.844111 0.267330
v -2.034541 -1.849579 0.261840
v -2.031398 -1.855455 0.260381
v -2.029661 -1.861578 0.263096
v -2.029577 -1.867720 0.270098
v -2.030976 -1.873595 0.280867
v -2.033534 -1.878883 0.294877
v -2.042149 -1.846287 0.255358
v -2.037739 -1.852295 0.247966
v -2.034541 -1.858394 0.245488
v -2.032814 -1.864533 0.247893
v -2.032727 -1.870615 0.255170
v -2.034151 -1.876466 0.267114
v -2.036863 -1.881889 0.283564
v -2.047236 -1.848601 0.246885
v -2.042611 -1.854902 0.238612
v -2.039372 -1.861181 0.235641
v -2.037651 -1.867401 0.237923
v -2.037541 -1.873513 0.245411
v -2.038972 -1.879414 0.258031
v -2.041834 -1.884989 0.275712
v -2.053765 -1.851147 0.242558
v -2.049025 -1.857518 0.234079
v -2.045799 -1.863875 0.230980
v -2.044105 -1.870153 0.233236
v -2.043957 -1.876285 0.240812
v -2.045360 -1.882208 0.253639
v -2.048315 -1.887857 0.271640
v -2.061522 -1.853896 0.242878
v -2.056845 -1.860178 0.234620
v -2.053735 -1.866505 0.231612
v -2.052105 -1.872759 0.233869
v -2.051905 -1.878837 0.241382
v -2.053206 -1.884690 0.254038
v -2.056120 -1.890284 0.271705
v -2.070121 -1.856655 0.247512
v -2.065890 -1.862730 0.240070
v -2.063090 -1.868976 0.237480
v -2.061571 -1.875193 0.239826
v -2.061276 -1.881198 0.247162
v -2.062302 -1.886900 0.259218
v -2.064836 -1.892258 0.275718
v -2.079195 -1.859123 0.255970
v -2.076008 -1.864949 0.250209
v -2.073779 -1.871164 0.248493
v -2.072418 -1.877427 0.251103
v -2.071958 -1.883430 0.258210
v -2.072443 -1.888966 0.269236
v -2.074033 -1.893895 0.283517
v -2.226115 -1.594727 0.772887
v -2.225629 -1.577859 0.762756
v -2.225884 -1.559333 0.750450
v -2.227667 -1.540571 0.736489
v -2.231299 -1.522856 0.721553
v -2.236140 -1.507056 0.706664
v -2.241093 -1.493831 0.692955
v -2.243716 -1.603340 0.771041
v -2.244922 -1.585652 0.759740
v -2.246333 -1.566563 0.746572
v -2.248572 -1.547231 0.732000
v -2.251950 -1.528726 0.716596
v -2.255890 -1.511770 0.701209
v -2.259511 -1.496943 0.686750
v -2.263681 -1.612581 0.767764
v -2.266062 -1.594359 0.755609
v -2.268458 -1.574820 0.741674
v -2.271148 -1.554944 0.726494
v -2.274272 -1.535659 0.710649
v -2.277444 -1.517693 0.694874
v -2.280138 -1.501721 0.679938
v -2.284899 -1.621201 0.762706
v -2.288130 -1.602961 0.750120
v -2.291348 -1.583402 0.735747
v -2.294429 -1.563355 0.720240
v -2.297250 -1.543649 0.704254
v -2.299687 -1.525110 0.688446
v -2.301620 -1.508567 0.673475
v -2.306165 -1.628329 0.755847
v -2.310132 -1.610694 0.743248
v -2.314070 -1.591727 0.728880
v -2.317450 -1.572106 0.713507
v -2.319883 -1.552566 0.697855
v -2.321513 -1.534029 0.682512
v -2.322623 -1.517468 0.668021
v -2.326180 -1.633907 0.747910
v -2.330973 -1.617548 0.735603
v -2.335625 -1.599661 0.721525
v -2.339245 -1.580840 0.706566
v -2.341243 -1.561824 0.691550
v -2.341941 -1.543667 0.677073
v -2.341975 -1.527510 0.663619
v -2.343629 -1.638286 0.739924
v -2.349551 -1.623793 0.727996
v -2.355004 -1.607194 0.714232
v -2.358852 -1.589197 0.699692
v -2.360419 -1.570717 0.685335
v -2.360062 -1.552991 0.671904
v -2.358607 -1.537390 0.659992
v -2.226793 -1.863912 0.571516
v -2.246801 -1.845731 0.597299
v -2.266532 -1.825265 0.619783
v -2.285632 -1.803450 0.639280
v -2.303746 -1.781226 0.656101
v -2.320518 -1.759529 0.670555
v -2.335594 -1.739297 0.682954
v -2.235749 -1.853876 0.559503
v -2.256390 -1.834987 0.584437
v -2.276733 -1.813835 0.606101
v -2.296414 -1.791370 0.624819
v -2.315067 -1.768540 0.640914
v -2.332329 -1.746294 0.654712
v -2.347834 -1.725581 0.666535
v -2.242055 -1.841576 0.547320
v -2.263141 -1.821818 0.571394
v -2.283915 -1.799826 0.592226
v -2.304004 -1.776563 0.610154
v -2.323039 -1.752991 0.625515
v -2.340645 -1.730073 0.638646
v -2.356453 -1.708770 0.649885
v -2.245620 -1.827619 0.535451
v -2.266958 -1.806876 0.558686
v -2.287975 -1.783931 0.578707
v -2.308296 -1.759762 0.595865
v -2.327545 -1.735348 0.610510
v -2.345347 -1.711666 0.622992
v -2.361326 -1.689695 0.633662
v -2.246354 -1.812613 0.524375
v -2.267744 -1.790810 0.546828
v -2.288811 -1.766840 0.566093
v -2.309180 -1.741698 0.582533
v -2.328474 -1.716379 0.596510
v -2.346316 -1.691876 0.608386
v -2.362329 -1.669185 0.618525
v -2.244168 -1.797165 0.514575
v -2.265403 -1.774271 0.536336
v -2.286321 -1.749246 0.554932
v -2.306548 -1.723102 0.570736
v -2.325710 -1.696851 0.584121
v -2.343432 -1.671504 0.595462
v -2.359341 -1.648072 0.605131
v -2.238970 -1.781883 0.506532
v -2.259838 -1.757910 0.527725
v -2.280401 -1.731841 0.545771
v -2.300291 -1.704706 0.561053
v -2.319139 -1.677533 0.573953
v -2.336577 -1.651350 0.584854
v -2.352237 -1.627185 0.594137
v -2.105854 -1.839490 0.619957
v -2.117321 -1.819585 0.649161
v -2.128793 -1.797451 0.674953
v -2.140049 -1.774052 0.697593
v -2.150866 -1.750354 0.717336
v -2.161024 -1.727322 0.734439
v -2.170302 -1.705919 0.749161
v -2.119696 -1.851032 0.620635
v -2.132140 -1.831941 0.649887
v -2.144558 -1.810595 0.675726
v -2.156711 -1.787945 0.698409
v -2.168363 -1.764944 0.718193
v -2.179279 -1.742542 0.735334
v -2.189220 -1.721693 0.750088
v -2.135314 -1.860667 0.618991
v -2.148861 -1.842257 0.648126
v -2.162345 -1.821569 0.673853
v -2.175511 -1.799544 0.696430
v -2.188106 -1.777124 0.716114
v -2.199875 -1.755249 0.733165
v -2.210565 -1.734862 0.747840
v -2.152000 -1.868134 0.615223
v -2.166726 -1.850252 0.644092
v -2.181350 -1.830074 0.669561
v -2.195598 -1.808533 0.691893
v -2.209199 -1.786563 0.711351
v -2.221881 -1.765097 0.728195
v -2.233371 -1.745068 0.742690
v -2.169047 -1.873171 0.609529
v -2.184977 -1.855644 0.637996
v -2.200765 -1.835810 0.663076
v -2.216119 -1.814596 0.685039
v -2.230749 -1.792930 0.704153
v -2.244363 -1.771739 0.720686
v -2.256670 -1.751952 0.734908
v -2.185747 -1.875515 0.602108
v -2.202857 -1.858154 0.630051
v -2.219785 -1.838480 0.654625
v -2.236223 -1.817418 0.676106
v -2.251860 -1.795893 0.694772
v -2.266387 -1.774831 0.710900
v -2.279495 -1.755155 0.724766
v -2.201393 -1.874904 0.593159
v -2.219607 -1.857499 0.620470
v -2.237604 -1.837784 0.644432
v -2.255057 -1.816682 0.665333
v -2.271638 -1.795121 0.683460
v -2.287021 -1.774025 0.699098
v -2.300879 -1.754320 0.712534
v -2.098375 -1.729769 0.545968
v -2.109313 -1.702115 0.569946
v -2.120275 -1.672487 0.590686
v -2.131045 -1.641972 0.608526
v -2.141411 -1.611655 0.623806
v -2.151160 -1.582621 0.636863
v -2.160079 -1.555958 0.648037
v -2.089418 -1.739804 0.557982
v -2.099725 -1.712859 0.582808
v -2.110075 -1.683917 0.604369
v -2.120264 -1.654052 0.622988
v -2.130090 -1.624340 0.638992
v -2.139349 -1.595856 0.652707
v -2.147838 -1.569674 0.664457
v -2.083112 -1.752104 0.570164
v -2.092974 -1.726027 0.595851
v -2.102893 -1.697925 0.618243
v -2.112673 -1.668859 0.637653
v -2.122118 -1.639889 0.654392
v -2.131033 -1.612077 0.668772
v -2.139220 -1.586485 0.681107
v -2.079547 -1.766061 0.582034
v -2.089157 -1.740970 0.608559
v -2.098832 -1.713821 0.631762
v -2.108381 -1.685660 0.651941
v -2.117612 -1.657532 0.669396
v -2.126331 -1.630484 0.684426
v -2.134347 -1.605561 0.697329
v -2.078813 -1.781067 0.593109
v -2.088370 -1.757036 0.620417
v -2.097996 -1.730912 0.644376
v -2.107497 -1.703724 0.665274
v -2.116683 -1.676502 0.683397
v -2.125362 -1.650274 0.699032
v -2.133343 -1.626070 0.712467
v -2.080999 -1.796515 0.602910
v -2.090711 -1.773575 0.630909
v -2.100486 -1.748506 0.655537
v -2.110129 -1.722320 0.677071
v -2.119447 -1.696029 0.695786
v -2.128246 -1.670646 0.711957
v -2.136332 -1.647183 0.725861
v -2.086197 -1.811797 0.610953
v -2.096276 -1.789936 0.639520
v -2.106406 -1.765911 0.664698
v -2.116386 -1.740716 0.686754
v -2.126018 -1.715347 0.705953
v -2.135101 -1.690800 0.722565
v -2.143436 -1.668070 0.736854
v -2.219313 -1.754190 0.497527
v -2.238793 -1.728261 0.518084
v -2.258014 -1.700301 0.535516
v -2.276629 -1.671370 0.550214
v -2.294291 -1.642526 0.562571
v -2.310654 -1.614828 0.572979
v -2.325371 -1.589336 0.581831
v -2.205472 -1.742649 0.496849
v -2.223974 -1.715904 0.517358
v -2.242249 -1.687156 0.534743
v -2.259966 -1.657477 0.549398
v -2.276793 -1.627936 0.561714
v -2.292400 -1.599608 0.572085
v -2.306453 -1.573562 0.580904
v -2.189854 -1.733014 0.498493
v -2.207253 -1.705589 0.519119
v -2.224462 -1.676183 0.536616
v -2.241166 -1.645878 0.551377
v -2.257051 -1.615756 0.563792
v -2.271803 -1.586901 0.574253
v -2.285108 -1.560393 0.583151
v -2.173167 -1.725546 0.502262
v -2.189389 -1.697594 0.523153
v -2.205458 -1.667678 0.540908
v -2.221079 -1.636889 0.555913
v -2.235958 -1.606317 0.568556
v -2.249797 -1.577053 0.579223
v -2.262302 -1.550187 0.588302
v -2.156120 -1.720510 0.507956
v -2.171137 -1.692202 0.529249
v -2.186042 -1.661942 0.547393
v -2.200558 -1.630826 0.562767
v -2.214408 -1.599950 0.575754
v -2.227315 -1.570410 0.586732
v -2.239003 -1.543303 0.596084
v -2.139420 -1.718166 0.515376
v -2.153258 -1.689692 0.537194
v -2.167022 -1.659272 0.555845
v -2.180455 -1.628004 0.571700
v -2.193297 -1.596987 0.585134
v -2.205291 -1.567319 0.596519
v -2.216178 -1.540100 0.606226
v -2.123774 -1.718777 0.524326
v -2.136507 -1.690346 0.546775
v -2.149203 -1.659968 0.566037
v -2.161621 -1.628740 0.582473
v -2.173519 -1.597759 0.596447
v -2.184658 -1.568125 0.608321
v -2.194794 -1.540935 0.618457
v -2.091930 -1.849858 0.281401
v -2.102410 -1.845451 0.301849
v -2.115020 -1.839948 0.326610
v -2.129450 -1.832760 0.354663
v -2.145435 -1.823362 0.384860
v -2.162695 -1.811263 0.415746
v -2.180950 -1.795979 0.445788
v -2.084363 -1.845617 0.277383
v -2.094596 -1.840071 0.299316
v -2.106651 -1.833560 0.325018
v -2.120341 -1.825458 0.353620
v -2.135476 -1.815182 0.384121
v -2.151814 -1.802226 0.415139
v -2.169098 -1.786101 0.445198
v -2.076009 -1.841805 0.275063
v -2.085825 -1.835488 0.298144
v -2.097214 -1.828206 0.324775
v -2.110063 -1.819354 0.354066
v -2.124239 -1.808350 0.385035
v -2.139536 -1.794681 0.416352
v -2.155724 -1.777854 0.446596
v -2.067711 -1.838520 0.275591
v -2.076848 -1.831758 0.299230
v -2.087361 -1.823969 0.326419
v -2.099199 -1.814582 0.356217
v -2.112284 -1.803037 0.387608
v -2.126432 -1.788828 0.419273
v -2.141437 -1.771462 0.449818
v -2.060116 -1.835914 0.279521
v -2.068286 -1.828987 0.303064
v -2.077669 -1.820961 0.330258
v -2.088295 -1.811286 0.360172
v -2.100151 -1.799421 0.391792
v -2.113070 -1.784871 0.423775
v -2.126845 -1.767149 0.454697
v -2.053476 -1.834168 0.286047
v -2.060378 -1.827387 0.308914
v -2.068434 -1.819395 0.335737
v -2.077743 -1.809668 0.365569
v -2.088321 -1.797703 0.397348
v -2.099996 -1.783019 0.429673
v -2.112551 -1.765141 0.461059
v -2.047867 -1.833524 0.293761
v -2.053230 -1.827221 0.315644
v -2.059880 -1.819509 0.342077
v -2.067900 -1.809945 0.371928
v -2.077255 -1.798090 0.403985
v -2.087753 -1.783484 0.436767
v -2.099161 -1.765662 0.468730
v -2.038140 -1.837734 0.302049
v -2.041045 -1.832495 0.326027
v -2.045625 -1.825678 0.354223
v -2.051728 -1.816944 0.385708
v -2.059211 -1.805899 0.419360
v -2.067853 -1.792096 0.453724
v -2.077419 -1.775071 0.487255
v -2.033804 -1.842681 0.302809
v -2.036245 -1.837831 0.329477
v -2.040321 -1.831560 0.359692
v -2.045886 -1.823454 0.392714
v -2.052788 -1.813080 0.427624
v -2.060819 -1.799973 0.463056
v -2.069751 -1.783663 0.497529
v -2.030508 -1.848727 0.304749
v -2.032710 -1.844383 0.333377
v -2.036496 -1.838779 0.365340
v -2.041725 -1.831439 0.399853
v -2.048247 -1.821883 0.436018
v -2.055860 -1.809629 0.472523
v -2.064351 -1.794194 0.507947
v -2.028648 -1.855425 0.308875
v -2.030720 -1.851720 0.338535
v -2.034342 -1.846914 0.371596
v -2.039378 -1.840470 0.407189
v -2.045682 -1.831860 0.444358
v -2.053057 -1.820582 0.481795
v -2.061298 -1.806143 0.518103
v -2.028482 -1.862372 0.315559
v -2.030475 -1.859442 0.345307
v -2.034005 -1.855561 0.378635
v -2.038951 -1.850129 0.414659
v -2.045177 -1.842565 0.452403
v -2.052487 -1.832352 0.490524
v -2.060670 -1.818990 0.527590
v -2.029868 -1.869201 0.323818
v -2.031884 -1.867210 0.352752
v -2.035450 -1.864373 0.385686
v -2.040456 -1.860028 0.421688
v -2.046778 -1.853567 0.459699
v -2.054214 -1.844463 0.498301
v -2.062543 -1.832214 0.535991
v -2.032524 -1.875566 0.332020
v -2.034776 -1.874720 0.359478
v -2.038597 -1.873020 0.391729
v -2.043883 -1.869790 0.427574
v -2.050520 -1.864437 0.465735
v -2.058301 -1.856440 0.504698
v -2.066994 -1.845295 0.542888
v -2.040051 -1.886171 0.335468
v -2.044207 -1.888005 0.363798
v -2.049628 -1.888562 0.396782
v -2.056398 -1.887422 0.433307
v -2.064486 -1.884111 0.472132
v -2.073702 -1.878136 0.511753
v -2.083820 -1.868999 0.550595
v -2.045091 -1.890648 0.330792
v -2.050560 -1.893522 0.361307
v -2.057206 -1.895024 0.395652
v -2.065110 -1.894762 0.432982
v -2.074276 -1.892307 0.472295
v -2.084534 -1.887177 0.512190
v -2.095666 -1.878878 0.551164
v -2.051396 -1.894653 0.326056
v -2.058007 -1.898229 0.357919
v -2.065868 -1.900451 0.393231
v -2.074991 -1.900902 0.431168
v -2.085345 -1.899155 0.470803
v -2.096762 -1.894727 0.510806
v -2.109034 -1.887126 0.549745
v -2.058878 -1.898014 0.322723
v -2.066418 -1.902013 0.354888
v -2.075374 -1.904720 0.390391
v -2.085674 -1.905692 0.428396
v -2.097225 -1.904475 0.467969
v -2.109842 -1.900582 0.507807
v -2.123318 -1.893518 0.546513
v -2.067288 -1.900544 0.321598
v -2.075546 -1.904731 0.353000
v -2.085414 -1.907696 0.387748
v -2.096759 -1.908971 0.425062
v -2.109434 -1.908084 0.464047
v -2.123227 -1.904537 0.503382
v -2.137913 -1.897831 0.541644
v -2.075979 -1.902097 0.322128
v -2.084779 -1.906206 0.351709
v -2.095423 -1.909190 0.384933
v -2.107708 -1.910552 0.421033
v -2.121432 -1.909786 0.459068
v -2.136351 -1.906385 0.497655
v -2.152213 -1.899838 0.535303
v -2.084115 -1.902504 0.323109
v -2.093387 -1.906235 0.350003
v -2.104769 -1.909001 0.381316
v -2.117949 -1.910237 0.416042
v -2.132665 -1.909383 0.453008
v -2.148643 -1.905915 0.490732
v -2.165610 -1.899316 0.527654
v -2.093841 -1.898295 0.314821
v -2.105572 -1.900962 0.339620
v -2.119023 -1.902832 0.369170
v -2.134120 -1.903238 0.402262
v -2.150710 -1.901574 0.437632
v -2.168543 -1.897303 0.473776
v -2.187351 -1.889908 0.509128
v -2.095650 -1.893584 0.305366
v -2.108912 -1.895762 0.331146
v -2.123536 -1.897024 0.360979
v -2.139565 -1.896765 0.393888
v -2.156964 -1.894409 0.428792
v -2.175528 -1.889430 0.464273
v -2.195014 -1.881316 0.498833
v -2.096896 -1.887731 0.296369
v -2.111122 -1.889335 0.322686
v -2.126586 -1.889878 0.352666
v -2.143328 -1.888818 0.385382
v -2.161337 -1.885622 0.419820
v -2.180437 -1.879779 0.454635
v -2.200407 -1.870786 0.488394
v -2.097941 -1.881109 0.289439
v -2.112546 -1.882051 0.315583
v -2.128393 -1.881776 0.345214
v -2.145494 -1.879804 0.377423
v -2.163827 -1.875652 0.411218
v -2.183217 -1.868828 0.445285
v -2.203457 -1.858837 0.478228
v -2.098922 -1.874086 0.285559
v -2.113357 -1.874276 0.310756
v -2.129078 -1.873096 0.339371
v -2.146103 -1.870128 0.370575
v -2.164408 -1.864940 0.403436
v -2.183810 -1.857056 0.436633
v -2.204088 -1.845990 0.468751
v -2.099587 -1.867065 0.284357
v -2.113273 -1.866383 0.307871
v -2.128407 -1.864211 0.334984
v -2.144995 -1.860191 0.364914
v -2.162974 -1.853922 0.396717
v -2.182133 -1.844941 0.429027
v -2.202221 -1.832766 0.460371
v -2.099458 -1.860462 0.284849
v -2.111840 -1.858737 0.306169
v -2.126051 -1.855489 0.331664
v -2.141966 -1.850392 0.360396
v -2.159400 -1.843036 0.391258
v -2.178096 -1.832959 0.422801
v -2.197776 -1.819684 0.453495
v -2.457669 -1.207280 0.596430
v -2.465654 -1.193267 0.602938
v -2.471094 -1.183143 0.609411
v -2.473887 -1.176689 0.616219
v -2.474066 -1.173675 0.623657
v -2.472210 -1.173818 0.631735
v -2.469240 -1.176968 0.640392
v -2.437775 -1.190690 0.595456
v -2.445533 -1.176478 0.601957
v -2.451013 -1.166357 0.608444
v -2.454184 -1.160160 0.615293
v -2.455134 -1.157735 0.622841
v -2.454432 -1.158988 0.631267
v -2.452848 -1.163914 0.640731
v -2.415327 -1.176840 0.597820
v -2.422830 -1.162460 0.604353
v -2.428356 -1.152341 0.610850
v -2.431954 -1.146356 0.617681
v -2.433745 -1.144393 0.625205
v -2.434134 -1.146391 0.633721
v -2.433605 -1.152310 0.643520
v -2.391343 -1.166106 0.603237
v -2.398571 -1.151599 0.609835
v -2.404140 -1.141489 0.616329
v -2.408185 -1.135682 0.623073
v -2.410842 -1.134079 0.630428
v -2.412268 -1.136548 0.638777
v -2.412625 -1.142947 0.648505
v -2.366840 -1.158867 0.611420
v -2.373784 -1.144280 0.618111
v -2.379387 -1.134190 0.624586
v -2.383867 -1.128532 0.631169
v -2.387380 -1.127207 0.638210
v -2.389841 -1.129973 0.646145
v -2.391093 -1.136552 0.655445
v -2.342836 -1.155499 0.622086
v -2.349498 -1.140880 0.628895
v -2.355128 -1.130815 0.635340
v -2.360021 -1.125257 0.641706
v -2.364368 -1.124091 0.648300
v -2.367945 -1.126930 0.655526
v -2.370329 -1.133327 0.663877
v -2.320347 -1.156379 0.634948
v -2.326744 -1.141778 0.641902
v -2.332396 -1.131732 0.648316
v -2.337670 -1.126198 0.654428
v -2.342823 -1.125028 0.660470
v -2.347659 -1.127650 0.666671
v -2.351647 -1.133380 0.673376
v -2.283838 -1.172178 0.666057
v -2.289808 -1.157762 0.673375
v -2.295500 -1.147698 0.679754
v -2.301405 -1.141891 0.685328
v -2.307968 -1.140111 0.690170
v -2.315457 -1.141586 0.694110
v -2.324208 -1.145255 0.696757
v -2.270965 -1.186602 0.683326
v -2.276786 -1.172347 0.690852
v -2.282498 -1.162246 0.697226
v -2.288636 -1.156149 0.702531
v -2.295729 -1.153796 0.706787
v -2.304285 -1.154479 0.709770
v -2.314876 -1.157324 0.711127
v -2.261901 -1.204280 0.700837
v -2.267618 -1.190224 0.708573
v -2.273347 -1.180079 0.714941
v -2.279653 -1.173631 0.719969
v -2.287109 -1.170600 0.723650
v -2.296314 -1.170447 0.725838
v -2.307884 -1.172562 0.726346
v -2.256777 -1.224341 0.717898
v -2.262435 -1.210513 0.725834
v -2.268173 -1.200330 0.732184
v -2.274574 -1.193503 0.736920
v -2.282224 -1.189740 0.740022
v -2.291709 -1.188721 0.741503
v -2.303620 -1.190120 0.741386
v -2.255721 -1.245910 0.733817
v -2.261367 -1.232334 0.741933
v -2.267105 -1.222123 0.748249
v -2.273523 -1.214918 0.752677
v -2.281199 -1.210409 0.755187
v -2.290668 -1.208476 0.755965
v -2.302466 -1.209062 0.755262
v -2.258864 -1.268115 0.747902
v -2.264545 -1.254802 0.756174
v -2.270277 -1.244572 0.762447
v -2.276634 -1.236996 0.766580
v -2.284160 -1.231725 0.768524
v -2.293262 -1.228735 0.768597
v -2.304358 -1.228173 0.767256
v -2.266335 -1.290081 0.759462
v -2.272102 -1.277029 0.767860
v -2.277822 -1.266783 0.774096
v -2.284043 -1.258846 0.777982
v -2.291240 -1.252795 0.779440
v -2.299581 -1.248524 0.778829
v -2.309220 -1.246218 0.776742
v -2.294589 -1.329887 0.772405
v -2.300687 -1.317300 0.780954
v -2.306375 -1.307010 0.787175
v -2.312108 -1.298385 0.790838
v -2.318214 -1.290797 0.791796
v -2.324503 -1.283634 0.790245
v -2.330455 -1.276135 0.786470
v -2.314485 -1.346475 0.773381
v -2.320817 -1.334079 0.781951
v -2.326484 -1.323759 0.788194
v -2.331878 -1.314826 0.791886
v -2.337280 -1.306562 0.792858
v -2.342528 -1.298143 0.791165
v -2.347273 -1.288632 0.786914
v -2.336933 -1.360324 0.771019
v -2.343528 -1.348086 0.779570
v -2.349170 -1.337738 0.785841
v -2.354175 -1.328542 0.789622
v -2.358799 -1.319734 0.790734
v -2.363049 -1.310447 0.789121
v -2.366861 -1.299784 0.784760
v -2.360918 -1.371057 0.765603
v -2.367791 -1.358941 0.774095
v -2.373398 -1.348574 0.780386
v -2.377975 -1.339177 0.784286
v -2.381761 -1.329971 0.785618
v -2.385010 -1.320165 0.784242
v -2.387979 -1.308967 0.780029
v -2.385420 -1.378297 0.757418
v -2.392574 -1.366266 0.765812
v -2.398139 -1.355889 0.772105
v -2.402262 -1.346367 0.776134
v -2.405164 -1.336920 0.777728
v -2.407342 -1.326865 0.776697
v -2.409373 -1.315542 0.772836
v -2.409424 -1.381666 0.746751
v -2.416852 -1.369676 0.755013
v -2.422370 -1.359301 0.761299
v -2.426042 -1.349729 0.765474
v -2.428045 -1.340206 0.767398
v -2.429014 -1.330201 0.766906
v -2.429792 -1.319220 0.763767
v -2.431911 -1.380788 0.733886
v -2.439597 -1.368790 0.741990
v -2.445074 -1.358421 0.748271
v -2.448325 -1.348876 0.752629
v -2.449457 -1.339444 0.754983
v -2.449054 -1.329802 0.755308
v -2.448047 -1.319723 0.753485
v -2.468421 -1.364988 0.702778
v -2.476534 -1.352805 0.710517
v -2.481969 -1.342455 0.716833
v -2.484590 -1.333183 0.721729
v -2.484312 -1.324361 0.725283
v -2.481256 -1.315866 0.727869
v -2.475487 -1.307848 0.730105
v -2.481295 -1.350563 0.685511
v -2.489564 -1.338209 0.693056
v -2.494999 -1.327870 0.699412
v -2.497426 -1.318837 0.704648
v -2.496685 -1.310502 0.708911
v -2.492674 -1.302651 0.712662
v -2.485244 -1.295222 0.716518
v -2.490359 -1.332883 0.668002
v -2.498740 -1.320322 0.675350
v -2.504179 -1.310000 0.681750
v -2.506477 -1.301267 0.687334
v -2.505436 -1.293527 0.692289
v -2.500869 -1.286391 0.697005
v -2.492582 -1.279532 0.701935
v -2.495484 -1.312822 0.650941
v -2.503927 -1.300027 0.658096
v -2.509366 -1.289733 0.664530
v -2.511586 -1.281356 0.670439
v -2.510379 -1.274310 0.676024
v -2.505569 -1.267992 0.681515
v -2.496984 -1.261794 0.687147
v -2.496539 -1.291254 0.635021
v -2.504992 -1.278211 0.641990
v -2.510421 -1.267956 0.648442
v -2.512606 -1.259980 0.654626
v -2.511346 -1.253718 0.660752
v -2.506514 -1.248362 0.666877
v -2.498001 -1.243032 0.673018
v -2.493396 -1.269050 0.620934
v -2.501805 -1.255755 0.627734
v -2.507221 -1.245544 0.634192
v -2.509428 -1.237990 0.640600
v -2.508254 -1.232572 0.647174
v -2.503698 -1.228395 0.653835
v -2.495762 -1.224373 0.660389
v -2.485924 -1.247085 0.609372
v -2.494239 -1.233539 0.616032
v -2.499648 -1.223370 0.622491
v -2.501952 -1.216228 0.629075
v -2.501040 -1.211677 0.636013
v -2.497132 -1.208928 0.643151
v -2.490475 -1.206885 0.650119
v -2.147843 -1.502401 0.267330
v -2.143688 -1.507869 0.261840
v -2.140544 -1.513745 0.260381
v -2.138808 -1.519868 0.263096
v -2.138723 -1.526010 0.270098
v -2.140122 -1.531885 0.280867
v -2.142681 -1.537173 0.294877
v -2.151295 -1.504577 0.255358
v -2.146886 -1.510585 0.247966
v -2.143688 -1.516684 0.245488
v -2.141960 -1.522824 0.247893
v -2.141874 -1.528905 0.255170
v -2.143297 -1.534756 0.267114
v -2.146010 -1.540179 0.283564
v -2.156383 -1.506891 0.246885
v -2.151758 -1.513192 0.238612
v -2.148518 -1.519471 0.235641
v -2.146798 -1.525691 0.237923
v -2.146688 -1.531803 0.245411
v -2.148119 -1.537704 0.258031
v -2.150981 -1.543279 0.275712
v -2.162911 -1.509437 0.242558
v -2.158171 -1.515808 0.234079
v -2.154946 -1.522165 0.230980
v -2.153251 -1.528443 0.233236
v -2.153103 -1.534575 0.240812
v -2.154506 -1.540498 0.253639
v -2.157461 -1.546147 0.271640
v -2.170668 -1.512186 0.242878
v -2.165992 -1.518468 0.234619
v -2.162882 -1.524795 0.231612
v -2.161252 -1.531049 0.233869
v -2.161051 -1.537127 0.241382
v -2.162353 -1.542980 0.254038
v -2.165266 -1.548574 0.271705
v -2.179267 -1.514945 0.247512
v -2.175037 -1.521020 0.240070
v -2.172237 -1.527267 0.237480
v -2.170717 -1.533483 0.239826
v -2.170423 -1.539488 0.247162
v -2.171448 -1.545190 0.259218
v -2.173982 -1.550548 0.275718
v -2.188342 -1.517413 0.255970
v -2.185155 -1.523239 0.250209
v -2.182925 -1.529454 0.248493
v -2.181565 -1.535717 0.251102
v -2.181105 -1.541720 0.258210
v -2.181589 -1.547256 0.269235
v -2.183180 -1.552185 0.283517
v -2.335261 -1.253017 0.772887
v -2.334776 -1.236149 0.762756
v -2.335031 -1.217623 0.750450
v -2.336813 -1.198861 0.736489
v -2.340446 -1.181146 0.721553
v -2.345287 -1.165347 0.706664
v -2.350240 -1.152121 0.692955
v -2.352863 -1.261630 0.771041
v -2.354069 -1.243942 0.759740
v -2.355479 -1.224853 0.746572
v -2.357719 -1.205521 0.732000
v -2.361097 -1.187016 0.716596
v -2.365037 -1.170061 0.701209
v -2.368658 -1.155233 0.686750
v -2.372828 -1.270872 0.767764
v -2.375209 -1.252649 0.755609
v -2.377604 -1.233110 0.741674
v -2.380295 -1.213234 0.726494
v -2.383418 -1.193949 0.710649
v -2.386590 -1.175983 0.694874
v -2.389285 -1.160011 0.679938
v -2.394046 -1.279491 0.762706
v -2.397277 -1.261251 0.750120
v -2.400495 -1.241692 0.735747
v -2.403576 -1.221645 0.720240
v -2.406396 -1.201939 0.704254
v -2.408834 -1.183401 0.688446
v -2.410767 -1.166857 0.673475
v -2.415312 -1.286619 0.755847
v -2.419278 -1.268984 0.743248
v -2.423216 -1.250017 0.728880
v -2.426596 -1.230397 0.713507
v -2.429030 -1.210856 0.697855
v -2.430660 -1.192319 0.682512
v -2.431769 -1.175758 0.668021
v -2.435327 -1.292197 0.747910
v -2.440119 -1.275838 0.735603
v -2.444772 -1.257951 0.721525
v -2.448391 -1.239130 0.706566
v -2.450389 -1.220114 0.691550
v -2.451087 -1.201957 0.677072
v -2.451122 -1.185800 0.663619
v -2.452775 -1.296576 0.739924
v -2.458698 -1.282084 0.727996
v -2.464151 -1.265484 0.714232
v -2.467999 -1.247487 0.699692
v -2.469566 -1.229007 0.685335
v -2.469209 -1.211281 0.671904
v -2.467754 -1.195680 0.659992
v -2.335939 -1.522202 0.571516
v -2.355947 -1.504021 0.597299
v -2.375679 -1.483555 0.619783
v -2.394779 -1.461740 0.639280
v -2.412892 -1.439516 0.656101
v -2.429664 -1.417819 0.670555
v -2.444740 -1.397587 0.682954
v -2.344895 -1.512166 0.559503
v -2.365536 -1.493277 0.584437
v -2.385879 -1.472125 0.606100
v -2.405560 -1.449660 0.624819
v -2.424214 -1.426830 0.640914
v -2.441476 -1.404584 0.654712
v -2.456981 -1.383871 0.666535
v -2.351201 -1.499866 0.547320
v -2.372287 -1.480108 0.571394
v -2.393061 -1.458116 0.592226
v -2.413151 -1.434853 0.610154
v -2.432185 -1.411281 0.625515
v -2.449792 -1.388363 0.638646
v -2.465599 -1.367060 0.649885
v -2.354766 -1.485909 0.535451
v -2.376104 -1.465166 0.558686
v -2.397122 -1.442221 0.578707
v -2.417443 -1.418052 0.595865
v -2.436692 -1.393638 0.610510
v -2.454494 -1.369956 0.622992
v -2.470472 -1.347985 0.633662
v -2.355501 -1.470903 0.524375
v -2.376891 -1.449100 0.546828
v -2.397958 -1.425130 0.566093
v -2.418327 -1.399988 0.582533
v -2.437620 -1.374669 0.596510
v -2.455462 -1.350166 0.608386
v -2.471476 -1.327475 0.618525
v -2.353314 -1.455455 0.514575
v -2.374550 -1.432561 0.536336
v -2.395468 -1.407536 0.554932
v -2.415695 -1.381392 0.570736
v -2.434856 -1.355141 0.584121
v -2.452579 -1.329794 0.595462
v -2.468488 -1.306362 0.605131
v -2.348117 -1.440173 0.506532
v -2.368985 -1.416200 0.527725
v -2.389548 -1.390131 0.545771
v -2.409438 -1.362996 0.561053
v -2.428286 -1.335823 0.573953
v -2.445724 -1.309640 0.584854
v -2.461384 -1.285475 0.594137
v -2.215001 -1.497780 0.619957
v -2.226468 -1.477875 0.649161
v -2.237940 -1.455741 0.674953
v -2.249195 -1.432342 0.697593
v -2.260013 -1.408644 0.717336
v -2.270171 -1.385612 0.734439
v -2.279448 -1.364209 0.749161
v -2.228842 -1.509322 0.620635
v -2.241287 -1.490231 0.649887
v -2.253704 -1.468885 0.675726
v -2.265857 -1.446235 0.698409
v -2.277510 -1.423234 0.718193
v -2.288425 -1.400832 0.735334
v -2.298366 -1.379983 0.750088
v -2.244460 -1.518957 0.618991
v -2.258008 -1.500547 0.648126
v -2.271492 -1.479859 0.673853
v -2.284658 -1.457834 0.696430
v -2.297253 -1.435414 0.716114
v -2.309022 -1.413539 0.733165
v -2.319712 -1.393152 0.747840
v -2.261146 -1.526424 0.615223
v -2.275872 -1.508542 0.644092
v -2.290496 -1.488364 0.669561
v -2.304745 -1.466823 0.691893
v -2.318346 -1.444853 0.711351
v -2.331028 -1.423387 0.728195
v -2.342518 -1.403358 0.742690
v -2.278193 -1.531461 0.609529
v -2.294124 -1.513934 0.637996
v -2.309911 -1.494100 0.663076
v -2.325266 -1.472886 0.685039
v -2.339895 -1.451220 0.704153
v -2.353509 -1.430030 0.720686
v -2.365817 -1.410242 0.734908
v -2.294894 -1.533805 0.602108
v -2.312003 -1.516444 0.630051
v -2.328932 -1.496770 0.654625
v -2.345369 -1.475708 0.676106
v -2.361006 -1.454183 0.694772
v -2.375534 -1.433121 0.710900
v -2.388642 -1.413445 0.724766
v -2.310539 -1.533194 0.593159
v -2.328754 -1.515789 0.620470
v -2.346751 -1.496074 0.644432
v -2.364203 -1.474972 0.665333
v -2.380784 -1.453411 0.683460
v -2.396167 -1.432315 0.699098
v -2.410025 -1.412610 0.712534
v -2.207521 -1.388059 0.545968
v -2.218460 -1.360405 0.569946
v -2.229421 -1.330777 0.590686
v -2.240191 -1.300262 0.608526
v -2.250558 -1.269945 0.623806
v -2.260307 -1.240911 0.636863
v -2.269226 -1.214248 0.648037
v -2.198565 -1.398094 0.557982
v -2.208871 -1.371149 0.582808
v -2.219221 -1.342207 0.604369
v -2.229410 -1.312342 0.622988
v -2.239236 -1.282630 0.638992
v -2.248496 -1.254146 0.652706
v -2.256985 -1.227964 0.664457
v -2.192259 -1.410394 0.570164
v -2.202120 -1.384318 0.595851
v -2.212039 -1.356215 0.618243
v -2.221819 -1.327149 0.637653
v -2.231265 -1.298179 0.654392
v -2.240180 -1.270367 0.668772
v -2.248367 -1.244775 0.681107
v -2.188694 -1.424351 0.582034
v -2.198303 -1.399260 0.608559
v -2.207979 -1.372111 0.631762
v -2.217528 -1.343950 0.651941
v -2.226758 -1.315822 0.669396
v -2.235478 -1.288774 0.684426
v -2.243494 -1.263851 0.697329
v -2.187959 -1.439358 0.593109
v -2.197517 -1.415326 0.620417
v -2.207142 -1.389202 0.644376
v -2.216644 -1.362014 0.665274
v -2.225830 -1.334792 0.683397
v -2.234509 -1.308564 0.699032
v -2.242490 -1.284360 0.712467
v -2.190146 -1.454805 0.602910
v -2.199858 -1.431865 0.630909
v -2.209632 -1.406796 0.655537
v -2.219276 -1.380610 0.677071
v -2.228594 -1.354319 0.695785
v -2.237393 -1.328936 0.711957
v -2.245479 -1.305473 0.725861
v -2.195344 -1.470087 0.610953
v -2.205423 -1.448226 0.639520
v -2.215552 -1.424201 0.664698
v -2.225533 -1.399006 0.686753
v -2.235164 -1.373637 0.705953
v -2.244247 -1.349090 0.722564
v -2.252583 -1.326360 0.736854
v -2.328460 -1.412480 0.497527
v -2.347940 -1.386551 0.518084
v -2.367161 -1.358591 0.535516
v -2.385775 -1.329660 0.550214
v -2.403437 -1.300816 0.562571
v -2.419800 -1.273118 0.572979
v -2.434518 -1.247626 0.581831
v -2.314618 -1.400939 0.496849
v -2.333121 -1.374195 0.517358
v -2.351396 -1.345447 0.534743
v -2.369113 -1.315767 0.549397
v -2.385940 -1.286227 0.561714
v -2.401546 -1.257898 0.572085
v -2.415600 -1.231852 0.580904
v -2.299000 -1.391304 0.498493
v -2.316400 -1.363879 0.519119
v -2.333609 -1.334473 0.536616
v -2.350312 -1.304168 0.551377
v -2.366197 -1.274046 0.563792
v -2.380949 -1.245191 0.574253
v -2.394254 -1.218683 0.583151
v -2.282314 -1.383837 0.502262
v -2.298535 -1.355884 0.523153
v -2.314604 -1.325968 0.540908
v -2.330226 -1.295179 0.555913
v -2.345104 -1.264607 0.568556
v -2.358943 -1.235343 0.579223
v -2.371448 -1.208477 0.588302
v -2.265267 -1.378800 0.507956
v -2.280284 -1.350492 0.529249
v -2.295189 -1.320232 0.547393
v -2.309705 -1.289116 0.562767
v -2.323555 -1.258240 0.575754
v -2.336462 -1.228700 0.586732
v -2.348149 -1.201593 0.596084
v -2.248567 -1.376456 0.515376
v -2.262404 -1.347982 0.537194
v -2.276169 -1.317562 0.555844
v -2.289601 -1.286294 0.571700
v -2.302444 -1.255277 0.585134
v -2.314438 -1.225609 0.596519
v -2.325324 -1.198390 0.606226
v -2.232921 -1.377067 0.524326
v -2.245654 -1.348637 0.546775
v -2.258350 -1.318258 0.566037
v -2.270767 -1.287030 0.582473
v -2.282666 -1.256050 0.596447
v -2.293804 -1.226415 0.608321
v -2.303941 -1.199225 0.618457
v -2.201077 -1.508148 0.281401
v -2.211557 -1.503741 0.301849
v -2.224166 -1.498238 0.326610
v -2.238597 -1.491050 0.354663
v -2.254581 -1.481652 0.384860
v -2.271842 -1.469553 0.415746
v -2.290097 -1.454270 0.445788
v -2.193510 -1.503907 0.277383
v -2.203743 -1.498361 0.299316
v -2.215797 -1.491850 0.325018
v -2.229487 -1.483748 0.353620
v -2.244622 -1.473472 0.384121
v -2.260960 -1.460516 0.415139
v -2.278244 -1.444391 0.445198
v -2.185155 -1.500095 0.275063
v -2.194972 -1.493778 0.298144
v -2.206361 -1.486496 0.324775
v -2.219209 -1.477645 0.354066
v -2.233386 -1.466640 0.385035
v -2.248682 -1.452971 0.416352
v -2.264871 -1.436144 0.446596
v -2.176857 -1.496810 0.275591
v -2.185995 -1.490048 0.299230
v -2.196508 -1.482259 0.326419
v -2.208346 -1.472872 0.356216
v -2.221430 -1.461327 0.387608
v -2.235579 -1.447119 0.419273
v -2.250584 -1.429752 0.449818
v -2.169262 -1.494204 0.279521
v -2.177433 -1.487277 0.303064
v -2.186815 -1.479251 0.330257
v -2.197441 -1.469576 0.360172
v -2.209298 -1.457711 0.391792
v -2.222217 -1.443161 0.423775
v -2.235991 -1.425439 0.454697
v -2.162623 -1.492458 0.286047
v -2.169525 -1.485677 0.308914
v -2.177580 -1.477685 0.335737
v -2.186889 -1.467958 0.365569
v -2.197467 -1.455993 0.397348
v -2.209143 -1.441309 0.429673
v -2.221698 -1.423431 0.461059
v -2.157013 -1.491815 0.293761
v -2.162377 -1.485511 0.315644
v -2.169026 -1.477799 0.342077
v -2.177047 -1.468235 0.371928
v -2.186402 -1.456380 0.403985
v -2.196900 -1.441774 0.436767
v -2.208307 -1.423953 0.468730
v -2.147287 -1.496024 0.302049
v -2.150192 -1.490785 0.326027
v -2.154771 -1.483968 0.354223
v -2.160875 -1.475234 0.385708
v -2.168357 -1.464189 0.419360
v -2.177000 -1.450386 0.453724
v -2.186566 -1.433361 0.487255
v -2.142951 -1.500971 0.302809
v -2.145392 -1.496121 0.329477
v -2.149468 -1.489851 0.359692
v -2.155032 -1.481744 0.392714
v -2.161935 -1.471370 0.427624
v -2.169966 -1.458263 0.463056
v -2.178897 -1.441953 0.497528
v -2.139654 -1.507017 0.304749
v -2.141857 -1.502673 0.333377
v -2.145643 -1.497069 0.365340
v -2.150872 -1.489729 0.399853
v -2.157394 -1.480173 0.436018
v -2.165007 -1.467919 0.472523
v -2.173497 -1.452484 0.507946
v -2.137795 -1.513715 0.308875
v -2.139867 -1.510010 0.338535
v -2.143488 -1.505204 0.371596
v -2.148525 -1.498760 0.407189
v -2.154828 -1.490150 0.444358
v -2.162204 -1.478872 0.481795
v -2.170444 -1.464433 0.518103
v -2.137629 -1.520662 0.315559
v -2.139621 -1.517732 0.345307
v -2.143151 -1.513851 0.378635
v -2.148098 -1.508419 0.414659
v -2.154324 -1.500855 0.452403
v -2.161634 -1.490642 0.490524
v -2.169816 -1.477280 0.527590
v -2.139014 -1.527491 0.323818
v -2.141030 -1.525500 0.352752
v -2.144597 -1.522663 0.385686
v -2.149603 -1.518318 0.421688
v -2.155925 -1.511857 0.459698
v -2.163361 -1.502753 0.498301
v -2.171690 -1.490504 0.535991
v -2.141670 -1.533856 0.332020
v -2.143923 -1.533010 0.359478
v -2.147743 -1.531310 0.391729
v -2.153029 -1.528080 0.427574
v -2.159667 -1.522727 0.465735
v -2.167448 -1.514730 0.504698
v -2.176141 -1.503585 0.542888
v -2.149198 -1.544461 0.335468
v -2.153353 -1.546296 0.363798
v -2.158775 -1.546852 0.396782
v -2.165545 -1.545712 0.433307
v -2.173632 -1.542401 0.472132
v -2.182848 -1.536427 0.511753
v -2.192966 -1.527290 0.550595
v -2.154238 -1.548938 0.330792
v -2.159707 -1.551812 0.361307
v -2.166353 -1.553314 0.395652
v -2.174257 -1.553052 0.432982
v -2.183423 -1.550597 0.472295
v -2.193680 -1.545468 0.512190
v -2.204813 -1.537168 0.551164
v -2.160542 -1.552943 0.326056
v -2.167153 -1.556520 0.357919
v -2.175015 -1.558741 0.393230
v -2.184137 -1.559192 0.431168
v -2.194492 -1.557445 0.470803
v -2.205908 -1.553017 0.510805
v -2.218180 -1.545416 0.549744
v -2.168025 -1.556304 0.322723
v -2.175565 -1.560303 0.354887
v -2.184520 -1.563010 0.390391
v -2.194820 -1.563982 0.428396
v -2.206372 -1.562765 0.467969
v -2.218989 -1.558872 0.507806
v -2.232464 -1.551808 0.546513
v -2.176435 -1.558834 0.321598
v -2.184692 -1.563021 0.352999
v -2.194561 -1.565986 0.387748
v -2.205905 -1.567261 0.425062
v -2.218580 -1.566374 0.464046
v -2.232374 -1.562827 0.503382
v -2.247060 -1.556121 0.541644
v -2.185126 -1.560387 0.322128
v -2.193925 -1.564496 0.351709
v -2.204570 -1.567480 0.384933
v -2.216855 -1.568842 0.421033
v -2.230578 -1.568076 0.459068
v -2.245497 -1.564675 0.497655
v -2.261360 -1.558128 0.535303
v -2.193261 -1.560794 0.323109
v -2.202533 -1.564525 0.350003
v -2.213915 -1.567291 0.381316
v -2.227095 -1.568527 0.416042
v -2.241811 -1.567673 0.453008
v -2.257790 -1.564205 0.490732
v -2.274756 -1.557606 0.527653
v -2.202988 -1.556585 0.314821
v -2.214719 -1.559252 0.339620
v -2.228170 -1.561122 0.369169
v -2.243267 -1.561528 0.402262
v -2.259856 -1.559864 0.437632
v -2.277690 -1.555593 0.473776
v -2.296498 -1.548198 0.509128
v -2.204797 -1.551874 0.305366
v -2.218058 -1.554052 0.331146
v -2.232682 -1.555314 0.360978
v -2.248712 -1.555055 0.393888
v -2.266110 -1.552699 0.428792
v -2.284675 -1.547720 0.464273
v -2.304160 -1.539606 0.498833
v -2.206043 -1.546021 0.296369
v -2.220268 -1.547625 0.322686
v -2.235733 -1.548168 0.352666
v -2.252475 -1.547108 0.385381
v -2.270484 -1.543912 0.419820
v -2.289584 -1.538069 0.454635
v -2.309554 -1.529076 0.488394
v -2.207088 -1.539400 0.289438
v -2.221693 -1.540341 0.315583
v -2.237540 -1.540066 0.345214
v -2.254641 -1.538094 0.377423
v -2.272973 -1.533942 0.411218
v -2.292364 -1.527118 0.445285
v -2.312604 -1.517127 0.478228
v -2.208069 -1.532376 0.285559
v -2.222504 -1.532566 0.310756
v -2.238224 -1.531386 0.339371
v -2.255249 -1.528418 0.370575
v -2.273554 -1.523230 0.403436
v -2.292957 -1.515346 0.436633
v -2.313235 -1.504281 0.468750
v -2.208734 -1.525355 0.284357
v -2.222420 -1.524673 0.307871
v -2.237553 -1.522501 0.334984
v -2.254142 -1.518481 0.364914
v -2.272121 -1.512213 0.396717
v -2.291279 -1.503231 0.429027
v -2.311368 -1.491056 0.460371
v -2.208604 -1.518752 0.284849
v -2.220987 -1.517027 0.306169
v -2.235198 -1.513780 0.331664
v -2.251112 -1.508682 0.360396
v -2.268546 -1.501326 0.391257
v -2.287242 -1.491249 0.422801
v -2.306923 -1.477974 0.453495
vn -0.2728 0.2730 -0.9225
vn -0.3472 0.3656 -0.8636
vn -0.4777 0.5307 -0.7002
vn -0.6201 0.7213 -0.3085
vn -0.6306 0.7591 0.1619
vn -0.5635 0.6926 0.4503
vn -0.1226 0.3568 -0.9261
vn -0.1892 0.4552 -0.8700
vn -0.3126 0.6273 -0.7133
vn -0.4741 0.8185 -0.3245
vn -0.5347 0.8280 0.1687
vn -0.5063 0.7265 0.4646
vn 0.0166 0.4208 -0.9070
vn -0.0420 0.5234 -0.8510
vn -0.1564 0.7004 -0.6964
vn -0.3297 0.8910 -0.3121
vn -0.4385 0.8793 0.1857
vn -0.4500 0.7535 0.4793
vn 0.1512 0.4707 -0.8692
vn 0.1006 0.5763 -0.8110
vn -0.0049 0.7566 -0.6539
vn -0.1867 0.9440 -0.2720
vn -0.3390 0.9162 0.2136
vn -0.3903 0.7756 0.4960
vn 0.2887 0.5092 -0.8107
vn 0.2458 0.6165 -0.7480
vn 0.1482 0.7981 -0.5840
vn -0.0437 0.9780 -0.2038
vn -0.2379 0.9380 0.2520
vn -0.3309 0.7916 0.5138
vn 0.4350 0.5354 -0.7240
vn 0.3993 0.6423 -0.6542
vn 0.3074 0.8217 -0.4799
vn 0.1023 0.9891 -0.1059
vn -0.1309 0.9443 0.3020
vn -0.2667 0.8026 0.5336
vn -0.3955 0.1198 -0.9106
vn -0.4371 0.1619 -0.8847
vn -0.5170 0.2464 -0.8198
vn -0.6488 0.4016 -0.6463
vn -0.7629 0.5928 -0.2580
vn -0.7255 0.6652 0.1765
vn -0.6243 0.6427 0.4440
vn -0.5506 0.6097 0.5702
vn -0.5118 0.6288 0.5854
vn -0.4759 0.6460 0.5969
vn -0.4396 0.6615 0.6075
vn -0.4002 0.6762 0.6186
vn -0.3623 0.6881 0.6287
vn -0.3234 0.6986 0.6382
vn -0.2798 0.7101 0.6461
vn -0.1942 0.8021 0.5647
vn -0.0193 0.9270 0.3746
vn 0.2494 0.9681 0.0259
vn 0.4716 0.8169 -0.3321
vn 0.5612 0.6461 -0.5173
vn 0.5912 0.5430 -0.5963
vn 0.6020 0.4895 -0.6308
vn 0.4498 0.4794 -0.7536
vn 0.3082 0.4528 -0.8367
vn 0.1755 0.4151 -0.8927
vn 0.0456 0.3669 -0.9291
vn -0.0887 0.3056 -0.9480
vn -0.2345 0.2257 -0.9455
vn 0.8487 0.4723 -0.2382
vn 0.8185 0.5555 -0.1464
vn 0.7204 0.6924 0.0398
vn 0.4683 0.8194 0.3307
vn 0.1364 0.8110 0.5689
vn -0.1051 0.7283 0.6771
vn 0.9120 0.4055 -0.0627
vn 0.8778 0.4783 0.0282
vn 0.7738 0.5999 0.2035
vn 0.5173 0.7233 0.4575
vn 0.1677 0.7397 0.6517
vn -0.0918 0.6827 0.7249
vn 0.9398 0.3264 0.1014
vn 0.9011 0.3905 0.1883
vn 0.7918 0.5006 0.3499
vn 0.5360 0.6233 0.5694
vn 0.1837 0.6658 0.7231
vn -0.0825 0.6366 0.7668
vn 0.9371 0.2358 0.2574
vn 0.8942 0.2932 0.3382
vn 0.7798 0.3956 0.4852
vn 0.5269 0.5200 0.6723
vn 0.1854 0.5871 0.7880
vn -0.0770 0.5862 0.8065
vn 0.9032 0.1314 0.4087
vn 0.8567 0.1840 0.4819
vn 0.7378 0.2827 0.6129
vn 0.4906 0.4130 0.7673
vn 0.1727 0.5051 0.8456
vn -0.0757 0.5350 0.8415
vn 0.8313 0.0096 0.5557
vn 0.7828 0.0593 0.6195
vn 0.6622 0.1584 0.7324
vn 0.4273 0.2993 0.8531
vn 0.1457 0.4166 0.8973
vn -0.0783 0.4789 0.8744
vn 0.7501 0.4733 -0.4618
vn 0.7413 0.5215 -0.4225
vn 0.7133 0.6157 -0.3348
vn 0.6209 0.7705 -0.1442
vn 0.3805 0.9064 0.1836
vn 0.0773 0.8781 0.4721
vn -0.1331 0.7738 0.6193
vn -0.2418 0.6934 0.6787
vn -0.2380 0.6614 0.7112
vn -0.2327 0.6316 0.7395
vn -0.2275 0.6011 0.7661
vn -0.2227 0.5672 0.7929
vn -0.2187 0.5342 0.8166
vn -0.2149 0.4999 0.8390
vn -0.2088 0.4615 0.8622
vn -0.0942 0.4132 0.9057
vn 0.0955 0.3197 0.9427
vn 0.3348 0.1767 0.9256
vn 0.5475 0.0206 0.8366
vn 0.6633 -0.0821 0.7438
vn 0.7110 -0.1303 0.6910
vn 0.7248 -0.1451 0.6736
vn 0.8467 -0.0079 0.5321
vn 0.9187 0.1106 0.3792
vn 0.9517 0.2111 0.2229
vn 0.9528 0.2970 0.0630
vn 0.9230 0.3704 -0.1038
vn 0.8580 0.4308 -0.2797
vn 0.3693 -0.3932 0.8420
vn 0.3329 -0.3469 0.8768
vn 0.2463 -0.2375 0.9396
vn 0.0963 -0.0510 0.9940
vn -0.0716 0.1522 0.9858
vn -0.2039 0.3100 0.9286
vn 0.2081 -0.4822 0.8510
vn 0.1774 -0.4369 0.8818
vn 0.1049 -0.3270 0.9392
vn -0.0184 -0.1317 0.9911
vn -0.1574 0.0990 0.9826
vn -0.2619 0.2828 0.9227
vn 0.0584 -0.5505 0.8328
vn 0.0318 -0.5056 0.8622
vn -0.0299 -0.3948 0.9183
vn -0.1312 -0.1931 0.9724
vn -0.2409 0.0570 0.9689
vn -0.3173 0.2593 0.9122
vn -0.0862 -0.6041 0.7922
vn -0.1101 -0.5581 0.8224
vn -0.1637 -0.4444 0.8807
vn -0.2463 -0.2358 0.9401
vn -0.3264 0.0253 0.9449
vn -0.3744 0.2382 0.8962
vn -0.2327 -0.6456 0.7273
vn -0.2548 -0.5971 0.7606
vn -0.3016 -0.4776 0.8252
vn -0.3650 -0.2602 0.8939
vn -0.4122 0.0045 0.9111
vn -0.4292 0.2208 0.8758
vn -0.3868 -0.6735 0.6299
vn -0.4077 -0.6214 0.6691
vn -0.4475 -0.4946 0.7450
vn -0.4896 -0.2682 0.8297
vn -0.5014 -0.0071 0.8652
vn -0.4859 0.2054 0.8495
vn 0.5539 -0.2876 0.7814
vn 0.5432 -0.2754 0.7931
vn 0.5004 -0.2280 0.8352
vn 0.3977 -0.1208 0.9095
vn 0.2165 0.0524 0.9749
vn 0.0170 0.2250 0.9742
vn -0.1415 0.3501 0.9260
vn -0.2380 0.4207 0.8754
vn -0.2808 0.4075 0.8690
vn -0.3190 0.3936 0.8622
vn -0.3563 0.3796 0.8538
vn -0.3956 0.3650 0.8428
vn -0.4321 0.3517 0.8305
vn -0.4683 0.3380 0.8164
vn -0.5069 0.3210 0.8000
vn -0.5494 0.1989 0.8116
vn -0.5975 -0.0028 0.8018
vn -0.6212 -0.2581 0.7399
vn -0.6023 -0.4915 0.6290
vn -0.5689 -0.6244 0.5353
vn -0.5482 -0.6800 0.4870
vn -0.5422 -0.6938 0.4739
vn -0.3820 -0.6844 0.6210
vn -0.2285 -0.6543 0.7209
vn -0.0821 -0.6116 0.7869
vn 0.0628 -0.5579 0.8275
vn 0.2136 -0.4904 0.8449
vn 0.3770 -0.4031 0.8339
vn -0.7981 -0.5944 0.0987
vn -0.8265 -0.5372 0.1681
vn -0.8613 -0.4063 0.3050
vn -0.8515 -0.1747 0.4944
vn -0.7619 0.0802 0.6427
vn -0.6448 0.2689 0.7155
vn -0.8508 -0.5188 -0.0833
vn -0.8867 -0.4623 -0.0072
vn -0.9307 -0.3358 0.1449
vn -0.9220 -0.1106 0.3711
vn -0.8093 0.1411 0.5702
vn -0.6655 0.3163 0.6761
vn -0.8666 -0.4328 -0.2486
vn -0.9112 -0.3760 -0.1682
vn -0.9677 -0.2522 -0.0050
vn -0.9668 -0.0337 0.2534
vn -0.8409 0.2067 0.5002
vn -0.6798 0.3628 0.6374
vn -0.8516 -0.3376 -0.4010
vn -0.9058 -0.2793 -0.3186
vn -0.9770 -0.1551 -0.1462
vn -0.9882 0.0583 0.1419
vn -0.8579 0.2797 0.4310
vn -0.6886 0.4119 0.5967
vn -0.8061 -0.2314 -0.5446
vn -0.8704 -0.1697 -0.4621
vn -0.9584 -0.0422 -0.2823
vn -0.9854 0.1663 0.0360
vn -0.8597 0.3589 0.3635
vn -0.6914 0.4605 0.5567
vn -0.7251 -0.1110 -0.6796
vn -0.7988 -0.0439 -0.6000
vn -0.9049 0.0900 -0.4161
vn -0.9539 0.2922 -0.0683
vn -0.8448 0.4473 0.2937
vn -0.6886 0.5120 0.5135
vn -0.6895 -0.6693 0.2769
vn -0.6977 -0.6525 0.2958
vn -0.7207 -0.5951 0.3556
vn -0.7514 -0.4609 0.4722
vn -0.7505 -0.2256 0.6211
vn -0.6913 0.0280 0.7220
vn -0.6090 0.2224 0.7614
vn -0.5445 0.3371 0.7681
vn -0.5533 0.3744 0.7441
vn -0.5614 0.4072 0.7204
vn -0.5680 0.4392 0.6960
vn -0.5732 0.4729 0.6692
vn -0.5762 0.5043 0.6432
vn -0.5779 0.5355 0.6159
vn -0.5800 0.5681 0.5839
vn -0.6716 0.5742 0.4683
vn -0.8030 0.5518 0.2252
vn -0.8825 0.4382 -0.1707
vn -0.8035 0.2426 -0.5437
vn -0.6807 0.0990 -0.7258
vn -0.6008 0.0240 -0.7990
vn -0.5590 -0.0120 -0.8291
vn -0.6867 -0.1417 -0.7130
vn -0.7730 -0.2582 -0.5795
vn -0.8243 -0.3618 -0.4355
vn -0.8450 -0.4549 -0.2811
vn -0.8346 -0.5393 -0.1125
vn -0.7864 -0.6133 0.0740
vn 0.5789 0.7609 -0.2930
vn 0.8072 0.5195 -0.2801
vn 0.9568 0.1726 -0.2340
vn 0.9690 -0.1819 -0.1674
vn 0.8957 -0.4306 -0.1110
vn 0.8027 -0.5923 -0.0694
vn 0.3692 0.8222 -0.4332
vn 0.6637 0.5623 -0.4933
vn 0.8876 0.0753 -0.4545
vn 0.8723 -0.3713 -0.3182
vn 0.7662 -0.6098 -0.2026
vn 0.6701 -0.7315 -0.1263
vn 0.0701 0.8140 -0.5766
vn 0.3303 0.5407 -0.7737
vn 0.6149 -0.1152 -0.7801
vn 0.6205 -0.6033 -0.5010
vn 0.5500 -0.7791 -0.3008
vn 0.4957 -0.8483 -0.1860
vn -0.2754 0.6860 -0.6735
vn -0.1856 0.3494 -0.9184
vn 0.0338 -0.3306 -0.9432
vn 0.1989 -0.7596 -0.6193
vn 0.2592 -0.8869 -0.3823
vn 0.2834 -0.9270 -0.2456
vn -0.5394 0.4855 -0.6881
vn -0.5431 0.1150 -0.8318
vn -0.4084 -0.4051 -0.8180
vn -0.1892 -0.7647 -0.6160
vn -0.0287 -0.9044 -0.4256
vn 0.0722 -0.9531 -0.2940
vn -0.7019 0.2861 -0.6523
vn -0.7079 -0.0421 -0.7051
vn -0.6141 -0.4097 -0.6746
vn -0.4365 -0.7029 -0.5616
vn -0.2637 -0.8604 -0.4362
vn -0.1243 -0.9360 -0.3294
vn 0.5273 0.8260 -0.1993
vn 0.7037 0.6886 -0.1750
vn 0.8642 0.4831 -0.1409
vn 0.9690 0.2253 -0.1012
vn 0.9967 -0.0526 -0.0620
vn 0.9600 -0.2779 -0.0334
vn 0.8922 -0.4514 -0.0142
vn 0.8152 -0.5792 -0.0019
vn 0.7194 -0.6937 -0.0350
vn 0.5996 -0.7970 -0.0726
vn 0.4586 -0.8813 -0.1140
vn 0.2942 -0.9422 -0.1601
vn 0.1328 -0.9700 -0.2035
vn -0.0247 -0.9695 -0.2438
vn -0.1715 -0.9450 -0.2787
vn -0.2934 -0.8909 -0.3468
vn -0.4340 -0.7946 -0.4245
vn -0.5819 -0.6377 -0.5047
vn -0.7153 -0.3991 -0.5737
vn -0.7865 -0.1288 -0.6040
vn -0.7927 0.1339 -0.5947
vn -0.7515 0.3520 -0.5580
vn -0.6496 0.5126 -0.5615
vn -0.5000 0.6724 -0.5458
vn -0.3032 0.8075 -0.5059
vn -0.0634 0.8964 -0.4387
vn 0.1642 0.9186 -0.3594
vn 0.3653 0.8888 -0.2768
vn -0.3257 0.4934 0.8065
vn -0.3327 0.5186 0.7876
vn -0.3376 0.5412 0.7701
vn -0.3410 0.5640 0.7521
vn -0.3428 0.5864 0.7339
vn -0.3432 0.6112 0.7132
vn -0.3560 0.4858 0.7983
vn -0.3629 0.5110 0.7792
vn -0.3677 0.5324 0.7625
vn -0.3707 0.5531 0.7461
vn -0.3724 0.5746 0.7288
vn -0.3729 0.5995 0.7082
vn -0.3827 0.4776 0.7908
vn -0.3884 0.5032 0.7720
vn -0.3923 0.5242 0.7558
vn -0.3953 0.5440 0.7402
vn -0.3975 0.5647 0.7233
vn -0.3993 0.5892 0.7024
vn -0.4093 0.4678 0.7834
vn -0.4125 0.4942 0.7652
vn -0.4153 0.5157 0.7494
vn -0.4183 0.5355 0.7337
vn -0.4217 0.5557 0.7165
vn -0.4258 0.5794 0.6950
vn -0.4349 0.4566 0.7761
vn -0.4370 0.4835 0.7584
vn -0.4393 0.5058 0.7424
vn -0.4424 0.5266 0.7260
vn -0.4464 0.5471 0.7081
vn -0.4518 0.5702 0.6861
vn -0.4629 0.4426 0.7680
vn -0.4650 0.4696 0.7505
vn -0.4676 0.4930 0.7337
vn -0.4710 0.5158 0.7156
vn -0.4751 0.5374 0.6968
vn -0.4804 0.5604 0.6747
vn -0.2786 0.4700 0.8375
vn -0.2847 0.4999 0.8179
vn -0.2905 0.5266 0.7989
vn -0.2953 0.5521 0.7797
vn -0.2993 0.5785 0.7588
vn -0.3019 0.6032 0.7382
vn -0.3038 0.6282 0.7163
vn -0.3059 0.6545 0.6914
vn -0.3401 0.6439 0.6854
vn -0.3710 0.6331 0.6794
vn -0.4006 0.6224 0.6725
vn -0.4314 0.6109 0.6638
vn -0.4602 0.6000 0.6543
vn -0.4895 0.5885 0.6435
vn -0.5207 0.5748 0.6312
vn -0.5176 0.5489 0.6564
vn -0.5137 0.5247 0.6788
vn -0.5098 0.5005 0.6997
vn -0.5059 0.4740 0.7207
vn -0.5023 0.4481 0.7395
vn -0.4985 0.4207 0.7580
vn -0.4934 0.3904 0.7773
vn -0.4622 0.4050 0.7889
vn -0.4332 0.4182 0.7984
vn -0.4045 0.4302 0.8070
vn -0.3738 0.4416 0.8157
vn -0.3440 0.4513 0.8234
vn -0.3128 0.4603 0.8308
vn -0.7103 -0.7016 -0.0565
vn -0.7322 -0.6808 -0.0228
vn -0.7497 -0.6618 0.0061
vn -0.7635 -0.6451 0.0303
vn -0.7739 -0.6313 0.0496
vn -0.7812 -0.6211 0.0636
vn -0.7802 -0.5940 -0.1959
vn -0.7936 -0.5821 -0.1769
vn -0.8048 -0.5714 -0.1604
vn -0.8141 -0.5621 -0.1462
vn -0.8215 -0.5542 -0.1343
vn -0.8272 -0.5479 -0.1250
vn -0.8162 -0.4809 -0.3203
vn -0.8206 -0.4771 -0.3146
vn -0.8246 -0.4737 -0.3093
vn -0.8283 -0.4704 -0.3044
vn -0.8318 -0.4673 -0.2996
vn -0.8352 -0.4642 -0.2949
vn -0.8248 -0.3613 -0.4349
vn -0.8195 -0.3657 -0.4412
vn -0.8154 -0.3690 -0.4459
vn -0.8126 -0.3713 -0.4492
vn -0.8113 -0.3723 -0.4507
vn -0.8119 -0.3719 -0.4500
vn -0.8066 -0.2310 -0.5441
vn -0.7909 -0.2441 -0.5612
vn -0.7779 -0.2544 -0.5746
vn -0.7677 -0.2623 -0.5847
vn -0.7608 -0.2674 -0.5913
vn -0.7580 -0.2695 -0.5940
vn -0.7561 -0.0844 -0.6490
vn -0.7293 -0.1076 -0.6757
vn -0.7068 -0.1260 -0.6961
vn -0.6888 -0.1401 -0.7113
vn -0.6760 -0.1498 -0.7215
vn -0.6695 -0.1547 -0.7266
vn -0.5581 -0.8286 0.0432
vn -0.5951 -0.7974 0.1005
vn -0.6245 -0.7665 0.1497
vn -0.6475 -0.7377 0.1911
vn -0.6650 -0.7122 0.2249
vn -0.6777 -0.6911 0.2511
vn -0.6860 -0.6761 0.2690
vn -0.6895 -0.6692 0.2769
vn -0.7848 -0.6157 0.0708
vn -0.8309 -0.5436 -0.1188
vn -0.8387 -0.4609 -0.2900
vn -0.8151 -0.3693 -0.4463
vn -0.7607 -0.2676 -0.5915
vn -0.6714 -0.1533 -0.7251
vn -0.5416 -0.0264 -0.8402
vn -0.5405 -0.0273 -0.8409
vn -0.5504 -0.0191 -0.8347
vn -0.5686 -0.0039 -0.8226
vn -0.5938 0.0178 -0.8044
vn -0.6253 0.0460 -0.7790
vn -0.6627 0.0812 -0.7444
vn -0.7052 0.1241 -0.6981
vn -0.7867 -0.0560 -0.6148
vn -0.8249 -0.2149 -0.5228
vn -0.8313 -0.3558 -0.4270
vn -0.8113 -0.4849 -0.3265
vn -0.7642 -0.6072 -0.2175
vn -0.6834 -0.7238 -0.0951
vn 0.5247 -0.5934 0.6105
vn 0.4870 -0.5439 0.6834
vn 0.4519 -0.4985 0.7398
vn 0.4212 -0.4593 0.7821
vn 0.3967 -0.4281 0.8120
vn 0.3799 -0.4068 0.8308
vn 0.3672 -0.6997 0.6129
vn 0.3259 -0.6460 0.6903
vn 0.2886 -0.5958 0.7495
vn 0.2571 -0.5520 0.7932
vn 0.2323 -0.5171 0.8238
vn 0.2157 -0.4934 0.8426
vn 0.2145 -0.7776 0.5911
vn 0.1716 -0.7219 0.6704
vn 0.1343 -0.6690 0.7310
vn 0.1035 -0.6227 0.7755
vn 0.0800 -0.5857 0.8066
vn 0.0644 -0.5605 0.8256
vn 0.0631 -0.8337 0.5486
vn 0.0201 -0.7780 0.6279
vn -0.0160 -0.7247 0.6889
vn -0.0449 -0.6778 0.7339
vn -0.0666 -0.6400 0.7655
vn -0.0807 -0.6143 0.7849
vn -0.0929 -0.8702 0.4838
vn -0.1347 -0.8167 0.5611
vn -0.1686 -0.7652 0.6212
vn -0.1951 -0.7196 0.6664
vn -0.2145 -0.6828 0.6984
vn -0.2270 -0.6575 0.7184
vn -0.2581 -0.8835 0.3909
vn -0.2976 -0.8347 0.4633
vn -0.3287 -0.7878 0.5209
vn -0.3524 -0.7460 0.5651
vn -0.3694 -0.7120 0.5972
vn -0.3802 -0.6885 0.6176
vn 0.7139 -0.4947 0.4956
vn 0.6837 -0.4495 0.5749
vn 0.6524 -0.4069 0.6394
vn 0.6224 -0.3686 0.6904
vn 0.5956 -0.3360 0.7296
vn 0.5735 -0.3101 0.7582
vn 0.5581 -0.2923 0.7766
vn 0.5517 -0.2851 0.7838
vn 0.3734 -0.3987 0.8376
vn 0.2096 -0.4846 0.8492
vn 0.0588 -0.5513 0.8322
vn -0.0857 -0.6049 0.7917
vn -0.2314 -0.6481 0.7255
vn -0.3841 -0.6795 0.6251
vn -0.5434 -0.6910 0.4766
vn -0.5398 -0.6992 0.4687
vn -0.5305 -0.7193 0.4485
vn -0.5157 -0.7479 0.4179
vn -0.4950 -0.7828 0.3770
vn -0.4675 -0.8220 0.3252
vn -0.4319 -0.8630 0.2619
vn -0.3873 -0.9029 0.1868
vn -0.2096 -0.9297 0.3030
vn -0.0433 -0.9205 0.3883
vn 0.1118 -0.8864 0.4493
vn 0.2610 -0.8311 0.4911
vn 0.4100 -0.7525 0.5154
vn 0.5621 -0.6436 0.5194
vn 0.8383 0.5066 -0.2018
vn 0.8474 0.4769 -0.2334
vn 0.8536 0.4524 -0.2585
vn 0.8576 0.4331 -0.2775
vn 0.8600 0.4195 -0.2907
vn 0.8610 0.4126 -0.2973
vn 0.9118 0.4060 -0.0621
vn 0.9175 0.3892 -0.0820
vn 0.9216 0.3755 -0.0979
vn 0.9245 0.3650 -0.1100
vn 0.9263 0.3579 -0.1181
vn 0.9269 0.3550 -0.1214
vn 0.9526 0.2975 0.0637
vn 0.9548 0.2920 0.0565
vn 0.9564 0.2877 0.0510
vn 0.9574 0.2848 0.0473
vn 0.9579 0.2835 0.0456
vn 0.9577 0.2840 0.0463
vn 0.9670 0.1801 0.1799
vn 0.9650 0.1847 0.1863
vn 0.9630 0.1889 0.1921
vn 0.9611 0.1928 0.1975
vn 0.9593 0.1966 0.2027
vn 0.9574 0.2003 0.2079
vn 0.9555 0.0494 0.2910
vn 0.9481 0.0635 0.3116
vn 0.9412 0.0757 0.3294
vn 0.9349 0.0862 0.3444
vn 0.9293 0.0948 0.3568
vn 0.9249 0.1016 0.3665
vn 0.9117 -0.1004 0.3985
vn 0.8975 -0.0767 0.4343
vn 0.8839 -0.0563 0.4643
vn 0.8715 -0.0391 0.4889
vn 0.8609 -0.0253 0.5082
vn 0.8529 -0.0154 0.5219
vn 0.7010 0.6453 -0.3037
vn 0.7211 0.5942 -0.3563
vn 0.7344 0.5500 -0.3976
vn 0.7430 0.5133 -0.4294
vn 0.7484 0.4843 -0.4532
vn 0.7515 0.4635 -0.4695
vn 0.7530 0.4522 -0.4780
vn 0.7528 0.4535 -0.4771
vn 0.8607 0.4146 -0.2953
vn 0.9263 0.3577 -0.1183
vn 0.9565 0.2874 0.0506
vn 0.9554 0.2042 0.2133
vn 0.9218 0.1060 0.3728
vn 0.8486 -0.0102 0.5290
vn 0.7247 -0.1450 0.6736
vn 0.7302 -0.1511 0.6663
vn 0.7424 -0.1648 0.6494
vn 0.7591 -0.1844 0.6244
vn 0.7789 -0.2090 0.5912
vn 0.8008 -0.2382 0.5495
vn 0.8234 -0.2716 0.4983
vn 0.8450 -0.3086 0.4368
vn 0.9257 -0.1273 0.3562
vn 0.9631 0.0331 0.2671
vn 0.9692 0.1751 0.1730
vn 0.9498 0.3044 0.0726
vn 0.9040 0.4260 -0.0378
vn 0.8249 0.5413 -0.1628
vn -0.3681 0.3919 -0.8432
vn -0.3207 0.3325 -0.8869
vn -0.2819 0.2842 -0.9164
vn -0.2516 0.2468 -0.9358
vn -0.2301 0.2203 -0.9479
vn -0.2180 0.2054 -0.9541
vn -0.2169 0.4951 -0.8413
vn -0.1707 0.4281 -0.8874
vn -0.1337 0.3734 -0.9180
vn -0.1054 0.3309 -0.9378
vn -0.0855 0.3007 -0.9499
vn -0.0743 0.2836 -0.9561
vn -0.0706 0.5706 -0.8182
vn -0.0278 0.4991 -0.8661
vn 0.0057 0.4404 -0.8978
vn 0.0307 0.3947 -0.9183
vn 0.0482 0.3621 -0.9309
vn 0.0579 0.3437 -0.9373
vn 0.0751 0.6246 -0.7773
vn 0.1132 0.5513 -0.8266
vn 0.1420 0.4910 -0.8595
vn 0.1632 0.4438 -0.8811
vn 0.1776 0.4101 -0.8946
vn 0.1856 0.3910 -0.9015
vn 0.2261 0.6593 -0.7171
vn 0.2584 0.5872 -0.7671
vn 0.2820 0.5275 -0.8014
vn 0.2988 0.4808 -0.8244
vn 0.3100 0.4473 -0.8390
vn 0.3160 0.4283 -0.8466
vn 0.3873 0.6719 -0.6313
vn 0.4132 0.6045 -0.6811
vn 0.4312 0.5485 -0.7164
vn 0.4435 0.5045 -0.7408
vn 0.4513 0.4729 -0.7568
vn 0.4555 0.4551 -0.7652
vn -0.5742 0.3108 -0.7574
vn -0.5227 0.2528 -0.8142
vn -0.4778 0.2042 -0.8544
vn -0.4403 0.1651 -0.8826
vn -0.4106 0.1349 -0.9018
vn -0.3893 0.1135 -0.9141
vn -0.3774 0.1017 -0.9205
vn -0.3777 0.1021 -0.9203
vn -0.2179 0.2053 -0.9541
vn -0.0740 0.2831 -0.9562
vn 0.0582 0.3430 -0.9375
vn 0.1859 0.3903 -0.9017
vn 0.3162 0.4278 -0.8468
vn 0.4555 0.4549 -0.7653
vn 0.6058 0.4666 -0.6444
vn 0.6059 0.4662 -0.6447
vn 0.6034 0.4815 -0.6357
vn 0.5985 0.5089 -0.6187
vn 0.5903 0.5471 -0.5935
vn 0.5776 0.5954 -0.5584
vn 0.5585 0.6535 -0.5109
vn 0.5301 0.7202 -0.4477
vn 0.3508 0.7489 -0.5622
vn 0.1827 0.7417 -0.6454
vn 0.0262 0.7085 -0.7052
vn -0.1235 0.6530 -0.7472
vn -0.2722 0.5731 -0.7730
vn -0.4234 0.4620 -0.7793
vn -0.6034 0.6586 -0.4496
vn -0.5974 0.6638 -0.4500
vn -0.5872 0.6594 -0.4694
vn -0.5725 0.6472 -0.5033
vn -0.5518 0.6248 -0.5524
vn -0.5224 0.5889 -0.6167
vn -0.4673 0.7811 -0.4140
vn -0.4607 0.7854 -0.4134
vn -0.4492 0.7806 -0.4345
vn -0.4321 0.7684 -0.4721
vn -0.4085 0.7460 -0.5259
vn -0.3760 0.7093 -0.5963
vn -0.3189 0.8712 -0.3732
vn -0.3153 0.8728 -0.3727
vn -0.3046 0.8668 -0.3948
vn -0.2874 0.8537 -0.4343
vn -0.2627 0.8309 -0.4906
vn -0.2284 0.7938 -0.5637
vn -0.1533 0.9326 -0.3268
vn -0.1569 0.9315 -0.3283
vn -0.1499 0.9241 -0.3514
vn -0.1348 0.9102 -0.3915
vn -0.1109 0.8871 -0.4480
vn -0.0766 0.8500 -0.5211
vn 0.0160 0.9603 -0.2784
vn 0.0089 0.9595 -0.2816
vn 0.0141 0.9524 -0.3046
vn 0.0279 0.9389 -0.3430
vn 0.0512 0.9164 -0.3970
vn 0.0850 0.8802 -0.4670
vn 0.1949 0.9545 -0.2257
vn 0.1880 0.9549 -0.2297
vn 0.1931 0.9486 -0.2505
vn 0.2067 0.9361 -0.2847
vn 0.2297 0.9145 -0.3332
vn 0.2623 0.8797 -0.3966
vn -0.7214 0.4818 -0.4974
vn -0.7259 0.4936 -0.4791
vn -0.7235 0.4965 -0.4796
vn -0.7168 0.4909 -0.4952
vn -0.7060 0.4777 -0.5229
vn -0.6891 0.4552 -0.5638
vn -0.6638 0.4214 -0.6179
vn -0.6260 0.3730 -0.6848
vn -0.4801 0.5347 -0.6954
vn -0.3307 0.6522 -0.6821
vn -0.1817 0.7353 -0.6529
vn -0.0300 0.7916 -0.6103
vn 0.1303 0.8230 -0.5528
vn 0.3043 0.8255 -0.4754
vn 0.4921 0.7875 -0.3712
vn 0.4561 0.8365 -0.3038
vn 0.4268 0.8689 -0.2507
vn 0.4051 0.8896 -0.2112
vn 0.3913 0.9016 -0.1844
vn 0.3849 0.9074 -0.1687
vn 0.3880 0.9065 -0.1666
vn 0.4008 0.8978 -0.1826
vn 0.2350 0.9409 -0.2438
vn 0.0543 0.9516 -0.3026
vn -0.1294 0.9248 -0.3578
vn -0.3153 0.8559 -0.4099
vn -0.4755 0.7552 -0.4512
vn -0.6126 0.6268 -0.4815
vn 0.7568 0.6518 -0.0500
vn 0.7561 0.6536 -0.0344
vn 0.7591 0.6501 -0.0324
vn 0.7659 0.6417 -0.0398
vn 0.7764 0.6277 -0.0566
vn 0.7903 0.6071 -0.0826
vn 0.8800 0.4749 -0.0051
vn 0.8763 0.4814 0.0189
vn 0.8746 0.4839 0.0291
vn 0.8757 0.4819 0.0303
vn 0.8794 0.4755 0.0236
vn 0.8857 0.4642 0.0099
vn 0.9585 0.2835 0.0311
vn 0.9521 0.2997 0.0605
vn 0.9475 0.3101 0.0778
vn 0.9448 0.3159 0.0870
vn 0.9438 0.3179 0.0901
vn 0.9444 0.3165 0.0885
vn 0.9949 0.0820 0.0589
vn 0.9894 0.1127 0.0918
vn 0.9845 0.1325 0.1153
vn 0.9804 0.1458 0.1325
vn 0.9770 0.1555 0.1457
vn 0.9742 0.1631 0.1563
vn 0.9913 -0.1073 0.0767
vn 0.9910 -0.0715 0.1134
vn 0.9885 -0.0482 0.1431
vn 0.9852 -0.0307 0.1689
vn 0.9812 -0.0157 0.1925
vn 0.9764 -0.0009 0.2160
vn 0.9537 -0.2881 0.0867
vn 0.9578 -0.2580 0.1265
vn 0.9579 -0.2369 0.1622
vn 0.9558 -0.2186 0.1965
vn 0.9521 -0.2005 0.2310
vn 0.9464 -0.1803 0.2679
vn 0.5962 0.7930 -0.1255
vn 0.5867 0.8030 -0.1048
vn 0.5874 0.8032 -0.0994
vn 0.5945 0.7970 -0.1064
vn 0.6067 0.7853 -0.1232
vn 0.6243 0.7664 -0.1511
vn 0.6468 0.7384 -0.1905
vn 0.6735 0.6983 -0.2425
vn 0.8071 0.5783 -0.1187
vn 0.8942 0.4476 -0.0110
vn 0.9466 0.3118 0.0823
vn 0.9716 0.1695 0.1651
vn 0.9705 0.0154 0.2407
vn 0.9380 -0.1560 0.3097
vn 0.8628 -0.3460 0.3685
vn 0.8737 -0.3759 0.3087
vn 0.8799 -0.3991 0.2578
vn 0.8832 -0.4181 0.2125
vn 0.8842 -0.4351 0.1699
vn 0.8829 -0.4515 0.1288
vn 0.8788 -0.4691 0.0872
vn 0.8718 -0.4877 0.0460
vn 0.9378 -0.3449 0.0394
vn 0.9849 -0.1705 0.0289
vn 0.9995 0.0313 0.0106
vn 0.9655 0.2599 -0.0182
vn 0.8807 0.4707 -0.0531
vn 0.7518 0.6531 -0.0909
vn 0.6430 -0.7646 0.0440
vn 0.6356 -0.7667 0.0905
vn 0.6327 -0.7616 0.1402
vn 0.6297 -0.7521 0.1945
vn 0.6243 -0.7381 0.2560
vn 0.6136 -0.7180 0.3285
vn 0.5289 -0.8485 0.0147
vn 0.5155 -0.8547 0.0617
vn 0.5073 -0.8544 0.1126
vn 0.5000 -0.8494 0.1688
vn 0.4902 -0.8398 0.2334
vn 0.4744 -0.8237 0.3106
vn 0.4152 -0.9096 -0.0159
vn 0.4011 -0.9155 0.0315
vn 0.3889 -0.9176 0.0823
vn 0.3761 -0.9162 0.1383
vn 0.3601 -0.9105 0.2033
vn 0.3378 -0.8981 0.2816
vn 0.2942 -0.9545 -0.0498
vn 0.2850 -0.9585 -0.0010
vn 0.2707 -0.9614 0.0491
vn 0.2522 -0.9621 0.1036
vn 0.2291 -0.9590 0.1665
vn 0.1998 -0.9492 0.2429
vn 0.1695 -0.9818 -0.0861
vn 0.1603 -0.9863 -0.0379
vn 0.1419 -0.9898 0.0101
vn 0.1176 -0.9911 0.0616
vn 0.0883 -0.9888 0.1207
vn 0.0531 -0.9799 0.1924
vn 0.0313 -0.9913 -0.1276
vn 0.0159 -0.9964 -0.0834
vn -0.0083 -0.9992 -0.0396
vn -0.0372 -0.9993 0.0075
vn -0.0706 -0.9956 0.0610
vn -0.1093 -0.9860 0.1257
vn 0.7643 -0.6441 0.0303
vn 0.7642 -0.6410 0.0713
vn 0.7646 -0.6341 0.1155
vn 0.7649 -0.6236 0.1616
vn 0.7639 -0.6097 0.2114
vn 0.7606 -0.5921 0.2664
vn 0.7531 -0.5691 0.3302
vn 0.7385 -0.5375 0.4070
vn 0.5940 -0.6880 0.4169
vn 0.4486 -0.7965 0.4054
vn 0.3055 -0.8738 0.3784
vn 0.1612 -0.9273 0.3380
vn 0.0094 -0.9593 0.2822
vn -0.1558 -0.9659 0.2066
vn -0.3361 -0.9359 0.1055
vn -0.2908 -0.9560 0.0373
vn -0.2523 -0.9675 -0.0177
vn -0.2183 -0.9738 -0.0641
vn -0.1875 -0.9766 -0.1055
vn -0.1595 -0.9767 -0.1437
vn -0.1348 -0.9742 -0.1808
vn -0.1140 -0.9697 -0.2161
vn 0.0250 -0.9836 -0.1787
vn 0.1627 -0.9768 -0.1392
vn 0.2974 -0.9494 -0.1005
vn 0.4334 -0.8990 -0.0624
vn 0.5548 -0.8315 -0.0292
vn 0.6659 -0.7460 0.0011
vn -0.4791 -0.8192 -0.3152
vn -0.5185 -0.8053 -0.2876
vn -0.5479 -0.7951 -0.2602
vn -0.5736 -0.7855 -0.2325
vn -0.5980 -0.7751 -0.2038
vn -0.6238 -0.7623 -0.1725
vn -0.6090 -0.7004 -0.3722
vn -0.6475 -0.6788 -0.3462
vn -0.6739 -0.6644 -0.3232
vn -0.6943 -0.6532 -0.3022
vn -0.7117 -0.6432 -0.2823
vn -0.7285 -0.6328 -0.2623
vn -0.7185 -0.5531 -0.4217
vn -0.7489 -0.5316 -0.3957
vn -0.7685 -0.5173 -0.3765
vn -0.7820 -0.5075 -0.3619
vn -0.7918 -0.5002 -0.3505
vn -0.7995 -0.4944 -0.3412
vn -0.8050 -0.3702 -0.4635
vn -0.8244 -0.3588 -0.4378
vn -0.8357 -0.3509 -0.4224
vn -0.8418 -0.3463 -0.4141
vn -0.8438 -0.3447 -0.4113
vn -0.8426 -0.3459 -0.4128
vn -0.8545 -0.1680 -0.4916
vn -0.8671 -0.1648 -0.4702
vn -0.8722 -0.1636 -0.4609
vn -0.8722 -0.1660 -0.4600
vn -0.8677 -0.1721 -0.4664
vn -0.8585 -0.1823 -0.4793
vn -0.8621 0.0517 -0.5041
vn -0.8700 0.0508 -0.4905
vn -0.8707 0.0460 -0.4896
vn -0.8666 0.0366 -0.4977
vn -0.8571 0.0222 -0.5147
vn -0.8414 0.0023 -0.5403
vn -0.2859 -0.9168 -0.2787
vn -0.3208 -0.9138 -0.2493
vn -0.3534 -0.9097 -0.2180
vn -0.3831 -0.9049 -0.1856
vn -0.4125 -0.8984 -0.1509
vn -0.4429 -0.8894 -0.1132
vn -0.4765 -0.8764 -0.0700
vn -0.5153 -0.8568 -0.0180
vn -0.6524 -0.7455 -0.1364
vn -0.7460 -0.6209 -0.2408
vn -0.8058 -0.4894 -0.3334
vn -0.8382 -0.3498 -0.4183
vn -0.8442 -0.1968 -0.4986
vn -0.8181 -0.0241 -0.5746
vn -0.7480 0.1713 -0.6412
vn -0.7793 0.2098 -0.5905
vn -0.8000 0.2385 -0.5506
vn -0.8130 0.2590 -0.5214
vn -0.8201 0.2727 -0.5031
vn -0.8224 0.2806 -0.4948
vn -0.8194 0.2818 -0.4992
vn -0.8099 0.2718 -0.5199
vn -0.8408 0.0627 -0.5376
vn -0.8302 -0.1635 -0.5330
vn -0.7724 -0.3843 -0.5057
vn -0.6683 -0.5868 -0.4572
vn -0.5443 -0.7374 -0.4001
vn -0.4125 -0.8454 -0.3394
vn -0.3309 0.7915 0.5138
vn -0.5118 0.6288 0.5853
vn 0.2494 0.9681 0.0260
vn -0.0942 0.4132 0.9058
vn -0.1311 -0.1931 0.9724
vn -0.1101 -0.5582 0.8224
vn -0.5422 -0.6939 0.4739
vn -0.2785 0.4700 0.8375
vn -0.4046 0.4302 0.8070
vn -0.8309 -0.5437 -0.1188
vn 0.2886 -0.5957 0.7495
vn 0.0799 -0.5857 0.8066
vn 0.3161 0.4283 -0.8466
vn 0.0161 0.9603 -0.2784
vn -0.4371 0.1618 -0.8847
vn -0.7255 0.6652 0.1766
vn 0.1853 0.5871 0.7880
vn -0.2418 0.6934 0.6788
vn -0.4475 -0.4947 0.7450
vn -0.9584 -0.0421 -0.2823
vn 0.6149 -0.1152 -0.7802
vn -0.0928 -0.8702 0.4838
vn -0.1686 -0.7653 0.6212
vn 0.0751 0.6246 -0.7774
vn 0.4554 0.4551 -0.7652
vn -0.3047 0.8668 -0.3948
vn 0.9849 -0.1705 0.0288
vn 0.6357 -0.7667 0.0905
vt 0.517992 0.031250
vt 0.532496 0.031250
vt 0.533602 0.062500
vt 0.519829 0.062500
vt 0.547527 0.031250
vt 0.548131 0.062500
vt 0.562824 0.031250
vt 0.563128 0.062500
vt 0.578262 0.031250
vt 0.578390 0.062500
vt 0.593791 0.031250
vt 0.593828 0.062500
vt 0.609380 0.031250
vt 0.609385 0.062500
vt 0.534453 0.093750
vt 0.521069 0.093750
vt 0.548640 0.093750
vt 0.563391 0.093750
vt 0.578501 0.093750
vt 0.593861 0.093750
vt 0.609389 0.093750
vt 0.535046 0.125000
vt 0.521848 0.125000
vt 0.549022 0.125000
vt 0.563592 0.125000
vt 0.578586 0.125000
vt 0.593887 0.125000
vt 0.609392 0.125000
vt 0.535409 0.156250
vt 0.522311 0.156250
vt 0.549261 0.156250
vt 0.563719 0.156250
vt 0.578639 0.156250
vt 0.593902 0.156250
vt 0.609394 0.156250
vt 0.535595 0.187500
vt 0.522549 0.187500
vt 0.549383 0.187500
vt 0.563784 0.187500
vt 0.578666 0.187500
vt 0.593910 0.187500
vt 0.609395 0.187500
vt 0.535664 0.218750
vt 0.522637 0.218750
vt 0.549429 0.218750
vt 0.563807 0.218750
vt 0.578677 0.218750
vt 0.593913 0.218750
vt 0.609395 0.218750
vt 0.500000 0.000000
vt 0.515625 0.000000
vt 0.504956 0.031250
vt 0.531250 0.000000
vt 0.546875 0.000000
vt 0.562500 0.000000
vt 0.578125 0.000000
vt 0.593750 0.000000
vt 0.609375 0.000000
vt 0.625000 0.000000
vt 0.625000 0.031250
vt 0.625000 0.062500
vt 0.625000 0.093750
vt 0.625000 0.125000
vt 0.625000 0.156250
vt 0.625000 0.187500
vt 0.625000 0.218750
vt 0.625000 0.250000
vt 0.609396 0.250000
vt 0.593914 0.250000
vt 0.578678 0.250000
vt 0.563811 0.250000
vt 0.549435 0.250000
vt 0.535674 0.250000
vt 0.522650 0.250000
vt 0.510472 0.218750
vt 0.510486 0.250000
vt 0.510377 0.187500
vt 0.510117 0.156250
vt 0.509612 0.125000
vt 0.508752 0.093750
vt 0.507318 0.062500
vt 0.522650 0.281250
vt 0.535674 0.281250
vt 0.535674 0.312500
vt 0.522650 0.312500
vt 0.549435 0.281250
vt 0.549435 0.312500
vt 0.563811 0.281250
vt 0.563811 0.312500
vt 0.578678 0.281250
vt 0.578678 0.312500
vt 0.593914 0.281250
vt 0.593914 0.312500
vt 0.609395 0.281250
vt 0.609396 0.312500
vt 0.535674 0.343750
vt 0.522650 0.343750
vt 0.549435 0.343750
vt 0.563811 0.343750
vt 0.578678 0.343750
vt 0.593914 0.343750
vt 0.609396 0.343750
vt 0.535674 0.375000
vt 0.522650 0.375000
vt 0.549435 0.375000
vt 0.563811 0.375000
vt 0.578678 0.375000
vt 0.593914 0.375000
vt 0.609396 0.375000
vt 0.535675 0.406250
vt 0.522650 0.406250
vt 0.549438 0.406250
vt 0.563818 0.406250
vt 0.578690 0.406250
vt 0.593928 0.406250
vt 0.609405 0.406250
vt 0.535681 0.437500
vt 0.522650 0.437500
vt 0.549458 0.437500
vt 0.563865 0.437500
vt 0.578776 0.437500
vt 0.594029 0.437500
vt 0.609471 0.437500
vt 0.535697 0.468750
vt 0.522653 0.468750
vt 0.549512 0.468750
vt 0.563994 0.468750
vt 0.579013 0.468750
vt 0.594350 0.468750
vt 0.609751 0.468750
vt 0.510486 0.281250
vt 0.625000 0.281250
vt 0.625000 0.312500
vt 0.625000 0.343750
vt 0.625000 0.375000
vt 0.625000 0.406250
vt 0.625000 0.437500
vt 0.625000 0.468750
vt 0.625000 0.500000
vt 0.611072 0.500000
vt 0.595216 0.500000
vt 0.579505 0.500000
vt 0.564245 0.500000
vt 0.549618 0.500000
vt 0.535728 0.500000
vt 0.522657 0.500000
vt 0.510486 0.468750
vt 0.510486 0.500000
vt 0.510486 0.437500
vt 0.510486 0.406250
vt 0.510486 0.375000
vt 0.510486 0.343750
vt 0.510486 0.312500
vt 0.522663 0.531250
vt 0.535776 0.531250
vt 0.535830 0.562500
vt 0.522669 0.562500
vt 0.549781 0.531250
vt 0.549962 0.562500
vt 0.564631 0.531250
vt 0.565059 0.562500
vt 0.580296 0.531250
vt 0.581168 0.562500
vt 0.596807 0.531250
vt 0.598546 0.562500
vt 0.614435 0.531250
vt 0.617628 0.562500
vt 0.535873 0.593750
vt 0.522675 0.593750
vt 0.550107 0.593750
vt 0.565405 0.593750
vt 0.581850 0.593750
vt 0.599766 0.593750
vt 0.619549 0.593750
vt 0.535891 0.625000
vt 0.522677 0.625000
vt 0.550168 0.625000
vt 0.565547 0.625000
vt 0.582123 0.625000
vt 0.600207 0.625000
vt 0.620165 0.625000
vt 0.535873 0.656250
vt 0.522675 0.656250
vt 0.550107 0.656250
vt 0.565405 0.656250
vt 0.581850 0.656250
vt 0.599766 0.656250
vt 0.619549 0.656250
vt 0.535830 0.687500
vt 0.522669 0.687500
vt 0.549962 0.687500
vt 0.565059 0.687500
vt 0.581168 0.687500
vt 0.598546 0.687500
vt 0.617628 0.687500
vt 0.535776 0.718750
vt 0.522662 0.718750
vt 0.549781 0.718750
vt 0.564631 0.718750
vt 0.580296 0.718750
vt 0.596807 0.718750
vt 0.614435 0.718750
vt 0.510486 0.531250
vt 0.634918 0.531250
vt 0.639350 0.562500
vt 0.641659 0.593750
vt 0.642361 0.625000
vt 0.641659 0.656250
vt 0.639350 0.687500
vt 0.634918 0.718750
vt 0.625000 0.750000
vt 0.611072 0.750000
vt 0.595216 0.750000
vt 0.579505 0.750000
vt 0.564245 0.750000
vt 0.549618 0.750000
vt 0.535728 0.750000
vt 0.522657 0.750000
vt 0.510486 0.718750
vt 0.510486 0.750000
vt 0.510486 0.687500
vt 0.510486 0.656250
vt 0.510486 0.625000
vt 0.510486 0.593750
vt 0.510486 0.562500
vt 0.522640 0.781250
vt 0.535687 0.781250
vt 0.535602 0.812500
vt 0.522550 0.812500
vt 0.549506 0.781250
vt 0.549406 0.812500
vt 0.563990 0.781250
vt 0.563838 0.812500
vt 0.579012 0.781250
vt 0.578764 0.812500
vt 0.594350 0.781250
vt 0.594026 0.812500
vt 0.609751 0.781250
vt 0.609471 0.812500
vt 0.535410 0.843750
vt 0.522311 0.843750
vt 0.549264 0.843750
vt 0.563725 0.843750
vt 0.578651 0.843750
vt 0.593917 0.843750
vt 0.609403 0.843750
vt 0.535046 0.875000
vt 0.521848 0.875000
vt 0.549022 0.875000
vt 0.563592 0.875000
vt 0.578586 0.875000
vt 0.593887 0.875000
vt 0.609392 0.875000
vt 0.534453 0.906250
vt 0.521069 0.906250
vt 0.548640 0.906250
vt 0.563391 0.906250
vt 0.578501 0.906250
vt 0.593861 0.906250
vt 0.609389 0.906250
vt 0.533602 0.937500
vt 0.519829 0.937500
vt 0.548131 0.937500
vt 0.563128 0.937500
vt 0.578390 0.937500
vt 0.593829 0.937500
vt 0.609385 0.937500
vt 0.532496 0.968750
vt 0.517992 0.968750
vt 0.547527 0.968750
vt 0.562824 0.968750
vt 0.578262 0.968750
vt 0.593791 0.968750
vt 0.609380 0.968750
vt 0.510472 0.781250
vt 0.625000 0.781250
vt 0.625000 0.812500
vt 0.625000 0.843750
vt 0.625000 0.875000
vt 0.625000 0.906250
vt 0.625000 0.937500
vt 0.625000 0.968750
vt 0.625000 1.000000
vt 0.609375 1.000000
vt 0.593750 1.000000
vt 0.578125 1.000000
vt 0.562500 1.000000
vt 0.546875 1.000000
vt 0.531250 1.000000
vt 0.515625 1.000000
vt 0.504956 0.968750
vt 0.500000 1.000000
vt 0.507318 0.937500
vt 0.508752 0.906250
vt 0.509612 0.875000
vt 0.510117 0.843750
vt 0.510377 0.812500
vt 0.156235 0.531250
vt 0.187381 0.531250
vt 0.187277 0.562500
vt 0.156222 0.562500
vt 0.218348 0.531250
vt 0.217996 0.562500
vt 0.249046 0.531250
vt 0.248214 0.562500
vt 0.279329 0.531250
vt 0.277670 0.562500
vt 0.308823 0.531250
vt 0.305740 0.562500
vt 0.336739 0.531250
vt 0.331542 0.562500
vt 0.187203 0.593750
vt 0.156213 0.593750
vt 0.217748 0.593750
vt 0.247625 0.593750
vt 0.276521 0.593750
vt 0.303763 0.593750
vt 0.328568 0.593750
vt 0.187175 0.625000
vt 0.156209 0.625000
vt 0.217654 0.625000
vt 0.247402 0.625000
vt 0.276094 0.625000
vt 0.303081 0.625000
vt 0.327632 0.625000
vt 0.187203 0.656250
vt 0.156213 0.656250
vt 0.217748 0.656250
vt 0.247625 0.656250
vt 0.276521 0.656250
vt 0.303763 0.656250
vt 0.328568 0.656250
vt 0.187277 0.687500
vt 0.156222 0.687500
vt 0.217996 0.687500
vt 0.248214 0.687500
vt 0.277670 0.687500
vt 0.305740 0.687500
vt 0.331542 0.687500
vt 0.187381 0.718750
vt 0.156235 0.718750
vt 0.218347 0.718750
vt 0.249046 0.718750
vt 0.279329 0.718750
vt 0.308823 0.718750
vt 0.336739 0.718750
vt 0.125000 0.500000
vt 0.156250 0.500000
vt 0.125000 0.531250
vt 0.187500 0.500000
vt 0.218750 0.500000
vt 0.250000 0.500000
vt 0.281250 0.500000
vt 0.312500 0.500000
vt 0.343750 0.500000
vt 0.375000 0.500000
vt 0.360156 0.531250
vt 0.353523 0.562500
vt 0.350066 0.593750
vt 0.349016 0.625000
vt 0.350067 0.656250
vt 0.353523 0.687500
vt 0.360156 0.718750
vt 0.375000 0.750000
vt 0.343750 0.750000
vt 0.312500 0.750000
vt 0.281250 0.750000
vt 0.250000 0.750000
vt 0.218750 0.750000
vt 0.187500 0.750000
vt 0.156250 0.750000
vt 0.125000 0.718750
vt 0.125000 0.750000
vt 0.125000 0.687500
vt 0.125000 0.656250
vt 0.125000 0.625000
vt 0.125000 0.593750
vt 0.125000 0.562500
vt 0.660934 0.531250
vt 0.689957 0.531250
vt 0.692017 0.562500
vt 0.664407 0.562500
vt 0.720033 0.531250
vt 0.721142 0.562500
vt 0.750638 0.531250
vt 0.751194 0.562500
vt 0.781519 0.531250
vt 0.781754 0.562500
vt 0.812580 0.531250
vt 0.812649 0.562500
vt 0.843760 0.531250
vt 0.843769 0.562500
vt 0.693337 0.593750
vt 0.666394 0.593750
vt 0.721910 0.593750
vt 0.751587 0.593750
vt 0.781920 0.593750
vt 0.812698 0.593750
vt 0.843775 0.593750
vt 0.693793 0.625000
vt 0.667019 0.625000
vt 0.722195 0.625000
vt 0.751736 0.625000
vt 0.781982 0.625000
vt 0.812717 0.625000
vt 0.843777 0.625000
vt 0.693337 0.656250
vt 0.666394 0.656250
vt 0.721910 0.656250
vt 0.751587 0.656250
vt 0.781920 0.656250
vt 0.812698 0.656250
vt 0.843775 0.656250
vt 0.692017 0.687500
vt 0.664407 0.687500
vt 0.721142 0.687500
vt 0.751194 0.687500
vt 0.781754 0.687500
vt 0.812649 0.687500
vt 0.843769 0.687500
vt 0.689957 0.718750
vt 0.660934 0.718750
vt 0.720033 0.718750
vt 0.750638 0.718750
vt 0.781519 0.718750
vt 0.812580 0.718750
vt 0.843760 0.718750
vt 0.656250 0.500000
vt 0.687500 0.500000
vt 0.718750 0.500000
vt 0.750000 0.500000
vt 0.781250 0.500000
vt 0.812500 0.500000
vt 0.843750 0.500000
vt 0.875000 0.500000
vt 0.875000 0.531250
vt 0.875000 0.562500
vt 0.875000 0.593750
vt 0.875000 0.625000
vt 0.875000 0.656250
vt 0.875000 0.687500
vt 0.875000 0.718750
vt 0.875000 0.750000
vt 0.843750 0.750000
vt 0.812500 0.750000
vt 0.781250 0.750000
vt 0.750000 0.750000
vt 0.718750 0.750000
vt 0.687500 0.750000
vt 0.656250 0.750000
vt 0.445603 0.781250
vt 0.453541 0.781250
vt 0.453539 0.812500
vt 0.445604 0.812500
vt 0.461715 0.781250
vt 0.461705 0.812500
vt 0.470247 0.781250
vt 0.470224 0.812500
vt 0.479264 0.781250
vt 0.479219 0.812500
vt 0.488890 0.781250
vt 0.488822 0.812500
vt 0.499251 0.781250
vt 0.499163 0.812500
vt 0.453534 0.843750
vt 0.445606 0.843750
vt 0.461679 0.843750
vt 0.470160 0.843750
vt 0.479097 0.843750
vt 0.488635 0.843750
vt 0.498925 0.843750
vt 0.453522 0.875000
vt 0.445610 0.875000
vt 0.461629 0.875000
vt 0.470035 0.875000
vt 0.478859 0.875000
vt 0.488273 0.875000
vt 0.498462 0.875000
vt 0.453505 0.906250
vt 0.445617 0.906250
vt 0.461549 0.906250
vt 0.469836 0.906250
vt 0.478478 0.906250
vt 0.487680 0.906250
vt 0.497683 0.906250
vt 0.453483 0.937500
vt 0.445630 0.937500
vt 0.461445 0.937500
vt 0.469577 0.937500
vt 0.477970 0.937500
vt 0.486829 0.937500
vt 0.496443 0.937500
vt 0.453460 0.968750
vt 0.445649 0.968750
vt 0.461325 0.968750
vt 0.469277 0.968750
vt 0.477369 0.968750
vt 0.485724 0.968750
vt 0.494606 0.968750
vt 0.437776 0.750000
vt 0.445603 0.750000
vt 0.437777 0.781250
vt 0.453542 0.750000
vt 0.461716 0.750000
vt 0.470251 0.750000
vt 0.479271 0.750000
vt 0.488900 0.750000
vt 0.499264 0.750000
vt 0.492239 1.000000
vt 0.484479 1.000000
vt 0.476718 1.000000
vt 0.468957 1.000000
vt 0.461197 1.000000
vt 0.453436 1.000000
vt 0.445675 1.000000
vt 0.437849 0.968750
vt 0.437915 1.000000
vt 0.437818 0.937500
vt 0.437799 0.906250
vt 0.437788 0.875000
vt 0.437781 0.843750
vt 0.437778 0.812500
vt 0.445603 0.531250
vt 0.453541 0.531250
vt 0.453542 0.562500
vt 0.445603 0.562500
vt 0.461716 0.531250
vt 0.461716 0.562500
vt 0.470251 0.531250
vt 0.470251 0.562500
vt 0.479271 0.531250
vt 0.479271 0.562500
vt 0.488900 0.531250
vt 0.488900 0.562500
vt 0.499264 0.531250
vt 0.499264 0.562500
vt 0.453542 0.593750
vt 0.445603 0.593750
vt 0.461716 0.593750
vt 0.470251 0.593750
vt 0.479271 0.593750
vt 0.488900 0.593750
vt 0.499264 0.593750
vt 0.453542 0.625000
vt 0.445603 0.625000
vt 0.461716 0.625000
vt 0.470251 0.625000
vt 0.479271 0.625000
vt 0.488900 0.625000
vt 0.499264 0.625000
vt 0.453541 0.656250
vt 0.445603 0.656250
vt 0.461716 0.656250
vt 0.470251 0.656250
vt 0.479271 0.656250
vt 0.488900 0.656250
vt 0.499264 0.656250
vt 0.453541 0.687500
vt 0.445603 0.687500
vt 0.461716 0.687500
vt 0.470251 0.687500
vt 0.479271 0.687500
vt 0.488900 0.687500
vt 0.499264 0.687500
vt 0.453542 0.718750
vt 0.445603 0.718750
vt 0.461716 0.718750
vt 0.470251 0.718750
vt 0.479271 0.718750
vt 0.488900 0.718750
vt 0.499264 0.718750
vt 0.437776 0.500000
vt 0.445603 0.500000
vt 0.437776 0.531250
vt 0.453541 0.500000
vt 0.461716 0.500000
vt 0.470251 0.500000
vt 0.479271 0.500000
vt 0.488900 0.500000
vt 0.499264 0.500000
vt 0.510486 0.500000
vt 0.510486 0.531250
vt 0.510486 0.593750
vt 0.510486 0.625000
vt 0.510486 0.687500
vt 0.510486 0.718750
vt 0.510486 0.750000
vt 0.488900 0.750000
vt 0.479271 0.750000
vt 0.470251 0.750000
vt 0.461716 0.750000
vt 0.453541 0.750000
vt 0.445603 0.750000
vt 0.437776 0.718750
vt 0.437776 0.750000
vt 0.437776 0.687500
vt 0.437776 0.656250
vt 0.437776 0.625000
vt 0.437776 0.593750
vt 0.437776 0.562500
vt 0.445603 0.281250
vt 0.453541 0.281250
vt 0.453542 0.312500
vt 0.445603 0.312500
vt 0.461716 0.281250
vt 0.461716 0.312500
vt 0.470251 0.281250
vt 0.470251 0.312500
vt 0.479271 0.281250
vt 0.479271 0.312500
vt 0.488900 0.281250
vt 0.488900 0.312500
vt 0.499264 0.281250
vt 0.499264 0.312500
vt 0.453542 0.343750
vt 0.445603 0.343750
vt 0.461716 0.343750
vt 0.470251 0.343750
vt 0.479271 0.343750
vt 0.488900 0.343750
vt 0.499264 0.343750
vt 0.453542 0.375000
vt 0.445603 0.375000
vt 0.461716 0.375000
vt 0.470251 0.375000
vt 0.479271 0.375000
vt 0.488900 0.375000
vt 0.499264 0.375000
vt 0.453541 0.406250
vt 0.445603 0.406250
vt 0.461716 0.406250
vt 0.470251 0.406250
vt 0.479271 0.406250
vt 0.488900 0.406250
vt 0.499264 0.406250
vt 0.453541 0.437500
vt 0.445603 0.437500
vt 0.461716 0.437500
vt 0.470251 0.437500
vt 0.479271 0.437500
vt 0.488900 0.437500
vt 0.499264 0.437500
vt 0.453542 0.468750
vt 0.445603 0.468750
vt 0.461716 0.468750
vt 0.470251 0.468750
vt 0.479271 0.468750
vt 0.488900 0.468750
vt 0.499264 0.468750
vt 0.437776 0.250000
vt 0.445603 0.250000
vt 0.437776 0.281250
vt 0.453541 0.250000
vt 0.461716 0.250000
vt 0.470251 0.250000
vt 0.479271 0.250000
vt 0.488900 0.250000
vt 0.499264 0.250000
vt 0.510486 0.250000
vt 0.510486 0.281250
vt 0.510486 0.312500
vt 0.510486 0.343750
vt 0.510486 0.375000
vt 0.510486 0.406250
vt 0.510486 0.437500
vt 0.510486 0.468750
vt 0.437776 0.468750
vt 0.437776 0.437500
vt 0.437776 0.406250
vt 0.437776 0.375000
vt 0.437776 0.343750
vt 0.437776 0.312500
vt 0.445649 0.031250
vt 0.453460 0.031250
vt 0.453483 0.062500
vt 0.445630 0.062500
vt 0.461325 0.031250
vt 0.461445 0.062500
vt 0.469277 0.031250
vt 0.469577 0.062500
vt 0.477369 0.031250
vt 0.477970 0.062500
vt 0.485724 0.031250
vt 0.486829 0.062500
vt 0.494606 0.031250
vt 0.496443 0.062500
vt 0.453505 0.093750
vt 0.445617 0.093750
vt 0.461549 0.093750
vt 0.469836 0.093750
vt 0.478478 0.093750
vt 0.487680 0.093750
vt 0.497683 0.093750
vt 0.453522 0.125000
vt 0.445610 0.125000
vt 0.461629 0.125000
vt 0.470035 0.125000
vt 0.478859 0.125000
vt 0.488272 0.125000
vt 0.498462 0.125000
vt 0.453534 0.156250
vt 0.445606 0.156250
vt 0.461679 0.156250
vt 0.470160 0.156250
vt 0.479097 0.156250
vt 0.488635 0.156250
vt 0.498925 0.156250
vt 0.453539 0.187500
vt 0.445604 0.187500
vt 0.461705 0.187500
vt 0.470224 0.187500
vt 0.479219 0.187500
vt 0.488822 0.187500
vt 0.499164 0.187500
vt 0.453541 0.218750
vt 0.445603 0.218750
vt 0.461715 0.218750
vt 0.470247 0.218750
vt 0.479264 0.218750
vt 0.488890 0.218750
vt 0.499251 0.218750
vt 0.437915 0.000000
vt 0.445675 0.000000
vt 0.437849 0.031250
vt 0.453436 0.000000
vt 0.461197 0.000000
vt 0.468957 0.000000
vt 0.476718 0.000000
vt 0.484479 0.000000
vt 0.492239 0.000000
vt 0.488900 0.250000
vt 0.479271 0.250000
vt 0.470251 0.250000
vt 0.461716 0.250000
vt 0.453542 0.250000
vt 0.445603 0.250000
vt 0.437777 0.218750
vt 0.437776 0.250000
vt 0.437778 0.187500
vt 0.437781 0.156250
vt 0.437788 0.125000
vt 0.437799 0.093750
vt 0.437818 0.062500
vt 0.382864 0.031250
vt 0.390728 0.031250
vt 0.390728 0.062500
vt 0.382864 0.062500
vt 0.398591 0.031250
vt 0.398590 0.062500
vt 0.406453 0.031250
vt 0.406449 0.062500
vt 0.414313 0.031250
vt 0.414305 0.062500
vt 0.422170 0.031250
vt 0.422155 0.062500
vt 0.430019 0.031250
vt 0.429995 0.062500
vt 0.390727 0.093750
vt 0.382864 0.093750
vt 0.398588 0.093750
vt 0.406446 0.093750
vt 0.414298 0.093750
vt 0.422144 0.093750
vt 0.429979 0.093750
vt 0.390727 0.125000
vt 0.382864 0.125000
vt 0.398587 0.125000
vt 0.406443 0.125000
vt 0.414293 0.125000
vt 0.422136 0.125000
vt 0.429968 0.125000
vt 0.390727 0.156250
vt 0.382864 0.156250
vt 0.398586 0.156250
vt 0.406441 0.156250
vt 0.414290 0.156250
vt 0.422131 0.156250
vt 0.429962 0.156250
vt 0.390727 0.187500
vt 0.382864 0.187500
vt 0.398586 0.187500
vt 0.406440 0.187500
vt 0.414289 0.187500
vt 0.422129 0.187500
vt 0.429959 0.187500
vt 0.390727 0.218750
vt 0.382864 0.218750
vt 0.398586 0.218750
vt 0.406440 0.218750
vt 0.414288 0.218750
vt 0.422128 0.218750
vt 0.429958 0.218750
vt 0.375000 0.000000
vt 0.382864 0.000000
vt 0.375000 0.031250
vt 0.390729 0.000000
vt 0.398593 0.000000
vt 0.406457 0.000000
vt 0.414322 0.000000
vt 0.422186 0.000000
vt 0.430050 0.000000
vt 0.429958 0.250000
vt 0.422128 0.250000
vt 0.414288 0.250000
vt 0.406440 0.250000
vt 0.398586 0.250000
vt 0.390726 0.250000
vt 0.382864 0.250000
vt 0.375000 0.218750
vt 0.375000 0.250000
vt 0.375000 0.187500
vt 0.375000 0.156250
vt 0.375000 0.125000
vt 0.375000 0.093750
vt 0.375000 0.062500
vt 0.382864 0.281250
vt 0.390727 0.281250
vt 0.390727 0.312500
vt 0.382864 0.312500
vt 0.398586 0.281250
vt 0.398586 0.312500
vt 0.406440 0.281250
vt 0.406440 0.312500
vt 0.414288 0.281250
vt 0.414288 0.312500
vt 0.422128 0.281250
vt 0.422128 0.312500
vt 0.429958 0.281250
vt 0.429958 0.312500
vt 0.390727 0.343750
vt 0.382864 0.343750
vt 0.398586 0.343750
vt 0.406440 0.343750
vt 0.414288 0.343750
vt 0.422128 0.343750
vt 0.429958 0.343750
vt 0.390726 0.375000
vt 0.382864 0.375000
vt 0.398586 0.375000
vt 0.406440 0.375000
vt 0.414288 0.375000
vt 0.422128 0.375000
vt 0.429958 0.375000
vt 0.390705 0.406250
vt 0.382850 0.406250
vt 0.398567 0.406250
vt 0.406430 0.406250
vt 0.414284 0.406250
vt 0.422126 0.406250
vt 0.429958 0.406250
vt 0.390554 0.437500
vt 0.382751 0.437500
vt 0.398440 0.437500
vt 0.406359 0.437500
vt 0.414254 0.437500
vt 0.422118 0.437500
vt 0.429956 0.437500
vt 0.390073 0.468750
vt 0.382332 0.468750
vt 0.398084 0.468750
vt 0.406166 0.468750
vt 0.414172 0.468750
vt 0.422093 0.468750
vt 0.429953 0.468750
vt 0.375000 0.281250
vt 0.437776 0.281250
vt 0.437776 0.312500
vt 0.437776 0.343750
vt 0.437776 0.375000
vt 0.437776 0.406250
vt 0.437776 0.437500
vt 0.437776 0.500000
vt 0.429948 0.500000
vt 0.422046 0.500000
vt 0.414014 0.500000
vt 0.405790 0.500000
vt 0.397347 0.500000
vt 0.388778 0.500000
vt 0.380354 0.500000
vt 0.375000 0.468750
vt 0.375000 0.437500
vt 0.375000 0.406250
vt 0.375000 0.375000
vt 0.375000 0.343750
vt 0.375000 0.312500
vt 0.375321 0.531250
vt 0.386396 0.531250
vt 0.383794 0.562500
vt 0.370543 0.562500
vt 0.396164 0.531250
vt 0.394859 0.562500
vt 0.405212 0.531250
vt 0.404572 0.562500
vt 0.413770 0.531250
vt 0.413500 0.562500
vt 0.421974 0.531250
vt 0.421894 0.562500
vt 0.429938 0.531250
vt 0.429929 0.562500
vt 0.381968 0.593750
vt 0.367668 0.593750
vt 0.393839 0.593750
vt 0.404055 0.593750
vt 0.413282 0.593750
vt 0.421829 0.593750
vt 0.429920 0.593750
vt 0.381307 0.625000
vt 0.366746 0.625000
vt 0.393430 0.625000
vt 0.403842 0.625000
vt 0.413192 0.625000
vt 0.421803 0.625000
vt 0.429917 0.625000
vt 0.381968 0.656250
vt 0.367668 0.656250
vt 0.393839 0.656250
vt 0.404055 0.656250
vt 0.413282 0.656250
vt 0.421829 0.656250
vt 0.429920 0.656250
vt 0.383794 0.687500
vt 0.370543 0.687500
vt 0.394859 0.687500
vt 0.404572 0.687500
vt 0.413500 0.687500
vt 0.421894 0.687500
vt 0.429929 0.687500
vt 0.386396 0.718750
vt 0.375321 0.718750
vt 0.396164 0.718750
vt 0.405212 0.718750
vt 0.413770 0.718750
vt 0.421974 0.718750
vt 0.429938 0.718750
vt 0.437776 0.531250
vt 0.437776 0.593750
vt 0.437776 0.625000
vt 0.437776 0.656250
vt 0.437776 0.687500
vt 0.437776 0.718750
vt 0.429948 0.750000
vt 0.422046 0.750000
vt 0.414014 0.750000
vt 0.405790 0.750000
vt 0.397347 0.750000
vt 0.388778 0.750000
vt 0.380354 0.750000
vt 0.382332 0.781250
vt 0.390073 0.781250
vt 0.390554 0.812500
vt 0.382751 0.812500
vt 0.398084 0.781250
vt 0.398440 0.812500
vt 0.406166 0.781250
vt 0.406359 0.812500
vt 0.414172 0.781250
vt 0.414254 0.812500
vt 0.422094 0.781250
vt 0.422119 0.812500
vt 0.429954 0.781250
vt 0.429958 0.812500
vt 0.390705 0.843750
vt 0.382850 0.843750
vt 0.398568 0.843750
vt 0.406431 0.843750
vt 0.414286 0.843750
vt 0.422130 0.843750
vt 0.429962 0.843750
vt 0.390727 0.875000
vt 0.382864 0.875000
vt 0.398587 0.875000
vt 0.406443 0.875000
vt 0.414293 0.875000
vt 0.422136 0.875000
vt 0.429968 0.875000
vt 0.390727 0.906250
vt 0.382864 0.906250
vt 0.398588 0.906250
vt 0.406446 0.906250
vt 0.414298 0.906250
vt 0.422144 0.906250
vt 0.429979 0.906250
vt 0.390728 0.937500
vt 0.382864 0.937500
vt 0.398589 0.937500
vt 0.406449 0.937500
vt 0.414305 0.937500
vt 0.422155 0.937500
vt 0.429995 0.937500
vt 0.390728 0.968750
vt 0.382864 0.968750
vt 0.398591 0.968750
vt 0.406453 0.968750
vt 0.414313 0.968750
vt 0.422170 0.968750
vt 0.430019 0.968750
vt 0.375000 0.781250
vt 0.430050 1.000000
vt 0.422186 1.000000
vt 0.414322 1.000000
vt 0.406457 1.000000
vt 0.398593 1.000000
vt 0.390729 1.000000
vt 0.382864 1.000000
vt 0.375000 0.968750
vt 0.375000 1.000000
vt 0.375000 0.937500
vt 0.375000 0.906250
vt 0.375000 0.875000
vt 0.375000 0.843750
vt 0.375000 0.812500
s 0
usemtl col
f 1535/1012/897 1536/1013/897 1543/1014/897 1542/1015/897
f 1536/1013/898 1537/1016/898 1544/1017/898 1543/1014/898
f 1537/1016/899 1538/1018/899 1545/1019/899 1544/1017/899
f 1538/1018/900 1539/1020/900 1546/1021/900 1545/1019/900
f 1539/1020/901 1540/1022/901 1547/1023/901 1546/1021/901
f 1540/1022/902 1541/1024/902 1548/1025/902 1547/1023/902
f 1542/1015/903 1543/1014/903 1550/1026/903 1549/1027/903
f 1543/1014/904 1544/1017/904 1551/1028/904 1550/1026/904
f 1544/1017/905 1545/1019/905 1552/1029/905 1551/1028/905
f 1545/1019/906 1546/1021/906 1553/1030/906 1552/1029/906
f 1546/1021/907 1547/1023/907 1554/1031/907 1553/1030/907
f 1547/1023/908 1548/1025/908 1555/1032/908 1554/1031/908
f 1549/1027/909 1550/1026/909 1557/1033/909 1556/1034/909
f 1550/1026/910 1551/1028/910 1558/1035/910 1557/1033/910
f 1551/1028/911 1552/1029/911 1559/1036/911 1558/1035/911
f 1552/1029/912 1553/1030/912 1560/1037/912 1559/1036/912
f 1553/1030/913 1554/1031/913 1561/1038/913 1560/1037/913
f 1554/1031/914 1555/1032/914 1562/1039/914 1561/1038/914
f 1556/1034/915 1557/1033/915 1564/1040/915 1563/1041/915
f 1557/1033/916 1558/1035/916 1565/1042/916 1564/1040/916
f 1558/1035/917 1559/1036/917 1566/1043/917 1565/1042/917
f 1559/1036/918 1560/1037/918 1567/1044/918 1566/1043/918
f 1560/1037/919 1561/1038/919 1568/1045/919 1567/1044/919
f 1561/1038/920 1562/1039/920 1569/1046/920 1568/1045/920
f 1563/1041/921 1564/1040/921 1571/1047/921 1570/1048/921
f 1564/1040/922 1565/1042/922 1572/1049/922 1571/1047/922
f 1565/1042/923 1566/1043/923 1573/1050/923 1572/1049/923
f 1566/1043/924 1567/1044/924 1574/1051/924 1573/1050/924
f 1567/1044/925 1568/1045/925 1575/1052/925 1574/1051/925
f 1568/1045/926 1569/1046/926 1576/1053/926 1575/1052/926
f 1570/1048/927 1571/1047/927 1578/1054/927 1577/1055/927
f 1571/1047/928 1572/1049/928 1579/1056/928 1578/1054/928
f 1572/1049/929 1573/1050/929 1580/1057/929 1579/1056/929
f 1573/1050/930 1574/1051/930 1581/1058/930 1580/1057/930
f 1574/1051/931 1575/1052/931 1582/1059/931 1581/1058/931
f 1575/1052/932 1576/1053/932 1583/1060/932 1582/1059/932
f 907/1061/933 954/1062/933 1535/1012/933 1080/1063/933
f 954/1062/934 955/1064/934 1536/1013/934 1535/1012/934
f 955/1064/935 956/1065/935 1537/1016/935 1536/1013/935
f 956/1065/936 957/1066/936 1538/1018/936 1537/1016/936
f 957/1066/937 958/1067/937 1539/1020/937 1538/1018/937
f 958/1067/938 959/1068/938 1540/1022/938 1539/1020/938
f 959/1068/939 960/1069/939 1541/1024/939 1540/1022/939
f 960/1069/940 900/1070/940 961/1071/940 1541/1024/940
f 1541/1024/941 961/1071/941 962/1072/941 1548/1025/941
f 1548/1025/942 962/1072/942 963/1073/942 1555/1032/942
f 1555/1032/943 963/1073/943 964/1074/943 1562/1039/943
f 1562/1039/944 964/1074/944 965/1075/944 1569/1046/944
f 1569/1046/945 965/1075/945 966/1076/945 1576/1053/945
f 1576/1053/946 966/1076/946 967/1077/946 1583/1060/946
f 1583/1060/947 967/1077/947 902/1078/947 1038/1079/947
f 1582/1059/948 1583/1060/948 1038/1079/948 1039/1080/948
f 1581/1058/949 1582/1059/949 1039/1080/949 1040/1081/949
f 1580/1057/950 1581/1058/950 1040/1081/950 1041/1082/950
f 1579/1056/951 1580/1057/951 1041/1082/951 1042/1083/951
f 1578/1054/952 1579/1056/952 1042/1083/952 1043/1084/952
f 1577/1055/953 1578/1054/953 1043/1084/953 1044/1085/953
f 1086/1086/954 1577/1055/954 1044/1085/954 908/1087/954
f 1085/1088/955 1570/1048/955 1577/1055/955 1086/1086/955
f 1084/1089/956 1563/1041/956 1570/1048/956 1085/1088/956
f 1083/1090/957 1556/1034/957 1563/1041/957 1084/1089/957
f 1082/1091/958 1549/1027/958 1556/1034/958 1083/1090/958
f 1081/1092/959 1542/1015/959 1549/1027/959 1082/1091/959
f 1080/1063/960 1535/1012/960 1542/1015/960 1081/1092/960
f 1584/1093/961 1585/1094/961 1592/1095/961 1591/1096/961
f 1585/1094/962 1586/1097/962 1593/1098/962 1592/1095/962
f 1586/1097/963 1587/1099/963 1594/1100/963 1593/1098/963
f 1587/1099/964 1588/1101/964 1595/1102/964 1594/1100/964
f 1588/1101/965 1589/1103/965 1596/1104/965 1595/1102/965
f 1589/1103/966 1590/1105/966 1597/1106/966 1596/1104/966
f 1591/1096/967 1592/1095/967 1599/1107/967 1598/1108/967
f 1592/1095/968 1593/1098/968 1600/1109/968 1599/1107/968
f 1593/1098/969 1594/1100/969 1601/1110/969 1600/1109/969
f 1594/1100/970 1595/1102/970 1602/1111/970 1601/1110/970
f 1595/1102/971 1596/1104/971 1603/1112/971 1602/1111/971
f 1596/1104/972 1597/1106/972 1604/1113/972 1603/1112/972
f 1598/1108/973 1599/1107/973 1606/1114/973 1605/1115/973
f 1599/1107/974 1600/1109/974 1607/1116/974 1606/1114/974
f 1600/1109/975 1601/1110/975 1608/1117/975 1607/1116/975
f 1601/1110/976 1602/1111/976 1609/1118/976 1608/1117/976
f 1602/1111/977 1603/1112/977 1610/1119/977 1609/1118/977
f 1603/1112/978 1604/1113/978 1611/1120/978 1610/1119/978
f 1605/1115/979 1606/1114/979 1613/1121/979 1612/1122/979
f 1606/1114/980 1607/1116/980 1614/1123/980 1613/1121/980
f 1607/1116/981 1608/1117/981 1615/1124/981 1614/1123/981
f 1608/1117/982 1609/1118/982 1616/1125/982 1615/1124/982
f 1609/1118/983 1610/1119/983 1617/1126/983 1616/1125/983
f 1610/1119/984 1611/1120/984 1618/1127/984 1617/1126/984
f 1612/1122/985 1613/1121/985 1620/1128/985 1619/1129/985
f 1613/1121/986 1614/1123/986 1621/1130/986 1620/1128/986
f 1614/1123/987 1615/1124/987 1622/1131/987 1621/1130/987
f 1615/1124/988 1616/1125/988 1623/1132/988 1622/1131/988
f 1616/1125/989 1617/1126/989 1624/1133/989 1623/1132/989
f 1617/1126/990 1618/1127/990 1625/1134/990 1624/1133/990
f 1619/1129/991 1620/1128/991 1627/1135/991 1626/1136/991
f 1620/1128/992 1621/1130/992 1628/1137/992 1627/1135/992
f 1621/1130/993 1622/1131/993 1629/1138/993 1628/1137/993
f 1622/1131/994 1623/1132/994 1630/1139/994 1629/1138/994
f 1623/1132/995 1624/1133/995 1631/1140/995 1630/1139/995
f 1624/1133/996 1625/1134/996 1632/1141/996 1631/1140/996
f 908/1087/997 1044/1085/997 1584/1093/997 1073/1142/997
f 1044/1085/998 1043/1084/998 1585/1094/998 1584/1093/998
f 1043/1084/999 1042/1083/999 1586/1097/999 1585/1094/999
f 1042/1083/1000 1041/1082/1000 1587/1099/1000 1586/1097/1000
f 1041/1082/1001 1040/1081/1001 1588/1101/1001 1587/1099/1001
f 1040/1081/1002 1039/1080/1002 1589/1103/1002 1588/1101/1002
f 1039/1080/1003 1038/1079/1003 1590/1105/1003 1589/1103/1003
f 1038/1079/1004 902/1078/1004 982/1143/1004 1590/1105/1004
f 1590/1105/1005 982/1143/1005 983/1144/1005 1597/1106/1005
f 1597/1106/1006 983/1144/1006 984/1145/1006 1604/1113/1006
f 1604/1113/1007 984/1145/1007 985/1146/1007 1611/1120/1007
f 1611/1120/1008 985/1146/1008 986/1147/1008 1618/1127/1008
f 1618/1127/1009 986/1147/1009 987/1148/1009 1625/1134/1009
f 1625/1134/1010 987/1148/1010 988/1149/1010 1632/1141/1010
f 1632/1141/1011 988/1149/1011 906/1150/1011 1045/1151/1011
f 1631/1140/1012 1632/1141/1012 1045/1151/1012 1046/1152/1012
f 1630/1139/1013 1631/1140/1013 1046/1152/1013 1047/1153/1013
f 1629/1138/1014 1630/1139/1014 1047/1153/1014 1048/1154/1014
f 1628/1137/1015 1629/1138/1015 1048/1154/1015 1049/1155/1015
f 1627/1135/1016 1628/1137/1016 1049/1155/1016 1050/1156/1016
f 1626/1136/1017 1627/1135/1017 1050/1156/1017 1051/1157/1017
f 1079/1158/1018 1626/1136/1018 1051/1157/1018 909/1159/1018
f 1078/1160/1019 1619/1129/1019 1626/1136/1019 1079/1158/1019
f 1077/1161/1020 1612/1122/1020 1619/1129/1020 1078/1160/1020
f 1076/1162/1021 1605/1115/1021 1612/1122/1021 1077/1161/1021
f 1075/1163/1022 1598/1108/1022 1605/1115/1022 1076/1162/1022
f 1074/1164/1023 1591/1096/1023 1598/1108/1023 1075/1163/1023
f 1073/1142/1024 1584/1093/1024 1591/1096/1024 1074/1164/1024
f 1633/1165/1025 1634/1166/1025 1641/1167/1025 1640/1168/1025
f 1634/1166/1026 1635/1169/1026 1642/1170/1026 1641/1167/1026
f 1635/1169/1027 1636/1171/1027 1643/1172/1027 1642/1170/1027
f 1636/1171/1028 1637/1173/1028 1644/1174/1028 1643/1172/1028
f 1637/1173/1029 1638/1175/1029 1645/1176/1029 1644/1174/1029
f 1638/1175/1030 1639/1177/1030 1646/1178/1030 1645/1176/1030
f 1640/1168/1031 1641/1167/1031 1648/1179/1031 1647/1180/1031
f 1641/1167/1032 1642/1170/1032 1649/1181/1032 1648/1179/1032
f 1642/1170/1033 1643/1172/1033 1650/1182/1033 1649/1181/1033
f 1643/1172/1034 1644/1174/1034 1651/1183/1034 1650/1182/1034
f 1644/1174/1035 1645/1176/1035 1652/1184/1035 1651/1183/1035
f 1645/1176/1036 1646/1178/1036 1653/1185/1036 1652/1184/1036
f 1647/1180/1037 1648/1179/1037 1655/1186/1037 1654/1187/1037
f 1648/1179/1038 1649/1181/1038 1656/1188/1038 1655/1186/1038
f 1649/1181/1039 1650/1182/1039 1657/1189/1039 1656/1188/1039
f 1650/1182/1040 1651/1183/1040 1658/1190/1040 1657/1189/1040
f 1651/1183/1041 1652/1184/1041 1659/1191/1041 1658/1190/1041
f 1652/1184/1042 1653/1185/1042 1660/1192/1042 1659/1191/1042
f 1654/1187/1043 1655/1186/1043 1662/1193/1043 1661/1194/1043
f 1655/1186/1044 1656/1188/1044 1663/1195/1044 1662/1193/1044
f 1656/1188/1045 1657/1189/1045 1664/1196/1045 1663/1195/1045
f 1657/1189/1046 1658/1190/1046 1665/1197/1046 1664/1196/1046
f 1658/1190/1047 1659/1191/1047 1666/1198/1047 1665/1197/1047
f 1659/1191/1048 1660/1192/1048 1667/1199/1048 1666/1198/1048
f 1661/1194/1049 1662/1193/1049 1669/1200/1049 1668/1201/1049
f 1662/1193/1050 1663/1195/1050 1670/1202/1050 1669/1200/1050
f 1663/1195/1051 1664/1196/1051 1671/1203/1051 1670/1202/1051
f 1664/1196/1052 1665/1197/1052 1672/1204/1052 1671/1203/1052
f 1665/1197/1053 1666/1198/1053 1673/1205/1053 1672/1204/1053
f 1666/1198/1054 1667/1199/1054 1674/1206/1054 1673/1205/1054
f 1668/1201/1055 1669/1200/1055 1676/1207/1055 1675/1208/1055
f 1669/1200/1056 1670/1202/1056 1677/1209/1056 1676/1207/1056
f 1670/1202/1057 1671/1203/1057 1678/1210/1057 1677/1209/1057
f 1671/1203/1058 1672/1204/1058 1679/1211/1058 1678/1210/1058
f 1672/1204/1059 1673/1205/1059 1680/1212/1059 1679/1211/1059
f 1673/1205/1060 1674/1206/1060 1681/1213/1060 1680/1212/1060
f 909/1159/1061 1051/1157/1061 1633/1165/1061 1066/1214/1061
f 1051/1157/1062 1050/1156/1062 1634/1166/1062 1633/1165/1062
f 1050/1156/1063 1049/1155/1063 1635/1169/1063 1634/1166/1063
f 1049/1155/1064 1048/1154/1064 1636/1171/1064 1635/1169/1064
f 1048/1154/1065 1047/1153/1065 1637/1173/1065 1636/1171/1065
f 1047/1153/1066 1046/1152/1066 1638/1175/1066 1637/1173/1066
f 1046/1152/1067 1045/1151/1067 1639/1177/1067 1638/1175/1067
f 1045/1151/1068 906/1150/1068 1003/1215/1068 1639/1177/1068
f 1639/1177/1069 1003/1215/1069 1004/1216/1069 1646/1178/1069
f 1646/1178/1070 1004/1216/1070 1005/1217/1070 1653/1185/1070
f 1653/1185/1071 1005/1217/1071 1006/1218/1071 1660/1192/1071
f 1660/1192/1072 1006/1218/1072 1007/1219/1072 1667/1199/1072
f 1667/1199/1073 1007/1219/1073 1008/1220/1073 1674/1206/1073
f 1674/1206/1074 1008/1220/1074 1009/1221/1074 1681/1213/1074
f 1681/1213/1075 1009/1221/1075 904/1222/1075 1052/1223/1075
f 1680/1212/1076 1681/1213/1076 1052/1223/1076 1053/1224/1076
f 1679/1211/1077 1680/1212/1077 1053/1224/1077 1054/1225/1077
f 1678/1210/1078 1679/1211/1078 1054/1225/1078 1055/1226/1078
f 1677/1209/1079 1678/1210/1079 1055/1226/1079 1056/1227/1079
f 1676/1207/1080 1677/1209/1080 1056/1227/1080 1057/1228/1080
f 1675/1208/1081 1676/1207/1081 1057/1228/1081 1058/1229/1081
f 1072/1230/1082 1675/1208/1082 1058/1229/1082 910/1231/1082
f 1071/1232/1083 1668/1201/1083 1675/1208/1083 1072/1230/1083
f 1070/1233/1084 1661/1194/1084 1668/1201/1084 1071/1232/1084
f 1069/1234/1085 1654/1187/1085 1661/1194/1085 1070/1233/1085
f 1068/1235/1086 1647/1180/1086 1654/1187/1086 1069/1234/1086
f 1067/1236/1087 1640/1168/1087 1647/1180/1087 1068/1235/1087
f 1066/1214/1088 1633/1165/1088 1640/1168/1088 1067/1236/1088
f 1682/1237/1089 1683/1238/1089 1690/1239/1089 1689/1240/1089
f 1683/1238/1090 1684/1241/1090 1691/1242/1090 1690/1239/1090
f 1684/1241/1091 1685/1243/1091 1692/1244/1091 1691/1242/1091
f 1685/1243/1092 1686/1245/1092 1693/1246/1092 1692/1244/1092
f 1686/1245/1093 1687/1247/1093 1694/1248/1093 1693/1246/1093
f 1687/1247/1094 1688/1249/1094 1695/1250/1094 1694/1248/1094
f 1689/1240/1095 1690/1239/1095 1697/1251/1095 1696/1252/1095
f 1690/1239/1096 1691/1242/1096 1698/1253/1096 1697/1251/1096
f 1691/1242/1097 1692/1244/1097 1699/1254/1097 1698/1253/1097
f 1692/1244/1098 1693/1246/1098 1700/1255/1098 1699/1254/1098
f 1693/1246/1099 1694/1248/1099 1701/1256/1099 1700/1255/1099
f 1694/1248/1100 1695/1250/1100 1702/1257/1100 1701/1256/1100
f 1696/1252/1101 1697/1251/1101 1704/1258/1101 1703/1259/1101
f 1697/1251/1102 1698/1253/1102 1705/1260/1102 1704/1258/1102
f 1698/1253/1103 1699/1254/1103 1706/1261/1103 1705/1260/1103
f 1699/1254/1104 1700/1255/1104 1707/1262/1104 1706/1261/1104
f 1700/1255/1105 1701/1256/1105 1708/1263/1105 1707/1262/1105
f 1701/1256/1106 1702/1257/1106 1709/1264/1106 1708/1263/1106
f 1703/1259/1107 1704/1258/1107 1711/1265/1107 1710/1266/1107
f 1704/1258/1108 1705/1260/1108 1712/1267/1108 1711/1265/1108
f 1705/1260/1109 1706/1261/1109 1713/1268/1109 1712/1267/1109
f 1706/1261/1110 1707/1262/1110 1714/1269/1110 1713/1268/1110
f 1707/1262/1111 1708/1263/1111 1715/1270/1111 1714/1269/1111
f 1708/1263/1112 1709/1264/1112 1716/1271/1112 1715/1270/1112
f 1710/1266/1113 1711/1265/1113 1718/1272/1113 1717/1273/1113
f 1711/1265/1114 1712/1267/1114 1719/1274/1114 1718/1272/1114
f 1712/1267/1115 1713/1268/1115 1720/1275/1115 1719/1274/1115
f 1713/1268/1116 1714/1269/1116 1721/1276/1116 1720/1275/1116
f 1714/1269/1117 1715/1270/1117 1722/1277/1117 1721/1276/1117
f 1715/1270/1118 1716/1271/1118 1723/1278/1118 1722/1277/1118
f 1717/1273/1119 1718/1272/1119 1725/1279/1119 1724/1280/1119
f 1718/1272/1120 1719/1274/1120 1726/1281/1120 1725/1279/1120
f 1719/1274/1121 1720/1275/1121 1727/1282/1121 1726/1281/1121
f 1720/1275/1122 1721/1276/1122 1728/1283/1122 1727/1282/1122
f 1721/1276/1123 1722/1277/1123 1729/1284/1123 1728/1283/1123
f 1722/1277/1124 1723/1278/1124 1730/1285/1124 1729/1284/1124
f 910/1231/1125 1058/1229/1125 1682/1237/1125 1059/1286/1125
f 1058/1229/1126 1057/1228/1126 1683/1238/1126 1682/1237/1126
f 1057/1228/1127 1056/1227/1127 1684/1241/1127 1683/1238/1127
f 1056/1227/1128 1055/1226/1128 1685/1243/1128 1684/1241/1128
f 1055/1226/1129 1054/1225/1129 1686/1245/1129 1685/1243/1129
f 1054/1225/1130 1053/1224/1130 1687/1247/1130 1686/1245/1130
f 1053/1224/1131 1052/1223/1131 1688/1249/1131 1687/1247/1131
f 1052/1223/1132 904/1222/1132 1024/1287/1132 1688/1249/1132
f 1688/1249/1133 1024/1287/1133 1025/1288/1133 1695/1250/1133
f 1695/1250/1134 1025/1288/1134 1026/1289/1134 1702/1257/1134
f 1702/1257/1135 1026/1289/1135 1027/1290/1135 1709/1264/1135
f 1709/1264/1136 1027/1290/1136 1028/1291/1136 1716/1271/1136
f 1716/1271/1137 1028/1291/1137 1029/1292/1137 1723/1278/1137
f 1723/1278/1138 1029/1292/1138 1030/1293/1138 1730/1285/1138
f 1730/1285/1139 1030/1293/1139 900/1294/1139 960/1295/1139
f 1729/1284/1140 1730/1285/1140 960/1295/1140 959/1296/1140
f 1728/1283/1141 1729/1284/1141 959/1296/1141 958/1297/1141
f 1727/1282/1142 1728/1283/1142 958/1297/1142 957/1298/1142
f 1726/1281/1143 1727/1282/1143 957/1298/1143 956/1299/1143
f 1725/1279/1144 1726/1281/1144 956/1299/1144 955/1300/1144
f 1724/1280/1145 1725/1279/1145 955/1300/1145 954/1301/1145
f 1065/1302/1146 1724/1280/1146 954/1301/1146 907/1303/1146
f 1064/1304/1147 1717/1273/1147 1724/1280/1147 1065/1302/1147
f 1063/1305/1148 1710/1266/1148 1717/1273/1148 1064/1304/1148
f 1062/1306/1149 1703/1259/1149 1710/1266/1149 1063/1305/1149
f 1061/1307/1150 1696/1252/1150 1703/1259/1150 1062/1306/1150
f 1060/1308/1151 1689/1240/1151 1696/1252/1151 1061/1307/1151
f 1059/1286/1152 1682/1237/1152 1689/1240/1152 1060/1308/1152
f 1731/1309/1153 1732/1310/1153 1739/1311/1153 1738/1312/1153
f 1732/1310/1154 1733/1313/1154 1740/1314/1154 1739/1311/1154
f 1733/1313/1155 1734/1315/1155 1741/1316/1155 1740/1314/1155
f 1734/1315/1156 1735/1317/1156 1742/1318/1156 1741/1316/1156
f 1735/1317/1157 1736/1319/1157 1743/1320/1157 1742/1318/1157
f 1736/1319/1158 1737/1321/1158 1744/1322/1158 1743/1320/1158
f 1738/1312/1159 1739/1311/1159 1746/1323/1159 1745/1324/1159
f 1739/1311/1160 1740/1314/1160 1747/1325/1160 1746/1323/1160
f 1740/1314/1161 1741/1316/1161 1748/1326/1161 1747/1325/1161
f 1741/1316/1162 1742/1318/1162 1749/1327/1162 1748/1326/1162
f 1742/1318/1163 1743/1320/1163 1750/1328/1163 1749/1327/1163
f 1743/1320/1164 1744/1322/1164 1751/1329/1164 1750/1328/1164
f 1745/1324/1165 1746/1323/1165 1753/1330/1165 1752/1331/1165
f 1746/1323/1166 1747/1325/1166 1754/1332/1166 1753/1330/1166
f 1747/1325/1167 1748/1326/1167 1755/1333/1167 1754/1332/1167
f 1748/1326/1168 1749/1327/1168 1756/1334/1168 1755/1333/1168
f 1749/1327/1169 1750/1328/1169 1757/1335/1169 1756/1334/1169
f 1750/1328/1170 1751/1329/1170 1758/1336/1170 1757/1335/1170
f 1752/1331/1171 1753/1330/1171 1760/1337/1171 1759/1338/1171
f 1753/1330/1172 1754/1332/1172 1761/1339/1172 1760/1337/1172
f 1754/1332/1173 1755/1333/1173 1762/1340/1173 1761/1339/1173
f 1755/1333/1174 1756/1334/1174 1763/1341/1174 1762/1340/1174
f 1756/1334/1175 1757/1335/1175 1764/1342/1175 1763/1341/1175
f 1757/1335/1176 1758/1336/1176 1765/1343/1176 1764/1342/1176
f 1759/1338/1177 1760/1337/1177 1767/1344/1177 1766/1345/1177
f 1760/1337/1178 1761/1339/1178 1768/1346/1178 1767/1344/1178
f 1761/1339/1179 1762/1340/1179 1769/1347/1179 1768/1346/1179
f 1762/1340/1180 1763/1341/1180 1770/1348/1180 1769/1347/1180
f 1763/1341/1181 1764/1342/1181 1771/1349/1181 1770/1348/1181
f 1764/1342/1182 1765/1343/1182 1772/1350/1182 1771/1349/1182
f 1766/1345/1183 1767/1344/1183 1774/1351/1183 1773/1352/1183
f 1767/1344/1184 1768/1346/1184 1775/1353/1184 1774/1351/1184
f 1768/1346/1185 1769/1347/1185 1776/1354/1185 1775/1353/1185
f 1769/1347/1186 1770/1348/1186 1777/1355/1186 1776/1354/1186
f 1770/1348/1187 1771/1349/1187 1778/1356/1187 1777/1355/1187
f 1771/1349/1188 1772/1350/1188 1779/1357/1188 1778/1356/1188
f 901/1358/1189 981/1359/1189 1731/1309/1189 947/1360/1189
f 981/1359/1190 980/1361/1190 1732/1310/1190 1731/1309/1190
f 980/1361/1191 979/1362/1191 1733/1313/1191 1732/1310/1191
f 979/1362/1192 978/1363/1192 1734/1315/1192 1733/1313/1192
f 978/1363/1193 977/1364/1193 1735/1317/1193 1734/1315/1193
f 977/1364/1194 976/1365/1194 1736/1319/1194 1735/1317/1194
f 976/1365/1195 975/1366/1195 1737/1321/1195 1736/1319/1195
f 975/1366/1196 905/1367/1196 1002/1368/1196 1737/1321/1196
f 1737/1321/1197 1002/1368/1197 1001/1369/1197 1744/1322/1197
f 1744/1322/1198 1001/1369/1198 1000/1370/1198 1751/1329/1198
f 1751/1329/1199 1000/1370/1199 999/1371/1199 1758/1336/1199
f 1758/1336/1200 999/1371/1200 998/1372/1200 1765/1343/1200
f 1765/1343/1201 998/1372/1201 997/1373/1201 1772/1350/1201
f 1772/1350/1202 997/1373/1202 996/1374/1202 1779/1357/1202
f 1779/1357/1203 996/1374/1203 903/1375/1203 1023/1376/1203
f 1778/1356/1204 1779/1357/1204 1023/1376/1204 1022/1377/1204
f 1777/1355/1205 1778/1356/1205 1022/1377/1205 1021/1378/1205
f 1776/1354/1206 1777/1355/1206 1021/1378/1206 1020/1379/1206
f 1775/1353/1207 1776/1354/1207 1020/1379/1207 1019/1380/1207
f 1774/1351/1208 1775/1353/1208 1019/1380/1208 1018/1381/1208
f 1773/1352/1209 1774/1351/1209 1018/1381/1209 1017/1382/1209
f 953/1383/1210 1773/1352/1210 1017/1382/1210 899/1384/1210
f 952/1385/1211 1766/1345/1211 1773/1352/1211 953/1383/1211
f 951/1386/1212 1759/1338/1212 1766/1345/1212 952/1385/1212
f 950/1387/1213 1752/1331/1213 1759/1338/1213 951/1386/1213
f 949/1388/1214 1745/1324/1214 1752/1331/1214 950/1387/1214
f 948/1389/1215 1738/1312/1215 1745/1324/1215 949/1388/1215
f 947/1360/1216 1731/1309/1216 1738/1312/1216 948/1389/1216
f 1780/1390/1217 1781/1391/1217 1788/1392/1217 1787/1393/1217
f 1781/1391/1218 1782/1394/1218 1789/1395/1218 1788/1392/1218
f 1782/1394/1219 1783/1396/1219 1790/1397/1219 1789/1395/1219
f 1783/1396/1220 1784/1398/1220 1791/1399/1220 1790/1397/1220
f 1784/1398/1221 1785/1400/1221 1792/1401/1221 1791/1399/1221
f 1785/1400/1222 1786/1402/1222 1793/1403/1222 1792/1401/1222
f 1787/1393/1223 1788/1392/1223 1795/1404/1223 1794/1405/1223
f 1788/1392/1224 1789/1395/1224 1796/1406/1224 1795/1404/1224
f 1789/1395/1225 1790/1397/1225 1797/1407/1225 1796/1406/1225
f 1790/1397/1226 1791/1399/1226 1798/1408/1226 1797/1407/1226
f 1791/1399/1227 1792/1401/1227 1799/1409/1227 1798/1408/1227
f 1792/1401/1228 1793/1403/1228 1800/1410/1228 1799/1409/1228
f 1794/1405/1229 1795/1404/1229 1802/1411/1229 1801/1412/1229
f 1795/1404/1230 1796/1406/1230 1803/1413/1230 1802/1411/1230
f 1796/1406/1231 1797/1407/1231 1804/1414/1231 1803/1413/1231
f 1797/1407/1232 1798/1408/1232 1805/1415/1232 1804/1414/1232
f 1798/1408/1233 1799/1409/1233 1806/1416/1233 1805/1415/1233
f 1799/1409/1234 1800/1410/1234 1807/1417/1234 1806/1416/1234
f 1801/1412/1235 1802/1411/1235 1809/1418/1235 1808/1419/1235
f 1802/1411/1236 1803/1413/1236 1810/1420/1236 1809/1418/1236
f 1803/1413/1237 1804/1414/1237 1811/1421/1237 1810/1420/1237
f 1804/1414/1238 1805/1415/1238 1812/1422/1238 1811/1421/1238
f 1805/1415/1239 1806/1416/1239 1813/1423/1239 1812/1422/1239
f 1806/1416/1240 1807/1417/1240 1814/1424/1240 1813/1423/1240
f 1808/1419/1241 1809/1418/1241 1816/1425/1241 1815/1426/1241
f 1809/1418/1242 1810/1420/1242 1817/1427/1242 1816/1425/1242
f 1810/1420/1243 1811/1421/1243 1818/1428/1243 1817/1427/1243
f 1811/1421/1244 1812/1422/1244 1819/1429/1244 1818/1428/1244
f 1812/1422/1245 1813/1423/1245 1820/1430/1245 1819/1429/1245
f 1813/1423/1246 1814/1424/1246 1821/1431/1246 1820/1430/1246
f 1815/1426/1247 1816/1425/1247 1823/1432/1247 1822/1433/1247
f 1816/1425/1248 1817/1427/1248 1824/1434/1248 1823/1432/1248
f 1817/1427/1249 1818/1428/1249 1825/1435/1249 1824/1434/1249
f 1818/1428/1250 1819/1429/1250 1826/1436/1250 1825/1435/1250
f 1819/1429/1251 1820/1430/1251 1827/1437/1251 1826/1436/1251
f 1820/1430/1252 1821/1431/1252 1828/1438/1252 1827/1437/1252
f 906/1150/1253 988/1439/1253 1780/1390/1253 1003/1215/1253
f 988/1439/1254 987/1440/1254 1781/1391/1254 1780/1390/1254
f 987/1440/1255 986/1441/1255 1782/1394/1255 1781/1391/1255
f 986/1441/1256 985/1442/1256 1783/1396/1256 1782/1394/1256
f 985/1442/1257 984/1443/1257 1784/1398/1257 1783/1396/1257
f 984/1443/1258 983/1444/1258 1785/1400/1258 1784/1398/1258
f 983/1444/1259 982/1445/1259 1786/1402/1259 1785/1400/1259
f 982/1445/1260 902/1446/1260 967/1447/1260 1786/1402/1260
f 1786/1402/1261 967/1447/1261 966/1448/1261 1793/1403/1261
f 1793/1403/1262 966/1448/1262 965/1449/1262 1800/1410/1262
f 1800/1410/1263 965/1449/1263 964/1450/1263 1807/1417/1263
f 1807/1417/1264 964/1450/1264 963/1451/1264 1814/1424/1264
f 1814/1424/1265 963/1451/1265 962/1452/1265 1821/1431/1265
f 1821/1431/1266 962/1452/1266 961/1453/1266 1828/1438/1266
f 1828/1438/1267 961/1453/1267 900/1454/1267 1030/1455/1267
f 1827/1437/1268 1828/1438/1268 1030/1455/1268 1029/1456/1268
f 1826/1436/1269 1827/1437/1269 1029/1456/1269 1028/1457/1269
f 1825/1435/1270 1826/1436/1270 1028/1457/1270 1027/1458/1270
f 1824/1434/1271 1825/1435/1271 1027/1458/1271 1026/1459/1271
f 1823/1432/1272 1824/1434/1272 1026/1459/1272 1025/1460/1272
f 1822/1433/1273 1823/1432/1273 1025/1460/1273 1024/1461/1273
f 1009/1221/1274 1822/1433/1274 1024/1461/1274 904/1222/1274
f 1008/1220/1275 1815/1426/1275 1822/1433/1275 1009/1221/1275
f 1007/1219/1276 1808/1419/1276 1815/1426/1276 1008/1220/1276
f 1006/1218/1277 1801/1412/1277 1808/1419/1277 1007/1219/1277
f 1005/1217/1278 1794/1405/1278 1801/1412/1278 1006/1218/1278
f 1004/1216/1279 1787/1393/1279 1794/1405/1279 1005/1217/1279
f 1003/1215/1280 1780/1390/1280 1787/1393/1280 1004/1216/1280
f 1829/1462/1281 1830/1463/1281 1837/1464/1281 1836/1465/1281
f 1830/1463/1282 1831/1466/1282 1838/1467/1282 1837/1464/1282
f 1831/1466/1283 1832/1468/1283 1839/1469/1283 1838/1467/1283
f 1832/1468/1284 1833/1470/1284 1840/1471/1284 1839/1469/1284
f 1833/1470/1285 1834/1472/1285 1841/1473/1285 1840/1471/1285
f 1834/1472/1286 1835/1474/1286 1842/1475/1286 1841/1473/1286
f 1836/1465/1287 1837/1464/1287 1844/1476/1287 1843/1477/1287
f 1837/1464/1288 1838/1467/1288 1845/1478/1288 1844/1476/1288
f 1838/1467/1289 1839/1469/1289 1846/1479/1289 1845/1478/1289
f 1839/1469/1290 1840/1471/1290 1847/1480/1290 1846/1479/1290
f 1840/1471/1291 1841/1473/1291 1848/1481/1291 1847/1480/1291
f 1841/1473/1292 1842/1475/1292 1849/1482/1292 1848/1481/1292
f 1843/1477/1293 1844/1476/1293 1851/1483/1293 1850/1484/1293
f 1844/1476/1294 1845/1478/1294 1852/1485/1294 1851/1483/1294
f 1845/1478/1295 1846/1479/1295 1853/1486/1295 1852/1485/1295
f 1846/1479/1296 1847/1480/1296 1854/1487/1296 1853/1486/1296
f 1847/1480/1297 1848/1481/1297 1855/1488/1297 1854/1487/1297
f 1848/1481/1298 1849/1482/1298 1856/1489/1298 1855/1488/1298
f 1850/1484/1299 1851/1483/1299 1858/1490/1299 1857/1491/1299
f 1851/1483/1300 1852/1485/1300 1859/1492/1300 1858/1490/1300
f 1852/1485/1301 1853/1486/1301 1860/1493/1301 1859/1492/1301
f 1853/1486/1302 1854/1487/1302 1861/1494/1302 1860/1493/1302
f 1854/1487/1303 1855/1488/1303 1862/1495/1303 1861/1494/1303
f 1855/1488/1304 1856/1489/1304 1863/1496/1304 1862/1495/1304
f 1857/1491/1305 1858/1490/1305 1865/1497/1305 1864/1498/1305
f 1858/1490/1306 1859/1492/1306 1866/1499/1306 1865/1497/1306
f 1859/1492/1307 1860/1493/1307 1867/1500/1307 1866/1499/1307
f 1860/1493/1308 1861/1494/1308 1868/1501/1308 1867/1500/1308
f 1861/1494/1309 1862/1495/1309 1869/1502/1309 1868/1501/1309
f 1862/1495/1310 1863/1496/1310 1870/1503/1310 1869/1502/1310
f 1864/1498/1311 1865/1497/1311 1872/1504/1311 1871/1505/1311
f 1865/1497/1312 1866/1499/1312 1873/1506/1312 1872/1504/1312
f 1866/1499/1313 1867/1500/1313 1874/1507/1313 1873/1506/1313
f 1867/1500/1314 1868/1501/1314 1875/1508/1314 1874/1507/1314
f 1868/1501/1315 1869/1502/1315 1876/1509/1315 1875/1508/1315
f 1869/1502/1316 1870/1503/1316 1877/1510/1316 1876/1509/1316
f 913/1511/1317 1107/1512/1317 1829/1462/1317 1136/1513/1317
f 1107/1512/1318 1106/1514/1318 1830/1463/1318 1829/1462/1318
f 1106/1514/1319 1105/1515/1319 1831/1466/1319 1830/1463/1319
f 1105/1515/1320 1104/1516/1320 1832/1468/1320 1831/1466/1320
f 1104/1516/1321 1103/1517/1321 1833/1470/1321 1832/1468/1321
f 1103/1517/1322 1102/1518/1322 1834/1472/1322 1833/1470/1322
f 1102/1518/1323 1101/1519/1323 1835/1474/1323 1834/1472/1323
f 1101/1519/1324 910/1231/1324 1059/1286/1324 1835/1474/1324
f 1835/1474/1325 1059/1286/1325 1060/1308/1325 1842/1475/1325
f 1842/1475/1326 1060/1308/1326 1061/1307/1326 1849/1482/1326
f 1849/1482/1327 1061/1307/1327 1062/1306/1327 1856/1489/1327
f 1856/1489/1328 1062/1306/1328 1063/1305/1328 1863/1496/1328
f 1863/1496/1329 1063/1305/1329 1064/1304/1329 1870/1503/1329
f 1870/1503/1330 1064/1304/1330 1065/1302/1330 1877/1510/1330
f 1877/1510/1331 1065/1302/1331 907/1303/1331 1037/1520/1331
f 1876/1509/1332 1877/1510/1332 1037/1520/1332 1036/1521/1332
f 1875/1508/1333 1876/1509/1333 1036/1521/1333 1035/1522/1333
f 1874/1507/1334 1875/1508/1334 1035/1522/1334 1034/1523/1334
f 1873/1506/1335 1874/1507/1335 1034/1523/1335 1033/1524/1335
f 1872/1504/1336 1873/1506/1336 1033/1524/1336 1032/1525/1336
f 1871/1505/1337 1872/1504/1337 1032/1525/1337 1031/1526/1337
f 1142/1527/1338 1871/1505/1338 1031/1526/1338 914/1528/1338
f 1141/1529/1339 1864/1498/1339 1871/1505/1339 1142/1527/1339
f 1140/1530/1340 1857/1491/1340 1864/1498/1340 1141/1529/1340
f 1139/1531/1341 1850/1484/1341 1857/1491/1341 1140/1530/1341
f 1138/1532/1342 1843/1477/1342 1850/1484/1342 1139/1531/1342
f 1137/1533/1343 1836/1465/1343 1843/1477/1343 1138/1532/1343
f 1136/1513/1344 1829/1462/1344 1836/1465/1344 1137/1533/1344
f 1878/1534/1345 1879/1535/1345 1886/1536/1345 1885/1537/1345
f 1879/1535/1346 1880/1538/1346 1887/1539/1346 1886/1536/1346
f 1880/1538/1347 1881/1540/1347 1888/1541/1347 1887/1539/1347
f 1881/1540/1348 1882/1542/1348 1889/1543/1348 1888/1541/1348
f 1882/1542/1349 1883/1544/1349 1890/1545/1349 1889/1543/1349
f 1883/1544/1350 1884/1546/1350 1891/1547/1350 1890/1545/1350
f 1885/1537/1351 1886/1536/1351 1893/1548/1351 1892/1549/1351
f 1886/1536/1352 1887/1539/1352 1894/1550/1352 1893/1548/1352
f 1887/1539/1353 1888/1541/1353 1895/1551/1353 1894/1550/1353
f 1888/1541/1354 1889/1543/1354 1896/1552/1354 1895/1551/1354
f 1889/1543/1355 1890/1545/1355 1897/1553/1355 1896/1552/1355
f 1890/1545/1356 1891/1547/1356 1898/1554/1356 1897/1553/1356
f 1892/1549/1357 1893/1548/1357 1900/1555/1357 1899/1556/1357
f 1893/1548/1358 1894/1550/1358 1901/1557/1358 1900/1555/1358
f 1894/1550/1359 1895/1551/1359 1902/1558/1359 1901/1557/1359
f 1895/1551/1360 1896/1552/1360 1903/1559/1360 1902/1558/1360
f 1896/1552/1361 1897/1553/1361 1904/1560/1361 1903/1559/1361
f 1897/1553/1362 1898/1554/1362 1905/1561/1362 1904/1560/1362
f 1899/1556/1363 1900/1555/1363 1907/1562/1363 1906/1563/1363
f 1900/1555/1364 1901/1557/1364 1908/1564/1364 1907/1562/1364
f 1901/1557/1365 1902/1558/1365 1909/1565/1365 1908/1564/1365
f 1902/1558/1366 1903/1559/1366 1910/1566/1366 1909/1565/1366
f 1903/1559/1367 1904/1560/1367 1911/1567/1367 1910/1566/1367
f 1904/1560/1368 1905/1561/1368 1912/1568/1368 1911/1567/1368
f 1906/1563/1369 1907/1562/1369 1914/1569/1369 1913/1570/1369
f 1907/1562/1370 1908/1564/1370 1915/1571/1370 1914/1569/1370
f 1908/1564/1371 1909/1565/1371 1916/1572/1371 1915/1571/1371
f 1909/1565/1372 1910/1566/1372 1917/1573/1372 1916/1572/1372
f 1910/1566/1373 1911/1567/1373 1918/1574/1373 1917/1573/1373
f 1911/1567/1374 1912/1568/1374 1919/1575/1374 1918/1574/1374
f 1913/1570/1375 1914/1569/1375 1921/1576/1375 1920/1577/1375
f 1914/1569/1376 1915/1571/1376 1922/1578/1376 1921/1576/1376
f 1915/1571/1377 1916/1572/1377 1923/1579/1377 1922/1578/1377
f 1916/1572/1378 1917/1573/1378 1924/1580/1378 1923/1579/1378
f 1917/1573/1379 1918/1574/1379 1925/1581/1379 1924/1580/1379
f 1918/1574/1380 1919/1575/1380 1926/1582/1380 1925/1581/1380
f 912/1583/1381 1100/1584/1381 1878/1534/1381 1129/1585/1381
f 1100/1584/1382 1099/1586/1382 1879/1535/1382 1878/1534/1382
f 1099/1586/1383 1098/1587/1383 1880/1538/1383 1879/1535/1383
f 1098/1587/1384 1097/1588/1384 1881/1540/1384 1880/1538/1384
f 1097/1588/1385 1096/1589/1385 1882/1542/1385 1881/1540/1385
f 1096/1589/1386 1095/1590/1386 1883/1544/1386 1882/1542/1386
f 1095/1590/1387 1094/1591/1387 1884/1546/1387 1883/1544/1387
f 1094/1591/1388 909/1592/1388 1066/1593/1388 1884/1546/1388
f 1884/1546/1389 1066/1593/1389 1067/1236/1389 1891/1547/1389
f 1891/1547/1390 1067/1236/1390 1068/1594/1390 1898/1554/1390
f 1898/1554/1391 1068/1594/1391 1069/1595/1391 1905/1561/1391
f 1905/1561/1392 1069/1595/1392 1070/1233/1392 1912/1568/1392
f 1912/1568/1393 1070/1233/1393 1071/1596/1393 1919/1575/1393
f 1919/1575/1394 1071/1596/1394 1072/1597/1394 1926/1582/1394
f 1926/1582/1395 1072/1597/1395 910/1598/1395 1101/1519/1395
f 1925/1581/1396 1926/1582/1396 1101/1519/1396 1102/1599/1396
f 1924/1580/1397 1925/1581/1397 1102/1599/1397 1103/1600/1397
f 1923/1579/1398 1924/1580/1398 1103/1600/1398 1104/1601/1398
f 1922/1578/1399 1923/1579/1399 1104/1601/1399 1105/1602/1399
f 1921/1576/1400 1922/1578/1400 1105/1602/1400 1106/1603/1400
f 1920/1577/1401 1921/1576/1401 1106/1603/1401 1107/1604/1401
f 1135/1605/1402 1920/1577/1402 1107/1604/1402 913/1606/1402
f 1134/1607/1403 1913/1570/1403 1920/1577/1403 1135/1605/1403
f 1133/1608/1404 1906/1563/1404 1913/1570/1404 1134/1607/1404
f 1132/1609/1405 1899/1556/1405 1906/1563/1405 1133/1608/1405
f 1131/1610/1406 1892/1549/1406 1899/1556/1406 1132/1609/1406
f 1130/1611/1407 1885/1537/1407 1892/1549/1407 1131/1610/1407
f 1129/1585/1408 1878/1534/1408 1885/1537/1408 1130/1611/1408
f 1927/1612/1409 1928/1613/1409 1935/1614/1409 1934/1615/1409
f 1928/1613/1410 1929/1616/1410 1936/1617/1410 1935/1614/1410
f 1929/1616/1411 1930/1618/1411 1937/1619/1411 1936/1617/1411
f 1930/1618/1412 1931/1620/1412 1938/1621/1412 1937/1619/1412
f 1931/1620/1413 1932/1622/1413 1939/1623/1413 1938/1621/1413
f 1932/1622/1414 1933/1624/1414 1940/1625/1414 1939/1623/1414
f 1934/1615/1415 1935/1614/1415 1942/1626/1415 1941/1627/1415
f 1935/1614/1416 1936/1617/1416 1943/1628/1416 1942/1626/1416
f 1936/1617/1417 1937/1619/1417 1944/1629/1417 1943/1628/1417
f 1937/1619/1418 1938/1621/1418 1945/1630/1418 1944/1629/1418
f 1938/1621/1419 1939/1623/1419 1946/1631/1419 1945/1630/1419
f 1939/1623/1420 1940/1625/1420 1947/1632/1420 1946/1631/1420
f 1941/1627/1421 1942/1626/1421 1949/1633/1421 1948/1634/1421
f 1942/1626/1422 1943/1628/1422 1950/1635/1422 1949/1633/1422
f 1943/1628/1423 1944/1629/1423 1951/1636/1423 1950/1635/1423
f 1944/1629/1424 1945/1630/1424 1952/1637/1424 1951/1636/1424
f 1945/1630/1425 1946/1631/1425 1953/1638/1425 1952/1637/1425
f 1946/1631/1426 1947/1632/1426 1954/1639/1426 1953/1638/1426
f 1948/1634/1427 1949/1633/1427 1956/1640/1427 1955/1641/1427
f 1949/1633/1428 1950/1635/1428 1957/1642/1428 1956/1640/1428
f 1950/1635/1429 1951/1636/1429 1958/1643/1429 1957/1642/1429
f 1951/1636/1430 1952/1637/1430 1959/1644/1430 1958/1643/1430
f 1952/1637/1431 1953/1638/1431 1960/1645/1431 1959/1644/1431
f 1953/1638/1432 1954/1639/1432 1961/1646/1432 1960/1645/1432
f 1955/1641/1433 1956/1640/1433 1963/1647/1433 1962/1648/1433
f 1956/1640/1434 1957/1642/1434 1964/1649/1434 1963/1647/1434
f 1957/1642/1435 1958/1643/1435 1965/1650/1435 1964/1649/1435
f 1958/1643/1436 1959/1644/1436 1966/1651/1436 1965/1650/1436
f 1959/1644/1437 1960/1645/1437 1967/1652/1437 1966/1651/1437
f 1960/1645/1438 1961/1646/1438 1968/1653/1438 1967/1652/1438
f 1962/1648/1439 1963/1647/1439 1970/1654/1439 1969/1655/1439
f 1963/1647/1440 1964/1649/1440 1971/1656/1440 1970/1654/1440
f 1964/1649/1441 1965/1650/1441 1972/1657/1441 1971/1656/1441
f 1965/1650/1442 1966/1651/1442 1973/1658/1442 1972/1657/1442
f 1966/1651/1443 1967/1652/1443 1974/1659/1443 1973/1658/1443
f 1967/1652/1444 1968/1653/1444 1975/1660/1444 1974/1659/1444
f 911/1661/1445 1093/1662/1445 1927/1612/1445 1122/1663/1445
f 1093/1662/1446 1092/1664/1446 1928/1613/1446 1927/1612/1446
f 1092/1664/1447 1091/1665/1447 1929/1616/1447 1928/1613/1447
f 1091/1665/1448 1090/1666/1448 1930/1618/1448 1929/1616/1448
f 1090/1666/1449 1089/1667/1449 1931/1620/1449 1930/1618/1449
f 1089/1667/1450 1088/1668/1450 1932/1622/1450 1931/1620/1450
f 1088/1668/1451 1087/1669/1451 1933/1624/1451 1932/1622/1451
f 1087/1669/1452 908/1670/1452 1073/1671/1452 1933/1624/1452
f 1933/1624/1453 1073/1671/1453 1074/1672/1453 1940/1625/1453
f 1940/1625/1454 1074/1672/1454 1075/1673/1454 1947/1632/1454
f 1947/1632/1455 1075/1673/1455 1076/1674/1455 1954/1639/1455
f 1954/1639/1456 1076/1674/1456 1077/1675/1456 1961/1646/1456
f 1961/1646/1457 1077/1675/1457 1078/1676/1457 1968/1653/1457
f 1968/1653/1458 1078/1676/1458 1079/1677/1458 1975/1660/1458
f 1975/1660/1459 1079/1677/1459 909/1592/1459 1094/1591/1459
f 1974/1659/1460 1975/1660/1460 1094/1591/1460 1095/1590/1460
f 1973/1658/1461 1974/1659/1461 1095/1590/1461 1096/1589/1461
f 1972/1657/1462 1973/1658/1462 1096/1589/1462 1097/1588/1462
f 1971/1656/1463 1972/1657/1463 1097/1588/1463 1098/1587/1463
f 1970/1654/1464 1971/1656/1464 1098/1587/1464 1099/1586/1464
f 1969/1655/1465 1970/1654/1465 1099/1586/1465 1100/1584/1465
f 1128/1678/1466 1969/1655/1466 1100/1584/1466 912/1583/1466
f 1127/1679/1467 1962/1648/1467 1969/1655/1467 1128/1678/1467
f 1126/1680/1468 1955/1641/1468 1962/1648/1468 1127/1679/1468
f 1125/1681/1469 1948/1634/1469 1955/1641/1469 1126/1680/1469
f 1124/1682/1470 1941/1627/1470 1948/1634/1470 1125/1681/1470
f 1123/1683/1471 1934/1615/1471 1941/1627/1471 1124/1682/1471
f 1122/1663/1472 1927/1612/1472 1934/1615/1472 1123/1683/1472
f 1976/1684/1473 1977/1685/1473 1984/1686/1473 1983/1687/1473
f 1977/1685/1474 1978/1688/1474 1985/1689/1474 1984/1686/1474
f 1978/1688/1475 1979/1690/1475 1986/1691/1475 1985/1689/1475
f 1979/1690/1476 1980/1692/1476 1987/1693/1476 1986/1691/1476
f 1980/1692/1477 1981/1694/1477 1988/1695/1477 1987/1693/1477
f 1981/1694/1478 1982/1696/1478 1989/1697/1478 1988/1695/1478
f 1983/1687/1479 1984/1686/1479 1991/1698/1479 1990/1699/1479
f 1984/1686/1480 1985/1689/1480 1992/1700/1480 1991/1698/1480
f 1985/1689/1481 1986/1691/1481 1993/1701/1481 1992/1700/1481
f 1986/1691/1482 1987/1693/1482 1994/1702/1482 1993/1701/1482
f 1987/1693/1483 1988/1695/1483 1995/1703/1483 1994/1702/1483
f 1988/1695/1484 1989/1697/1484 1996/1704/1484 1995/1703/1484
f 1990/1699/1485 1991/1698/1485 1998/1705/1485 1997/1706/1485
f 1991/1698/1486 1992/1700/1486 1999/1707/1486 1998/1705/1486
f 1992/1700/1487 1993/1701/1487 2000/1708/1487 1999/1707/1487
f 1993/1701/1488 1994/1702/1488 2001/1709/1488 2000/1708/1488
f 1994/1702/1489 1995/1703/1489 2002/1710/1489 2001/1709/1489
f 1995/1703/1490 1996/1704/1490 2003/1711/1490 2002/1710/1490
f 1997/1706/1491 1998/1705/1491 2005/1712/1491 2004/1713/1491
f 1998/1705/1492 1999/1707/1492 2006/1714/1492 2005/1712/1492
f 1999/1707/1493 2000/1708/1493 2007/1715/1493 2006/1714/1493
f 2000/1708/1494 2001/1709/1494 2008/1716/1494 2007/1715/1494
f 2001/1709/1495 2002/1710/1495 2009/1717/1495 2008/1716/1495
f 2002/1710/1496 2003/1711/1496 2010/1718/1496 2009/1717/1496
f 2004/1713/1497 2005/1712/1497 2012/1719/1497 2011/1720/1497
f 2005/1712/1498 2006/1714/1498 2013/1721/1498 2012/1719/1498
f 2006/1714/1499 2007/1715/1499 2014/1722/1499 2013/1721/1499
f 2007/1715/1500 2008/1716/1500 2015/1723/1500 2014/1722/1500
f 2008/1716/1501 2009/1717/1501 2016/1724/1501 2015/1723/1501
f 2009/1717/1502 2010/1718/1502 2017/1725/1502 2016/1724/1502
f 2011/1720/1503 2012/1719/1503 2019/1726/1503 2018/1727/1503
f 2012/1719/1504 2013/1721/1504 2020/1728/1504 2019/1726/1504
f 2013/1721/1505 2014/1722/1505 2021/1729/1505 2020/1728/1505
f 2014/1722/1506 2015/1723/1506 2022/1730/1506 2021/1729/1506
f 2015/1723/1507 2016/1724/1507 2023/1731/1507 2022/1730/1507
f 2016/1724/1508 2017/1725/1508 2024/1732/1508 2023/1731/1508
f 914/1733/1509 1031/1734/1509 1976/1684/1509 1115/1735/1509
f 1031/1734/1510 1032/1736/1510 1977/1685/1510 1976/1684/1510
f 1032/1736/1511 1033/1737/1511 1978/1688/1511 1977/1685/1511
f 1033/1737/1512 1034/1738/1512 1979/1690/1512 1978/1688/1512
f 1034/1738/1513 1035/1739/1513 1980/1692/1513 1979/1690/1513
f 1035/1739/1514 1036/1740/1514 1981/1694/1514 1980/1692/1514
f 1036/1740/1515 1037/1741/1515 1982/1696/1515 1981/1694/1515
f 1037/1741/1516 907/1061/1516 1080/1063/1516 1982/1696/1516
f 1982/1696/1517 1080/1063/1517 1081/1092/1517 1989/1697/1517
f 1989/1697/1518 1081/1092/1518 1082/1091/1518 1996/1704/1518
f 1996/1704/1519 1082/1091/1519 1083/1090/1519 2003/1711/1519
f 2003/1711/1520 1083/1090/1520 1084/1089/1520 2010/1718/1520
f 2010/1718/1521 1084/1089/1521 1085/1088/1521 2017/1725/1521
f 2017/1725/1522 1085/1088/1522 1086/1086/1522 2024/1732/1522
f 2024/1732/1523 1086/1086/1523 908/1087/1523 1087/1669/1523
f 2023/1731/1524 2024/1732/1524 1087/1669/1524 1088/1742/1524
f 2022/1730/1525 2023/1731/1525 1088/1742/1525 1089/1743/1525
f 2021/1729/1526 2022/1730/1526 1089/1743/1526 1090/1744/1526
f 2020/1728/1527 2021/1729/1527 1090/1744/1527 1091/1745/1527
f 2019/1726/1528 2020/1728/1528 1091/1745/1528 1092/1746/1528
f 2018/1727/1529 2019/1726/1529 1092/1746/1529 1093/1747/1529
f 1121/1748/1530 2018/1727/1530 1093/1747/1530 911/1749/1530
f 1120/1750/1531 2011/1720/1531 2018/1727/1531 1121/1748/1531
f 1119/1751/1532 2004/1713/1532 2011/1720/1532 1120/1750/1532
f 1118/1752/1533 1997/1706/1533 2004/1713/1533 1119/1751/1533
f 1117/1753/1534 1990/1699/1534 1997/1706/1534 1118/1752/1534
f 1116/1754/1535 1983/1687/1535 1990/1699/1535 1117/1753/1535
f 1115/1735/1536 1976/1684/1536 1983/1687/1536 1116/1754/1536
f 2025/1755/1537 2026/1756/1537 2033/1757/1537 2032/1758/1537
f 2026/1756/1538 2027/1759/1538 2034/1760/1538 2033/1757/1538
f 2027/1759/1539 2028/1761/1539 2035/1762/1539 2034/1760/1539
f 2028/1761/1540 2029/1763/1540 2036/1764/1540 2035/1762/1540
f 2029/1763/1541 2030/1765/1541 2037/1766/1541 2036/1764/1541
f 2030/1765/1542 2031/1767/1542 2038/1768/1542 2037/1766/1542
f 2032/1758/1543 2033/1757/1543 2040/1769/1543 2039/1770/1543
f 2033/1757/1544 2034/1760/1544 2041/1771/1544 2040/1769/1544
f 2034/1760/1545 2035/1762/1545 2042/1772/1545 2041/1771/1545
f 2035/1762/1546 2036/1764/1546 2043/1773/1546 2042/1772/1546
f 2036/1764/1547 2037/1766/1547 2044/1774/1547 2043/1773/1547
f 2037/1766/1548 2038/1768/1548 2045/1775/1548 2044/1774/1548
f 2039/1770/1549 2040/1769/1549 2047/1776/1549 2046/1777/1549
f 2040/1769/1550 2041/1771/1550 2048/1778/1550 2047/1776/1550
f 2041/1771/1551 2042/1772/1551 2049/1779/1551 2048/1778/1551
f 2042/1772/1552 2043/1773/1552 2050/1780/1552 2049/1779/1552
f 2043/1773/1553 2044/1774/1553 2051/1781/1553 2050/1780/1553
f 2044/1774/1554 2045/1775/1554 2052/1782/1554 2051/1781/1554
f 2046/1777/1555 2047/1776/1555 2054/1783/1555 2053/1784/1555
f 2047/1776/1556 2048/1778/1556 2055/1785/1556 2054/1783/1556
f 2048/1778/1557 2049/1779/1557 2056/1786/1557 2055/1785/1557
f 2049/1779/1558 2050/1780/1558 2057/1787/1558 2056/1786/1558
f 2050/1780/1559 2051/1781/1559 2058/1788/1559 2057/1787/1559
f 2051/1781/1560 2052/1782/1560 2059/1789/1560 2058/1788/1560
f 2053/1784/1561 2054/1783/1561 2061/1790/1561 2060/1791/1561
f 2054/1783/1562 2055/1785/1562 2062/1792/1562 2061/1790/1562
f 2055/1785/1563 2056/1786/1563 2063/1793/1563 2062/1792/1563
f 2056/1786/1564 2057/1787/1564 2064/1794/1564 2063/1793/1564
f 2057/1787/1565 2058/1788/1565 2065/1795/1565 2064/1794/1565
f 2058/1788/1566 2059/1789/1566 2066/1796/1566 2065/1795/1566
f 2060/1791/1567 2061/1790/1567 2068/1797/1567 2067/1798/1567
f 2061/1790/1568 2062/1792/1568 2069/1799/1568 2068/1797/1568
f 2062/1792/1569 2063/1793/1569 2070/1800/1569 2069/1799/1569
f 2063/1793/1570 2064/1794/1570 2071/1801/1570 2070/1800/1570
f 2064/1794/1571 2065/1795/1571 2072/1802/1571 2071/1801/1571
f 2065/1795/1572 2066/1796/1572 2073/1803/1572 2072/1802/1572
f 899/1804/1573 1108/1805/1573 2025/1755/1573 953/1806/1573
f 1108/1805/1574 1109/1807/1574 2026/1756/1574 2025/1755/1574
f 1109/1807/1575 1110/1808/1575 2027/1759/1575 2026/1756/1575
f 1110/1808/1576 1111/1809/1576 2028/1761/1576 2027/1759/1576
f 1111/1809/1577 1112/1810/1577 2029/1763/1577 2028/1761/1577
f 1112/1810/1578 1113/1811/1578 2030/1765/1578 2029/1763/1578
f 1113/1811/1579 1114/1812/1579 2031/1767/1579 2030/1765/1579
f 1114/1812/1580 914/1733/1580 1115/1735/1580 2031/1767/1580
f 2031/1767/1581 1115/1735/1581 1116/1754/1581 2038/1768/1581
f 2038/1768/1582 1116/1754/1582 1117/1753/1582 2045/1775/1582
f 2045/1775/1583 1117/1753/1583 1118/1752/1583 2052/1782/1583
f 2052/1782/1584 1118/1752/1584 1119/1751/1584 2059/1789/1584
f 2059/1789/1585 1119/1751/1585 1120/1750/1585 2066/1796/1585
f 2066/1796/1586 1120/1750/1586 1121/1748/1586 2073/1803/1586
f 2073/1803/1587 1121/1748/1587 911/1749/1587 968/1813/1587
f 2072/1802/1588 2073/1803/1588 968/1813/1588 969/1814/1588
f 2071/1801/1589 2072/1802/1589 969/1814/1589 970/1815/1589
f 2070/1800/1590 2071/1801/1590 970/1815/1590 971/1816/1590
f 2069/1799/1591 2070/1800/1591 971/1816/1591 972/1817/1591
f 2068/1797/1592 2069/1799/1592 972/1817/1592 973/1818/1592
f 2067/1798/1593 2068/1797/1593 973/1818/1593 974/1819/1593
f 947/1820/1594 2067/1798/1594 974/1819/1594 901/1821/1594
f 948/1822/1595 2060/1791/1595 2067/1798/1595 947/1820/1595
f 949/1823/1596 2053/1784/1596 2060/1791/1596 948/1822/1596
f 950/1824/1597 2046/1777/1597 2053/1784/1597 949/1823/1597
f 951/1825/1598 2039/1770/1598 2046/1777/1598 950/1824/1598
f 952/1826/1599 2032/1758/1599 2039/1770/1599 951/1825/1599
f 953/1806/1600 2025/1755/1600 2032/1758/1600 952/1826/1600
f 2074/1827/1601 2075/1828/1601 2082/1829/1601 2081/1830/1601
f 2075/1828/1602 2076/1831/1602 2083/1832/1602 2082/1829/1602
f 2076/1831/1603 2077/1833/1603 2084/1834/1603 2083/1832/1603
f 2077/1833/1604 2078/1835/1604 2085/1836/1604 2084/1834/1604
f 2078/1835/1605 2079/1837/1605 2086/1838/1605 2085/1836/1605
f 2079/1837/1606 2080/1839/1606 2087/1840/1606 2086/1838/1606
f 2081/1830/1607 2082/1829/1607 2089/1841/1607 2088/1842/1607
f 2082/1829/1608 2083/1832/1608 2090/1843/1608 2089/1841/1608
f 2083/1832/1609 2084/1834/1609 2091/1844/1609 2090/1843/1609
f 2084/1834/1610 2085/1836/1610 2092/1845/1610 2091/1844/1610
f 2085/1836/1611 2086/1838/1611 2093/1846/1611 2092/1845/1611
f 2086/1838/1612 2087/1840/1612 2094/1847/1612 2093/1846/1612
f 2088/1842/1613 2089/1841/1613 2096/1848/1613 2095/1849/1613
f 2089/1841/1614 2090/1843/1614 2097/1850/1614 2096/1848/1614
f 2090/1843/1615 2091/1844/1615 2098/1851/1615 2097/1850/1615
f 2091/1844/1616 2092/1845/1616 2099/1852/1616 2098/1851/1616
f 2092/1845/1617 2093/1846/1617 2100/1853/1617 2099/1852/1617
f 2093/1846/1618 2094/1847/1618 2101/1854/1618 2100/1853/1618
f 2095/1849/1619 2096/1848/1619 2103/1855/1619 2102/1856/1619
f 2096/1848/1620 2097/1850/1620 2104/1857/1620 2103/1855/1620
f 2097/1850/1621 2098/1851/1621 2105/1858/1621 2104/1857/1621
f 2098/1851/1622 2099/1852/1622 2106/1859/1622 2105/1858/1622
f 2099/1852/1623 2100/1853/1623 2107/1860/1623 2106/1859/1623
f 2100/1853/1624 2101/1854/1624 2108/1861/1624 2107/1860/1624
f 2102/1856/1625 2103/1855/1625 2110/1862/1625 2109/1863/1625
f 2103/1855/1626 2104/1857/1626 2111/1864/1626 2110/1862/1626
f 2104/1857/1627 2105/1858/1627 2112/1865/1627 2111/1864/1627
f 2105/1858/1628 2106/1859/1628 2113/1866/1628 2112/1865/1628
f 2106/1859/1629 2107/1860/1629 2114/1867/1629 2113/1866/1629
f 2107/1860/1630 2108/1861/1630 2115/1868/1630 2114/1867/1630
f 2109/1863/1631 2110/1862/1631 2117/1869/1631 2116/1870/1631
f 2110/1862/1632 2111/1864/1632 2118/1871/1632 2117/1869/1632
f 2111/1864/1633 2112/1865/1633 2119/1872/1633 2118/1871/1633
f 2112/1865/1634 2113/1866/1634 2120/1873/1634 2119/1872/1634
f 2113/1866/1635 2114/1867/1635 2121/1874/1635 2120/1873/1635
f 2114/1867/1636 2115/1868/1636 2122/1875/1636 2121/1874/1636
f 901/1821/1637 974/1819/1637 2074/1827/1637 981/1876/1637
f 974/1819/1638 973/1818/1638 2075/1828/1638 2074/1827/1638
f 973/1818/1639 972/1817/1639 2076/1831/1639 2075/1828/1639
f 972/1817/1640 971/1816/1640 2077/1833/1640 2076/1831/1640
f 971/1816/1641 970/1815/1641 2078/1835/1641 2077/1833/1641
f 970/1815/1642 969/1814/1642 2079/1837/1642 2078/1835/1642
f 969/1814/1643 968/1813/1643 2080/1839/1643 2079/1837/1643
f 968/1813/1644 911/1749/1644 1122/1877/1644 2080/1839/1644
f 2080/1839/1645 1122/1877/1645 1123/1878/1645 2087/1840/1645
f 2087/1840/1646 1123/1878/1646 1124/1879/1646 2094/1847/1646
f 2094/1847/1647 1124/1879/1647 1125/1880/1647 2101/1854/1647
f 2101/1854/1648 1125/1880/1648 1126/1881/1648 2108/1861/1648
f 2108/1861/1649 1126/1881/1649 1127/1882/1649 2115/1868/1649
f 2115/1868/1650 1127/1882/1650 1128/1678/1650 2122/1875/1650
f 2122/1875/1651 1128/1678/1651 912/1883/1651 989/1884/1651
f 2121/1874/1652 2122/1875/1652 989/1884/1652 990/1885/1652
f 2120/1873/1653 2121/1874/1653 990/1885/1653 991/1886/1653
f 2119/1872/1654 2120/1873/1654 991/1886/1654 992/1887/1654
f 2118/1871/1655 2119/1872/1655 992/1887/1655 993/1888/1655
f 2117/1869/1656 2118/1871/1656 993/1888/1656 994/1889/1656
f 2116/1870/1657 2117/1869/1657 994/1889/1657 995/1890/1657
f 975/1891/1658 2116/1870/1658 995/1890/1658 905/1367/1658
f 976/1892/1659 2109/1863/1659 2116/1870/1659 975/1891/1659
f 977/1893/1660 2102/1856/1660 2109/1863/1660 976/1892/1660
f 978/1894/1661 2095/1849/1661 2102/1856/1661 977/1893/1661
f 979/1895/1662 2088/1842/1662 2095/1849/1662 978/1894/1662
f 980/1896/1663 2081/1830/1663 2088/1842/1663 979/1895/1663
f 981/1876/1664 2074/1827/1664 2081/1830/1664 980/1896/1664
f 2123/1897/1665 2124/1898/1665 2131/1899/1665 2130/1900/1665
f 2124/1898/1666 2125/1901/1666 2132/1902/1666 2131/1899/1666
f 2125/1901/1667 2126/1903/1667 2133/1904/1667 2132/1902/1667
f 2126/1903/1668 2127/1905/1668 2134/1906/1668 2133/1904/1668
f 2127/1905/1669 2128/1907/1669 2135/1908/1669 2134/1906/1669
f 2128/1907/1670 2129/1909/1670 2136/1910/1670 2135/1908/1670
f 2130/1900/1671 2131/1899/1671 2138/1911/1671 2137/1912/1671
f 2131/1899/1672 2132/1902/1672 2139/1913/1672 2138/1911/1672
f 2132/1902/1673 2133/1904/1673 2140/1914/1673 2139/1913/1673
f 2133/1904/1674 2134/1906/1674 2141/1915/1674 2140/1914/1674
f 2134/1906/1675 2135/1908/1675 2142/1916/1675 2141/1915/1675
f 2135/1908/1676 2136/1910/1676 2143/1917/1676 2142/1916/1676
f 2137/1912/1677 2138/1911/1677 2145/1918/1677 2144/1919/1677
f 2138/1911/1678 2139/1913/1678 2146/1920/1678 2145/1918/1678
f 2139/1913/1679 2140/1914/1679 2147/1921/1679 2146/1920/1679
f 2140/1914/1680 2141/1915/1680 2148/1922/1680 2147/1921/1680
f 2141/1915/1681 2142/1916/1681 2149/1923/1681 2148/1922/1681
f 2142/1916/1682 2143/1917/1682 2150/1924/1682 2149/1923/1682
f 2144/1919/1683 2145/1918/1683 2152/1925/1683 2151/1926/1683
f 2145/1918/1684 2146/1920/1684 2153/1927/1684 2152/1925/1684
f 2146/1920/1685 2147/1921/1685 2154/1928/1685 2153/1927/1685
f 2147/1921/1686 2148/1922/1686 2155/1929/1686 2154/1928/1686
f 2148/1922/1687 2149/1923/1687 2156/1930/1687 2155/1929/1687
f 2149/1923/1688 2150/1924/1688 2157/1931/1688 2156/1930/1688
f 2151/1926/1689 2152/1925/1689 2159/1932/1689 2158/1933/1689
f 2152/1925/1690 2153/1927/1690 2160/1934/1690 2159/1932/1690
f 2153/1927/1691 2154/1928/1691 2161/1935/1691 2160/1934/1691
f 2154/1928/1692 2155/1929/1692 2162/1936/1692 2161/1935/1692
f 2155/1929/1693 2156/1930/1693 2163/1937/1693 2162/1936/1693
f 2156/1930/1694 2157/1931/1694 2164/1938/1694 2163/1937/1694
f 2158/1933/1695 2159/1932/1695 2166/1939/1695 2165/1940/1695
f 2159/1932/1696 2160/1934/1696 2167/1941/1696 2166/1939/1696
f 2160/1934/1697 2161/1935/1697 2168/1942/1697 2167/1941/1697
f 2161/1935/1698 2162/1936/1698 2169/1943/1698 2168/1942/1698
f 2162/1936/1699 2163/1937/1699 2170/1944/1699 2169/1943/1699
f 2163/1937/1700 2164/1938/1700 2171/1945/1700 2170/1944/1700
f 905/1367/1701 995/1890/1701 2123/1897/1701 1002/1368/1701
f 995/1890/1702 994/1889/1702 2124/1898/1702 2123/1897/1702
f 994/1889/1703 993/1888/1703 2125/1901/1703 2124/1898/1703
f 993/1888/1704 992/1887/1704 2126/1903/1704 2125/1901/1704
f 992/1887/1705 991/1886/1705 2127/1905/1705 2126/1903/1705
f 991/1886/1706 990/1885/1706 2128/1907/1706 2127/1905/1706
f 990/1885/1707 989/1884/1707 2129/1909/1707 2128/1907/1707
f 989/1884/1708 912/1883/1708 1129/1946/1708 2129/1909/1708
f 2129/1909/1709 1129/1946/1709 1130/1611/1709 2136/1910/1709
f 2136/1910/1710 1130/1611/1710 1131/1947/1710 2143/1917/1710
f 2143/1917/1711 1131/1947/1711 1132/1948/1711 2150/1924/1711
f 2150/1924/1712 1132/1948/1712 1133/1949/1712 2157/1931/1712
f 2157/1931/1713 1133/1949/1713 1134/1950/1713 2164/1938/1713
f 2164/1938/1714 1134/1950/1714 1135/1951/1714 2171/1945/1714
f 2171/1945/1715 1135/1951/1715 913/1511/1715 1010/1952/1715
f 2170/1944/1716 2171/1945/1716 1010/1952/1716 1011/1953/1716
f 2169/1943/1717 2170/1944/1717 1011/1953/1717 1012/1954/1717
f 2168/1942/1718 2169/1943/1718 1012/1954/1718 1013/1955/1718
f 2167/1941/1719 2168/1942/1719 1013/1955/1719 1014/1956/1719
f 2166/1939/1720 2167/1941/1720 1014/1956/1720 1015/1957/1720
f 2165/1940/1721 2166/1939/1721 1015/1957/1721 1016/1958/1721
f 996/1374/1722 2165/1940/1722 1016/1958/1722 903/1375/1722
f 997/1373/1723 2158/1933/1723 2165/1940/1723 996/1374/1723
f 998/1372/1724 2151/1926/1724 2158/1933/1724 997/1373/1724
f 999/1371/1725 2144/1919/1725 2151/1926/1725 998/1372/1725
f 1000/1370/1726 2137/1912/1726 2144/1919/1726 999/1371/1726
f 1001/1369/1727 2130/1900/1727 2137/1912/1727 1000/1370/1727
f 1002/1368/1728 2123/1897/1728 2130/1900/1728 1001/1369/1728
f 2172/1959/1729 2173/1960/1729 2180/1961/1729 2179/1962/1729
f 2173/1960/1730 2174/1963/1730 2181/1964/1730 2180/1961/1730
f 2174/1963/1731 2175/1965/1731 2182/1966/1731 2181/1964/1731
f 2175/1965/1732 2176/1967/1732 2183/1968/1732 2182/1966/1732
f 2176/1967/1733 2177/1969/1733 2184/1970/1733 2183/1968/1733
f 2177/1969/1734 2178/1971/1734 2185/1972/1734 2184/1970/1734
f 2179/1962/1735 2180/1961/1735 2187/1973/1735 2186/1974/1735
f 2180/1961/1736 2181/1964/1736 2188/1975/1736 2187/1973/1736
f 2181/1964/1737 2182/1966/1737 2189/1976/1737 2188/1975/1737
f 2182/1966/1738 2183/1968/1738 2190/1977/1738 2189/1976/1738
f 2183/1968/1739 2184/1970/1739 2191/1978/1739 2190/1977/1739
f 2184/1970/1740 2185/1972/1740 2192/1979/1740 2191/1978/1740
f 2186/1974/1741 2187/1973/1741 2194/1980/1741 2193/1981/1741
f 2187/1973/1742 2188/1975/1742 2195/1982/1742 2194/1980/1742
f 2188/1975/1743 2189/1976/1743 2196/1983/1743 2195/1982/1743
f 2189/1976/1744 2190/1977/1744 2197/1984/1744 2196/1983/1744
f 2190/1977/1745 2191/1978/1745 2198/1985/1745 2197/1984/1745
f 2191/1978/1746 2192/1979/1746 2199/1986/1746 2198/1985/1746
f 2193/1981/1747 2194/1980/1747 2201/1987/1747 2200/1988/1747
f 2194/1980/1748 2195/1982/1748 2202/1989/1748 2201/1987/1748
f 2195/1982/1749 2196/1983/1749 2203/1990/1749 2202/1989/1749
f 2196/1983/1750 2197/1984/1750 2204/1991/1750 2203/1990/1750
f 2197/1984/1751 2198/1985/1751 2205/1992/1751 2204/1991/1751
f 2198/1985/1752 2199/1986/1752 2206/1993/1752 2205/1992/1752
f 2200/1988/1753 2201/1987/1753 2208/1994/1753 2207/1995/1753
f 2201/1987/1754 2202/1989/1754 2209/1996/1754 2208/1994/1754
f 2202/1989/1755 2203/1990/1755 2210/1997/1755 2209/1996/1755
f 2203/1990/1756 2204/1991/1756 2211/1998/1756 2210/1997/1756
f 2204/1991/1757 2205/1992/1757 2212/1999/1757 2211/1998/1757
f 2205/1992/1758 2206/1993/1758 2213/2000/1758 2212/1999/1758
f 2207/1995/1759 2208/1994/1759 2215/2001/1759 2214/2002/1759
f 2208/1994/1760 2209/1996/1760 2216/2003/1760 2215/2001/1760
f 2209/1996/1761 2210/1997/1761 2217/2004/1761 2216/2003/1761
f 2210/1997/1762 2211/1998/1762 2218/2005/1762 2217/2004/1762
f 2211/1998/1763 2212/1999/1763 2219/2006/1763 2218/2005/1763
f 2212/1999/1764 2213/2000/1764 2220/2007/1764 2219/2006/1764
f 903/1375/1765 1016/1958/1765 2172/1959/1765 1023/2008/1765
f 1016/1958/1766 1015/1957/1766 2173/1960/1766 2172/1959/1766
f 1015/1957/1767 1014/1956/1767 2174/1963/1767 2173/1960/1767
f 1014/1956/1768 1013/1955/1768 2175/1965/1768 2174/1963/1768
f 1013/1955/1769 1012/1954/1769 2176/1967/1769 2175/1965/1769
f 1012/1954/1770 1011/1953/1770 2177/1969/1770 2176/1967/1770
f 1011/1953/1771 1010/1952/1771 2178/1971/1771 2177/1969/1771
f 1010/1952/1772 913/1511/1772 1136/1513/1772 2178/1971/1772
f 2178/1971/1773 1136/1513/1773 1137/1533/1773 2185/1972/1773
f 2185/1972/1774 1137/1533/1774 1138/1532/1774 2192/1979/1774
f 2192/1979/1775 1138/1532/1775 1139/1531/1775 2199/1986/1775
f 2199/1986/1776 1139/1531/1776 1140/1530/1776 2206/1993/1776
f 2206/1993/1777 1140/1530/1777 1141/1529/1777 2213/2000/1777
f 2213/2000/1778 1141/1529/1778 1142/1527/1778 2220/2007/1778
f 2220/2007/1779 1142/1527/1779 914/1528/1779 1114/2009/1779
f 2219/2006/1780 2220/2007/1780 1114/2009/1780 1113/2010/1780
f 2218/2005/1781 2219/2006/1781 1113/2010/1781 1112/2011/1781
f 2217/2004/1782 2218/2005/1782 1112/2011/1782 1111/2012/1782
f 2216/2003/1783 2217/2004/1783 1111/2012/1783 1110/2013/1783
f 2215/2001/1784 2216/2003/1784 1110/2013/1784 1109/2014/1784
f 2214/2002/1785 2215/2001/1785 1109/2014/1785 1108/2015/1785
f 1017/2016/1786 2214/2002/1786 1108/2015/1786 899/2017/1786
f 1018/2018/1787 2207/1995/1787 2214/2002/1787 1017/2016/1787
f 1019/2019/1788 2200/1988/1788 2207/1995/1788 1018/2018/1788
f 1020/2020/1789 2193/1981/1789 2200/1988/1789 1019/2019/1789
f 1021/2021/1790 2186/1974/1790 2193/1981/1790 1020/2020/1790
f 1022/2022/1791 2179/1962/1791 2186/1974/1791 1021/2021/1791
f 1023/2008/1792 2172/1959/1792 2179/1962/1792 1022/2022/1792
f 2221/1012/897 2222/1013/897 2229/1014/897 2228/1015/897
f 2222/1013/898 2223/1016/898 2230/1017/898 2229/1014/898
f 2223/1016/899 2224/1018/899 2231/1019/899 2230/1017/899
f 2224/1018/900 2225/1020/900 2232/1021/900 2231/1019/900
f 2225/1020/901 2226/1022/901 2233/1023/901 2232/1021/901
f 2226/1022/902 2227/1024/902 2234/1025/902 2233/1023/902
f 2228/1015/903 2229/1014/903 2236/1026/903 2235/1027/903
f 2229/1014/904 2230/1017/904 2237/1028/904 2236/1026/904
f 2230/1017/905 2231/1019/905 2238/1029/905 2237/1028/905
f 2231/1019/906 2232/1021/906 2239/1030/906 2238/1029/906
f 2232/1021/907 2233/1023/907 2240/1031/907 2239/1030/907
f 2233/1023/908 2234/1025/908 2241/1032/908 2240/1031/908
f 2235/1027/909 2236/1026/909 2243/1033/909 2242/1034/909
f 2236/1026/910 2237/1028/910 2244/1035/910 2243/1033/910
f 2237/1028/911 2238/1029/911 2245/1036/911 2244/1035/911
f 2238/1029/912 2239/1030/912 2246/1037/912 2245/1036/912
f 2239/1030/913 2240/1031/913 2247/1038/913 2246/1037/913
f 2240/1031/914 2241/1032/914 2248/1039/914 2247/1038/914
f 2242/1034/915 2243/1033/915 2250/1040/915 2249/1041/915
f 2243/1033/916 2244/1035/916 2251/1042/916 2250/1040/916
f 2244/1035/917 2245/1036/917 2252/1043/917 2251/1042/917
f 2245/1036/918 2246/1037/918 2253/1044/918 2252/1043/918
f 2246/1037/919 2247/1038/919 2254/1045/919 2253/1044/919
f 2247/1038/920 2248/1039/920 2255/1046/920 2254/1045/920
f 2249/1041/921 2250/1040/921 2257/1047/921 2256/1048/921
f 2250/1040/922 2251/1042/922 2258/1049/922 2257/1047/922
f 2251/1042/923 2252/1043/923 2259/1050/923 2258/1049/923
f 2252/1043/924 2253/1044/924 2260/1051/924 2259/1050/924
f 2253/1044/925 2254/1045/925 2261/1052/925 2260/1051/925
f 2254/1045/1793 2255/1046/1793 2262/1053/1793 2261/1052/1793
f 2256/1048/927 2257/1047/927 2264/1054/927 2263/1055/927
f 2257/1047/928 2258/1049/928 2265/1056/928 2264/1054/928
f 2258/1049/929 2259/1050/929 2266/1057/929 2265/1056/929
f 2259/1050/930 2260/1051/930 2267/1058/930 2266/1057/930
f 2260/1051/931 2261/1052/931 2268/1059/931 2267/1058/931
f 2261/1052/932 2262/1053/932 2269/1060/932 2268/1059/932
f 923/1061/933 1150/1062/933 2221/1012/933 1276/1063/933
f 1150/1062/934 1151/1064/934 2222/1013/934 2221/1012/934
f 1151/1064/935 1152/1065/935 2223/1016/935 2222/1013/935
f 1152/1065/936 1153/1066/936 2224/1018/936 2223/1016/936
f 1153/1066/937 1154/1067/937 2225/1020/937 2224/1018/937
f 1154/1067/938 1155/1068/938 2226/1022/938 2225/1020/938
f 1155/1068/939 1156/1069/939 2227/1024/939 2226/1022/939
f 1156/1069/940 916/1070/940 1157/1071/940 2227/1024/940
f 2227/1024/1794 1157/1071/1794 1158/1072/1794 2234/1025/1794
f 2234/1025/942 1158/1072/942 1159/1073/942 2241/1032/942
f 2241/1032/943 1159/1073/943 1160/1074/943 2248/1039/943
f 2248/1039/944 1160/1074/944 1161/1075/944 2255/1046/944
f 2255/1046/945 1161/1075/945 1162/1076/945 2262/1053/945
f 2262/1053/946 1162/1076/946 1163/1077/946 2269/1060/946
f 2269/1060/947 1163/1077/947 918/1078/947 1234/1079/947
f 2268/1059/948 2269/1060/948 1234/1079/948 1235/1080/948
f 2267/1058/949 2268/1059/949 1235/1080/949 1236/1081/949
f 2266/1057/1795 2267/1058/1795 1236/1081/1795 1237/1082/1795
f 2265/1056/951 2266/1057/951 1237/1082/951 1238/1083/951
f 2264/1054/952 2265/1056/952 1238/1083/952 1239/1084/952
f 2263/1055/953 2264/1054/953 1239/1084/953 1240/1085/953
f 1282/1086/954 2263/1055/954 1240/1085/954 924/1087/954
f 1281/1088/955 2256/1048/955 2263/1055/955 1282/1086/955
f 1280/1089/956 2249/1041/956 2256/1048/956 1281/1088/956
f 1279/1090/957 2242/1034/957 2249/1041/957 1280/1089/957
f 1278/1091/958 2235/1027/958 2242/1034/958 1279/1090/958
f 1277/1092/959 2228/1015/959 2235/1027/959 1278/1091/959
f 1276/1063/960 2221/1012/960 2228/1015/960 1277/1092/960
f 2270/1093/961 2271/1094/961 2278/1095/961 2277/1096/961
f 2271/1094/962 2272/1097/962 2279/1098/962 2278/1095/962
f 2272/1097/963 2273/1099/963 2280/1100/963 2279/1098/963
f 2273/1099/964 2274/1101/964 2281/1102/964 2280/1100/964
f 2274/1101/965 2275/1103/965 2282/1104/965 2281/1102/965
f 2275/1103/966 2276/1105/966 2283/1106/966 2282/1104/966
f 2277/1096/967 2278/1095/967 2285/1107/967 2284/1108/967
f 2278/1095/968 2279/1098/968 2286/1109/968 2285/1107/968
f 2279/1098/969 2280/1100/969 2287/1110/969 2286/1109/969
f 2280/1100/970 2281/1102/970 2288/1111/970 2287/1110/970
f 2281/1102/971 2282/1104/971 2289/1112/971 2288/1111/971
f 2282/1104/972 2283/1106/972 2290/1113/972 2289/1112/972
f 2284/1108/973 2285/1107/973 2292/1114/973 2291/1115/973
f 2285/1107/974 2286/1109/974 2293/1116/974 2292/1114/974
f 2286/1109/975 2287/1110/975 2294/1117/975 2293/1116/975
f 2287/1110/976 2288/1111/976 2295/1118/976 2294/1117/976
f 2288/1111/977 2289/1112/977 2296/1119/977 2295/1118/977
f 2289/1112/978 2290/1113/978 2297/1120/978 2296/1119/978
f 2291/1115/979 2292/1114/979 2299/1121/979 2298/1122/979
f 2292/1114/980 2293/1116/980 2300/1123/980 2299/1121/980
f 2293/1116/981 2294/1117/981 2301/1124/981 2300/1123/981
f 2294/1117/982 2295/1118/982 2302/1125/982 2301/1124/982
f 2295/1118/983 2296/1119/983 2303/1126/983 2302/1125/983
f 2296/1119/984 2297/1120/984 2304/1127/984 2303/1126/984
f 2298/1122/985 2299/1121/985 2306/1128/985 2305/1129/985
f 2299/1121/986 2300/1123/986 2307/1130/986 2306/1128/986
f 2300/1123/987 2301/1124/987 2308/1131/987 2307/1130/987
f 2301/1124/988 2302/1125/988 2309/1132/988 2308/1131/988
f 2302/1125/989 2303/1126/989 2310/1133/989 2309/1132/989
f 2303/1126/990 2304/1127/990 2311/1134/990 2310/1133/990
f 2305/1129/991 2306/1128/991 2313/1135/991 2312/1136/991
f 2306/1128/992 2307/1130/992 2314/1137/992 2313/1135/992
f 2307/1130/993 2308/1131/993 2315/1138/993 2314/1137/993
f 2308/1131/994 2309/1132/994 2316/1139/994 2315/1138/994
f 2309/1132/995 2310/1133/995 2317/1140/995 2316/1139/995
f 2310/1133/996 2311/1134/996 2318/1141/996 2317/1140/996
f 924/1087/997 1240/1085/997 2270/1093/997 1269/1142/997
f 1240/1085/998 1239/1084/998 2271/1094/998 2270/1093/998
f 1239/1084/999 1238/1083/999 2272/1097/999 2271/1094/999
f 1238/1083/1000 1237/1082/1000 2273/1099/1000 2272/1097/1000
f 1237/1082/1001 1236/1081/1001 2274/1101/1001 2273/1099/1001
f 1236/1081/1002 1235/1080/1002 2275/1103/1002 2274/1101/1002
f 1235/1080/1003 1234/1079/1003 2276/1105/1003 2275/1103/1003
f 1234/1079/1004 918/1078/1004 1178/1143/1004 2276/1105/1004
f 2276/1105/1005 1178/1143/1005 1179/1144/1005 2283/1106/1005
f 2283/1106/1006 1179/1144/1006 1180/1145/1006 2290/1113/1006
f 2290/1113/1007 1180/1145/1007 1181/1146/1007 2297/1120/1007
f 2297/1120/1008 1181/1146/1008 1182/1147/1008 2304/1127/1008
f 2304/1127/1009 1182/1147/1009 1183/1148/1009 2311/1134/1009
f 2311/1134/1010 1183/1148/1010 1184/1149/1010 2318/1141/1010
f 2318/1141/1011 1184/1149/1011 922/1150/1011 1241/1151/1011
f 2317/1140/1796 2318/1141/1796 1241/1151/1796 1242/1152/1796
f 2316/1139/1013 2317/1140/1013 1242/1152/1013 1243/1153/1013
f 2315/1138/1014 2316/1139/1014 1243/1153/1014 1244/1154/1014
f 2314/1137/1015 2315/1138/1015 1244/1154/1015 1245/1155/1015
f 2313/1135/1016 2314/1137/1016 1245/1155/1016 1246/1156/1016
f 2312/1136/1017 2313/1135/1017 1246/1156/1017 1247/1157/1017
f 1275/1158/1018 2312/1136/1018 1247/1157/1018 925/1159/1018
f 1274/1160/1019 2305/1129/1019 2312/1136/1019 1275/1158/1019
f 1273/1161/1020 2298/1122/1020 2305/1129/1020 1274/1160/1020
f 1272/1162/1021 2291/1115/1021 2298/1122/1021 1273/1161/1021
f 1271/1163/1022 2284/1108/1022 2291/1115/1022 1272/1162/1022
f 1270/1164/1023 2277/1096/1023 2284/1108/1023 1271/1163/1023
f 1269/1142/1024 2270/1093/1024 2277/1096/1024 1270/1164/1024
f 2319/1165/1025 2320/1166/1025 2327/1167/1025 2326/1168/1025
f 2320/1166/1026 2321/1169/1026 2328/1170/1026 2327/1167/1026
f 2321/1169/1027 2322/1171/1027 2329/1172/1027 2328/1170/1027
f 2322/1171/1028 2323/1173/1028 2330/1174/1028 2329/1172/1028
f 2323/1173/1029 2324/1175/1029 2331/1176/1029 2330/1174/1029
f 2324/1175/1030 2325/1177/1030 2332/1178/1030 2331/1176/1030
f 2326/1168/1031 2327/1167/1031 2334/1179/1031 2333/1180/1031
f 2327/1167/1032 2328/1170/1032 2335/1181/1032 2334/1179/1032
f 2328/1170/1033 2329/1172/1033 2336/1182/1033 2335/1181/1033
f 2329/1172/1034 2330/1174/1034 2337/1183/1034 2336/1182/1034
f 2330/1174/1035 2331/1176/1035 2338/1184/1035 2337/1183/1035
f 2331/1176/1036 2332/1178/1036 2339/1185/1036 2338/1184/1036
f 2333/1180/1037 2334/1179/1037 2341/1186/1037 2340/1187/1037
f 2334/1179/1038 2335/1181/1038 2342/1188/1038 2341/1186/1038
f 2335/1181/1039 2336/1182/1039 2343/1189/1039 2342/1188/1039
f 2336/1182/1797 2337/1183/1797 2344/1190/1797 2343/1189/1797
f 2337/1183/1041 2338/1184/1041 2345/1191/1041 2344/1190/1041
f 2338/1184/1042 2339/1185/1042 2346/1192/1042 2345/1191/1042
f 2340/1187/1043 2341/1186/1043 2348/1193/1043 2347/1194/1043
f 2341/1186/1798 2342/1188/1798 2349/1195/1798 2348/1193/1798
f 2342/1188/1045 2343/1189/1045 2350/1196/1045 2349/1195/1045
f 2343/1189/1046 2344/1190/1046 2351/1197/1046 2350/1196/1046
f 2344/1190/1047 2345/1191/1047 2352/1198/1047 2351/1197/1047
f 2345/1191/1048 2346/1192/1048 2353/1199/1048 2352/1198/1048
f 2347/1194/1049 2348/1193/1049 2355/1200/1049 2354/1201/1049
f 2348/1193/1050 2349/1195/1050 2356/1202/1050 2355/1200/1050
f 2349/1195/1051 2350/1196/1051 2357/1203/1051 2356/1202/1051
f 2350/1196/1052 2351/1197/1052 2358/1204/1052 2357/1203/1052
f 2351/1197/1053 2352/1198/1053 2359/1205/1053 2358/1204/1053
f 2352/1198/1054 2353/1199/1054 2360/1206/1054 2359/1205/1054
f 2354/1201/1055 2355/1200/1055 2362/1207/1055 2361/1208/1055
f 2355/1200/1056 2356/1202/1056 2363/1209/1056 2362/1207/1056
f 2356/1202/1057 2357/1203/1057 2364/1210/1057 2363/1209/1057
f 2357/1203/1058 2358/1204/1058 2365/1211/1058 2364/1210/1058
f 2358/1204/1059 2359/1205/1059 2366/1212/1059 2365/1211/1059
f 2359/1205/1060 2360/1206/1060 2367/1213/1060 2366/1212/1060
f 925/1159/1061 1247/1157/1061 2319/1165/1061 1262/1214/1061
f 1247/1157/1062 1246/1156/1062 2320/1166/1062 2319/1165/1062
f 1246/1156/1063 1245/1155/1063 2321/1169/1063 2320/1166/1063
f 1245/1155/1064 1244/1154/1064 2322/1171/1064 2321/1169/1064
f 1244/1154/1065 1243/1153/1065 2323/1173/1065 2322/1171/1065
f 1243/1153/1066 1242/1152/1066 2324/1175/1066 2323/1173/1066
f 1242/1152/1067 1241/1151/1067 2325/1177/1067 2324/1175/1067
f 1241/1151/1068 922/1150/1068 1199/1215/1068 2325/1177/1068
f 2325/1177/1069 1199/1215/1069 1200/1216/1069 2332/1178/1069
f 2332/1178/1070 1200/1216/1070 1201/1217/1070 2339/1185/1070
f 2339/1185/1071 1201/1217/1071 1202/1218/1071 2346/1192/1071
f 2346/1192/1072 1202/1218/1072 1203/1219/1072 2353/1199/1072
f 2353/1199/1073 1203/1219/1073 1204/1220/1073 2360/1206/1073
f 2360/1206/1074 1204/1220/1074 1205/1221/1074 2367/1213/1074
f 2367/1213/1075 1205/1221/1075 920/1222/1075 1248/1223/1075
f 2366/1212/1076 2367/1213/1076 1248/1223/1076 1249/1224/1076
f 2365/1211/1077 2366/1212/1077 1249/1224/1077 1250/1225/1077
f 2364/1210/1078 2365/1211/1078 1250/1225/1078 1251/1226/1078
f 2363/1209/1079 2364/1210/1079 1251/1226/1079 1252/1227/1079
f 2362/1207/1080 2363/1209/1080 1252/1227/1080 1253/1228/1080
f 2361/1208/1081 2362/1207/1081 1253/1228/1081 1254/1229/1081
f 1268/1230/1799 2361/1208/1799 1254/1229/1799 926/1231/1799
f 1267/1232/1083 2354/1201/1083 2361/1208/1083 1268/1230/1083
f 1266/1233/1084 2347/1194/1084 2354/1201/1084 1267/1232/1084
f 1265/1234/1085 2340/1187/1085 2347/1194/1085 1266/1233/1085
f 1264/1235/1086 2333/1180/1086 2340/1187/1086 1265/1234/1086
f 1263/1236/1087 2326/1168/1087 2333/1180/1087 1264/1235/1087
f 1262/1214/1088 2319/1165/1088 2326/1168/1088 1263/1236/1088
f 2368/1237/1089 2369/1238/1089 2376/1239/1089 2375/1240/1089
f 2369/1238/1090 2370/1241/1090 2377/1242/1090 2376/1239/1090
f 2370/1241/1091 2371/1243/1091 2378/1244/1091 2377/1242/1091
f 2371/1243/1092 2372/1245/1092 2379/1246/1092 2378/1244/1092
f 2372/1245/1093 2373/1247/1093 2380/1248/1093 2379/1246/1093
f 2373/1247/1094 2374/1249/1094 2381/1250/1094 2380/1248/1094
f 2375/1240/1095 2376/1239/1095 2383/1251/1095 2382/1252/1095
f 2376/1239/1096 2377/1242/1096 2384/1253/1096 2383/1251/1096
f 2377/1242/1097 2378/1244/1097 2385/1254/1097 2384/1253/1097
f 2378/1244/1098 2379/1246/1098 2386/1255/1098 2385/1254/1098
f 2379/1246/1099 2380/1248/1099 2387/1256/1099 2386/1255/1099
f 2380/1248/1100 2381/1250/1100 2388/1257/1100 2387/1256/1100
f 2382/1252/1101 2383/1251/1101 2390/1258/1101 2389/1259/1101
f 2383/1251/1102 2384/1253/1102 2391/1260/1102 2390/1258/1102
f 2384/1253/1103 2385/1254/1103 2392/1261/1103 2391/1260/1103
f 2385/1254/1104 2386/1255/1104 2393/1262/1104 2392/1261/1104
f 2386/1255/1105 2387/1256/1105 2394/1263/1105 2393/1262/1105
f 2387/1256/1106 2388/1257/1106 2395/1264/1106 2394/1263/1106
f 2389/1259/1107 2390/1258/1107 2397/1265/1107 2396/1266/1107
f 2390/1258/1108 2391/1260/1108 2398/1267/1108 2397/1265/1108
f 2391/1260/1109 2392/1261/1109 2399/1268/1109 2398/1267/1109
f 2392/1261/1110 2393/1262/1110 2400/1269/1110 2399/1268/1110
f 2393/1262/1111 2394/1263/1111 2401/1270/1111 2400/1269/1111
f 2394/1263/1112 2395/1264/1112 2402/1271/1112 2401/1270/1112
f 2396/1266/1113 2397/1265/1113 2404/1272/1113 2403/1273/1113
f 2397/1265/1114 2398/1267/1114 2405/1274/1114 2404/1272/1114
f 2398/1267/1115 2399/1268/1115 2406/1275/1115 2405/1274/1115
f 2399/1268/1116 2400/1269/1116 2407/1276/1116 2406/1275/1116
f 2400/1269/1117 2401/1270/1117 2408/1277/1117 2407/1276/1117
f 2401/1270/1118 2402/1271/1118 2409/1278/1118 2408/1277/1118
f 2403/1273/1119 2404/1272/1119 2411/1279/1119 2410/1280/1119
f 2404/1272/1120 2405/1274/1120 2412/1281/1120 2411/1279/1120
f 2405/1274/1121 2406/1275/1121 2413/1282/1121 2412/1281/1121
f 2406/1275/1122 2407/1276/1122 2414/1283/1122 2413/1282/1122
f 2407/1276/1123 2408/1277/1123 2415/1284/1123 2414/1283/1123
f 2408/1277/1124 2409/1278/1124 2416/1285/1124 2415/1284/1124
f 926/1231/1125 1254/1229/1125 2368/1237/1125 1255/1286/1125
f 1254/1229/1126 1253/1228/1126 2369/1238/1126 2368/1237/1126
f 1253/1228/1127 1252/1227/1127 2370/1241/1127 2369/1238/1127
f 1252/1227/1128 1251/1226/1128 2371/1243/1128 2370/1241/1128
f 1251/1226/1129 1250/1225/1129 2372/1245/1129 2371/1243/1129
f 1250/1225/1130 1249/1224/1130 2373/1247/1130 2372/1245/1130
f 1249/1224/1131 1248/1223/1131 2374/1249/1131 2373/1247/1131
f 1248/1223/1132 920/1222/1132 1220/1287/1132 2374/1249/1132
f 2374/1249/1133 1220/1287/1133 1221/1288/1133 2381/1250/1133
f 2381/1250/1134 1221/1288/1134 1222/1289/1134 2388/1257/1134
f 2388/1257/1135 1222/1289/1135 1223/1290/1135 2395/1264/1135
f 2395/1264/1136 1223/1290/1136 1224/1291/1136 2402/1271/1136
f 2402/1271/1137 1224/1291/1137 1225/1292/1137 2409/1278/1137
f 2409/1278/1138 1225/1292/1138 1226/1293/1138 2416/1285/1138
f 2416/1285/1139 1226/1293/1139 916/1294/1139 1156/1295/1139
f 2415/1284/1140 2416/1285/1140 1156/1295/1140 1155/1296/1140
f 2414/1283/1141 2415/1284/1141 1155/1296/1141 1154/1297/1141
f 2413/1282/1142 2414/1283/1142 1154/1297/1142 1153/1298/1142
f 2412/1281/1143 2413/1282/1143 1153/1298/1143 1152/1299/1143
f 2411/1279/1144 2412/1281/1144 1152/1299/1144 1151/1300/1144
f 2410/1280/1145 2411/1279/1145 1151/1300/1145 1150/1301/1145
f 1261/1302/1146 2410/1280/1146 1150/1301/1146 923/1303/1146
f 1260/1304/1147 2403/1273/1147 2410/1280/1147 1261/1302/1147
f 1259/1305/1148 2396/1266/1148 2403/1273/1148 1260/1304/1148
f 1258/1306/1149 2389/1259/1149 2396/1266/1149 1259/1305/1149
f 1257/1307/1150 2382/1252/1150 2389/1259/1150 1258/1306/1150
f 1256/1308/1151 2375/1240/1151 2382/1252/1151 1257/1307/1151
f 1255/1286/1152 2368/1237/1152 2375/1240/1152 1256/1308/1152
f 2417/1309/1153 2418/1310/1153 2425/1311/1153 2424/1312/1153
f 2418/1310/1154 2419/1313/1154 2426/1314/1154 2425/1311/1154
f 2419/1313/1155 2420/1315/1155 2427/1316/1155 2426/1314/1155
f 2420/1315/1156 2421/1317/1156 2428/1318/1156 2427/1316/1156
f 2421/1317/1157 2422/1319/1157 2429/1320/1157 2428/1318/1157
f 2422/1319/1158 2423/1321/1158 2430/1322/1158 2429/1320/1158
f 2424/1312/1159 2425/1311/1159 2432/1323/1159 2431/1324/1159
f 2425/1311/1160 2426/1314/1160 2433/1325/1160 2432/1323/1160
f 2426/1314/1161 2427/1316/1161 2434/1326/1161 2433/1325/1161
f 2427/1316/1162 2428/1318/1162 2435/1327/1162 2434/1326/1162
f 2428/1318/1163 2429/1320/1163 2436/1328/1163 2435/1327/1163
f 2429/1320/1164 2430/1322/1164 2437/1329/1164 2436/1328/1164
f 2431/1324/1165 2432/1323/1165 2439/1330/1165 2438/1331/1165
f 2432/1323/1166 2433/1325/1166 2440/1332/1166 2439/1330/1166
f 2433/1325/1167 2434/1326/1167 2441/1333/1167 2440/1332/1167
f 2434/1326/1168 2435/1327/1168 2442/1334/1168 2441/1333/1168
f 2435/1327/1169 2436/1328/1169 2443/1335/1169 2442/1334/1169
f 2436/1328/1170 2437/1329/1170 2444/1336/1170 2443/1335/1170
f 2438/1331/1171 2439/1330/1171 2446/1337/1171 2445/1338/1171
f 2439/1330/1172 2440/1332/1172 2447/1339/1172 2446/1337/1172
f 2440/1332/1173 2441/1333/1173 2448/1340/1173 2447/1339/1173
f 2441/1333/1174 2442/1334/1174 2449/1341/1174 2448/1340/1174
f 2442/1334/1175 2443/1335/1175 2450/1342/1175 2449/1341/1175
f 2443/1335/1176 2444/1336/1176 2451/1343/1176 2450/1342/1176
f 2445/1338/1177 2446/1337/1177 2453/1344/1177 2452/1345/1177
f 2446/1337/1178 2447/1339/1178 2454/1346/1178 2453/1344/1178
f 2447/1339/1179 2448/1340/1179 2455/1347/1179 2454/1346/1179
f 2448/1340/1180 2449/1341/1180 2456/1348/1180 2455/1347/1180
f 2449/1341/1181 2450/1342/1181 2457/1349/1181 2456/1348/1181
f 2450/1342/1182 2451/1343/1182 2458/1350/1182 2457/1349/1182
f 2452/1345/1183 2453/1344/1183 2460/1351/1183 2459/1352/1183
f 2453/1344/1184 2454/1346/1184 2461/1353/1184 2460/1351/1184
f 2454/1346/1185 2455/1347/1185 2462/1354/1185 2461/1353/1185
f 2455/1347/1186 2456/1348/1186 2463/1355/1186 2462/1354/1186
f 2456/1348/1187 2457/1349/1187 2464/1356/1187 2463/1355/1187
f 2457/1349/1188 2458/1350/1188 2465/1357/1188 2464/1356/1188
f 917/1358/1189 1177/1359/1189 2417/1309/1189 1143/1360/1189
f 1177/1359/1190 1176/1361/1190 2418/1310/1190 2417/1309/1190
f 1176/1361/1191 1175/1362/1191 2419/1313/1191 2418/1310/1191
f 1175/1362/1192 1174/1363/1192 2420/1315/1192 2419/1313/1192
f 1174/1363/1193 1173/1364/1193 2421/1317/1193 2420/1315/1193
f 1173/1364/1194 1172/1365/1194 2422/1319/1194 2421/1317/1194
f 1172/1365/1195 1171/1366/1195 2423/1321/1195 2422/1319/1195
f 1171/1366/1196 921/1367/1196 1198/1368/1196 2423/1321/1196
f 2423/1321/1197 1198/1368/1197 1197/1369/1197 2430/1322/1197
f 2430/1322/1198 1197/1369/1198 1196/1370/1198 2437/1329/1198
f 2437/1329/1199 1196/1370/1199 1195/1371/1199 2444/1336/1199
f 2444/1336/1200 1195/1371/1200 1194/1372/1200 2451/1343/1200
f 2451/1343/1201 1194/1372/1201 1193/1373/1201 2458/1350/1201
f 2458/1350/1202 1193/1373/1202 1192/1374/1202 2465/1357/1202
f 2465/1357/1203 1192/1374/1203 919/1375/1203 1219/1376/1203
f 2464/1356/1204 2465/1357/1204 1219/1376/1204 1218/1377/1204
f 2463/1355/1205 2464/1356/1205 1218/1377/1205 1217/1378/1205
f 2462/1354/1206 2463/1355/1206 1217/1378/1206 1216/1379/1206
f 2461/1353/1207 2462/1354/1207 1216/1379/1207 1215/1380/1207
f 2460/1351/1208 2461/1353/1208 1215/1380/1208 1214/1381/1208
f 2459/1352/1209 2460/1351/1209 1214/1381/1209 1213/1382/1209
f 1149/1383/1210 2459/1352/1210 1213/1382/1210 915/1384/1210
f 1148/1385/1211 2452/1345/1211 2459/1352/1211 1149/1383/1211
f 1147/1386/1212 2445/1338/1212 2452/1345/1212 1148/1385/1212
f 1146/1387/1213 2438/1331/1213 2445/1338/1213 1147/1386/1213
f 1145/1388/1214 2431/1324/1214 2438/1331/1214 1146/1387/1214
f 1144/1389/1215 2424/1312/1215 2431/1324/1215 1145/1388/1215
f 1143/1360/1216 2417/1309/1216 2424/1312/1216 1144/1389/1216
f 2466/1390/1217 2467/1391/1217 2474/1392/1217 2473/1393/1217
f 2467/1391/1218 2468/1394/1218 2475/1395/1218 2474/1392/1218
f 2468/1394/1219 2469/1396/1219 2476/1397/1219 2475/1395/1219
f 2469/1396/1220 2470/1398/1220 2477/1399/1220 2476/1397/1220
f 2470/1398/1221 2471/1400/1221 2478/1401/1221 2477/1399/1221
f 2471/1400/1222 2472/1402/1222 2479/1403/1222 2478/1401/1222
f 2473/1393/1223 2474/1392/1223 2481/1404/1223 2480/1405/1223
f 2474/1392/1224 2475/1395/1224 2482/1406/1224 2481/1404/1224
f 2475/1395/1225 2476/1397/1225 2483/1407/1225 2482/1406/1225
f 2476/1397/1226 2477/1399/1226 2484/1408/1226 2483/1407/1226
f 2477/1399/1227 2478/1401/1227 2485/1409/1227 2484/1408/1227
f 2478/1401/1228 2479/1403/1228 2486/1410/1228 2485/1409/1228
f 2480/1405/1229 2481/1404/1229 2488/1411/1229 2487/1412/1229
f 2481/1404/1230 2482/1406/1230 2489/1413/1230 2488/1411/1230
f 2482/1406/1231 2483/1407/1231 2490/1414/1231 2489/1413/1231
f 2483/1407/1232 2484/1408/1232 2491/1415/1232 2490/1414/1232
f 2484/1408/1233 2485/1409/1233 2492/1416/1233 2491/1415/1233
f 2485/1409/1234 2486/1410/1234 2493/1417/1234 2492/1416/1234
f 2487/1412/1235 2488/1411/1235 2495/1418/1235 2494/1419/1235
f 2488/1411/1236 2489/1413/1236 2496/1420/1236 2495/1418/1236
f 2489/1413/1237 2490/1414/1237 2497/1421/1237 2496/1420/1237
f 2490/1414/1238 2491/1415/1238 2498/1422/1238 2497/1421/1238
f 2491/1415/1239 2492/1416/1239 2499/1423/1239 2498/1422/1239
f 2492/1416/1240 2493/1417/1240 2500/1424/1240 2499/1423/1240
f 2494/1419/1241 2495/1418/1241 2502/1425/1241 2501/1426/1241
f 2495/1418/1242 2496/1420/1242 2503/1427/1242 2502/1425/1242
f 2496/1420/1243 2497/1421/1243 2504/1428/1243 2503/1427/1243
f 2497/1421/1244 2498/1422/1244 2505/1429/1244 2504/1428/1244
f 2498/1422/1245 2499/1423/1245 2506/1430/1245 2505/1429/1245
f 2499/1423/1246 2500/1424/1246 2507/1431/1246 2506/1430/1246
f 2501/1426/1247 2502/1425/1247 2509/1432/1247 2508/1433/1247
f 2502/1425/1248 2503/1427/1248 2510/1434/1248 2509/1432/1248
f 2503/1427/1249 2504/1428/1249 2511/1435/1249 2510/1434/1249
f 2504/1428/1250 2505/1429/1250 2512/1436/1250 2511/1435/1250
f 2505/1429/1251 2506/1430/1251 2513/1437/1251 2512/1436/1251
f 2506/1430/1252 2507/1431/1252 2514/1438/1252 2513/1437/1252
f 922/1150/1800 1184/1439/1800 2466/1390/1800 1199/1215/1800
f 1184/1439/1254 1183/1440/1254 2467/1391/1254 2466/1390/1254
f 1183/1440/1255 1182/1441/1255 2468/1394/1255 2467/1391/1255
f 1182/1441/1256 1181/1442/1256 2469/1396/1256 2468/1394/1256
f 1181/1442/1257 1180/1443/1257 2470/1398/1257 2469/1396/1257
f 1180/1443/1258 1179/1444/1258 2471/1400/1258 2470/1398/1258
f 1179/1444/1259 1178/1445/1259 2472/1402/1259 2471/1400/1259
f 1178/1445/1260 918/1446/1260 1163/1447/1260 2472/1402/1260
f 2472/1402/1261 1163/1447/1261 1162/1448/1261 2479/1403/1261
f 2479/1403/1262 1162/1448/1262 1161/1449/1262 2486/1410/1262
f 2486/1410/1263 1161/1449/1263 1160/1450/1263 2493/1417/1263
f 2493/1417/1264 1160/1450/1264 1159/1451/1264 2500/1424/1264
f 2500/1424/1265 1159/1451/1265 1158/1452/1265 2507/1431/1265
f 2507/1431/1266 1158/1452/1266 1157/1453/1266 2514/1438/1266
f 2514/1438/1267 1157/1453/1267 916/1454/1267 1226/1455/1267
f 2513/1437/1268 2514/1438/1268 1226/1455/1268 1225/1456/1268
f 2512/1436/1269 2513/1437/1269 1225/1456/1269 1224/1457/1269
f 2511/1435/1270 2512/1436/1270 1224/1457/1270 1223/1458/1270
f 2510/1434/1271 2511/1435/1271 1223/1458/1271 1222/1459/1271
f 2509/1432/1272 2510/1434/1272 1222/1459/1272 1221/1460/1272
f 2508/1433/1273 2509/1432/1273 1221/1460/1273 1220/1461/1273
f 1205/1221/1274 2508/1433/1274 1220/1461/1274 920/1222/1274
f 1204/1220/1275 2501/1426/1275 2508/1433/1275 1205/1221/1275
f 1203/1219/1276 2494/1419/1276 2501/1426/1276 1204/1220/1276
f 1202/1218/1801 2487/1412/1801 2494/1419/1801 1203/1219/1801
f 1201/1217/1278 2480/1405/1278 2487/1412/1278 1202/1218/1278
f 1200/1216/1279 2473/1393/1279 2480/1405/1279 1201/1217/1279
f 1199/1215/1280 2466/1390/1280 2473/1393/1280 1200/1216/1280
f 2515/1462/1281 2516/1463/1281 2523/1464/1281 2522/1465/1281
f 2516/1463/1282 2517/1466/1282 2524/1467/1282 2523/1464/1282
f 2517/1466/1283 2518/1468/1283 2525/1469/1283 2524/1467/1283
f 2518/1468/1284 2519/1470/1284 2526/1471/1284 2525/1469/1284
f 2519/1470/1285 2520/1472/1285 2527/1473/1285 2526/1471/1285
f 2520/1472/1286 2521/1474/1286 2528/1475/1286 2527/1473/1286
f 2522/1465/1287 2523/1464/1287 2530/1476/1287 2529/1477/1287
f 2523/1464/1288 2524/1467/1288 2531/1478/1288 2530/1476/1288
f 2524/1467/1289 2525/1469/1289 2532/1479/1289 2531/1478/1289
f 2525/1469/1290 2526/1471/1290 2533/1480/1290 2532/1479/1290
f 2526/1471/1291 2527/1473/1291 2534/1481/1291 2533/1480/1291
f 2527/1473/1292 2528/1475/1292 2535/1482/1292 2534/1481/1292
f 2529/1477/1293 2530/1476/1293 2537/1483/1293 2536/1484/1293
f 2530/1476/1294 2531/1478/1294 2538/1485/1294 2537/1483/1294
f 2531/1478/1295 2532/1479/1295 2539/1486/1295 2538/1485/1295
f 2532/1479/1296 2533/1480/1296 2540/1487/1296 2539/1486/1296
f 2533/1480/1297 2534/1481/1297 2541/1488/1297 2540/1487/1297
f 2534/1481/1298 2535/1482/1298 2542/1489/1298 2541/1488/1298
f 2536/1484/1299 2537/1483/1299 2544/1490/1299 2543/1491/1299
f 2537/1483/1300 2538/1485/1300 2545/1492/1300 2544/1490/1300
f 2538/1485/1301 2539/1486/1301 2546/1493/1301 2545/1492/1301
f 2539/1486/1302 2540/1487/1302 2547/1494/1302 2546/1493/1302
f 2540/1487/1303 2541/1488/1303 2548/1495/1303 2547/1494/1303
f 2541/1488/1304 2542/1489/1304 2549/1496/1304 2548/1495/1304
f 2543/1491/1305 2544/1490/1305 2551/1497/1305 2550/1498/1305
f 2544/1490/1306 2545/1492/1306 2552/1499/1306 2551/1497/1306
f 2545/1492/1307 2546/1493/1307 2553/1500/1307 2552/1499/1307
f 2546/1493/1308 2547/1494/1308 2554/1501/1308 2553/1500/1308
f 2547/1494/1309 2548/1495/1309 2555/1502/1309 2554/1501/1309
f 2548/1495/1310 2549/1496/1310 2556/1503/1310 2555/1502/1310
f 2550/1498/1311 2551/1497/1311 2558/1504/1311 2557/1505/1311
f 2551/1497/1312 2552/1499/1312 2559/1506/1312 2558/1504/1312
f 2552/1499/1313 2553/1500/1313 2560/1507/1313 2559/1506/1313
f 2553/1500/1314 2554/1501/1314 2561/1508/1314 2560/1507/1314
f 2554/1501/1315 2555/1502/1315 2562/1509/1315 2561/1508/1315
f 2555/1502/1316 2556/1503/1316 2563/1510/1316 2562/1509/1316
f 929/1511/1317 1303/1512/1317 2515/1462/1317 1332/1513/1317
f 1303/1512/1318 1302/1514/1318 2516/1463/1318 2515/1462/1318
f 1302/1514/1319 1301/1515/1319 2517/1466/1319 2516/1463/1319
f 1301/1515/1320 1300/1516/1320 2518/1468/1320 2517/1466/1320
f 1300/1516/1321 1299/1517/1321 2519/1470/1321 2518/1468/1321
f 1299/1517/1322 1298/1518/1322 2520/1472/1322 2519/1470/1322
f 1298/1518/1323 1297/1519/1323 2521/1474/1323 2520/1472/1323
f 1297/1519/1324 926/1231/1324 1255/1286/1324 2521/1474/1324
f 2521/1474/1325 1255/1286/1325 1256/1308/1325 2528/1475/1325
f 2528/1475/1802 1256/1308/1802 1257/1307/1802 2535/1482/1802
f 2535/1482/1327 1257/1307/1327 1258/1306/1327 2542/1489/1327
f 2542/1489/1328 1258/1306/1328 1259/1305/1328 2549/1496/1328
f 2549/1496/1329 1259/1305/1329 1260/1304/1329 2556/1503/1329
f 2556/1503/1330 1260/1304/1330 1261/1302/1330 2563/1510/1330
f 2563/1510/1331 1261/1302/1331 923/1303/1331 1233/1520/1331
f 2562/1509/1332 2563/1510/1332 1233/1520/1332 1232/1521/1332
f 2561/1508/1333 2562/1509/1333 1232/1521/1333 1231/1522/1333
f 2560/1507/1334 2561/1508/1334 1231/1522/1334 1230/1523/1334
f 2559/1506/1335 2560/1507/1335 1230/1523/1335 1229/1524/1335
f 2558/1504/1336 2559/1506/1336 1229/1524/1336 1228/1525/1336
f 2557/1505/1337 2558/1504/1337 1228/1525/1337 1227/1526/1337
f 1338/1527/1338 2557/1505/1338 1227/1526/1338 930/1528/1338
f 1337/1529/1339 2550/1498/1339 2557/1505/1339 1338/1527/1339
f 1336/1530/1340 2543/1491/1340 2550/1498/1340 1337/1529/1340
f 1335/1531/1341 2536/1484/1341 2543/1491/1341 1336/1530/1341
f 1334/1532/1342 2529/1477/1342 2536/1484/1342 1335/1531/1342
f 1333/1533/1343 2522/1465/1343 2529/1477/1343 1334/1532/1343
f 1332/1513/1344 2515/1462/1344 2522/1465/1344 1333/1533/1344
f 2564/1534/1345 2565/1535/1345 2572/1536/1345 2571/1537/1345
f 2565/1535/1346 2566/1538/1346 2573/1539/1346 2572/1536/1346
f 2566/1538/1347 2567/1540/1347 2574/1541/1347 2573/1539/1347
f 2567/1540/1348 2568/1542/1348 2575/1543/1348 2574/1541/1348
f 2568/1542/1349 2569/1544/1349 2576/1545/1349 2575/1543/1349
f 2569/1544/1350 2570/1546/1350 2577/1547/1350 2576/1545/1350
f 2571/1537/1351 2572/1536/1351 2579/1548/1351 2578/1549/1351
f 2572/1536/1352 2573/1539/1352 2580/1550/1352 2579/1548/1352
f 2573/1539/1803 2574/1541/1803 2581/1551/1803 2580/1550/1803
f 2574/1541/1354 2575/1543/1354 2582/1552/1354 2581/1551/1354
f 2575/1543/1355 2576/1545/1355 2583/1553/1355 2582/1552/1355
f 2576/1545/1356 2577/1547/1356 2584/1554/1356 2583/1553/1356
f 2578/1549/1357 2579/1548/1357 2586/1555/1357 2585/1556/1357
f 2579/1548/1358 2580/1550/1358 2587/1557/1358 2586/1555/1358
f 2580/1550/1359 2581/1551/1359 2588/1558/1359 2587/1557/1359
f 2581/1551/1360 2582/1552/1360 2589/1559/1360 2588/1558/1360
f 2582/1552/1804 2583/1553/1804 2590/1560/1804 2589/1559/1804
f 2583/1553/1362 2584/1554/1362 2591/1561/1362 2590/1560/1362
f 2585/1556/1363 2586/1555/1363 2593/1562/1363 2592/1563/1363
f 2586/1555/1364 2587/1557/1364 2594/1564/1364 2593/1562/1364
f 2587/1557/1365 2588/1558/1365 2595/1565/1365 2594/1564/1365
f 2588/1558/1366 2589/1559/1366 2596/1566/1366 2595/1565/1366
f 2589/1559/1367 2590/1560/1367 2597/1567/1367 2596/1566/1367
f 2590/1560/1368 2591/1561/1368 2598/1568/1368 2597/1567/1368
f 2592/1563/1369 2593/1562/1369 2600/1569/1369 2599/1570/1369
f 2593/1562/1370 2594/1564/1370 2601/1571/1370 2600/1569/1370
f 2594/1564/1371 2595/1565/1371 2602/1572/1371 2601/1571/1371
f 2595/1565/1372 2596/1566/1372 2603/1573/1372 2602/1572/1372
f 2596/1566/1373 2597/1567/1373 2604/1574/1373 2603/1573/1373
f 2597/1567/1374 2598/1568/1374 2605/1575/1374 2604/1574/1374
f 2599/1570/1375 2600/1569/1375 2607/1576/1375 2606/1577/1375
f 2600/1569/1376 2601/1571/1376 2608/1578/1376 2607/1576/1376
f 2601/1571/1377 2602/1572/1377 2609/1579/1377 2608/1578/1377
f 2602/1572/1378 2603/1573/1378 2610/1580/1378 2609/1579/1378
f 2603/1573/1379 2604/1574/1379 2611/1581/1379 2610/1580/1379
f 2604/1574/1380 2605/1575/1380 2612/1582/1380 2611/1581/1380
f 928/1583/1381 1296/1584/1381 2564/1534/1381 1325/1585/1381
f 1296/1584/1382 1295/1586/1382 2565/1535/1382 2564/1534/1382
f 1295/1586/1383 1294/1587/1383 2566/1538/1383 2565/1535/1383
f 1294/1587/1384 1293/1588/1384 2567/1540/1384 2566/1538/1384
f 1293/1588/1385 1292/1589/1385 2568/1542/1385 2567/1540/1385
f 1292/1589/1386 1291/1590/1386 2569/1544/1386 2568/1542/1386
f 1291/1590/1387 1290/1591/1387 2570/1546/1387 2569/1544/1387
f 1290/1591/1388 925/1592/1388 1262/1593/1388 2570/1546/1388
f 2570/1546/1389 1262/1593/1389 1263/1236/1389 2577/1547/1389
f 2577/1547/1390 1263/1236/1390 1264/1594/1390 2584/1554/1390
f 2584/1554/1391 1264/1594/1391 1265/1595/1391 2591/1561/1391
f 2591/1561/1392 1265/1595/1392 1266/1233/1392 2598/1568/1392
f 2598/1568/1393 1266/1233/1393 1267/1596/1393 2605/1575/1393
f 2605/1575/1394 1267/1596/1394 1268/1597/1394 2612/1582/1394
f 2612/1582/1395 1268/1597/1395 926/1598/1395 1297/1519/1395
f 2611/1581/1396 2612/1582/1396 1297/1519/1396 1298/1599/1396
f 2610/1580/1397 2611/1581/1397 1298/1599/1397 1299/1600/1397
f 2609/1579/1398 2610/1580/1398 1299/1600/1398 1300/1601/1398
f 2608/1578/1399 2609/1579/1399 1300/1601/1399 1301/1602/1399
f 2607/1576/1400 2608/1578/1400 1301/1602/1400 1302/1603/1400
f 2606/1577/1401 2607/1576/1401 1302/1603/1401 1303/1604/1401
f 1331/1605/1402 2606/1577/1402 1303/1604/1402 929/1606/1402
f 1330/1607/1403 2599/1570/1403 2606/1577/1403 1331/1605/1403
f 1329/1608/1404 2592/1563/1404 2599/1570/1404 1330/1607/1404
f 1328/1609/1405 2585/1556/1405 2592/1563/1405 1329/1608/1405
f 1327/1610/1406 2578/1549/1406 2585/1556/1406 1328/1609/1406
f 1326/1611/1407 2571/1537/1407 2578/1549/1407 1327/1610/1407
f 1325/1585/1408 2564/1534/1408 2571/1537/1408 1326/1611/1408
f 2613/1612/1409 2614/1613/1409 2621/1614/1409 2620/1615/1409
f 2614/1613/1410 2615/1616/1410 2622/1617/1410 2621/1614/1410
f 2615/1616/1411 2616/1618/1411 2623/1619/1411 2622/1617/1411
f 2616/1618/1412 2617/1620/1412 2624/1621/1412 2623/1619/1412
f 2617/1620/1413 2618/1622/1413 2625/1623/1413 2624/1621/1413
f 2618/1622/1414 2619/1624/1414 2626/1625/1414 2625/1623/1414
f 2620/1615/1415 2621/1614/1415 2628/1626/1415 2627/1627/1415
f 2621/1614/1416 2622/1617/1416 2629/1628/1416 2628/1626/1416
f 2622/1617/1417 2623/1619/1417 2630/1629/1417 2629/1628/1417
f 2623/1619/1418 2624/1621/1418 2631/1630/1418 2630/1629/1418
f 2624/1621/1419 2625/1623/1419 2632/1631/1419 2631/1630/1419
f 2625/1623/1420 2626/1625/1420 2633/1632/1420 2632/1631/1420
f 2627/1627/1421 2628/1626/1421 2635/1633/1421 2634/1634/1421
f 2628/1626/1422 2629/1628/1422 2636/1635/1422 2635/1633/1422
f 2629/1628/1423 2630/1629/1423 2637/1636/1423 2636/1635/1423
f 2630/1629/1424 2631/1630/1424 2638/1637/1424 2637/1636/1424
f 2631/1630/1425 2632/1631/1425 2639/1638/1425 2638/1637/1425
f 2632/1631/1426 2633/1632/1426 2640/1639/1426 2639/1638/1426
f 2634/1634/1427 2635/1633/1427 2642/1640/1427 2641/1641/1427
f 2635/1633/1428 2636/1635/1428 2643/1642/1428 2642/1640/1428
f 2636/1635/1429 2637/1636/1429 2644/1643/1429 2643/1642/1429
f 2637/1636/1430 2638/1637/1430 2645/1644/1430 2644/1643/1430
f 2638/1637/1431 2639/1638/1431 2646/1645/1431 2645/1644/1431
f 2639/1638/1432 2640/1639/1432 2647/1646/1432 2646/1645/1432
f 2641/1641/1433 2642/1640/1433 2649/1647/1433 2648/1648/1433
f 2642/1640/1434 2643/1642/1434 2650/1649/1434 2649/1647/1434
f 2643/1642/1435 2644/1643/1435 2651/1650/1435 2650/1649/1435
f 2644/1643/1436 2645/1644/1436 2652/1651/1436 2651/1650/1436
f 2645/1644/1437 2646/1645/1437 2653/1652/1437 2652/1651/1437
f 2646/1645/1438 2647/1646/1438 2654/1653/1438 2653/1652/1438
f 2648/1648/1439 2649/1647/1439 2656/1654/1439 2655/1655/1439
f 2649/1647/1440 2650/1649/1440 2657/1656/1440 2656/1654/1440
f 2650/1649/1441 2651/1650/1441 2658/1657/1441 2657/1656/1441
f 2651/1650/1442 2652/1651/1442 2659/1658/1442 2658/1657/1442
f 2652/1651/1443 2653/1652/1443 2660/1659/1443 2659/1658/1443
f 2653/1652/1444 2654/1653/1444 2661/1660/1444 2660/1659/1444
f 927/1661/1445 1289/1662/1445 2613/1612/1445 1318/1663/1445
f 1289/1662/1446 1288/1664/1446 2614/1613/1446 2613/1612/1446
f 1288/1664/1447 1287/1665/1447 2615/1616/1447 2614/1613/1447
f 1287/1665/1448 1286/1666/1448 2616/1618/1448 2615/1616/1448
f 1286/1666/1449 1285/1667/1449 2617/1620/1449 2616/1618/1449
f 1285/1667/1450 1284/1668/1450 2618/1622/1450 2617/1620/1450
f 1284/1668/1451 1283/1669/1451 2619/1624/1451 2618/1622/1451
f 1283/1669/1452 924/1670/1452 1269/1671/1452 2619/1624/1452
f 2619/1624/1453 1269/1671/1453 1270/1672/1453 2626/1625/1453
f 2626/1625/1454 1270/1672/1454 1271/1673/1454 2633/1632/1454
f 2633/1632/1455 1271/1673/1455 1272/1674/1455 2640/1639/1455
f 2640/1639/1456 1272/1674/1456 1273/1675/1456 2647/1646/1456
f 2647/1646/1457 1273/1675/1457 1274/1676/1457 2654/1653/1457
f 2654/1653/1458 1274/1676/1458 1275/1677/1458 2661/1660/1458
f 2661/1660/1459 1275/1677/1459 925/1592/1459 1290/1591/1459
f 2660/1659/1460 2661/1660/1460 1290/1591/1460 1291/1590/1460
f 2659/1658/1461 2660/1659/1461 1291/1590/1461 1292/1589/1461
f 2658/1657/1462 2659/1658/1462 1292/1589/1462 1293/1588/1462
f 2657/1656/1463 2658/1657/1463 1293/1588/1463 1294/1587/1463
f 2656/1654/1464 2657/1656/1464 1294/1587/1464 1295/1586/1464
f 2655/1655/1465 2656/1654/1465 1295/1586/1465 1296/1584/1465
f 1324/1678/1466 2655/1655/1466 1296/1584/1466 928/1583/1466
f 1323/1679/1467 2648/1648/1467 2655/1655/1467 1324/1678/1467
f 1322/1680/1468 2641/1641/1468 2648/1648/1468 1323/1679/1468
f 1321/1681/1469 2634/1634/1469 2641/1641/1469 1322/1680/1469
f 1320/1682/1470 2627/1627/1470 2634/1634/1470 1321/1681/1470
f 1319/1683/1471 2620/1615/1471 2627/1627/1471 1320/1682/1471
f 1318/1663/1472 2613/1612/1472 2620/1615/1472 1319/1683/1472
f 2662/1684/1473 2663/1685/1473 2670/1686/1473 2669/1687/1473
f 2663/1685/1474 2664/1688/1474 2671/1689/1474 2670/1686/1474
f 2664/1688/1475 2665/1690/1475 2672/1691/1475 2671/1689/1475
f 2665/1690/1476 2666/1692/1476 2673/1693/1476 2672/1691/1476
f 2666/1692/1477 2667/1694/1477 2674/1695/1477 2673/1693/1477
f 2667/1694/1478 2668/1696/1478 2675/1697/1478 2674/1695/1478
f 2669/1687/1479 2670/1686/1479 2677/1698/1479 2676/1699/1479
f 2670/1686/1480 2671/1689/1480 2678/1700/1480 2677/1698/1480
f 2671/1689/1481 2672/1691/1481 2679/1701/1481 2678/1700/1481
f 2672/1691/1482 2673/1693/1482 2680/1702/1482 2679/1701/1482
f 2673/1693/1483 2674/1695/1483 2681/1703/1483 2680/1702/1483
f 2674/1695/1484 2675/1697/1484 2682/1704/1484 2681/1703/1484
f 2676/1699/1485 2677/1698/1485 2684/1705/1485 2683/1706/1485
f 2677/1698/1486 2678/1700/1486 2685/1707/1486 2684/1705/1486
f 2678/1700/1487 2679/1701/1487 2686/1708/1487 2685/1707/1487
f 2679/1701/1488 2680/1702/1488 2687/1709/1488 2686/1708/1488
f 2680/1702/1489 2681/1703/1489 2688/1710/1489 2687/1709/1489
f 2681/1703/1490 2682/1704/1490 2689/1711/1490 2688/1710/1490
f 2683/1706/1491 2684/1705/1491 2691/1712/1491 2690/1713/1491
f 2684/1705/1492 2685/1707/1492 2692/1714/1492 2691/1712/1492
f 2685/1707/1493 2686/1708/1493 2693/1715/1493 2692/1714/1493
f 2686/1708/1494 2687/1709/1494 2694/1716/1494 2693/1715/1494
f 2687/1709/1495 2688/1710/1495 2695/1717/1495 2694/1716/1495
f 2688/1710/1496 2689/1711/1496 2696/1718/1496 2695/1717/1496
f 2690/1713/1497 2691/1712/1497 2698/1719/1497 2697/1720/1497
f 2691/1712/1498 2692/1714/1498 2699/1721/1498 2698/1719/1498
f 2692/1714/1499 2693/1715/1499 2700/1722/1499 2699/1721/1499
f 2693/1715/1500 2694/1716/1500 2701/1723/1500 2700/1722/1500
f 2694/1716/1501 2695/1717/1501 2702/1724/1501 2701/1723/1501
f 2695/1717/1805 2696/1718/1805 2703/1725/1805 2702/1724/1805
f 2697/1720/1503 2698/1719/1503 2705/1726/1503 2704/1727/1503
f 2698/1719/1504 2699/1721/1504 2706/1728/1504 2705/1726/1504
f 2699/1721/1505 2700/1722/1505 2707/1729/1505 2706/1728/1505
f 2700/1722/1506 2701/1723/1506 2708/1730/1506 2707/1729/1506
f 2701/1723/1507 2702/1724/1507 2709/1731/1507 2708/1730/1507
f 2702/1724/1508 2703/1725/1508 2710/1732/1508 2709/1731/1508
f 930/1733/1509 1227/1734/1509 2662/1684/1509 1311/1735/1509
f 1227/1734/1510 1228/1736/1510 2663/1685/1510 2662/1684/1510
f 1228/1736/1511 1229/1737/1511 2664/1688/1511 2663/1685/1511
f 1229/1737/1512 1230/1738/1512 2665/1690/1512 2664/1688/1512
f 1230/1738/1513 1231/1739/1513 2666/1692/1513 2665/1690/1513
f 1231/1739/1514 1232/1740/1514 2667/1694/1514 2666/1692/1514
f 1232/1740/1515 1233/1741/1515 2668/1696/1515 2667/1694/1515
f 1233/1741/1516 923/1061/1516 1276/1063/1516 2668/1696/1516
f 2668/1696/1517 1276/1063/1517 1277/1092/1517 2675/1697/1517
f 2675/1697/1518 1277/1092/1518 1278/1091/1518 2682/1704/1518
f 2682/1704/1519 1278/1091/1519 1279/1090/1519 2689/1711/1519
f 2689/1711/1520 1279/1090/1520 1280/1089/1520 2696/1718/1520
f 2696/1718/1521 1280/1089/1521 1281/1088/1521 2703/1725/1521
f 2703/1725/1522 1281/1088/1522 1282/1086/1522 2710/1732/1522
f 2710/1732/1523 1282/1086/1523 924/1087/1523 1283/1669/1523
f 2709/1731/1524 2710/1732/1524 1283/1669/1524 1284/1742/1524
f 2708/1730/1525 2709/1731/1525 1284/1742/1525 1285/1743/1525
f 2707/1729/1526 2708/1730/1526 1285/1743/1526 1286/1744/1526
f 2706/1728/1527 2707/1729/1527 1286/1744/1527 1287/1745/1527
f 2705/1726/1528 2706/1728/1528 1287/1745/1528 1288/1746/1528
f 2704/1727/1529 2705/1726/1529 1288/1746/1529 1289/1747/1529
f 1317/1748/1530 2704/1727/1530 1289/1747/1530 927/1749/1530
f 1316/1750/1531 2697/1720/1531 2704/1727/1531 1317/1748/1531
f 1315/1751/1532 2690/1713/1532 2697/1720/1532 1316/1750/1532
f 1314/1752/1533 2683/1706/1533 2690/1713/1533 1315/1751/1533
f 1313/1753/1534 2676/1699/1534 2683/1706/1534 1314/1752/1534
f 1312/1754/1535 2669/1687/1535 2676/1699/1535 1313/1753/1535
f 1311/1735/1536 2662/1684/1536 2669/1687/1536 1312/1754/1536
f 2711/1755/1537 2712/1756/1537 2719/1757/1537 2718/1758/1537
f 2712/1756/1538 2713/1759/1538 2720/1760/1538 2719/1757/1538
f 2713/1759/1539 2714/1761/1539 2721/1762/1539 2720/1760/1539
f 2714/1761/1540 2715/1763/1540 2722/1764/1540 2721/1762/1540
f 2715/1763/1541 2716/1765/1541 2723/1766/1541 2722/1764/1541
f 2716/1765/1542 2717/1767/1542 2724/1768/1542 2723/1766/1542
f 2718/1758/1543 2719/1757/1543 2726/1769/1543 2725/1770/1543
f 2719/1757/1544 2720/1760/1544 2727/1771/1544 2726/1769/1544
f 2720/1760/1545 2721/1762/1545 2728/1772/1545 2727/1771/1545
f 2721/1762/1546 2722/1764/1546 2729/1773/1546 2728/1772/1546
f 2722/1764/1547 2723/1766/1547 2730/1774/1547 2729/1773/1547
f 2723/1766/1548 2724/1768/1548 2731/1775/1548 2730/1774/1548
f 2725/1770/1549 2726/1769/1549 2733/1776/1549 2732/1777/1549
f 2726/1769/1550 2727/1771/1550 2734/1778/1550 2733/1776/1550
f 2727/1771/1551 2728/1772/1551 2735/1779/1551 2734/1778/1551
f 2728/1772/1552 2729/1773/1552 2736/1780/1552 2735/1779/1552
f 2729/1773/1553 2730/1774/1553 2737/1781/1553 2736/1780/1553
f 2730/1774/1554 2731/1775/1554 2738/1782/1554 2737/1781/1554
f 2732/1777/1555 2733/1776/1555 2740/1783/1555 2739/1784/1555
f 2733/1776/1556 2734/1778/1556 2741/1785/1556 2740/1783/1556
f 2734/1778/1557 2735/1779/1557 2742/1786/1557 2741/1785/1557
f 2735/1779/1558 2736/1780/1558 2743/1787/1558 2742/1786/1558
f 2736/1780/1559 2737/1781/1559 2744/1788/1559 2743/1787/1559
f 2737/1781/1560 2738/1782/1560 2745/1789/1560 2744/1788/1560
f 2739/1784/1806 2740/1783/1806 2747/1790/1806 2746/1791/1806
f 2740/1783/1562 2741/1785/1562 2748/1792/1562 2747/1790/1562
f 2741/1785/1563 2742/1786/1563 2749/1793/1563 2748/1792/1563
f 2742/1786/1564 2743/1787/1564 2750/1794/1564 2749/1793/1564
f 2743/1787/1565 2744/1788/1565 2751/1795/1565 2750/1794/1565
f 2744/1788/1566 2745/1789/1566 2752/1796/1566 2751/1795/1566
f 2746/1791/1567 2747/1790/1567 2754/1797/1567 2753/1798/1567
f 2747/1790/1568 2748/1792/1568 2755/1799/1568 2754/1797/1568
f 2748/1792/1569 2749/1793/1569 2756/1800/1569 2755/1799/1569
f 2749/1793/1570 2750/1794/1570 2757/1801/1570 2756/1800/1570
f 2750/1794/1571 2751/1795/1571 2758/1802/1571 2757/1801/1571
f 2751/1795/1572 2752/1796/1572 2759/1803/1572 2758/1802/1572
f 915/1804/1573 1304/1805/1573 2711/1755/1573 1149/1806/1573
f 1304/1805/1574 1305/1807/1574 2712/1756/1574 2711/1755/1574
f 1305/1807/1575 1306/1808/1575 2713/1759/1575 2712/1756/1575
f 1306/1808/1576 1307/1809/1576 2714/1761/1576 2713/1759/1576
f 1307/1809/1577 1308/1810/1577 2715/1763/1577 2714/1761/1577
f 1308/1810/1578 1309/1811/1578 2716/1765/1578 2715/1763/1578
f 1309/1811/1579 1310/1812/1579 2717/1767/1579 2716/1765/1579
f 1310/1812/1580 930/1733/1580 1311/1735/1580 2717/1767/1580
f 2717/1767/1581 1311/1735/1581 1312/1754/1581 2724/1768/1581
f 2724/1768/1582 1312/1754/1582 1313/1753/1582 2731/1775/1582
f 2731/1775/1583 1313/1753/1583 1314/1752/1583 2738/1782/1583
f 2738/1782/1584 1314/1752/1584 1315/1751/1584 2745/1789/1584
f 2745/1789/1585 1315/1751/1585 1316/1750/1585 2752/1796/1585
f 2752/1796/1586 1316/1750/1586 1317/1748/1586 2759/1803/1586
f 2759/1803/1587 1317/1748/1587 927/1749/1587 1164/1813/1587
f 2758/1802/1588 2759/1803/1588 1164/1813/1588 1165/1814/1588
f 2757/1801/1589 2758/1802/1589 1165/1814/1589 1166/1815/1589
f 2756/1800/1590 2757/1801/1590 1166/1815/1590 1167/1816/1590
f 2755/1799/1591 2756/1800/1591 1167/1816/1591 1168/1817/1591
f 2754/1797/1592 2755/1799/1592 1168/1817/1592 1169/1818/1592
f 2753/1798/1593 2754/1797/1593 1169/1818/1593 1170/1819/1593
f 1143/1820/1594 2753/1798/1594 1170/1819/1594 917/1821/1594
f 1144/1822/1595 2746/1791/1595 2753/1798/1595 1143/1820/1595
f 1145/1823/1596 2739/1784/1596 2746/1791/1596 1144/1822/1596
f 1146/1824/1597 2732/1777/1597 2739/1784/1597 1145/1823/1597
f 1147/1825/1598 2725/1770/1598 2732/1777/1598 1146/1824/1598
f 1148/1826/1599 2718/1758/1599 2725/1770/1599 1147/1825/1599
f 1149/1806/1600 2711/1755/1600 2718/1758/1600 1148/1826/1600
f 2760/1827/1601 2761/1828/1601 2768/1829/1601 2767/1830/1601
f 2761/1828/1602 2762/1831/1602 2769/1832/1602 2768/1829/1602
f 2762/1831/1603 2763/1833/1603 2770/1834/1603 2769/1832/1603
f 2763/1833/1604 2764/1835/1604 2771/1836/1604 2770/1834/1604
f 2764/1835/1605 2765/1837/1605 2772/1838/1605 2771/1836/1605
f 2765/1837/1606 2766/1839/1606 2773/1840/1606 2772/1838/1606
f 2767/1830/1607 2768/1829/1607 2775/1841/1607 2774/1842/1607
f 2768/1829/1608 2769/1832/1608 2776/1843/1608 2775/1841/1608
f 2769/1832/1609 2770/1834/1609 2777/1844/1609 2776/1843/1609
f 2770/1834/1610 2771/1836/1610 2778/1845/1610 2777/1844/1610
f 2771/1836/1611 2772/1838/1611 2779/1846/1611 2778/1845/1611
f 2772/1838/1612 2773/1840/1612 2780/1847/1612 2779/1846/1612
f 2774/1842/1613 2775/1841/1613 2782/1848/1613 2781/1849/1613
f 2775/1841/1614 2776/1843/1614 2783/1850/1614 2782/1848/1614
f 2776/1843/1615 2777/1844/1615 2784/1851/1615 2783/1850/1615
f 2777/1844/1616 2778/1845/1616 2785/1852/1616 2784/1851/1616
f 2778/1845/1617 2779/1846/1617 2786/1853/1617 2785/1852/1617
f 2779/1846/1618 2780/1847/1618 2787/1854/1618 2786/1853/1618
f 2781/1849/1619 2782/1848/1619 2789/1855/1619 2788/1856/1619
f 2782/1848/1620 2783/1850/1620 2790/1857/1620 2789/1855/1620
f 2783/1850/1621 2784/1851/1621 2791/1858/1621 2790/1857/1621
f 2784/1851/1622 2785/1852/1622 2792/1859/1622 2791/1858/1622
f 2785/1852/1623 2786/1853/1623 2793/1860/1623 2792/1859/1623
f 2786/1853/1624 2787/1854/1624 2794/1861/1624 2793/1860/1624
f 2788/1856/1625 2789/1855/1625 2796/1862/1625 2795/1863/1625
f 2789/1855/1626 2790/1857/1626 2797/1864/1626 2796/1862/1626
f 2790/1857/1627 2791/1858/1627 2798/1865/1627 2797/1864/1627
f 2791/1858/1628 2792/1859/1628 2799/1866/1628 2798/1865/1628
f 2792/1859/1629 2793/1860/1629 2800/1867/1629 2799/1866/1629
f 2793/1860/1630 2794/1861/1630 2801/1868/1630 2800/1867/1630
f 2795/1863/1631 2796/1862/1631 2803/1869/1631 2802/1870/1631
f 2796/1862/1632 2797/1864/1632 2804/1871/1632 2803/1869/1632
f 2797/1864/1633 2798/1865/1633 2805/1872/1633 2804/1871/1633
f 2798/1865/1634 2799/1866/1634 2806/1873/1634 2805/1872/1634
f 2799/1866/1635 2800/1867/1635 2807/1874/1635 2806/1873/1635
f 2800/1867/1636 2801/1868/1636 2808/1875/1636 2807/1874/1636
f 917/1821/1637 1170/1819/1637 2760/1827/1637 1177/1876/1637
f 1170/1819/1638 1169/1818/1638 2761/1828/1638 2760/1827/1638
f 1169/1818/1639 1168/1817/1639 2762/1831/1639 2761/1828/1639
f 1168/1817/1640 1167/1816/1640 2763/1833/1640 2762/1831/1640
f 1167/1816/1641 1166/1815/1641 2764/1835/1641 2763/1833/1641
f 1166/1815/1642 1165/1814/1642 2765/1837/1642 2764/1835/1642
f 1165/1814/1643 1164/1813/1643 2766/1839/1643 2765/1837/1643
f 1164/1813/1644 927/1749/1644 1318/1877/1644 2766/1839/1644
f 2766/1839/1645 1318/1877/1645 1319/1878/1645 2773/1840/1645
f 2773/1840/1646 1319/1878/1646 1320/1879/1646 2780/1847/1646
f 2780/1847/1647 1320/1879/1647 1321/1880/1647 2787/1854/1647
f 2787/1854/1648 1321/1880/1648 1322/1881/1648 2794/1861/1648
f 2794/1861/1649 1322/1881/1649 1323/1882/1649 2801/1868/1649
f 2801/1868/1650 1323/1882/1650 1324/1678/1650 2808/1875/1650
f 2808/1875/1651 1324/1678/1651 928/1883/1651 1185/1884/1651
f 2807/1874/1652 2808/1875/1652 1185/1884/1652 1186/1885/1652
f 2806/1873/1653 2807/1874/1653 1186/1885/1653 1187/1886/1653
f 2805/1872/1654 2806/1873/1654 1187/1886/1654 1188/1887/1654
f 2804/1871/1655 2805/1872/1655 1188/1887/1655 1189/1888/1655
f 2803/1869/1656 2804/1871/1656 1189/1888/1656 1190/1889/1656
f 2802/1870/1657 2803/1869/1657 1190/1889/1657 1191/1890/1657
f 1171/1891/1658 2802/1870/1658 1191/1890/1658 921/1367/1658
f 1172/1892/1659 2795/1863/1659 2802/1870/1659 1171/1891/1659
f 1173/1893/1660 2788/1856/1660 2795/1863/1660 1172/1892/1660
f 1174/1894/1661 2781/1849/1661 2788/1856/1661 1173/1893/1661
f 1175/1895/1662 2774/1842/1662 2781/1849/1662 1174/1894/1662
f 1176/1896/1663 2767/1830/1663 2774/1842/1663 1175/1895/1663
f 1177/1876/1664 2760/1827/1664 2767/1830/1664 1176/1896/1664
f 2809/1897/1665 2810/1898/1665 2817/1899/1665 2816/1900/1665
f 2810/1898/1666 2811/1901/1666 2818/1902/1666 2817/1899/1666
f 2811/1901/1667 2812/1903/1667 2819/1904/1667 2818/1902/1667
f 2812/1903/1668 2813/1905/1668 2820/1906/1668 2819/1904/1668
f 2813/1905/1669 2814/1907/1669 2821/1908/1669 2820/1906/1669
f 2814/1907/1670 2815/1909/1670 2822/1910/1670 2821/1908/1670
f 2816/1900/1671 2817/1899/1671 2824/1911/1671 2823/1912/1671
f 2817/1899/1672 2818/1902/1672 2825/1913/1672 2824/1911/1672
f 2818/1902/1673 2819/1904/1673 2826/1914/1673 2825/1913/1673
f 2819/1904/1674 2820/1906/1674 2827/1915/1674 2826/1914/1674
f 2820/1906/1675 2821/1908/1675 2828/1916/1675 2827/1915/1675
f 2821/1908/1676 2822/1910/1676 2829/1917/1676 2828/1916/1676
f 2823/1912/1677 2824/1911/1677 2831/1918/1677 2830/1919/1677
f 2824/1911/1678 2825/1913/1678 2832/1920/1678 2831/1918/1678
f 2825/1913/1679 2826/1914/1679 2833/1921/1679 2832/1920/1679
f 2826/1914/1680 2827/1915/1680 2834/1922/1680 2833/1921/1680
f 2827/1915/1681 2828/1916/1681 2835/1923/1681 2834/1922/1681
f 2828/1916/1682 2829/1917/1682 2836/1924/1682 2835/1923/1682
f 2830/1919/1683 2831/1918/1683 2838/1925/1683 2837/1926/1683
f 2831/1918/1684 2832/1920/1684 2839/1927/1684 2838/1925/1684
f 2832/1920/1685 2833/1921/1685 2840/1928/1685 2839/1927/1685
f 2833/1921/1686 2834/1922/1686 2841/1929/1686 2840/1928/1686
f 2834/1922/1687 2835/1923/1687 2842/1930/1687 2841/1929/1687
f 2835/1923/1688 2836/1924/1688 2843/1931/1688 2842/1930/1688
f 2837/1926/1689 2838/1925/1689 2845/1932/1689 2844/1933/1689
f 2838/1925/1690 2839/1927/1690 2846/1934/1690 2845/1932/1690
f 2839/1927/1691 2840/1928/1691 2847/1935/1691 2846/1934/1691
f 2840/1928/1692 2841/1929/1692 2848/1936/1692 2847/1935/1692
f 2841/1929/1693 2842/1930/1693 2849/1937/1693 2848/1936/1693
f 2842/1930/1694 2843/1931/1694 2850/1938/1694 2849/1937/1694
f 2844/1933/1695 2845/1932/1695 2852/1939/1695 2851/1940/1695
f 2845/1932/1696 2846/1934/1696 2853/1941/1696 2852/1939/1696
f 2846/1934/1697 2847/1935/1697 2854/1942/1697 2853/1941/1697
f 2847/1935/1698 2848/1936/1698 2855/1943/1698 2854/1942/1698
f 2848/1936/1699 2849/1937/1699 2856/1944/1699 2855/1943/1699
f 2849/1937/1700 2850/1938/1700 2857/1945/1700 2856/1944/1700
f 921/1367/1701 1191/1890/1701 2809/1897/1701 1198/1368/1701
f 1191/1890/1702 1190/1889/1702 2810/1898/1702 2809/1897/1702
f 1190/1889/1703 1189/1888/1703 2811/1901/1703 2810/1898/1703
f 1189/1888/1704 1188/1887/1704 2812/1903/1704 2811/1901/1704
f 1188/1887/1705 1187/1886/1705 2813/1905/1705 2812/1903/1705
f 1187/1886/1706 1186/1885/1706 2814/1907/1706 2813/1905/1706
f 1186/1885/1707 1185/1884/1707 2815/1909/1707 2814/1907/1707
f 1185/1884/1708 928/1883/1708 1325/1946/1708 2815/1909/1708
f 2815/1909/1709 1325/1946/1709 1326/1611/1709 2822/1910/1709
f 2822/1910/1710 1326/1611/1710 1327/1947/1710 2829/1917/1710
f 2829/1917/1711 1327/1947/1711 1328/1948/1711 2836/1924/1711
f 2836/1924/1712 1328/1948/1712 1329/1949/1712 2843/1931/1712
f 2843/1931/1713 1329/1949/1713 1330/1950/1713 2850/1938/1713
f 2850/1938/1714 1330/1950/1714 1331/1951/1714 2857/1945/1714
f 2857/1945/1715 1331/1951/1715 929/1511/1715 1206/1952/1715
f 2856/1944/1716 2857/1945/1716 1206/1952/1716 1207/1953/1716
f 2855/1943/1717 2856/1944/1717 1207/1953/1717 1208/1954/1717
f 2854/1942/1718 2855/1943/1718 1208/1954/1718 1209/1955/1718
f 2853/1941/1719 2854/1942/1719 1209/1955/1719 1210/1956/1719
f 2852/1939/1720 2853/1941/1720 1210/1956/1720 1211/1957/1720
f 2851/1940/1721 2852/1939/1721 1211/1957/1721 1212/1958/1721
f 1192/1374/1722 2851/1940/1722 1212/1958/1722 919/1375/1722
f 1193/1373/1723 2844/1933/1723 2851/1940/1723 1192/1374/1723
f 1194/1372/1724 2837/1926/1724 2844/1933/1724 1193/1373/1724
f 1195/1371/1725 2830/1919/1725 2837/1926/1725 1194/1372/1725
f 1196/1370/1726 2823/1912/1726 2830/1919/1726 1195/1371/1726
f 1197/1369/1727 2816/1900/1727 2823/1912/1727 1196/1370/1727
f 1198/1368/1728 2809/1897/1728 2816/1900/1728 1197/1369/1728
f 2858/1959/1729 2859/1960/1729 2866/1961/1729 2865/1962/1729
f 2859/1960/1730 2860/1963/1730 2867/1964/1730 2866/1961/1730
f 2860/1963/1731 2861/1965/1731 2868/1966/1731 2867/1964/1731
f 2861/1965/1732 2862/1967/1732 2869/1968/1732 2868/1966/1732
f 2862/1967/1733 2863/1969/1733 2870/1970/1733 2869/1968/1733
f 2863/1969/1734 2864/1971/1734 2871/1972/1734 2870/1970/1734
f 2865/1962/1735 2866/1961/1735 2873/1973/1735 2872/1974/1735
f 2866/1961/1736 2867/1964/1736 2874/1975/1736 2873/1973/1736
f 2867/1964/1737 2868/1966/1737 2875/1976/1737 2874/1975/1737
f 2868/1966/1738 2869/1968/1738 2876/1977/1738 2875/1976/1738
f 2869/1968/1739 2870/1970/1739 2877/1978/1739 2876/1977/1739
f 2870/1970/1740 2871/1972/1740 2878/1979/1740 2877/1978/1740
f 2872/1974/1741 2873/1973/1741 2880/1980/1741 2879/1981/1741
f 2873/1973/1742 2874/1975/1742 2881/1982/1742 2880/1980/1742
f 2874/1975/1743 2875/1976/1743 2882/1983/1743 2881/1982/1743
f 2875/1976/1744 2876/1977/1744 2883/1984/1744 2882/1983/1744
f 2876/1977/1745 2877/1978/1745 2884/1985/1745 2883/1984/1745
f 2877/1978/1746 2878/1979/1746 2885/1986/1746 2884/1985/1746
f 2879/1981/1747 2880/1980/1747 2887/1987/1747 2886/1988/1747
f 2880/1980/1748 2881/1982/1748 2888/1989/1748 2887/1987/1748
f 2881/1982/1749 2882/1983/1749 2889/1990/1749 2888/1989/1749
f 2882/1983/1750 2883/1984/1750 2890/1991/1750 2889/1990/1750
f 2883/1984/1751 2884/1985/1751 2891/1992/1751 2890/1991/1751
f 2884/1985/1752 2885/1986/1752 2892/1993/1752 2891/1992/1752
f 2886/1988/1753 2887/1987/1753 2894/1994/1753 2893/1995/1753
f 2887/1987/1754 2888/1989/1754 2895/1996/1754 2894/1994/1754
f 2888/1989/1755 2889/1990/1755 2896/1997/1755 2895/1996/1755
f 2889/1990/1756 2890/1991/1756 2897/1998/1756 2896/1997/1756
f 2890/1991/1757 2891/1992/1757 2898/1999/1757 2897/1998/1757
f 2891/1992/1758 2892/1993/1758 2899/2000/1758 2898/1999/1758
f 2893/1995/1759 2894/1994/1759 2901/2001/1759 2900/2002/1759
f 2894/1994/1760 2895/1996/1760 2902/2003/1760 2901/2001/1760
f 2895/1996/1761 2896/1997/1761 2903/2004/1761 2902/2003/1761
f 2896/1997/1762 2897/1998/1762 2904/2005/1762 2903/2004/1762
f 2897/1998/1763 2898/1999/1763 2905/2006/1763 2904/2005/1763
f 2898/1999/1764 2899/2000/1764 2906/2007/1764 2905/2006/1764
f 919/1375/1765 1212/1958/1765 2858/1959/1765 1219/2008/1765
f 1212/1958/1766 1211/1957/1766 2859/1960/1766 2858/1959/1766
f 1211/1957/1767 1210/1956/1767 2860/1963/1767 2859/1960/1767
f 1210/1956/1768 1209/1955/1768 2861/1965/1768 2860/1963/1768
f 1209/1955/1769 1208/1954/1769 2862/1967/1769 2861/1965/1769
f 1208/1954/1770 1207/1953/1770 2863/1969/1770 2862/1967/1770
f 1207/1953/1771 1206/1952/1771 2864/1971/1771 2863/1969/1771
f 1206/1952/1772 929/1511/1772 1332/1513/1772 2864/1971/1772
f 2864/1971/1773 1332/1513/1773 1333/1533/1773 2871/1972/1773
f 2871/1972/1774 1333/1533/1774 1334/1532/1774 2878/1979/1774
f 2878/1979/1775 1334/1532/1775 1335/1531/1775 2885/1986/1775
f 2885/1986/1776 1335/1531/1776 1336/1530/1776 2892/1993/1776
f 2892/1993/1777 1336/1530/1777 1337/1529/1777 2899/2000/1777
f 2899/2000/1778 1337/1529/1778 1338/1527/1778 2906/2007/1778
f 2906/2007/1779 1338/1527/1779 930/1528/1779 1310/2009/1779
f 2905/2006/1780 2906/2007/1780 1310/2009/1780 1309/2010/1780
f 2904/2005/1781 2905/2006/1781 1309/2010/1781 1308/2011/1781
f 2903/2004/1782 2904/2005/1782 1308/2011/1782 1307/2012/1782
f 2902/2003/1783 2903/2004/1783 1307/2012/1783 1306/2013/1783
f 2901/2001/1784 2902/2003/1784 1306/2013/1784 1305/2014/1784
f 2900/2002/1785 2901/2001/1785 1305/2014/1785 1304/2015/1785
f 1213/2016/1786 2900/2002/1786 1304/2015/1786 915/2017/1786
f 1214/2018/1787 2893/1995/1787 2900/2002/1787 1213/2016/1787
f 1215/2019/1788 2886/1988/1788 2893/1995/1788 1214/2018/1788
f 1216/2020/1789 2879/1981/1789 2886/1988/1789 1215/2019/1789
f 1217/2021/1790 2872/1974/1790 2879/1981/1790 1216/2020/1790
f 1218/2022/1791 2865/1962/1791 2872/1974/1791 1217/2021/1791
f 1219/2008/1792 2858/1959/1792 2865/1962/1792 1218/2022/1792
f 2907/1012/897 2908/1013/897 2915/1014/897 2914/1015/897
f 2908/1013/898 2909/1016/898 2916/1017/898 2915/1014/898
f 2909/1016/899 2910/1018/899 2917/1019/899 2916/1017/899
f 2910/1018/900 2911/1020/900 2918/1021/900 2917/1019/900
f 2911/1020/901 2912/1022/901 2919/1023/901 2918/1021/901
f 2912/1022/902 2913/1024/902 2920/1025/902 2919/1023/902
f 2914/1015/903 2915/1014/903 2922/1026/903 2921/1027/903
f 2915/1014/904 2916/1017/904 2923/1028/904 2922/1026/904
f 2916/1017/905 2917/1019/905 2924/1029/905 2923/1028/905
f 2917/1019/906 2918/1021/906 2925/1030/906 2924/1029/906
f 2918/1021/907 2919/1023/907 2926/1031/907 2925/1030/907
f 2919/1023/908 2920/1025/908 2927/1032/908 2926/1031/908
f 2921/1027/909 2922/1026/909 2929/1033/909 2928/1034/909
f 2922/1026/910 2923/1028/910 2930/1035/910 2929/1033/910
f 2923/1028/911 2924/1029/911 2931/1036/911 2930/1035/911
f 2924/1029/912 2925/1030/912 2932/1037/912 2931/1036/912
f 2925/1030/913 2926/1031/913 2933/1038/913 2932/1037/913
f 2926/1031/914 2927/1032/914 2934/1039/914 2933/1038/914
f 2928/1034/915 2929/1033/915 2936/1040/915 2935/1041/915
f 2929/1033/916 2930/1035/916 2937/1042/916 2936/1040/916
f 2930/1035/917 2931/1036/917 2938/1043/917 2937/1042/917
f 2931/1036/918 2932/1037/918 2939/1044/918 2938/1043/918
f 2932/1037/919 2933/1038/919 2940/1045/919 2939/1044/919
f 2933/1038/920 2934/1039/920 2941/1046/920 2940/1045/920
f 2935/1041/921 2936/1040/921 2943/1047/921 2942/1048/921
f 2936/1040/922 2937/1042/922 2944/1049/922 2943/1047/922
f 2937/1042/923 2938/1043/923 2945/1050/923 2944/1049/923
f 2938/1043/924 2939/1044/924 2946/1051/924 2945/1050/924
f 2939/1044/925 2940/1045/925 2947/1052/925 2946/1051/925
f 2940/1045/926 2941/1046/926 2948/1053/926 2947/1052/926
f 2942/1048/927 2943/1047/927 2950/1054/927 2949/1055/927
f 2943/1047/928 2944/1049/928 2951/1056/928 2950/1054/928
f 2944/1049/929 2945/1050/929 2952/1057/929 2951/1056/929
f 2945/1050/930 2946/1051/930 2953/1058/930 2952/1057/930
f 2946/1051/931 2947/1052/931 2954/1059/931 2953/1058/931
f 2947/1052/932 2948/1053/932 2955/1060/932 2954/1059/932
f 939/1061/933 1346/1062/933 2907/1012/933 1472/1063/933
f 1346/1062/1807 1347/1064/1807 2908/1013/1807 2907/1012/1807
f 1347/1064/935 1348/1065/935 2909/1016/935 2908/1013/935
f 1348/1065/936 1349/1066/936 2910/1018/936 2909/1016/936
f 1349/1066/937 1350/1067/937 2911/1020/937 2910/1018/937
f 1350/1067/1808 1351/1068/1808 2912/1022/1808 2911/1020/1808
f 1351/1068/939 1352/1069/939 2913/1024/939 2912/1022/939
f 1352/1069/940 932/1070/940 1353/1071/940 2913/1024/940
f 2913/1024/941 1353/1071/941 1354/1072/941 2920/1025/941
f 2920/1025/942 1354/1072/942 1355/1073/942 2927/1032/942
f 2927/1032/943 1355/1073/943 1356/1074/943 2934/1039/943
f 2934/1039/944 1356/1074/944 1357/1075/944 2941/1046/944
f 2941/1046/945 1357/1075/945 1358/1076/945 2948/1053/945
f 2948/1053/946 1358/1076/946 1359/1077/946 2955/1060/946
f 2955/1060/947 1359/1077/947 934/1078/947 1430/1079/947
f 2954/1059/948 2955/1060/948 1430/1079/948 1431/1080/948
f 2953/1058/949 2954/1059/949 1431/1080/949 1432/1081/949
f 2952/1057/1795 2953/1058/1795 1432/1081/1795 1433/1082/1795
f 2951/1056/951 2952/1057/951 1433/1082/951 1434/1083/951
f 2950/1054/952 2951/1056/952 1434/1083/952 1435/1084/952
f 2949/1055/953 2950/1054/953 1435/1084/953 1436/1085/953
f 1478/1086/954 2949/1055/954 1436/1085/954 940/1087/954
f 1477/1088/955 2942/1048/955 2949/1055/955 1478/1086/955
f 1476/1089/956 2935/1041/956 2942/1048/956 1477/1088/956
f 1475/1090/957 2928/1034/957 2935/1041/957 1476/1089/957
f 1474/1091/958 2921/1027/958 2928/1034/958 1475/1090/958
f 1473/1092/959 2914/1015/959 2921/1027/959 1474/1091/959
f 1472/1063/960 2907/1012/960 2914/1015/960 1473/1092/960
f 2956/1093/961 2957/1094/961 2964/1095/961 2963/1096/961
f 2957/1094/962 2958/1097/962 2965/1098/962 2964/1095/962
f 2958/1097/963 2959/1099/963 2966/1100/963 2965/1098/963
f 2959/1099/964 2960/1101/964 2967/1102/964 2966/1100/964
f 2960/1101/965 2961/1103/965 2968/1104/965 2967/1102/965
f 2961/1103/966 2962/1105/966 2969/1106/966 2968/1104/966
f 2963/1096/967 2964/1095/967 2971/1107/967 2970/1108/967
f 2964/1095/968 2965/1098/968 2972/1109/968 2971/1107/968
f 2965/1098/969 2966/1100/969 2973/1110/969 2972/1109/969
f 2966/1100/970 2967/1102/970 2974/1111/970 2973/1110/970
f 2967/1102/971 2968/1104/971 2975/1112/971 2974/1111/971
f 2968/1104/972 2969/1106/972 2976/1113/972 2975/1112/972
f 2970/1108/973 2971/1107/973 2978/1114/973 2977/1115/973
f 2971/1107/974 2972/1109/974 2979/1116/974 2978/1114/974
f 2972/1109/975 2973/1110/975 2980/1117/975 2979/1116/975
f 2973/1110/976 2974/1111/976 2981/1118/976 2980/1117/976
f 2974/1111/977 2975/1112/977 2982/1119/977 2981/1118/977
f 2975/1112/978 2976/1113/978 2983/1120/978 2982/1119/978
f 2977/1115/979 2978/1114/979 2985/1121/979 2984/1122/979
f 2978/1114/980 2979/1116/980 2986/1123/980 2985/1121/980
f 2979/1116/981 2980/1117/981 2987/1124/981 2986/1123/981
f 2980/1117/982 2981/1118/982 2988/1125/982 2987/1124/982
f 2981/1118/1809 2982/1119/1809 2989/1126/1809 2988/1125/1809
f 2982/1119/984 2983/1120/984 2990/1127/984 2989/1126/984
f 2984/1122/985 2985/1121/985 2992/1128/985 2991/1129/985
f 2985/1121/986 2986/1123/986 2993/1130/986 2992/1128/986
f 2986/1123/987 2987/1124/987 2994/1131/987 2993/1130/987
f 2987/1124/988 2988/1125/988 2995/1132/988 2994/1131/988
f 2988/1125/989 2989/1126/989 2996/1133/989 2995/1132/989
f 2989/1126/990 2990/1127/990 2997/1134/990 2996/1133/990
f 2991/1129/991 2992/1128/991 2999/1135/991 2998/1136/991
f 2992/1128/992 2993/1130/992 3000/1137/992 2999/1135/992
f 2993/1130/993 2994/1131/993 3001/1138/993 3000/1137/993
f 2994/1131/994 2995/1132/994 3002/1139/994 3001/1138/994
f 2995/1132/995 2996/1133/995 3003/1140/995 3002/1139/995
f 2996/1133/996 2997/1134/996 3004/1141/996 3003/1140/996
f 940/1087/997 1436/1085/997 2956/1093/997 1465/1142/997
f 1436/1085/998 1435/1084/998 2957/1094/998 2956/1093/998
f 1435/1084/999 1434/1083/999 2958/1097/999 2957/1094/999
f 1434/1083/1000 1433/1082/1000 2959/1099/1000 2958/1097/1000
f 1433/1082/1001 1432/1081/1001 2960/1101/1001 2959/1099/1001
f 1432/1081/1002 1431/1080/1002 2961/1103/1002 2960/1101/1002
f 1431/1080/1003 1430/1079/1003 2962/1105/1003 2961/1103/1003
f 1430/1079/1810 934/1078/1810 1374/1143/1810 2962/1105/1810
f 2962/1105/1005 1374/1143/1005 1375/1144/1005 2969/1106/1005
f 2969/1106/1006 1375/1144/1006 1376/1145/1006 2976/1113/1006
f 2976/1113/1007 1376/1145/1007 1377/1146/1007 2983/1120/1007
f 2983/1120/1008 1377/1146/1008 1378/1147/1008 2990/1127/1008
f 2990/1127/1009 1378/1147/1009 1379/1148/1009 2997/1134/1009
f 2997/1134/1010 1379/1148/1010 1380/1149/1010 3004/1141/1010
f 3004/1141/1011 1380/1149/1011 938/1150/1011 1437/1151/1011
f 3003/1140/1796 3004/1141/1796 1437/1151/1796 1438/1152/1796
f 3002/1139/1013 3003/1140/1013 1438/1152/1013 1439/1153/1013
f 3001/1138/1014 3002/1139/1014 1439/1153/1014 1440/1154/1014
f 3000/1137/1015 3001/1138/1015 1440/1154/1015 1441/1155/1015
f 2999/1135/1016 3000/1137/1016 1441/1155/1016 1442/1156/1016
f 2998/1136/1017 2999/1135/1017 1442/1156/1017 1443/1157/1017
f 1471/1158/1018 2998/1136/1018 1443/1157/1018 941/1159/1018
f 1470/1160/1019 2991/1129/1019 2998/1136/1019 1471/1158/1019
f 1469/1161/1020 2984/1122/1020 2991/1129/1020 1470/1160/1020
f 1468/1162/1021 2977/1115/1021 2984/1122/1021 1469/1161/1021
f 1467/1163/1022 2970/1108/1022 2977/1115/1022 1468/1162/1022
f 1466/1164/1023 2963/1096/1023 2970/1108/1023 1467/1163/1023
f 1465/1142/1024 2956/1093/1024 2963/1096/1024 1466/1164/1024
f 3005/1165/1025 3006/1166/1025 3013/1167/1025 3012/1168/1025
f 3006/1166/1026 3007/1169/1026 3014/1170/1026 3013/1167/1026
f 3007/1169/1027 3008/1171/1027 3015/1172/1027 3014/1170/1027
f 3008/1171/1028 3009/1173/1028 3016/1174/1028 3015/1172/1028
f 3009/1173/1029 3010/1175/1029 3017/1176/1029 3016/1174/1029
f 3010/1175/1030 3011/1177/1030 3018/1178/1030 3017/1176/1030
f 3012/1168/1031 3013/1167/1031 3020/1179/1031 3019/1180/1031
f 3013/1167/1032 3014/1170/1032 3021/1181/1032 3020/1179/1032
f 3014/1170/1033 3015/1172/1033 3022/1182/1033 3021/1181/1033
f 3015/1172/1034 3016/1174/1034 3023/1183/1034 3022/1182/1034
f 3016/1174/1035 3017/1176/1035 3024/1184/1035 3023/1183/1035
f 3017/1176/1036 3018/1178/1036 3025/1185/1036 3024/1184/1036
f 3019/1180/1037 3020/1179/1037 3027/1186/1037 3026/1187/1037
f 3020/1179/1038 3021/1181/1038 3028/1188/1038 3027/1186/1038
f 3021/1181/1039 3022/1182/1039 3029/1189/1039 3028/1188/1039
f 3022/1182/1797 3023/1183/1797 3030/1190/1797 3029/1189/1797
f 3023/1183/1041 3024/1184/1041 3031/1191/1041 3030/1190/1041
f 3024/1184/1042 3025/1185/1042 3032/1192/1042 3031/1191/1042
f 3026/1187/1043 3027/1186/1043 3034/1193/1043 3033/1194/1043
f 3027/1186/1044 3028/1188/1044 3035/1195/1044 3034/1193/1044
f 3028/1188/1045 3029/1189/1045 3036/1196/1045 3035/1195/1045
f 3029/1189/1046 3030/1190/1046 3037/1197/1046 3036/1196/1046
f 3030/1190/1047 3031/1191/1047 3038/1198/1047 3037/1197/1047
f 3031/1191/1048 3032/1192/1048 3039/1199/1048 3038/1198/1048
f 3033/1194/1049 3034/1193/1049 3041/1200/1049 3040/1201/1049
f 3034/1193/1050 3035/1195/1050 3042/1202/1050 3041/1200/1050
f 3035/1195/1051 3036/1196/1051 3043/1203/1051 3042/1202/1051
f 3036/1196/1052 3037/1197/1052 3044/1204/1052 3043/1203/1052
f 3037/1197/1053 3038/1198/1053 3045/1205/1053 3044/1204/1053
f 3038/1198/1054 3039/1199/1054 3046/1206/1054 3045/1205/1054
f 3040/1201/1055 3041/1200/1055 3048/1207/1055 3047/1208/1055
f 3041/1200/1056 3042/1202/1056 3049/1209/1056 3048/1207/1056
f 3042/1202/1811 3043/1203/1811 3050/1210/1811 3049/1209/1811
f 3043/1203/1058 3044/1204/1058 3051/1211/1058 3050/1210/1058
f 3044/1204/1059 3045/1205/1059 3052/1212/1059 3051/1211/1059
f 3045/1205/1060 3046/1206/1060 3053/1213/1060 3052/1212/1060
f 941/1159/1061 1443/1157/1061 3005/1165/1061 1458/1214/1061
f 1443/1157/1062 1442/1156/1062 3006/1166/1062 3005/1165/1062
f 1442/1156/1063 1441/1155/1063 3007/1169/1063 3006/1166/1063
f 1441/1155/1064 1440/1154/1064 3008/1171/1064 3007/1169/1064
f 1440/1154/1065 1439/1153/1065 3009/1173/1065 3008/1171/1065
f 1439/1153/1066 1438/1152/1066 3010/1175/1066 3009/1173/1066
f 1438/1152/1067 1437/1151/1067 3011/1177/1067 3010/1175/1067
f 1437/1151/1068 938/1150/1068 1395/1215/1068 3011/1177/1068
f 3011/1177/1069 1395/1215/1069 1396/1216/1069 3018/1178/1069
f 3018/1178/1070 1396/1216/1070 1397/1217/1070 3025/1185/1070
f 3025/1185/1071 1397/1217/1071 1398/1218/1071 3032/1192/1071
f 3032/1192/1072 1398/1218/1072 1399/1219/1072 3039/1199/1072
f 3039/1199/1073 1399/1219/1073 1400/1220/1073 3046/1206/1073
f 3046/1206/1074 1400/1220/1074 1401/1221/1074 3053/1213/1074
f 3053/1213/1075 1401/1221/1075 936/1222/1075 1444/1223/1075
f 3052/1212/1076 3053/1213/1076 1444/1223/1076 1445/1224/1076
f 3051/1211/1077 3052/1212/1077 1445/1224/1077 1446/1225/1077
f 3050/1210/1078 3051/1211/1078 1446/1225/1078 1447/1226/1078
f 3049/1209/1079 3050/1210/1079 1447/1226/1079 1448/1227/1079
f 3048/1207/1080 3049/1209/1080 1448/1227/1080 1449/1228/1080
f 3047/1208/1081 3048/1207/1081 1449/1228/1081 1450/1229/1081
f 1464/1230/1799 3047/1208/1799 1450/1229/1799 942/1231/1799
f 1463/1232/1083 3040/1201/1083 3047/1208/1083 1464/1230/1083
f 1462/1233/1084 3033/1194/1084 3040/1201/1084 1463/1232/1084
f 1461/1234/1085 3026/1187/1085 3033/1194/1085 1462/1233/1085
f 1460/1235/1086 3019/1180/1086 3026/1187/1086 1461/1234/1086
f 1459/1236/1087 3012/1168/1087 3019/1180/1087 1460/1235/1087
f 1458/1214/1088 3005/1165/1088 3012/1168/1088 1459/1236/1088
f 3054/1237/1089 3055/1238/1089 3062/1239/1089 3061/1240/1089
f 3055/1238/1090 3056/1241/1090 3063/1242/1090 3062/1239/1090
f 3056/1241/1091 3057/1243/1091 3064/1244/1091 3063/1242/1091
f 3057/1243/1092 3058/1245/1092 3065/1246/1092 3064/1244/1092
f 3058/1245/1093 3059/1247/1093 3066/1248/1093 3065/1246/1093
f 3059/1247/1094 3060/1249/1094 3067/1250/1094 3066/1248/1094
f 3061/1240/1095 3062/1239/1095 3069/1251/1095 3068/1252/1095
f 3062/1239/1096 3063/1242/1096 3070/1253/1096 3069/1251/1096
f 3063/1242/1097 3064/1244/1097 3071/1254/1097 3070/1253/1097
f 3064/1244/1098 3065/1246/1098 3072/1255/1098 3071/1254/1098
f 3065/1246/1099 3066/1248/1099 3073/1256/1099 3072/1255/1099
f 3066/1248/1100 3067/1250/1100 3074/1257/1100 3073/1256/1100
f 3068/1252/1101 3069/1251/1101 3076/1258/1101 3075/1259/1101
f 3069/1251/1102 3070/1253/1102 3077/1260/1102 3076/1258/1102
f 3070/1253/1103 3071/1254/1103 3078/1261/1103 3077/1260/1103
f 3071/1254/1104 3072/1255/1104 3079/1262/1104 3078/1261/1104
f 3072/1255/1105 3073/1256/1105 3080/1263/1105 3079/1262/1105
f 3073/1256/1106 3074/1257/1106 3081/1264/1106 3080/1263/1106
f 3075/1259/1107 3076/1258/1107 3083/1265/1107 3082/1266/1107
f 3076/1258/1108 3077/1260/1108 3084/1267/1108 3083/1265/1108
f 3077/1260/1109 3078/1261/1109 3085/1268/1109 3084/1267/1109
f 3078/1261/1110 3079/1262/1110 3086/1269/1110 3085/1268/1110
f 3079/1262/1111 3080/1263/1111 3087/1270/1111 3086/1269/1111
f 3080/1263/1112 3081/1264/1112 3088/1271/1112 3087/1270/1112
f 3082/1266/1113 3083/1265/1113 3090/1272/1113 3089/1273/1113
f 3083/1265/1114 3084/1267/1114 3091/1274/1114 3090/1272/1114
f 3084/1267/1812 3085/1268/1812 3092/1275/1812 3091/1274/1812
f 3085/1268/1116 3086/1269/1116 3093/1276/1116 3092/1275/1116
f 3086/1269/1117 3087/1270/1117 3094/1277/1117 3093/1276/1117
f 3087/1270/1118 3088/1271/1118 3095/1278/1118 3094/1277/1118
f 3089/1273/1119 3090/1272/1119 3097/1279/1119 3096/1280/1119
f 3090/1272/1120 3091/1274/1120 3098/1281/1120 3097/1279/1120
f 3091/1274/1121 3092/1275/1121 3099/1282/1121 3098/1281/1121
f 3092/1275/1122 3093/1276/1122 3100/1283/1122 3099/1282/1122
f 3093/1276/1123 3094/1277/1123 3101/1284/1123 3100/1283/1123
f 3094/1277/1124 3095/1278/1124 3102/1285/1124 3101/1284/1124
f 942/1231/1125 1450/1229/1125 3054/1237/1125 1451/1286/1125
f 1450/1229/1126 1449/1228/1126 3055/1238/1126 3054/1237/1126
f 1449/1228/1127 1448/1227/1127 3056/1241/1127 3055/1238/1127
f 1448/1227/1128 1447/1226/1128 3057/1243/1128 3056/1241/1128
f 1447/1226/1129 1446/1225/1129 3058/1245/1129 3057/1243/1129
f 1446/1225/1130 1445/1224/1130 3059/1247/1130 3058/1245/1130
f 1445/1224/1131 1444/1223/1131 3060/1249/1131 3059/1247/1131
f 1444/1223/1132 936/1222/1132 1416/1287/1132 3060/1249/1132
f 3060/1249/1133 1416/1287/1133 1417/1288/1133 3067/1250/1133
f 3067/1250/1134 1417/1288/1134 1418/1289/1134 3074/1257/1134
f 3074/1257/1135 1418/1289/1135 1419/1290/1135 3081/1264/1135
f 3081/1264/1136 1419/1290/1136 1420/1291/1136 3088/1271/1136
f 3088/1271/1137 1420/1291/1137 1421/1292/1137 3095/1278/1137
f 3095/1278/1138 1421/1292/1138 1422/1293/1138 3102/1285/1138
f 3102/1285/1139 1422/1293/1139 932/1294/1139 1352/1295/1139
f 3101/1284/1140 3102/1285/1140 1352/1295/1140 1351/1296/1140
f 3100/1283/1141 3101/1284/1141 1351/1296/1141 1350/1297/1141
f 3099/1282/1142 3100/1283/1142 1350/1297/1142 1349/1298/1142
f 3098/1281/1143 3099/1282/1143 1349/1298/1143 1348/1299/1143
f 3097/1279/1144 3098/1281/1144 1348/1299/1144 1347/1300/1144
f 3096/1280/1145 3097/1279/1145 1347/1300/1145 1346/1301/1145
f 1457/1302/1146 3096/1280/1146 1346/1301/1146 939/1303/1146
f 1456/1304/1147 3089/1273/1147 3096/1280/1147 1457/1302/1147
f 1455/1305/1148 3082/1266/1148 3089/1273/1148 1456/1304/1148
f 1454/1306/1149 3075/1259/1149 3082/1266/1149 1455/1305/1149
f 1453/1307/1150 3068/1252/1150 3075/1259/1150 1454/1306/1150
f 1452/1308/1151 3061/1240/1151 3068/1252/1151 1453/1307/1151
f 1451/1286/1152 3054/1237/1152 3061/1240/1152 1452/1308/1152
f 3103/1309/1153 3104/1310/1153 3111/1311/1153 3110/1312/1153
f 3104/1310/1154 3105/1313/1154 3112/1314/1154 3111/1311/1154
f 3105/1313/1155 3106/1315/1155 3113/1316/1155 3112/1314/1155
f 3106/1315/1156 3107/1317/1156 3114/1318/1156 3113/1316/1156
f 3107/1317/1157 3108/1319/1157 3115/1320/1157 3114/1318/1157
f 3108/1319/1158 3109/1321/1158 3116/1322/1158 3115/1320/1158
f 3110/1312/1159 3111/1311/1159 3118/1323/1159 3117/1324/1159
f 3111/1311/1160 3112/1314/1160 3119/1325/1160 3118/1323/1160
f 3112/1314/1161 3113/1316/1161 3120/1326/1161 3119/1325/1161
f 3113/1316/1162 3114/1318/1162 3121/1327/1162 3120/1326/1162
f 3114/1318/1163 3115/1320/1163 3122/1328/1163 3121/1327/1163
f 3115/1320/1164 3116/1322/1164 3123/1329/1164 3122/1328/1164
f 3117/1324/1165 3118/1323/1165 3125/1330/1165 3124/1331/1165
f 3118/1323/1166 3119/1325/1166 3126/1332/1166 3125/1330/1166
f 3119/1325/1813 3120/1326/1813 3127/1333/1813 3126/1332/1813
f 3120/1326/1168 3121/1327/1168 3128/1334/1168 3127/1333/1168
f 3121/1327/1169 3122/1328/1169 3129/1335/1169 3128/1334/1169
f 3122/1328/1170 3123/1329/1170 3130/1336/1170 3129/1335/1170
f 3124/1331/1171 3125/1330/1171 3132/1337/1171 3131/1338/1171
f 3125/1330/1172 3126/1332/1172 3133/1339/1172 3132/1337/1172
f 3126/1332/1173 3127/1333/1173 3134/1340/1173 3133/1339/1173
f 3127/1333/1174 3128/1334/1174 3135/1341/1174 3134/1340/1174
f 3128/1334/1175 3129/1335/1175 3136/1342/1175 3135/1341/1175
f 3129/1335/1176 3130/1336/1176 3137/1343/1176 3136/1342/1176
f 3131/1338/1177 3132/1337/1177 3139/1344/1177 3138/1345/1177
f 3132/1337/1178 3133/1339/1178 3140/1346/1178 3139/1344/1178
f 3133/1339/1179 3134/1340/1179 3141/1347/1179 3140/1346/1179
f 3134/1340/1180 3135/1341/1180 3142/1348/1180 3141/1347/1180
f 3135/1341/1181 3136/1342/1181 3143/1349/1181 3142/1348/1181
f 3136/1342/1182 3137/1343/1182 3144/1350/1182 3143/1349/1182
f 3138/1345/1183 3139/1344/1183 3146/1351/1183 3145/1352/1183
f 3139/1344/1184 3140/1346/1184 3147/1353/1184 3146/1351/1184
f 3140/1346/1185 3141/1347/1185 3148/1354/1185 3147/1353/1185
f 3141/1347/1186 3142/1348/1186 3149/1355/1186 3148/1354/1186
f 3142/1348/1187 3143/1349/1187 3150/1356/1187 3149/1355/1187
f 3143/1349/1188 3144/1350/1188 3151/1357/1188 3150/1356/1188
f 933/1358/1189 1373/1359/1189 3103/1309/1189 1339/1360/1189
f 1373/1359/1190 1372/1361/1190 3104/1310/1190 3103/1309/1190
f 1372/1361/1191 1371/1362/1191 3105/1313/1191 3104/1310/1191
f 1371/1362/1192 1370/1363/1192 3106/1315/1192 3105/1313/1192
f 1370/1363/1193 1369/1364/1193 3107/1317/1193 3106/1315/1193
f 1369/1364/1194 1368/1365/1194 3108/1319/1194 3107/1317/1194
f 1368/1365/1195 1367/1366/1195 3109/1321/1195 3108/1319/1195
f 1367/1366/1196 937/1367/1196 1394/1368/1196 3109/1321/1196
f 3109/1321/1197 1394/1368/1197 1393/1369/1197 3116/1322/1197
f 3116/1322/1198 1393/1369/1198 1392/1370/1198 3123/1329/1198
f 3123/1329/1199 1392/1370/1199 1391/1371/1199 3130/1336/1199
f 3130/1336/1200 1391/1371/1200 1390/1372/1200 3137/1343/1200
f 3137/1343/1201 1390/1372/1201 1389/1373/1201 3144/1350/1201
f 3144/1350/1202 1389/1373/1202 1388/1374/1202 3151/1357/1202
f 3151/1357/1203 1388/1374/1203 935/1375/1203 1415/1376/1203
f 3150/1356/1204 3151/1357/1204 1415/1376/1204 1414/1377/1204
f 3149/1355/1205 3150/1356/1205 1414/1377/1205 1413/1378/1205
f 3148/1354/1206 3149/1355/1206 1413/1378/1206 1412/1379/1206
f 3147/1353/1207 3148/1354/1207 1412/1379/1207 1411/1380/1207
f 3146/1351/1208 3147/1353/1208 1411/1380/1208 1410/1381/1208
f 3145/1352/1209 3146/1351/1209 1410/1381/1209 1409/1382/1209
f 1345/1383/1210 3145/1352/1210 1409/1382/1210 931/1384/1210
f 1344/1385/1211 3138/1345/1211 3145/1352/1211 1345/1383/1211
f 1343/1386/1212 3131/1338/1212 3138/1345/1212 1344/1385/1212
f 1342/1387/1213 3124/1331/1213 3131/1338/1213 1343/1386/1213
f 1341/1388/1214 3117/1324/1214 3124/1331/1214 1342/1387/1214
f 1340/1389/1215 3110/1312/1215 3117/1324/1215 1341/1388/1215
f 1339/1360/1216 3103/1309/1216 3110/1312/1216 1340/1389/1216
f 3152/1390/1217 3153/1391/1217 3160/1392/1217 3159/1393/1217
f 3153/1391/1218 3154/1394/1218 3161/1395/1218 3160/1392/1218
f 3154/1394/1219 3155/1396/1219 3162/1397/1219 3161/1395/1219
f 3155/1396/1220 3156/1398/1220 3163/1399/1220 3162/1397/1220
f 3156/1398/1221 3157/1400/1221 3164/1401/1221 3163/1399/1221
f 3157/1400/1222 3158/1402/1222 3165/1403/1222 3164/1401/1222
f 3159/1393/1223 3160/1392/1223 3167/1404/1223 3166/1405/1223
f 3160/1392/1224 3161/1395/1224 3168/1406/1224 3167/1404/1224
f 3161/1395/1225 3162/1397/1225 3169/1407/1225 3168/1406/1225
f 3162/1397/1226 3163/1399/1226 3170/1408/1226 3169/1407/1226
f 3163/1399/1227 3164/1401/1227 3171/1409/1227 3170/1408/1227
f 3164/1401/1228 3165/1403/1228 3172/1410/1228 3171/1409/1228
f 3166/1405/1229 3167/1404/1229 3174/1411/1229 3173/1412/1229
f 3167/1404/1230 3168/1406/1230 3175/1413/1230 3174/1411/1230
f 3168/1406/1231 3169/1407/1231 3176/1414/1231 3175/1413/1231
f 3169/1407/1232 3170/1408/1232 3177/1415/1232 3176/1414/1232
f 3170/1408/1233 3171/1409/1233 3178/1416/1233 3177/1415/1233
f 3171/1409/1234 3172/1410/1234 3179/1417/1234 3178/1416/1234
f 3173/1412/1235 3174/1411/1235 3181/1418/1235 3180/1419/1235
f 3174/1411/1236 3175/1413/1236 3182/1420/1236 3181/1418/1236
f 3175/1413/1237 3176/1414/1237 3183/1421/1237 3182/1420/1237
f 3176/1414/1238 3177/1415/1238 3184/1422/1238 3183/1421/1238
f 3177/1415/1239 3178/1416/1239 3185/1423/1239 3184/1422/1239
f 3178/1416/1240 3179/1417/1240 3186/1424/1240 3185/1423/1240
f 3180/1419/1241 3181/1418/1241 3188/1425/1241 3187/1426/1241
f 3181/1418/1242 3182/1420/1242 3189/1427/1242 3188/1425/1242
f 3182/1420/1243 3183/1421/1243 3190/1428/1243 3189/1427/1243
f 3183/1421/1244 3184/1422/1244 3191/1429/1244 3190/1428/1244
f 3184/1422/1245 3185/1423/1245 3192/1430/1245 3191/1429/1245
f 3185/1423/1246 3186/1424/1246 3193/1431/1246 3192/1430/1246
f 3187/1426/1247 3188/1425/1247 3195/1432/1247 3194/1433/1247
f 3188/1425/1248 3189/1427/1248 3196/1434/1248 3195/1432/1248
f 3189/1427/1249 3190/1428/1249 3197/1435/1249 3196/1434/1249
f 3190/1428/1250 3191/1429/1250 3198/1436/1250 3197/1435/1250
f 3191/1429/1251 3192/1430/1251 3199/1437/1251 3198/1436/1251
f 3192/1430/1252 3193/1431/1252 3200/1438/1252 3199/1437/1252
f 938/1150/1800 1380/1439/1800 3152/1390/1800 1395/1215/1800
f 1380/1439/1254 1379/1440/1254 3153/1391/1254 3152/1390/1254
f 1379/1440/1255 1378/1441/1255 3154/1394/1255 3153/1391/1255
f 1378/1441/1256 1377/1442/1256 3155/1396/1256 3154/1394/1256
f 1377/1442/1257 1376/1443/1257 3156/1398/1257 3155/1396/1257
f 1376/1443/1258 1375/1444/1258 3157/1400/1258 3156/1398/1258
f 1375/1444/1259 1374/1445/1259 3158/1402/1259 3157/1400/1259
f 1374/1445/1260 934/1446/1260 1359/1447/1260 3158/1402/1260
f 3158/1402/1261 1359/1447/1261 1358/1448/1261 3165/1403/1261
f 3165/1403/1262 1358/1448/1262 1357/1449/1262 3172/1410/1262
f 3172/1410/1263 1357/1449/1263 1356/1450/1263 3179/1417/1263
f 3179/1417/1264 1356/1450/1264 1355/1451/1264 3186/1424/1264
f 3186/1424/1265 1355/1451/1265 1354/1452/1265 3193/1431/1265
f 3193/1431/1266 1354/1452/1266 1353/1453/1266 3200/1438/1266
f 3200/1438/1267 1353/1453/1267 932/1454/1267 1422/1455/1267
f 3199/1437/1268 3200/1438/1268 1422/1455/1268 1421/1456/1268
f 3198/1436/1269 3199/1437/1269 1421/1456/1269 1420/1457/1269
f 3197/1435/1270 3198/1436/1270 1420/1457/1270 1419/1458/1270
f 3196/1434/1271 3197/1435/1271 1419/1458/1271 1418/1459/1271
f 3195/1432/1272 3196/1434/1272 1418/1459/1272 1417/1460/1272
f 3194/1433/1273 3195/1432/1273 1417/1460/1273 1416/1461/1273
f 1401/1221/1274 3194/1433/1274 1416/1461/1274 936/1222/1274
f 1400/1220/1275 3187/1426/1275 3194/1433/1275 1401/1221/1275
f 1399/1219/1276 3180/1419/1276 3187/1426/1276 1400/1220/1276
f 1398/1218/1801 3173/1412/1801 3180/1419/1801 1399/1219/1801
f 1397/1217/1278 3166/1405/1278 3173/1412/1278 1398/1218/1278
f 1396/1216/1279 3159/1393/1279 3166/1405/1279 1397/1217/1279
f 1395/1215/1280 3152/1390/1280 3159/1393/1280 1396/1216/1280
f 3201/1462/1281 3202/1463/1281 3209/1464/1281 3208/1465/1281
f 3202/1463/1282 3203/1466/1282 3210/1467/1282 3209/1464/1282
f 3203/1466/1283 3204/1468/1283 3211/1469/1283 3210/1467/1283
f 3204/1468/1284 3205/1470/1284 3212/1471/1284 3211/1469/1284
f 3205/1470/1285 3206/1472/1285 3213/1473/1285 3212/1471/1285
f 3206/1472/1286 3207/1474/1286 3214/1475/1286 3213/1473/1286
f 3208/1465/1287 3209/1464/1287 3216/1476/1287 3215/1477/1287
f 3209/1464/1288 3210/1467/1288 3217/1478/1288 3216/1476/1288
f 3210/1467/1289 3211/1469/1289 3218/1479/1289 3217/1478/1289
f 3211/1469/1290 3212/1471/1290 3219/1480/1290 3218/1479/1290
f 3212/1471/1291 3213/1473/1291 3220/1481/1291 3219/1480/1291
f 3213/1473/1292 3214/1475/1292 3221/1482/1292 3220/1481/1292
f 3215/1477/1293 3216/1476/1293 3223/1483/1293 3222/1484/1293
f 3216/1476/1294 3217/1478/1294 3224/1485/1294 3223/1483/1294
f 3217/1478/1295 3218/1479/1295 3225/1486/1295 3224/1485/1295
f 3218/1479/1296 3219/1480/1296 3226/1487/1296 3225/1486/1296
f 3219/1480/1297 3220/1481/1297 3227/1488/1297 3226/1487/1297
f 3220/1481/1298 3221/1482/1298 3228/1489/1298 3227/1488/1298
f 3222/1484/1299 3223/1483/1299 3230/1490/1299 3229/1491/1299
f 3223/1483/1300 3224/1485/1300 3231/1492/1300 3230/1490/1300
f 3224/1485/1301 3225/1486/1301 3232/1493/1301 3231/1492/1301
f 3225/1486/1302 3226/1487/1302 3233/1494/1302 3232/1493/1302
f 3226/1487/1303 3227/1488/1303 3234/1495/1303 3233/1494/1303
f 3227/1488/1304 3228/1489/1304 3235/1496/1304 3234/1495/1304
f 3229/1491/1305 3230/1490/1305 3237/1497/1305 3236/1498/1305
f 3230/1490/1306 3231/1492/1306 3238/1499/1306 3237/1497/1306
f 3231/1492/1307 3232/1493/1307 3239/1500/1307 3238/1499/1307
f 3232/1493/1308 3233/1494/1308 3240/1501/1308 3239/1500/1308
f 3233/1494/1309 3234/1495/1309 3241/1502/1309 3240/1501/1309
f 3234/1495/1310 3235/1496/1310 3242/1503/1310 3241/1502/1310
f 3236/1498/1311 3237/1497/1311 3244/1504/1311 3243/1505/1311
f 3237/1497/1312 3238/1499/1312 3245/1506/1312 3244/1504/1312
f 3238/1499/1313 3239/1500/1313 3246/1507/1313 3245/1506/1313
f 3239/1500/1314 3240/1501/1314 3247/1508/1314 3246/1507/1314
f 3240/1501/1315 3241/1502/1315 3248/1509/1315 3247/1508/1315
f 3241/1502/1316 3242/1503/1316 3249/1510/1316 3248/1509/1316
f 945/1511/1317 1499/1512/1317 3201/1462/1317 1528/1513/1317
f 1499/1512/1318 1498/1514/1318 3202/1463/1318 3201/1462/1318
f 1498/1514/1319 1497/1515/1319 3203/1466/1319 3202/1463/1319
f 1497/1515/1320 1496/1516/1320 3204/1468/1320 3203/1466/1320
f 1496/1516/1321 1495/1517/1321 3205/1470/1321 3204/1468/1321
f 1495/1517/1322 1494/1518/1322 3206/1472/1322 3205/1470/1322
f 1494/1518/1323 1493/1519/1323 3207/1474/1323 3206/1472/1323
f 1493/1519/1324 942/1231/1324 1451/1286/1324 3207/1474/1324
f 3207/1474/1325 1451/1286/1325 1452/1308/1325 3214/1475/1325
f 3214/1475/1326 1452/1308/1326 1453/1307/1326 3221/1482/1326
f 3221/1482/1327 1453/1307/1327 1454/1306/1327 3228/1489/1327
f 3228/1489/1328 1454/1306/1328 1455/1305/1328 3235/1496/1328
f 3235/1496/1329 1455/1305/1329 1456/1304/1329 3242/1503/1329
f 3242/1503/1330 1456/1304/1330 1457/1302/1330 3249/1510/1330
f 3249/1510/1331 1457/1302/1331 939/1303/1331 1429/1520/1331
f 3248/1509/1332 3249/1510/1332 1429/1520/1332 1428/1521/1332
f 3247/1508/1333 3248/1509/1333 1428/1521/1333 1427/1522/1333
f 3246/1507/1334 3247/1508/1334 1427/1522/1334 1426/1523/1334
f 3245/1506/1335 3246/1507/1335 1426/1523/1335 1425/1524/1335
f 3244/1504/1336 3245/1506/1336 1425/1524/1336 1424/1525/1336
f 3243/1505/1337 3244/1504/1337 1424/1525/1337 1423/1526/1337
f 1534/1527/1338 3243/1505/1338 1423/1526/1338 946/1528/1338
f 1533/1529/1339 3236/1498/1339 3243/1505/1339 1534/1527/1339
f 1532/1530/1340 3229/1491/1340 3236/1498/1340 1533/1529/1340
f 1531/1531/1341 3222/1484/1341 3229/1491/1341 1532/1530/1341
f 1530/1532/1342 3215/1477/1342 3222/1484/1342 1531/1531/1342
f 1529/1533/1343 3208/1465/1343 3215/1477/1343 1530/1532/1343
f 1528/1513/1344 3201/1462/1344 3208/1465/1344 1529/1533/1344
f 3250/1534/1345 3251/1535/1345 3258/1536/1345 3257/1537/1345
f 3251/1535/1346 3252/1538/1346 3259/1539/1346 3258/1536/1346
f 3252/1538/1347 3253/1540/1347 3260/1541/1347 3259/1539/1347
f 3253/1540/1348 3254/1542/1348 3261/1543/1348 3260/1541/1348
f 3254/1542/1349 3255/1544/1349 3262/1545/1349 3261/1543/1349
f 3255/1544/1350 3256/1546/1350 3263/1547/1350 3262/1545/1350
f 3257/1537/1351 3258/1536/1351 3265/1548/1351 3264/1549/1351
f 3258/1536/1352 3259/1539/1352 3266/1550/1352 3265/1548/1352
f 3259/1539/1353 3260/1541/1353 3267/1551/1353 3266/1550/1353
f 3260/1541/1354 3261/1543/1354 3268/1552/1354 3267/1551/1354
f 3261/1543/1355 3262/1545/1355 3269/1553/1355 3268/1552/1355
f 3262/1545/1356 3263/1547/1356 3270/1554/1356 3269/1553/1356
f 3264/1549/1357 3265/1548/1357 3272/1555/1357 3271/1556/1357
f 3265/1548/1358 3266/1550/1358 3273/1557/1358 3272/1555/1358
f 3266/1550/1359 3267/1551/1359 3274/1558/1359 3273/1557/1359
f 3267/1551/1360 3268/1552/1360 3275/1559/1360 3274/1558/1360
f 3268/1552/1361 3269/1553/1361 3276/1560/1361 3275/1559/1361
f 3269/1553/1362 3270/1554/1362 3277/1561/1362 3276/1560/1362
f 3271/1556/1363 3272/1555/1363 3279/1562/1363 3278/1563/1363
f 3272/1555/1364 3273/1557/1364 3280/1564/1364 3279/1562/1364
f 3273/1557/1365 3274/1558/1365 3281/1565/1365 3280/1564/1365
f 3274/1558/1366 3275/1559/1366 3282/1566/1366 3281/1565/1366
f 3275/1559/1367 3276/1560/1367 3283/1567/1367 3282/1566/1367
f 3276/1560/1368 3277/1561/1368 3284/1568/1368 3283/1567/1368
f 3278/1563/1814 3279/1562/1814 3286/1569/1814 3285/1570/1814
f 3279/1562/1370 3280/1564/1370 3287/1571/1370 3286/1569/1370
f 3280/1564/1815 3281/1565/1815 3288/1572/1815 3287/1571/1815
f 3281/1565/1372 3282/1566/1372 3289/1573/1372 3288/1572/1372
f 3282/1566/1373 3283/1567/1373 3290/1574/1373 3289/1573/1373
f 3283/1567/1374 3284/1568/1374 3291/1575/1374 3290/1574/1374
f 3285/1570/1375 3286/1569/1375 3293/1576/1375 3292/1577/1375
f 3286/1569/1376 3287/1571/1376 3294/1578/1376 3293/1576/1376
f 3287/1571/1377 3288/1572/1377 3295/1579/1377 3294/1578/1377
f 3288/1572/1378 3289/1573/1378 3296/1580/1378 3295/1579/1378
f 3289/1573/1379 3290/1574/1379 3297/1581/1379 3296/1580/1379
f 3290/1574/1380 3291/1575/1380 3298/1582/1380 3297/1581/1380
f 944/1583/1381 1492/1584/1381 3250/1534/1381 1521/1585/1381
f 1492/1584/1382 1491/1586/1382 3251/1535/1382 3250/1534/1382
f 1491/1586/1383 1490/1587/1383 3252/1538/1383 3251/1535/1383
f 1490/1587/1384 1489/1588/1384 3253/1540/1384 3252/1538/1384
f 1489/1588/1385 1488/1589/1385 3254/1542/1385 3253/1540/1385
f 1488/1589/1386 1487/1590/1386 3255/1544/1386 3254/1542/1386
f 1487/1590/1387 1486/1591/1387 3256/1546/1387 3255/1544/1387
f 1486/1591/1388 941/1592/1388 1458/1593/1388 3256/1546/1388
f 3256/1546/1389 1458/1593/1389 1459/1236/1389 3263/1547/1389
f 3263/1547/1390 1459/1236/1390 1460/1594/1390 3270/1554/1390
f 3270/1554/1391 1460/1594/1391 1461/1595/1391 3277/1561/1391
f 3277/1561/1392 1461/1595/1392 1462/1233/1392 3284/1568/1392
f 3284/1568/1393 1462/1233/1393 1463/1596/1393 3291/1575/1393
f 3291/1575/1394 1463/1596/1394 1464/1597/1394 3298/1582/1394
f 3298/1582/1395 1464/1597/1395 942/1598/1395 1493/1519/1395
f 3297/1581/1396 3298/1582/1396 1493/1519/1396 1494/1599/1396
f 3296/1580/1397 3297/1581/1397 1494/1599/1397 1495/1600/1397
f 3295/1579/1398 3296/1580/1398 1495/1600/1398 1496/1601/1398
f 3294/1578/1399 3295/1579/1399 1496/1601/1399 1497/1602/1399
f 3293/1576/1400 3294/1578/1400 1497/1602/1400 1498/1603/1400
f 3292/1577/1401 3293/1576/1401 1498/1603/1401 1499/1604/1401
f 1527/1605/1402 3292/1577/1402 1499/1604/1402 945/1606/1402
f 1526/1607/1403 3285/1570/1403 3292/1577/1403 1527/1605/1403
f 1525/1608/1404 3278/1563/1404 3285/1570/1404 1526/1607/1404
f 1524/1609/1405 3271/1556/1405 3278/1563/1405 1525/1608/1405
f 1523/1610/1406 3264/1549/1406 3271/1556/1406 1524/1609/1406
f 1522/1611/1407 3257/1537/1407 3264/1549/1407 1523/1610/1407
f 1521/1585/1408 3250/1534/1408 3257/1537/1408 1522/1611/1408
f 3299/1612/1409 3300/1613/1409 3307/1614/1409 3306/1615/1409
f 3300/1613/1410 3301/1616/1410 3308/1617/1410 3307/1614/1410
f 3301/1616/1411 3302/1618/1411 3309/1619/1411 3308/1617/1411
f 3302/1618/1412 3303/1620/1412 3310/1621/1412 3309/1619/1412
f 3303/1620/1413 3304/1622/1413 3311/1623/1413 3310/1621/1413
f 3304/1622/1414 3305/1624/1414 3312/1625/1414 3311/1623/1414
f 3306/1615/1415 3307/1614/1415 3314/1626/1415 3313/1627/1415
f 3307/1614/1416 3308/1617/1416 3315/1628/1416 3314/1626/1416
f 3308/1617/1417 3309/1619/1417 3316/1629/1417 3315/1628/1417
f 3309/1619/1418 3310/1621/1418 3317/1630/1418 3316/1629/1418
f 3310/1621/1419 3311/1623/1419 3318/1631/1419 3317/1630/1419
f 3311/1623/1420 3312/1625/1420 3319/1632/1420 3318/1631/1420
f 3313/1627/1421 3314/1626/1421 3321/1633/1421 3320/1634/1421
f 3314/1626/1422 3315/1628/1422 3322/1635/1422 3321/1633/1422
f 3315/1628/1423 3316/1629/1423 3323/1636/1423 3322/1635/1423
f 3316/1629/1424 3317/1630/1424 3324/1637/1424 3323/1636/1424
f 3317/1630/1425 3318/1631/1425 3325/1638/1425 3324/1637/1425
f 3318/1631/1426 3319/1632/1426 3326/1639/1426 3325/1638/1426
f 3320/1634/1427 3321/1633/1427 3328/1640/1427 3327/1641/1427
f 3321/1633/1428 3322/1635/1428 3329/1642/1428 3328/1640/1428
f 3322/1635/1429 3323/1636/1429 3330/1643/1429 3329/1642/1429
f 3323/1636/1430 3324/1637/1430 3331/1644/1430 3330/1643/1430
f 3324/1637/1431 3325/1638/1431 3332/1645/1431 3331/1644/1431
f 3325/1638/1432 3326/1639/1432 3333/1646/1432 3332/1645/1432
f 3327/1641/1433 3328/1640/1433 3335/1647/1433 3334/1648/1433
f 3328/1640/1434 3329/1642/1434 3336/1649/1434 3335/1647/1434
f 3329/1642/1435 3330/1643/1435 3337/1650/1435 3336/1649/1435
f 3330/1643/1436 3331/1644/1436 3338/1651/1436 3337/1650/1436
f 3331/1644/1437 3332/1645/1437 3339/1652/1437 3338/1651/1437
f 3332/1645/1438 3333/1646/1438 3340/1653/1438 3339/1652/1438
f 3334/1648/1439 3335/1647/1439 3342/1654/1439 3341/1655/1439
f 3335/1647/1440 3336/1649/1440 3343/1656/1440 3342/1654/1440
f 3336/1649/1441 3337/1650/1441 3344/1657/1441 3343/1656/1441
f 3337/1650/1442 3338/1651/1442 3345/1658/1442 3344/1657/1442
f 3338/1651/1443 3339/1652/1443 3346/1659/1443 3345/1658/1443
f 3339/1652/1444 3340/1653/1444 3347/1660/1444 3346/1659/1444
f 943/1661/1445 1485/1662/1445 3299/1612/1445 1514/1663/1445
f 1485/1662/1446 1484/1664/1446 3300/1613/1446 3299/1612/1446
f 1484/1664/1447 1483/1665/1447 3301/1616/1447 3300/1613/1447
f 1483/1665/1448 1482/1666/1448 3302/1618/1448 3301/1616/1448
f 1482/1666/1449 1481/1667/1449 3303/1620/1449 3302/1618/1449
f 1481/1667/1450 1480/1668/1450 3304/1622/1450 3303/1620/1450
f 1480/1668/1451 1479/1669/1451 3305/1624/1451 3304/1622/1451
f 1479/1669/1452 940/1670/1452 1465/1671/1452 3305/1624/1452
f 3305/1624/1453 1465/1671/1453 1466/1672/1453 3312/1625/1453
f 3312/1625/1454 1466/1672/1454 1467/1673/1454 3319/1632/1454
f 3319/1632/1455 1467/1673/1455 1468/1674/1455 3326/1639/1455
f 3326/1639/1456 1468/1674/1456 1469/1675/1456 3333/1646/1456
f 3333/1646/1457 1469/1675/1457 1470/1676/1457 3340/1653/1457
f 3340/1653/1458 1470/1676/1458 1471/1677/1458 3347/1660/1458
f 3347/1660/1459 1471/1677/1459 941/1592/1459 1486/1591/1459
f 3346/1659/1460 3347/1660/1460 1486/1591/1460 1487/1590/1460
f 3345/1658/1461 3346/1659/1461 1487/1590/1461 1488/1589/1461
f 3344/1657/1462 3345/1658/1462 1488/1589/1462 1489/1588/1462
f 3343/1656/1463 3344/1657/1463 1489/1588/1463 1490/1587/1463
f 3342/1654/1464 3343/1656/1464 1490/1587/1464 1491/1586/1464
f 3341/1655/1465 3342/1654/1465 1491/1586/1465 1492/1584/1465
f 1520/1678/1466 3341/1655/1466 1492/1584/1466 944/1583/1466
f 1519/1679/1467 3334/1648/1467 3341/1655/1467 1520/1678/1467
f 1518/1680/1468 3327/1641/1468 3334/1648/1468 1519/1679/1468
f 1517/1681/1469 3320/1634/1469 3327/1641/1469 1518/1680/1469
f 1516/1682/1470 3313/1627/1470 3320/1634/1470 1517/1681/1470
f 1515/1683/1471 3306/1615/1471 3313/1627/1471 1516/1682/1471
f 1514/1663/1472 3299/1612/1472 3306/1615/1472 1515/1683/1472
f 3348/1684/1473 3349/1685/1473 3356/1686/1473 3355/1687/1473
f 3349/1685/1474 3350/1688/1474 3357/1689/1474 3356/1686/1474
f 3350/1688/1475 3351/1690/1475 3358/1691/1475 3357/1689/1475
f 3351/1690/1476 3352/1692/1476 3359/1693/1476 3358/1691/1476
f 3352/1692/1477 3353/1694/1477 3360/1695/1477 3359/1693/1477
f 3353/1694/1478 3354/1696/1478 3361/1697/1478 3360/1695/1478
f 3355/1687/1479 3356/1686/1479 3363/1698/1479 3362/1699/1479
f 3356/1686/1480 3357/1689/1480 3364/1700/1480 3363/1698/1480
f 3357/1689/1481 3358/1691/1481 3365/1701/1481 3364/1700/1481
f 3358/1691/1482 3359/1693/1482 3366/1702/1482 3365/1701/1482
f 3359/1693/1483 3360/1695/1483 3367/1703/1483 3366/1702/1483
f 3360/1695/1484 3361/1697/1484 3368/1704/1484 3367/1703/1484
f 3362/1699/1485 3363/1698/1485 3370/1705/1485 3369/1706/1485
f 3363/1698/1486 3364/1700/1486 3371/1707/1486 3370/1705/1486
f 3364/1700/1487 3365/1701/1487 3372/1708/1487 3371/1707/1487
f 3365/1701/1488 3366/1702/1488 3373/1709/1488 3372/1708/1488
f 3366/1702/1489 3367/1703/1489 3374/1710/1489 3373/1709/1489
f 3367/1703/1490 3368/1704/1490 3375/1711/1490 3374/1710/1490
f 3369/1706/1816 3370/1705/1816 3377/1712/1816 3376/1713/1816
f 3370/1705/1492 3371/1707/1492 3378/1714/1492 3377/1712/1492
f 3371/1707/1493 3372/1708/1493 3379/1715/1493 3378/1714/1493
f 3372/1708/1494 3373/1709/1494 3380/1716/1494 3379/1715/1494
f 3373/1709/1495 3374/1710/1495 3381/1717/1495 3380/1716/1495
f 3374/1710/1496 3375/1711/1496 3382/1718/1496 3381/1717/1496
f 3376/1713/1497 3377/1712/1497 3384/1719/1497 3383/1720/1497
f 3377/1712/1498 3378/1714/1498 3385/1721/1498 3384/1719/1498
f 3378/1714/1499 3379/1715/1499 3386/1722/1499 3385/1721/1499
f 3379/1715/1500 3380/1716/1500 3387/1723/1500 3386/1722/1500
f 3380/1716/1501 3381/1717/1501 3388/1724/1501 3387/1723/1501
f 3381/1717/1805 3382/1718/1805 3389/1725/1805 3388/1724/1805
f 3383/1720/1503 3384/1719/1503 3391/1726/1503 3390/1727/1503
f 3384/1719/1504 3385/1721/1504 3392/1728/1504 3391/1726/1504
f 3385/1721/1505 3386/1722/1505 3393/1729/1505 3392/1728/1505
f 3386/1722/1506 3387/1723/1506 3394/1730/1506 3393/1729/1506
f 3387/1723/1507 3388/1724/1507 3395/1731/1507 3394/1730/1507
f 3388/1724/1817 3389/1725/1817 3396/1732/1817 3395/1731/1817
f 946/1733/1509 1423/1734/1509 3348/1684/1509 1507/1735/1509
f 1423/1734/1510 1424/1736/1510 3349/1685/1510 3348/1684/1510
f 1424/1736/1511 1425/1737/1511 3350/1688/1511 3349/1685/1511
f 1425/1737/1512 1426/1738/1512 3351/1690/1512 3350/1688/1512
f 1426/1738/1513 1427/1739/1513 3352/1692/1513 3351/1690/1513
f 1427/1739/1514 1428/1740/1514 3353/1694/1514 3352/1692/1514
f 1428/1740/1515 1429/1741/1515 3354/1696/1515 3353/1694/1515
f 1429/1741/1516 939/1061/1516 1472/1063/1516 3354/1696/1516
f 3354/1696/1517 1472/1063/1517 1473/1092/1517 3361/1697/1517
f 3361/1697/1518 1473/1092/1518 1474/1091/1518 3368/1704/1518
f 3368/1704/1519 1474/1091/1519 1475/1090/1519 3375/1711/1519
f 3375/1711/1520 1475/1090/1520 1476/1089/1520 3382/1718/1520
f 3382/1718/1521 1476/1089/1521 1477/1088/1521 3389/1725/1521
f 3389/1725/1522 1477/1088/1522 1478/1086/1522 3396/1732/1522
f 3396/1732/1523 1478/1086/1523 940/1087/1523 1479/1669/1523
f 3395/1731/1524 3396/1732/1524 1479/1669/1524 1480/1742/1524
f 3394/1730/1525 3395/1731/1525 1480/1742/1525 1481/1743/1525
f 3393/1729/1526 3394/1730/1526 1481/1743/1526 1482/1744/1526
f 3392/1728/1527 3393/1729/1527 1482/1744/1527 1483/1745/1527
f 3391/1726/1528 3392/1728/1528 1483/1745/1528 1484/1746/1528
f 3390/1727/1529 3391/1726/1529 1484/1746/1529 1485/1747/1529
f 1513/1748/1530 3390/1727/1530 1485/1747/1530 943/1749/1530
f 1512/1750/1531 3383/1720/1531 3390/1727/1531 1513/1748/1531
f 1511/1751/1532 3376/1713/1532 3383/1720/1532 1512/1750/1532
f 1510/1752/1533 3369/1706/1533 3376/1713/1533 1511/1751/1533
f 1509/1753/1534 3362/1699/1534 3369/1706/1534 1510/1752/1534
f 1508/1754/1535 3355/1687/1535 3362/1699/1535 1509/1753/1535
f 1507/1735/1536 3348/1684/1536 3355/1687/1536 1508/1754/1536
f 3397/1755/1537 3398/1756/1537 3405/1757/1537 3404/1758/1537
f 3398/1756/1538 3399/1759/1538 3406/1760/1538 3405/1757/1538
f 3399/1759/1539 3400/1761/1539 3407/1762/1539 3406/1760/1539
f 3400/1761/1540 3401/1763/1540 3408/1764/1540 3407/1762/1540
f 3401/1763/1541 3402/1765/1541 3409/1766/1541 3408/1764/1541
f 3402/1765/1542 3403/1767/1542 3410/1768/1542 3409/1766/1542
f 3404/1758/1543 3405/1757/1543 3412/1769/1543 3411/1770/1543
f 3405/1757/1544 3406/1760/1544 3413/1771/1544 3412/1769/1544
f 3406/1760/1545 3407/1762/1545 3414/1772/1545 3413/1771/1545
f 3407/1762/1546 3408/1764/1546 3415/1773/1546 3414/1772/1546
f 3408/1764/1547 3409/1766/1547 3416/1774/1547 3415/1773/1547
f 3409/1766/1548 3410/1768/1548 3417/1775/1548 3416/1774/1548
f 3411/1770/1549 3412/1769/1549 3419/1776/1549 3418/1777/1549
f 3412/1769/1550 3413/1771/1550 3420/1778/1550 3419/1776/1550
f 3413/1771/1818 3414/1772/1818 3421/1779/1818 3420/1778/1818
f 3414/1772/1552 3415/1773/1552 3422/1780/1552 3421/1779/1552
f 3415/1773/1553 3416/1774/1553 3423/1781/1553 3422/1780/1553
f 3416/1774/1554 3417/1775/1554 3424/1782/1554 3423/1781/1554
f 3418/1777/1555 3419/1776/1555 3426/1783/1555 3425/1784/1555
f 3419/1776/1556 3420/1778/1556 3427/1785/1556 3426/1783/1556
f 3420/1778/1557 3421/1779/1557 3428/1786/1557 3427/1785/1557
f 3421/1779/1558 3422/1780/1558 3429/1787/1558 3428/1786/1558
f 3422/1780/1559 3423/1781/1559 3430/1788/1559 3429/1787/1559
f 3423/1781/1560 3424/1782/1560 3431/1789/1560 3430/1788/1560
f 3425/1784/1806 3426/1783/1806 3433/1790/1806 3432/1791/1806
f 3426/1783/1562 3427/1785/1562 3434/1792/1562 3433/1790/1562
f 3427/1785/1563 3428/1786/1563 3435/1793/1563 3434/1792/1563
f 3428/1786/1564 3429/1787/1564 3436/1794/1564 3435/1793/1564
f 3429/1787/1565 3430/1788/1565 3437/1795/1565 3436/1794/1565
f 3430/1788/1566 3431/1789/1566 3438/1796/1566 3437/1795/1566
f 3432/1791/1567 3433/1790/1567 3440/1797/1567 3439/1798/1567
f 3433/1790/1568 3434/1792/1568 3441/1799/1568 3440/1797/1568
f 3434/1792/1569 3435/1793/1569 3442/1800/1569 3441/1799/1569
f 3435/1793/1570 3436/1794/1570 3443/1801/1570 3442/1800/1570
f 3436/1794/1571 3437/1795/1571 3444/1802/1571 3443/1801/1571
f 3437/1795/1572 3438/1796/1572 3445/1803/1572 3444/1802/1572
f 931/1804/1573 1500/1805/1573 3397/1755/1573 1345/1806/1573
f 1500/1805/1574 1501/1807/1574 3398/1756/1574 3397/1755/1574
f 1501/1807/1575 1502/1808/1575 3399/1759/1575 3398/1756/1575
f 1502/1808/1576 1503/1809/1576 3400/1761/1576 3399/1759/1576
f 1503/1809/1577 1504/1810/1577 3401/1763/1577 3400/1761/1577
f 1504/1810/1578 1505/1811/1578 3402/1765/1578 3401/1763/1578
f 1505/1811/1579 1506/1812/1579 3403/1767/1579 3402/1765/1579
f 1506/1812/1580 946/1733/1580 1507/1735/1580 3403/1767/1580
f 3403/1767/1581 1507/1735/1581 1508/1754/1581 3410/1768/1581
f 3410/1768/1582 1508/1754/1582 1509/1753/1582 3417/1775/1582
f 3417/1775/1583 1509/1753/1583 1510/1752/1583 3424/1782/1583
f 3424/1782/1584 1510/1752/1584 1511/1751/1584 3431/1789/1584
f 3431/1789/1585 1511/1751/1585 1512/1750/1585 3438/1796/1585
f 3438/1796/1586 1512/1750/1586 1513/1748/1586 3445/1803/1586
f 3445/1803/1587 1513/1748/1587 943/1749/1587 1360/1813/1587
f 3444/1802/1588 3445/1803/1588 1360/1813/1588 1361/1814/1588
f 3443/1801/1589 3444/1802/1589 1361/1814/1589 1362/1815/1589
f 3442/1800/1590 3443/1801/1590 1362/1815/1590 1363/1816/1590
f 3441/1799/1591 3442/1800/1591 1363/1816/1591 1364/1817/1591
f 3440/1797/1592 3441/1799/1592 1364/1817/1592 1365/1818/1592
f 3439/1798/1593 3440/1797/1593 1365/1818/1593 1366/1819/1593
f 1339/1820/1594 3439/1798/1594 1366/1819/1594 933/1821/1594
f 1340/1822/1595 3432/1791/1595 3439/1798/1595 1339/1820/1595
f 1341/1823/1596 3425/1784/1596 3432/1791/1596 1340/1822/1596
f 1342/1824/1597 3418/1777/1597 3425/1784/1597 1341/1823/1597
f 1343/1825/1598 3411/1770/1598 3418/1777/1598 1342/1824/1598
f 1344/1826/1599 3404/1758/1599 3411/1770/1599 1343/1825/1599
f 1345/1806/1600 3397/1755/1600 3404/1758/1600 1344/1826/1600
f 3446/1827/1601 3447/1828/1601 3454/1829/1601 3453/1830/1601
f 3447/1828/1602 3448/1831/1602 3455/1832/1602 3454/1829/1602
f 3448/1831/1603 3449/1833/1603 3456/1834/1603 3455/1832/1603
f 3449/1833/1604 3450/1835/1604 3457/1836/1604 3456/1834/1604
f 3450/1835/1605 3451/1837/1605 3458/1838/1605 3457/1836/1605
f 3451/1837/1606 3452/1839/1606 3459/1840/1606 3458/1838/1606
f 3453/1830/1607 3454/1829/1607 3461/1841/1607 3460/1842/1607
f 3454/1829/1608 3455/1832/1608 3462/1843/1608 3461/1841/1608
f 3455/1832/1609 3456/1834/1609 3463/1844/1609 3462/1843/1609
f 3456/1834/1610 3457/1836/1610 3464/1845/1610 3463/1844/1610
f 3457/1836/1611 3458/1838/1611 3465/1846/1611 3464/1845/1611
f 3458/1838/1612 3459/1840/1612 3466/1847/1612 3465/1846/1612
f 3460/1842/1613 3461/1841/1613 3468/1848/1613 3467/1849/1613
f 3461/1841/1614 3462/1843/1614 3469/1850/1614 3468/1848/1614
f 3462/1843/1615 3463/1844/1615 3470/1851/1615 3469/1850/1615
f 3463/1844/1616 3464/1845/1616 3471/1852/1616 3470/1851/1616
f 3464/1845/1617 3465/1846/1617 3472/1853/1617 3471/1852/1617
f 3465/1846/1618 3466/1847/1618 3473/1854/1618 3472/1853/1618
f 3467/1849/1619 3468/1848/1619 3475/1855/1619 3474/1856/1619
f 3468/1848/1620 3469/1850/1620 3476/1857/1620 3475/1855/1620
f 3469/1850/1621 3470/1851/1621 3477/1858/1621 3476/1857/1621
f 3470/1851/1622 3471/1852/1622 3478/1859/1622 3477/1858/1622
f 3471/1852/1623 3472/1853/1623 3479/1860/1623 3478/1859/1623
f 3472/1853/1624 3473/1854/1624 3480/1861/1624 3479/1860/1624
f 3474/1856/1625 3475/1855/1625 3482/1862/1625 3481/1863/1625
f 3475/1855/1626 3476/1857/1626 3483/1864/1626 3482/1862/1626
f 3476/1857/1627 3477/1858/1627 3484/1865/1627 3483/1864/1627
f 3477/1858/1628 3478/1859/1628 3485/1866/1628 3484/1865/1628
f 3478/1859/1629 3479/1860/1629 3486/1867/1629 3485/1866/1629
f 3479/1860/1630 3480/1861/1630 3487/1868/1630 3486/1867/1630
f 3481/1863/1631 3482/1862/1631 3489/1869/1631 3488/1870/1631
f 3482/1862/1632 3483/1864/1632 3490/1871/1632 3489/1869/1632
f 3483/1864/1633 3484/1865/1633 3491/1872/1633 3490/1871/1633
f 3484/1865/1634 3485/1866/1634 3492/1873/1634 3491/1872/1634
f 3485/1866/1635 3486/1867/1635 3493/1874/1635 3492/1873/1635
f 3486/1867/1636 3487/1868/1636 3494/1875/1636 3493/1874/1636
f 933/1821/1637 1366/1819/1637 3446/1827/1637 1373/1876/1637
f 1366/1819/1638 1365/1818/1638 3447/1828/1638 3446/1827/1638
f 1365/1818/1639 1364/1817/1639 3448/1831/1639 3447/1828/1639
f 1364/1817/1640 1363/1816/1640 3449/1833/1640 3448/1831/1640
f 1363/1816/1641 1362/1815/1641 3450/1835/1641 3449/1833/1641
f 1362/1815/1642 1361/1814/1642 3451/1837/1642 3450/1835/1642
f 1361/1814/1643 1360/1813/1643 3452/1839/1643 3451/1837/1643
f 1360/1813/1644 943/1749/1644 1514/1877/1644 3452/1839/1644
f 3452/1839/1645 1514/1877/1645 1515/1878/1645 3459/1840/1645
f 3459/1840/1646 1515/1878/1646 1516/1879/1646 3466/1847/1646
f 3466/1847/1647 1516/1879/1647 1517/1880/1647 3473/1854/1647
f 3473/1854/1648 1517/1880/1648 1518/1881/1648 3480/1861/1648
f 3480/1861/1649 1518/1881/1649 1519/1882/1649 3487/1868/1649
f 3487/1868/1650 1519/1882/1650 1520/1678/1650 3494/1875/1650
f 3494/1875/1651 1520/1678/1651 944/1883/1651 1381/1884/1651
f 3493/1874/1652 3494/1875/1652 1381/1884/1652 1382/1885/1652
f 3492/1873/1653 3493/1874/1653 1382/1885/1653 1383/1886/1653
f 3491/1872/1654 3492/1873/1654 1383/1886/1654 1384/1887/1654
f 3490/1871/1655 3491/1872/1655 1384/1887/1655 1385/1888/1655
f 3489/1869/1656 3490/1871/1656 1385/1888/1656 1386/1889/1656
f 3488/1870/1657 3489/1869/1657 1386/1889/1657 1387/1890/1657
f 1367/1891/1658 3488/1870/1658 1387/1890/1658 937/1367/1658
f 1368/1892/1659 3481/1863/1659 3488/1870/1659 1367/1891/1659
f 1369/1893/1819 3474/1856/1819 3481/1863/1819 1368/1892/1819
f 1370/1894/1661 3467/1849/1661 3474/1856/1661 1369/1893/1661
f 1371/1895/1662 3460/1842/1662 3467/1849/1662 1370/1894/1662
f 1372/1896/1663 3453/1830/1663 3460/1842/1663 1371/1895/1663
f 1373/1876/1664 3446/1827/1664 3453/1830/1664 1372/1896/1664
f 3495/1897/1665 3496/1898/1665 3503/1899/1665 3502/1900/1665
f 3496/1898/1820 3497/1901/1820 3504/1902/1820 3503/1899/1820
f 3497/1901/1667 3498/1903/1667 3505/1904/1667 3504/1902/1667
f 3498/1903/1668 3499/1905/1668 3506/1906/1668 3505/1904/1668
f 3499/1905/1669 3500/1907/1669 3507/1908/1669 3506/1906/1669
f 3500/1907/1670 3501/1909/1670 3508/1910/1670 3507/1908/1670
f 3502/1900/1671 3503/1899/1671 3510/1911/1671 3509/1912/1671
f 3503/1899/1672 3504/1902/1672 3511/1913/1672 3510/1911/1672
f 3504/1902/1673 3505/1904/1673 3512/1914/1673 3511/1913/1673
f 3505/1904/1674 3506/1906/1674 3513/1915/1674 3512/1914/1674
f 3506/1906/1675 3507/1908/1675 3514/1916/1675 3513/1915/1675
f 3507/1908/1676 3508/1910/1676 3515/1917/1676 3514/1916/1676
f 3509/1912/1677 3510/1911/1677 3517/1918/1677 3516/1919/1677
f 3510/1911/1678 3511/1913/1678 3518/1920/1678 3517/1918/1678
f 3511/1913/1679 3512/1914/1679 3519/1921/1679 3518/1920/1679
f 3512/1914/1680 3513/1915/1680 3520/1922/1680 3519/1921/1680
f 3513/1915/1681 3514/1916/1681 3521/1923/1681 3520/1922/1681
f 3514/1916/1682 3515/1917/1682 3522/1924/1682 3521/1923/1682
f 3516/1919/1683 3517/1918/1683 3524/1925/1683 3523/1926/1683
f 3517/1918/1684 3518/1920/1684 3525/1927/1684 3524/1925/1684
f 3518/1920/1685 3519/1921/1685 3526/1928/1685 3525/1927/1685
f 3519/1921/1686 3520/1922/1686 3527/1929/1686 3526/1928/1686
f 3520/1922/1687 3521/1923/1687 3528/1930/1687 3527/1929/1687
f 3521/1923/1688 3522/1924/1688 3529/1931/1688 3528/1930/1688
f 3523/1926/1689 3524/1925/1689 3531/1932/1689 3530/1933/1689
f 3524/1925/1690 3525/1927/1690 3532/1934/1690 3531/1932/1690
f 3525/1927/1691 3526/1928/1691 3533/1935/1691 3532/1934/1691
f 3526/1928/1692 3527/1929/1692 3534/1936/1692 3533/1935/1692
f 3527/1929/1693 3528/1930/1693 3535/1937/1693 3534/1936/1693
f 3528/1930/1694 3529/1931/1694 3536/1938/1694 3535/1937/1694
f 3530/1933/1695 3531/1932/1695 3538/1939/1695 3537/1940/1695
f 3531/1932/1696 3532/1934/1696 3539/1941/1696 3538/1939/1696
f 3532/1934/1697 3533/1935/1697 3540/1942/1697 3539/1941/1697
f 3533/1935/1698 3534/1936/1698 3541/1943/1698 3540/1942/1698
f 3534/1936/1699 3535/1937/1699 3542/1944/1699 3541/1943/1699
f 3535/1937/1700 3536/1938/1700 3543/1945/1700 3542/1944/1700
f 937/1367/1701 1387/1890/1701 3495/1897/1701 1394/1368/1701
f 1387/1890/1702 1386/1889/1702 3496/1898/1702 3495/1897/1702
f 1386/1889/1703 1385/1888/1703 3497/1901/1703 3496/1898/1703
f 1385/1888/1704 1384/1887/1704 3498/1903/1704 3497/1901/1704
f 1384/1887/1705 1383/1886/1705 3499/1905/1705 3498/1903/1705
f 1383/1886/1706 1382/1885/1706 3500/1907/1706 3499/1905/1706
f 1382/1885/1707 1381/1884/1707 3501/1909/1707 3500/1907/1707
f 1381/1884/1708 944/1883/1708 1521/1946/1708 3501/1909/1708
f 3501/1909/1709 1521/1946/1709 1522/1611/1709 3508/1910/1709
f 3508/1910/1710 1522/1611/1710 1523/1947/1710 3515/1917/1710
f 3515/1917/1711 1523/1947/1711 1524/1948/1711 3522/1924/1711
f 3522/1924/1712 1524/1948/1712 1525/1949/1712 3529/1931/1712
f 3529/1931/1713 1525/1949/1713 1526/1950/1713 3536/1938/1713
f 3536/1938/1714 1526/1950/1714 1527/1951/1714 3543/1945/1714
f 3543/1945/1715 1527/1951/1715 945/1511/1715 1402/1952/1715
f 3542/1944/1716 3543/1945/1716 1402/1952/1716 1403/1953/1716
f 3541/1943/1717 3542/1944/1717 1403/1953/1717 1404/1954/1717
f 3540/1942/1718 3541/1943/1718 1404/1954/1718 1405/1955/1718
f 3539/1941/1719 3540/1942/1719 1405/1955/1719 1406/1956/1719
f 3538/1939/1720 3539/1941/1720 1406/1956/1720 1407/1957/1720
f 3537/1940/1721 3538/1939/1721 1407/1957/1721 1408/1958/1721
f 1388/1374/1722 3537/1940/1722 1408/1958/1722 935/1375/1722
f 1389/1373/1723 3530/1933/1723 3537/1940/1723 1388/1374/1723
f 1390/1372/1724 3523/1926/1724 3530/1933/1724 1389/1373/1724
f 1391/1371/1725 3516/1919/1725 3523/1926/1725 1390/1372/1725
f 1392/1370/1726 3509/1912/1726 3516/1919/1726 1391/1371/1726
f 1393/1369/1727 3502/1900/1727 3509/1912/1727 1392/1370/1727
f 1394/1368/1728 3495/1897/1728 3502/1900/1728 1393/1369/1728
f 3544/1959/1729 3545/1960/1729 3552/1961/1729 3551/1962/1729
f 3545/1960/1730 3546/1963/1730 3553/1964/1730 3552/1961/1730
f 3546/1963/1731 3547/1965/1731 3554/1966/1731 3553/1964/1731
f 3547/1965/1732 3548/1967/1732 3555/1968/1732 3554/1966/1732
f 3548/1967/1733 3549/1969/1733 3556/1970/1733 3555/1968/1733
f 3549/1969/1734 3550/1971/1734 3557/1972/1734 3556/1970/1734
f 3551/1962/1735 3552/1961/1735 3559/1973/1735 3558/1974/1735
f 3552/1961/1736 3553/1964/1736 3560/1975/1736 3559/1973/1736
f 3553/1964/1737 3554/1966/1737 3561/1976/1737 3560/1975/1737
f 3554/1966/1738 3555/1968/1738 3562/1977/1738 3561/1976/1738
f 3555/1968/1739 3556/1970/1739 3563/1978/1739 3562/1977/1739
f 3556/1970/1740 3557/1972/1740 3564/1979/1740 3563/1978/1740
f 3558/1974/1741 3559/1973/1741 3566/1980/1741 3565/1981/1741
f 3559/1973/1742 3560/1975/1742 3567/1982/1742 3566/1980/1742
f 3560/1975/1743 3561/1976/1743 3568/1983/1743 3567/1982/1743
f 3561/1976/1744 3562/1977/1744 3569/1984/1744 3568/1983/1744
f 3562/1977/1745 3563/1978/1745 3570/1985/1745 3569/1984/1745
f 3563/1978/1746 3564/1979/1746 3571/1986/1746 3570/1985/1746
f 3565/1981/1747 3566/1980/1747 3573/1987/1747 3572/1988/1747
f 3566/1980/1748 3567/1982/1748 3574/1989/1748 3573/1987/1748
f 3567/1982/1749 3568/1983/1749 3575/1990/1749 3574/1989/1749
f 3568/1983/1750 3569/1984/1750 3576/1991/1750 3575/1990/1750
f 3569/1984/1751 3570/1985/1751 3577/1992/1751 3576/1991/1751
f 3570/1985/1752 3571/1986/1752 3578/1993/1752 3577/1992/1752
f 3572/1988/1753 3573/1987/1753 3580/1994/1753 3579/1995/1753
f 3573/1987/1754 3574/1989/1754 3581/1996/1754 3580/1994/1754
f 3574/1989/1755 3575/1990/1755 3582/1997/1755 3581/1996/1755
f 3575/1990/1756 3576/1991/1756 3583/1998/1756 3582/1997/1756
f 3576/1991/1757 3577/1992/1757 3584/1999/1757 3583/1998/1757
f 3577/1992/1758 3578/1993/1758 3585/2000/1758 3584/1999/1758
f 3579/1995/1759 3580/1994/1759 3587/2001/1759 3586/2002/1759
f 3580/1994/1760 3581/1996/1760 3588/2003/1760 3587/2001/1760
f 3581/1996/1761 3582/1997/1761 3589/2004/1761 3588/2003/1761
f 3582/1997/1762 3583/1998/1762 3590/2005/1762 3589/2004/1762
f 3583/1998/1763 3584/1999/1763 3591/2006/1763 3590/2005/1763
f 3584/1999/1764 3585/2000/1764 3592/2007/1764 3591/2006/1764
f 935/1375/1765 1408/1958/1765 3544/1959/1765 1415/2008/1765
f 1408/1958/1766 1407/1957/1766 3545/1960/1766 3544/1959/1766
f 1407/1957/1767 1406/1956/1767 3546/1963/1767 3545/1960/1767
f 1406/1956/1768 1405/1955/1768 3547/1965/1768 3546/1963/1768
f 1405/1955/1769 1404/1954/1769 3548/1967/1769 3547/1965/1769
f 1404/1954/1770 1403/1953/1770 3549/1969/1770 3548/1967/1770
f 1403/1953/1771 1402/1952/1771 3550/1971/1771 3549/1969/1771
f 1402/1952/1772 945/1511/1772 1528/1513/1772 3550/1971/1772
f 3550/1971/1773 1528/1513/1773 1529/1533/1773 3557/1972/1773
f 3557/1972/1774 1529/1533/1774 1530/1532/1774 3564/1979/1774
f 3564/1979/1775 1530/1532/1775 1531/1531/1775 3571/1986/1775
f 3571/1986/1776 1531/1531/1776 1532/1530/1776 3578/1993/1776
f 3578/1993/1777 1532/1530/1777 1533/1529/1777 3585/2000/1777
f 3585/2000/1778 1533/1529/1778 1534/1527/1778 3592/2007/1778
f 3592/2007/1779 1534/1527/1779 946/1528/1779 1506/2009/1779
f 3591/2006/1780 3592/2007/1780 1506/2009/1780 1505/2010/1780
f 3590/2005/1781 3591/2006/1781 1505/2010/1781 1504/2011/1781
f 3589/2004/1782 3590/2005/1782 1504/2011/1782 1503/2012/1782
f 3588/2003/1783 3589/2004/1783 1503/2012/1783 1502/2013/1783
f 3587/2001/1784 3588/2003/1784 1502/2013/1784 1501/2014/1784
f 3586/2002/1785 3587/2001/1785 1501/2014/1785 1500/2015/1785
f 1409/2016/1786 3586/2002/1786 1500/2015/1786 931/2017/1786
f 1410/2018/1787 3579/1995/1787 3586/2002/1787 1409/2016/1787
f 1411/2019/1788 3572/1988/1788 3579/1995/1788 1410/2018/1788
f 1412/2020/1789 3565/1981/1789 3572/1988/1789 1411/2019/1789
f 1413/2021/1790 3558/1974/1790 3565/1981/1790 1412/2020/1790
f 1414/2022/1791 3551/1962/1791 3558/1974/1791 1413/2021/1791
f 1415/2008/1792 3544/1959/1792 3551/1962/1792 1414/2022/1792
