# Blender 4.5.3 LTS
# www.blender.org
mtllib cara3.mtl
o colmillo2
v -1.972103 -2.067724 -0.342975
v -2.383269 -0.599089 -0.452340
v -2.108550 -2.118102 -0.334792
v -2.761195 -0.738624 -0.429674
v -1.971825 -2.091815 -0.486650
v -2.382501 -0.665813 -0.850284
v -2.108273 -2.142193 -0.478466
v -2.760427 -0.805348 -0.827618
v -2.266459 -0.769155 -0.444459
v -2.738334 -0.943378 -0.416158
v -2.737374 -1.026689 -0.913027
v -2.265499 -0.852467 -0.941328
v -2.418542 -1.589405 -0.586911
v -2.417909 -1.644369 -0.914718
v -2.106591 -1.529427 -0.933390
v -2.107225 -1.474463 -0.605583
v -2.091706 -2.125731 -0.319956
v -2.069134 -2.132333 -0.304394
v -2.045750 -2.134266 -0.293968
v -2.023731 -2.130072 -0.290923
v -2.004720 -2.119117 -0.296429
v -1.989426 -2.102904 -0.309175
v -1.978309 -2.083863 -0.326757
v -2.279271 -0.715380 -0.424290
v -2.291124 -0.672448 -0.410701
v -2.303167 -0.639817 -0.403836
v -2.316549 -0.616943 -0.403840
v -2.332130 -0.603109 -0.410572
v -2.349632 -0.596894 -0.422736
v -2.368089 -0.596535 -0.438363
v -2.414702 -0.606126 -0.436853
v -2.461707 -0.618562 -0.419388
v -2.516425 -0.635292 -0.405763
v -2.574615 -0.655485 -0.398426
v -2.632374 -0.678101 -0.398809
v -2.685930 -0.701349 -0.405940
v -2.731290 -0.723015 -0.417866
v -2.370349 -1.679736 -0.569208
v -2.322686 -1.766921 -0.540054
v -2.276581 -1.849018 -0.503321
v -2.233062 -1.924081 -0.462879
v -2.193149 -1.990276 -0.422462
v -2.157830 -2.046198 -0.385258
v -2.128335 -2.090314 -0.354417
v -2.106308 -2.153863 -0.454118
v -2.104062 -2.165596 -0.423240
v -2.102381 -2.172526 -0.393603
v -2.101750 -2.172739 -0.368554
v -2.102464 -2.165282 -0.350399
v -2.104224 -2.151523 -0.339309
v -2.106539 -2.133842 -0.334715
v -2.775142 -0.746996 -0.461498
v -2.790133 -0.758335 -0.509622
v -2.800674 -0.770142 -0.566271
v -2.804519 -0.781214 -0.627183
v -2.800439 -0.790613 -0.688361
v -2.789677 -0.797922 -0.745722
v -2.774498 -0.802891 -0.794856
v -2.369765 -1.730431 -0.871557
v -2.322151 -1.813365 -0.817048
v -2.276094 -1.891252 -0.755207
v -2.232623 -1.962171 -0.690048
v -2.192757 -2.024324 -0.625525
v -2.157482 -2.076392 -0.565336
v -2.128028 -2.116990 -0.513515
v -1.978018 -2.109132 -0.477461
v -1.989121 -2.129392 -0.467153
v -2.004405 -2.146428 -0.459312
v -2.023413 -2.157677 -0.455562
v -2.045436 -2.161577 -0.456851
v -2.068829 -2.158822 -0.462372
v -2.091415 -2.151000 -0.470660
v -2.730468 -0.794425 -0.843759
v -2.685050 -0.777806 -0.861929
v -2.631452 -0.758122 -0.876051
v -2.573679 -0.736830 -0.883573
v -2.515504 -0.715312 -0.883005
v -2.460826 -0.695019 -0.875377
v -2.413880 -0.677537 -0.862747
v -2.082625 -1.624415 -0.888778
v -2.059091 -1.716240 -0.832825
v -2.036879 -1.802931 -0.769554
v -2.016881 -1.882516 -0.702988
v -1.999910 -1.953122 -0.637091
v -1.986463 -2.013249 -0.575593
v -1.976934 -2.061204 -0.522577
v -1.963416 -2.081000 -0.343298
v -1.954193 -2.096129 -0.348308
v -1.947775 -2.108168 -0.359677
v -1.945393 -2.115010 -0.377931
v -1.947691 -2.115412 -0.402881
v -1.954031 -2.110202 -0.432238
v -1.963186 -2.101020 -0.462702
v -2.370028 -0.653555 -0.819114
v -2.356624 -0.638033 -0.771695
v -2.347203 -0.623272 -0.715544
v -2.343776 -0.611101 -0.654816
v -2.347439 -0.602801 -0.593454
v -2.357080 -0.598446 -0.535595
v -2.370672 -0.597661 -0.485757
v -2.130897 -1.373949 -0.610514
v -2.153904 -1.273820 -0.602843
v -2.176042 -1.175648 -0.585289
v -2.197103 -1.081005 -0.560571
v -2.216881 -0.991463 -0.531409
v -2.235170 -0.908593 -0.500524
v -2.251765 -0.833966 -0.470634
v -2.772833 -0.745972 -0.414088
v -2.784881 -0.757594 -0.396631
v -2.792781 -0.773188 -0.382944
v -2.794868 -0.793545 -0.375153
v -2.790146 -0.819616 -0.374629
v -2.778817 -0.852510 -0.381451
v -2.761380 -0.893381 -0.395375
v -2.772010 -0.817431 -0.840271
v -2.783996 -0.834439 -0.854934
v -2.791844 -0.854517 -0.867994
v -2.793895 -0.877994 -0.878807
v -2.789156 -0.905594 -0.887402
v -2.777826 -0.938614 -0.894976
v -2.760400 -0.978499 -0.903020
v -2.367266 -0.667994 -0.864546
v -2.348747 -0.673739 -0.881039
v -2.331194 -0.684439 -0.895621
v -2.315576 -0.701392 -0.907495
v -2.302177 -0.725795 -0.916609
v -2.290133 -0.758552 -0.924225
v -2.278291 -0.800498 -0.931935
v -2.226891 -0.829470 -0.891731
v -2.199359 -0.809091 -0.832736
v -2.182898 -0.791820 -0.767255
v -2.177502 -0.778144 -0.698200
v -2.183166 -0.768552 -0.628482
v -2.199884 -0.763531 -0.561011
v -2.227650 -0.763569 -0.498700
v -2.687988 -1.015319 -0.956743
v -2.630330 -0.998933 -0.989311
v -2.567165 -0.978552 -1.010566
v -2.501257 -0.955199 -1.020341
v -2.435371 -0.929893 -1.018470
v -2.372273 -0.903655 -1.004789
v -2.314728 -0.877506 -0.979130
v -2.776942 -0.966375 -0.465755
v -2.804474 -0.986753 -0.524750
v -2.820935 -1.004024 -0.590231
v -2.826331 -1.017700 -0.659286
v -2.820667 -1.027293 -0.729005
v -2.803949 -1.032314 -0.796475
v -2.776183 -1.032275 -0.858787
v -2.315845 -0.780526 -0.400743
v -2.373503 -0.796912 -0.368175
v -2.436668 -0.817292 -0.346920
v -2.502576 -0.840646 -0.337146
v -2.568461 -0.865952 -0.339016
v -2.631560 -0.892190 -0.352698
v -2.689105 -0.918339 -0.378357
v -2.710191 -1.003223 -0.443139
v -2.677515 -1.071912 -0.473994
v -2.640882 -1.148010 -0.505980
v -2.600869 -1.230081 -0.536355
v -2.558052 -1.316692 -0.562377
v -2.513007 -1.406406 -0.581305
v -2.466312 -1.497788 -0.590397
v -2.709259 -1.084160 -0.925847
v -2.676615 -1.150010 -0.939768
v -2.640020 -1.222869 -0.952439
v -2.600048 -1.301368 -0.961507
v -2.557275 -1.384137 -0.964621
v -2.512277 -1.469806 -0.959429
v -2.465630 -1.557007 -0.943579
v -2.250833 -0.914903 -0.953341
v -2.234271 -0.986690 -0.966298
v -2.216019 -1.066322 -0.977869
v -2.196282 -1.152292 -0.985724
v -2.175265 -1.243093 -0.987533
v -2.153174 -1.337221 -0.980967
v -2.130214 -1.433167 -0.963696
v -1.977241 -2.034528 -0.363479
v -1.986810 -1.983055 -0.395515
v -2.000302 -1.919074 -0.434028
v -2.017320 -1.844426 -0.475818
v -2.037366 -1.760696 -0.517668
v -2.059625 -1.669796 -0.555831
v -2.083209 -1.573720 -0.586429
v -2.139807 -1.481964 -0.576741
v -2.177846 -1.492775 -0.555255
v -2.219519 -1.506221 -0.541232
v -2.263002 -1.521628 -0.534783
v -2.306469 -1.538324 -0.536017
v -2.348098 -1.555634 -0.545044
v -2.386064 -1.572886 -0.561972
v -2.444013 -1.604577 -0.619633
v -2.462177 -1.618022 -0.658555
v -2.473037 -1.629416 -0.701755
v -2.476597 -1.638439 -0.747314
v -2.472861 -1.644768 -0.793311
v -2.461831 -1.648080 -0.837824
v -2.443513 -1.648055 -0.878933
v -2.385327 -1.636867 -0.943560
v -2.347287 -1.626057 -0.965046
v -2.305614 -1.612611 -0.979069
v -2.262131 -1.597204 -0.985518
v -2.218664 -1.580508 -0.984284
v -2.177035 -1.563198 -0.975257
v -2.139070 -1.545946 -0.958329
v -2.081120 -1.514255 -0.900668
v -2.062956 -1.500810 -0.861747
v -2.052096 -1.489416 -0.818546
v -2.048536 -1.480393 -0.772987
v -2.052273 -1.474064 -0.726991
v -2.063302 -1.470752 -0.682477
v -2.081621 -1.470777 -0.641368
v -2.329729 -0.726995 -0.379625
v -2.342175 -0.684188 -0.365512
v -2.354164 -0.651512 -0.358695
v -2.366680 -0.628377 -0.359467
v -2.380368 -0.614009 -0.367956
v -2.394521 -0.606913 -0.383644
v -2.407508 -0.605221 -0.406134
v -2.388639 -0.743733 -0.346350
v -2.401776 -0.701096 -0.331845
v -2.413703 -0.668331 -0.325062
v -2.425209 -0.644768 -0.326399
v -2.436783 -0.629583 -0.336212
v -2.447711 -0.621325 -0.354667
v -2.456746 -0.618312 -0.382059
v -2.453175 -0.764552 -0.324634
v -2.467067 -0.722131 -0.309873
v -2.478917 -0.689269 -0.303110
v -2.489300 -0.665203 -0.304816
v -2.498619 -0.649074 -0.315458
v -2.506589 -0.639627 -0.335497
v -2.512725 -0.635500 -0.365409
v -2.520513 -0.788410 -0.314647
v -2.535185 -0.746254 -0.299769
v -2.546938 -0.713324 -0.293017
v -2.556118 -0.688767 -0.294894
v -2.563078 -0.671704 -0.305898
v -2.568212 -0.661145 -0.326507
v -2.571924 -0.656077 -0.357192
v -2.587826 -0.814267 -0.316558
v -2.603271 -0.772420 -0.301704
v -2.614907 -0.739478 -0.294954
v -2.622842 -0.714508 -0.296807
v -2.627378 -0.696614 -0.307736
v -2.629593 -0.685042 -0.328119
v -2.630785 -0.679089 -0.358329
v -2.652291 -0.841077 -0.330537
v -2.668473 -0.799564 -0.315850
v -2.679985 -0.766645 -0.309091
v -2.686708 -0.741317 -0.310716
v -2.688845 -0.722648 -0.321095
v -2.687891 -0.710002 -0.340262
v -2.685907 -0.702922 -0.368315
v -2.711084 -0.867797 -0.356753
v -2.727938 -0.826617 -0.342375
v -2.739342 -0.793725 -0.335594
v -2.744966 -0.768045 -0.336779
v -2.744839 -0.748577 -0.346097
v -2.740408 -0.734620 -0.362899
v -2.734072 -0.725792 -0.386548
v -2.800827 -0.916875 -0.446049
v -2.818733 -0.876271 -0.432717
v -2.830035 -0.843323 -0.425835
v -2.834109 -0.816795 -0.425477
v -2.830517 -0.795432 -0.431347
v -2.819566 -0.777909 -0.441662
v -2.801521 -0.762678 -0.453660
v -2.828959 -0.937693 -0.506324
v -2.847208 -0.897310 -0.493694
v -2.858516 -0.864281 -0.486732
v -2.862179 -0.837278 -0.485312
v -2.857569 -0.814919 -0.488978
v -2.844374 -0.795580 -0.495966
v -2.822216 -0.777466 -0.503944
v -2.845779 -0.955336 -0.573225
v -2.864239 -0.915138 -0.561371
v -2.875567 -0.882028 -0.554315
v -2.879013 -0.854603 -0.551701
v -2.873858 -0.831408 -0.552986
v -2.859493 -0.810769 -0.556874
v -2.835322 -0.790946 -0.561847
v -2.851293 -0.969307 -0.643778
v -2.869824 -0.929261 -0.632740
v -2.881163 -0.896105 -0.625575
v -2.884548 -0.868379 -0.621687
v -2.879236 -0.844604 -0.620480
v -2.864560 -0.823212 -0.621378
v -2.839871 -0.802612 -0.623804
v -2.845505 -0.979109 -0.715008
v -2.863962 -0.939185 -0.704790
v -2.875290 -0.906037 -0.697508
v -2.878742 -0.878181 -0.692316
v -2.873596 -0.854141 -0.688566
v -2.859243 -0.832486 -0.686393
v -2.835082 -0.811790 -0.686159
v -2.828423 -0.984242 -0.783941
v -2.846666 -0.944397 -0.774517
v -2.857975 -0.911294 -0.767119
v -2.861647 -0.883447 -0.760662
v -2.857056 -0.859422 -0.754391
v -2.843886 -0.837985 -0.748867
v -2.821750 -0.817925 -0.745243
v -2.800052 -0.984205 -0.847603
v -2.817948 -0.944379 -0.838914
v -2.829252 -0.911328 -0.831414
v -2.833340 -0.883583 -0.823800
v -2.829776 -0.859781 -0.815124
v -2.818863 -0.838977 -0.805871
v -2.800857 -0.820334 -0.797522
v -2.709943 -0.966880 -0.947686
v -2.726784 -0.926850 -0.940169
v -2.738189 -0.893819 -0.932556
v -2.743834 -0.866374 -0.923212
v -2.743749 -0.843241 -0.910672
v -2.739383 -0.823696 -0.894148
v -2.733133 -0.807313 -0.872741
v -2.651035 -0.950136 -0.980962
v -2.667202 -0.909891 -0.973844
v -2.678716 -0.876828 -0.966219
v -2.685461 -0.849572 -0.956349
v -2.687644 -0.826849 -0.942554
v -2.686764 -0.807775 -0.923379
v -2.684886 -0.791610 -0.897255
v -2.586501 -0.929310 -1.002679
v -2.601931 -0.888805 -0.995824
v -2.613568 -0.855716 -0.988199
v -2.621526 -0.828726 -0.978002
v -2.626112 -0.806558 -0.963443
v -2.628406 -0.788103 -0.942780
v -2.629711 -0.772303 -0.914262
v -2.519165 -0.905449 -1.012667
v -2.533821 -0.864658 -1.005933
v -2.545576 -0.831582 -0.998306
v -2.554779 -0.804975 -0.987955
v -2.561789 -0.783569 -0.973064
v -2.567004 -0.766001 -0.951868
v -2.570832 -0.750884 -0.922621
v -2.451850 -0.879595 -1.010755
v -2.465726 -0.838516 -1.003993
v -2.477578 -0.805507 -0.996355
v -2.487984 -0.779421 -0.986011
v -2.497352 -0.759018 -0.971165
v -2.505402 -0.742689 -0.950157
v -2.511652 -0.728714 -0.921343
v -2.387383 -0.852792 -0.996775
v -2.400505 -0.811423 -0.989839
v -2.412434 -0.778513 -0.982189
v -2.423962 -0.753023 -0.972033
v -2.435583 -0.733785 -0.957672
v -2.446585 -0.719097 -0.937784
v -2.455725 -0.707001 -0.910999
v -2.328588 -0.826079 -0.970558
v -2.341020 -0.784421 -0.963305
v -2.353012 -0.751606 -0.955657
v -2.365548 -0.726706 -0.945900
v -2.379278 -0.708673 -0.932532
v -2.393495 -0.695989 -0.914893
v -2.406569 -0.686742 -0.892327
v -2.238844 -0.777000 -0.881262
v -2.250226 -0.734768 -0.872963
v -2.262318 -0.702008 -0.865416
v -2.276405 -0.677955 -0.857202
v -2.293600 -0.661818 -0.847281
v -2.314337 -0.652699 -0.836130
v -2.339121 -0.649855 -0.825214
v -2.210715 -0.756176 -0.820988
v -2.221770 -0.713677 -0.811995
v -2.233903 -0.680878 -0.804548
v -2.248491 -0.657062 -0.797436
v -2.266858 -0.641513 -0.789788
v -2.290101 -0.633520 -0.782081
v -2.319417 -0.632457 -0.775371
v -2.193897 -0.738527 -0.754088
v -2.204758 -0.695798 -0.744327
v -2.216918 -0.662957 -0.736995
v -2.231813 -0.639326 -0.731116
v -2.250873 -0.624224 -0.725915
v -2.275502 -0.616961 -0.721403
v -2.307114 -0.616857 -0.717825
v -2.188385 -0.724552 -0.683536
v -2.199183 -0.681651 -0.672962
v -2.211352 -0.648802 -0.665748
v -2.226349 -0.625363 -0.661162
v -2.245631 -0.610669 -0.658481
v -2.270656 -0.603935 -0.656997
v -2.302885 -0.604349 -0.656010
v -2.194171 -0.714754 -0.612306
v -2.205035 -0.671751 -0.600907
v -2.217194 -0.638948 -0.593801
v -2.232084 -0.615749 -0.590501
v -2.251135 -0.601491 -0.590335
v -2.275752 -0.595244 -0.591884
v -2.307354 -0.596013 -0.593512
v -2.211251 -0.709627 -0.543371
v -2.222313 -0.666591 -0.531172
v -2.234444 -0.633865 -0.524162
v -2.249023 -0.610893 -0.522087
v -2.267371 -0.597010 -0.524375
v -2.290590 -0.591115 -0.529179
v -2.319882 -0.591998 -0.534071
v -2.239620 -0.709670 -0.479708
v -2.251010 -0.666660 -0.466767
v -2.263102 -0.634004 -0.459837
v -2.277174 -0.611168 -0.458880
v -2.294341 -0.597469 -0.463505
v -2.315040 -0.591632 -0.471921
v -2.339785 -0.592199 -0.481353
v -2.079785 -2.155026 -0.310351
v -2.072954 -2.177657 -0.310227
v -2.069045 -2.193519 -0.318569
v -2.067718 -2.201448 -0.335346
v -2.068964 -2.200523 -0.360342
v -2.072796 -2.191371 -0.392023
v -2.079556 -2.174883 -0.428777
v -2.054254 -2.167430 -0.291621
v -2.044629 -2.193822 -0.288890
v -2.039159 -2.211451 -0.295710
v -2.037378 -2.219801 -0.311925
v -2.039079 -2.218429 -0.337333
v -2.044470 -2.207624 -0.371209
v -2.054020 -2.187761 -0.412877
v -2.030113 -2.172227 -0.279831
v -2.019323 -2.200602 -0.275973
v -2.013030 -2.219213 -0.282192
v -2.010961 -2.227824 -0.298328
v -2.012949 -2.226256 -0.324194
v -2.019162 -2.214600 -0.359455
v -2.029873 -2.193007 -0.403760
v -2.008469 -2.169046 -0.276393
v -1.997529 -2.198009 -0.272275
v -1.990932 -2.216871 -0.278399
v -1.988701 -2.225544 -0.294591
v -1.990850 -2.223958 -0.320665
v -1.997367 -2.212108 -0.356365
v -2.008228 -2.190010 -0.401421
v -1.990440 -2.157580 -0.282210
v -1.979794 -2.186008 -0.278343
v -1.973141 -2.204485 -0.284584
v -1.970821 -2.213004 -0.300735
v -1.973060 -2.211528 -0.326586
v -1.979633 -2.200005 -0.361825
v -1.990201 -2.178359 -0.406140
v -1.976573 -2.138749 -0.296280
v -1.966452 -2.164958 -0.293579
v -1.959877 -2.182178 -0.300465
v -1.957518 -2.190316 -0.316715
v -1.959796 -2.189157 -0.342088
v -1.966293 -2.178760 -0.375898
v -1.976339 -2.159080 -0.417536
v -1.967316 -2.113501 -0.317097
v -1.957797 -2.135139 -0.317134
v -1.951349 -2.150064 -0.325628
v -1.948979 -2.157608 -0.342468
v -1.951268 -2.157068 -0.367401
v -1.957639 -2.148854 -0.398929
v -1.967088 -2.133358 -0.435523
v -2.737007 -0.785162 -0.803037
v -2.747130 -0.776886 -0.751758
v -2.755171 -0.767875 -0.693186
v -2.758409 -0.757859 -0.631010
v -2.755411 -0.747044 -0.568955
v -2.747595 -0.736453 -0.510618
v -2.737670 -0.727545 -0.459406
v -2.689447 -0.765795 -0.815825
v -2.695894 -0.754762 -0.760759
v -2.701342 -0.743950 -0.699477
v -2.703664 -0.733113 -0.635054
v -2.701591 -0.722342 -0.570611
v -2.696380 -0.712571 -0.509133
v -2.690147 -0.705036 -0.453456
v -2.634629 -0.744698 -0.827070
v -2.638421 -0.731852 -0.769363
v -2.641576 -0.719587 -0.705765
v -2.642960 -0.707974 -0.639151
v -2.641833 -0.697224 -0.572388
v -2.638925 -0.688071 -0.508257
v -2.635359 -0.681390 -0.449501
v -2.575883 -0.722765 -0.833739
v -2.577506 -0.708857 -0.775176
v -2.578538 -0.695587 -0.710703
v -2.578972 -0.683437 -0.643142
v -2.578799 -0.672886 -0.575311
v -2.578018 -0.664400 -0.510033
v -2.576624 -0.658444 -0.450131
v -2.516648 -0.701138 -0.834146
v -2.516037 -0.686666 -0.776703
v -2.514909 -0.672820 -0.713362
v -2.514378 -0.660499 -0.646863
v -2.515166 -0.650457 -0.579985
v -2.516541 -0.642886 -0.515597
v -2.517377 -0.637830 -0.456577
v -2.460437 -0.681242 -0.829560
v -2.456926 -0.666531 -0.775091
v -2.453370 -0.652395 -0.714349
v -2.451859 -0.640143 -0.650156
v -2.453619 -0.630788 -0.585483
v -2.457412 -0.624341 -0.523466
v -2.461137 -0.620483 -0.467191
v -2.410661 -0.664671 -0.822610
v -2.402989 -0.649824 -0.772398
v -2.396595 -0.635483 -0.714692
v -2.394098 -0.623350 -0.652860
v -2.396835 -0.614653 -0.590461
v -2.403454 -0.609392 -0.531258
v -2.411325 -0.607054 -0.478979
v -2.102771 -1.416821 -0.928441
v -2.123793 -1.319720 -0.943223
v -2.144009 -1.224476 -0.947381
v -2.163246 -1.132614 -0.943285
v -2.181327 -1.045658 -0.933303
v -2.198079 -0.965132 -0.919805
v -2.213325 -0.892561 -0.905158
v -2.083201 -1.402336 -0.886507
v -2.102841 -1.304212 -0.898327
v -2.121721 -1.207979 -0.899621
v -2.139688 -1.115177 -0.892805
v -2.156589 -1.027347 -0.880294
v -2.172270 -0.946029 -0.864502
v -2.186578 -0.872764 -0.847844
v -2.071501 -1.390059 -0.839962
v -2.090314 -1.291068 -0.848495
v -2.108395 -1.193997 -0.846611
v -2.125603 -1.100399 -0.836776
v -2.141798 -1.011828 -0.821456
v -2.156839 -0.929839 -0.803119
v -2.170586 -0.855985 -0.784230
v -2.067665 -1.380338 -0.790877
v -2.086207 -1.280661 -0.795943
v -2.104026 -1.182925 -0.790707
v -2.120986 -1.088697 -0.777688
v -2.136950 -0.999540 -0.759407
v -2.151781 -0.917019 -0.738385
v -2.165344 -0.842699 -0.717143
v -2.071691 -1.373519 -0.741320
v -2.090518 -1.273360 -0.742886
v -2.108612 -1.175159 -0.734265
v -2.125832 -1.080489 -0.718032
v -2.142039 -0.990920 -0.696762
v -2.157090 -0.908027 -0.673030
v -2.170846 -0.833380 -0.649411
v -2.083574 -1.369950 -0.693361
v -2.103240 -1.269539 -0.691540
v -2.122145 -1.171095 -0.679644
v -2.140137 -1.076192 -0.660300
v -2.157060 -0.986409 -0.636136
v -2.172762 -0.903320 -0.609782
v -2.187088 -0.828502 -0.583864
v -2.103311 -1.369978 -0.649069
v -2.124370 -1.269569 -0.644121
v -2.144624 -1.171126 -0.629199
v -2.163895 -1.076225 -0.606982
v -2.182009 -0.986443 -0.580147
v -2.198790 -0.903356 -0.551370
v -2.214062 -0.828539 -0.523328
v -2.430526 -1.548925 -0.974653
v -2.474694 -1.461153 -0.992698
v -2.517294 -1.374931 -1.000012
v -2.557790 -1.291638 -0.998914
v -2.595644 -1.212651 -0.991720
v -2.630320 -1.139350 -0.980748
v -2.661280 -1.073113 -0.968317
v -2.389541 -1.537277 -0.997803
v -2.430815 -1.448683 -1.017483
v -2.470617 -1.361666 -1.026378
v -2.508454 -1.277617 -1.026781
v -2.543836 -1.197928 -1.020984
v -2.576270 -1.123990 -1.011278
v -2.605266 -1.057194 -0.999957
v -2.344642 -1.522791 -1.012911
v -2.382746 -1.433174 -1.033657
v -2.419481 -1.345167 -1.043585
v -2.454406 -1.260179 -1.044968
v -2.487079 -1.179615 -1.040082
v -2.517058 -1.104885 -1.031203
v -2.543900 -1.037395 -1.020605
v -2.297794 -1.506191 -1.019859
v -2.332589 -1.415401 -1.041096
v -2.366124 -1.326261 -1.051498
v -2.398011 -1.240196 -1.053332
v -2.427858 -1.158631 -1.048865
v -2.455275 -1.082993 -1.040366
v -2.479871 -1.014707 -1.030102
v -2.250962 -1.488203 -1.018529
v -2.282449 -1.396143 -1.039673
v -2.312786 -1.305774 -1.049984
v -2.341635 -1.218542 -1.051731
v -2.368657 -1.135892 -1.047184
v -2.393512 -1.059271 -1.038612
v -2.415864 -0.990122 -1.028285
v -2.206111 -1.469552 -1.008804
v -2.234431 -1.376175 -1.029261
v -2.261705 -1.284533 -1.038908
v -2.287644 -1.196091 -1.040024
v -2.311960 -1.112316 -1.034891
v -2.334363 -1.034675 -1.025787
v -2.354564 -0.964632 -1.014993
v -2.165207 -1.450965 -0.990566
v -2.190638 -1.356276 -1.009734
v -2.215118 -1.263364 -1.018135
v -2.238405 -1.173717 -1.018069
v -2.260253 -1.088820 -1.011835
v -2.280419 -1.010162 -1.001734
v -2.298658 -0.939228 -0.990065
v -2.493755 -1.514135 -0.625652
v -2.542389 -1.423907 -0.619050
v -2.589308 -1.335309 -0.602529
v -2.633904 -1.249759 -0.578793
v -2.675573 -1.168674 -0.550545
v -2.713707 -1.093470 -0.520487
v -2.747699 -1.025565 -0.491323
v -2.513325 -1.528620 -0.667586
v -2.563341 -1.439415 -0.663945
v -2.611596 -1.351806 -0.650289
v -2.657463 -1.267196 -0.629273
v -2.700312 -1.186984 -0.603554
v -2.739516 -1.112573 -0.575790
v -2.774446 -1.045362 -0.548636
v -2.525026 -1.540897 -0.714131
v -2.575868 -1.452558 -0.713777
v -2.624922 -1.365788 -0.703299
v -2.671548 -1.281974 -0.685302
v -2.715103 -1.202503 -0.662392
v -2.754946 -1.128763 -0.637173
v -2.790438 -1.062141 -0.612251
v -2.528861 -1.550618 -0.763216
v -2.579974 -1.462966 -0.766329
v -2.629290 -1.376860 -0.759203
v -2.676165 -1.293676 -0.744390
v -2.719951 -1.214792 -0.724441
v -2.760005 -1.141583 -0.701907
v -2.795680 -1.075427 -0.679338
v -2.524835 -1.557436 -0.812773
v -2.575664 -1.470266 -0.819386
v -2.624705 -1.384625 -0.815645
v -2.671318 -1.301884 -0.804046
v -2.714862 -1.223411 -0.787086
v -2.754695 -1.150575 -0.767262
v -2.790177 -1.084746 -0.747069
v -2.512952 -1.561005 -0.860732
v -2.562942 -1.474087 -0.870732
v -2.611171 -1.388690 -0.870266
v -2.657013 -1.306180 -0.861778
v -2.699840 -1.227923 -0.847712
v -2.739024 -1.155282 -0.830510
v -2.773936 -1.089624 -0.812617
v -2.493216 -1.560978 -0.905024
v -2.541811 -1.474058 -0.918152
v -2.588693 -1.388659 -0.920711
v -2.633255 -1.306148 -0.915096
v -2.674891 -1.227888 -0.903701
v -2.712996 -1.155246 -0.888922
v -2.746961 -1.089587 -0.873152
v -2.166001 -1.382031 -0.579440
v -2.191488 -1.282473 -0.569574
v -2.216022 -1.184854 -0.549898
v -2.239360 -1.090735 -0.523165
v -2.261256 -1.001680 -0.492128
v -2.281466 -0.919252 -0.459544
v -2.299743 -0.845013 -0.428164
v -2.206985 -1.393678 -0.556290
v -2.235366 -1.294943 -0.544790
v -2.262700 -1.198119 -0.523532
v -2.288696 -1.104756 -0.495297
v -2.313065 -1.016403 -0.462865
v -2.335515 -0.934612 -0.429014
v -2.355758 -0.860932 -0.396524
v -2.251884 -1.408165 -0.541183
v -2.283436 -1.310453 -0.528615
v -2.313836 -1.214618 -0.506325
v -2.342745 -1.122194 -0.477111
v -2.369822 -1.034716 -0.443766
v -2.394728 -0.953717 -0.409089
v -2.417123 -0.880731 -0.375875
v -2.298732 -1.424765 -0.534234
v -2.333593 -1.328225 -0.521176
v -2.367193 -1.233524 -0.498412
v -2.399140 -1.142177 -0.468747
v -2.429043 -1.055700 -0.434983
v -2.456511 -0.975609 -0.399926
v -2.481153 -0.903419 -0.366379
v -2.345564 -1.442753 -0.535564
v -2.383732 -1.347483 -0.522599
v -2.420530 -1.254011 -0.499926
v -2.455515 -1.163831 -0.470347
v -2.488244 -1.078439 -0.436664
v -2.518273 -0.999332 -0.401680
v -2.545160 -0.928004 -0.368196
v -2.390415 -1.461403 -0.545289
v -2.431751 -1.367451 -0.533011
v -2.471612 -1.275252 -0.511002
v -2.509506 -1.186281 -0.482054
v -2.544940 -1.102015 -0.448958
v -2.577423 -1.023928 -0.414505
v -2.606460 -0.953494 -0.381488
v -2.431319 -1.479990 -0.563528
v -2.475544 -1.387351 -0.552538
v -2.518198 -1.296421 -0.531775
v -2.558746 -1.208656 -0.504009
v -2.596648 -1.125511 -0.472013
v -2.631367 -1.048440 -0.438558
v -2.662365 -0.978898 -0.406415
v -1.989662 -2.042732 -0.348090
v -2.003065 -1.989479 -0.378774
v -2.019676 -1.924922 -0.415614
v -2.039506 -1.850222 -0.455547
v -2.062236 -1.766712 -0.495386
v -2.087108 -1.676209 -0.531425
v -2.113254 -1.580648 -0.559823
v -2.004391 -2.056775 -0.332392
v -2.021790 -2.000466 -0.363751
v -2.042076 -1.934345 -0.400478
v -2.065284 -1.859082 -0.439727
v -2.091219 -1.775596 -0.478484
v -2.119178 -1.685515 -0.513153
v -2.148331 -1.590641 -0.539990
v -2.022314 -2.070621 -0.320743
v -2.043082 -2.012526 -0.352836
v -2.066917 -1.945385 -0.389876
v -2.093658 -1.869788 -0.429020
v -2.123028 -1.786514 -0.467292
v -2.154328 -1.697050 -0.501180
v -2.186759 -1.603064 -0.527041
v -2.043229 -2.081257 -0.315530
v -2.066638 -2.023104 -0.347845
v -2.093569 -1.956197 -0.384990
v -2.123633 -1.881121 -0.424087
v -2.156373 -1.798630 -0.462141
v -2.191051 -1.710151 -0.495673
v -2.226862 -1.617285 -0.521086
v -2.066449 -2.086916 -0.318096
v -2.091790 -2.030509 -0.349915
v -2.121197 -1.965425 -0.386620
v -2.154110 -1.892108 -0.425395
v -2.189922 -1.811212 -0.463280
v -2.227825 -1.724186 -0.496772
v -2.266960 -1.632675 -0.522231
v -2.090168 -2.088445 -0.327247
v -2.116816 -2.035551 -0.358051
v -2.148207 -1.973531 -0.394113
v -2.183581 -1.902759 -0.432632
v -2.222172 -1.823946 -0.470630
v -2.263078 -1.738645 -0.504522
v -2.305365 -1.648620 -0.530572
v -2.112030 -2.087912 -0.340751
v -2.139642 -2.039905 -0.370582
v -2.172805 -1.981459 -0.406430
v -2.210435 -1.913331 -0.445295
v -2.251574 -1.836619 -0.484031
v -2.295227 -1.753050 -0.518943
v -2.340391 -1.664510 -0.546200
v -2.135939 -2.100987 -0.364541
v -2.169595 -2.056286 -0.400386
v -2.207844 -2.000622 -0.441295
v -2.250188 -1.935071 -0.484850
v -2.295931 -1.860877 -0.528167
v -2.344143 -1.779801 -0.567615
v -2.393834 -1.693737 -0.599377
v -2.138523 -2.114889 -0.375361
v -2.176138 -2.067993 -0.417078
v -2.217311 -2.011322 -0.462872
v -2.261890 -1.945584 -0.510551
v -2.309515 -1.871712 -0.557537
v -2.359381 -1.791311 -0.600345
v -2.410573 -1.706156 -0.635256
v -2.139229 -2.126718 -0.390513
v -2.179240 -2.078333 -0.436929
v -2.222404 -2.020773 -0.487323
v -2.268583 -1.954710 -0.539296
v -2.317508 -1.880986 -0.590230
v -2.368454 -1.801093 -0.636700
v -2.420577 -1.716685 -0.675083
v -2.139250 -2.133769 -0.411072
v -2.180026 -2.085114 -0.460667
v -2.223897 -2.027471 -0.514668
v -2.270680 -1.961538 -0.570401
v -2.320087 -1.888162 -0.625040
v -2.371415 -1.808789 -0.675138
v -2.423855 -1.725016 -0.717096
v -2.139140 -2.134510 -0.436986
v -2.179141 -2.086933 -0.488216
v -2.222294 -2.030357 -0.544478
v -2.268460 -1.965383 -0.602950
v -2.317372 -1.892797 -0.660668
v -2.368304 -1.814069 -0.714089
v -2.420414 -1.730845 -0.759531
v -2.138348 -2.130033 -0.465681
v -2.175945 -2.084770 -0.517137
v -2.217095 -2.030060 -0.574625
v -2.261649 -1.966470 -0.635114
v -2.309248 -1.894832 -0.695427
v -2.359088 -1.816717 -0.751867
v -2.410254 -1.733881 -0.800608
v -2.135690 -2.122591 -0.493391
v -2.169317 -2.080399 -0.544197
v -2.207533 -2.027657 -0.602534
v -2.249840 -1.965249 -0.664833
v -2.295546 -1.894305 -0.727534
v -2.343720 -1.816545 -0.786758
v -2.393372 -1.733839 -0.838544
v -2.111684 -2.117976 -0.520054
v -2.139242 -2.074616 -0.577601
v -2.172350 -2.020892 -0.641611
v -2.209926 -1.957575 -0.709165
v -2.251009 -1.885742 -0.777001
v -2.294604 -1.807102 -0.841310
v -2.339711 -1.723521 -0.898145
v -2.089796 -2.120698 -0.519607
v -2.116381 -2.073318 -0.583293
v -2.147710 -2.016719 -0.651691
v -2.183022 -1.951352 -0.722445
v -2.221550 -1.877970 -0.792832
v -2.262393 -1.798126 -0.859265
v -2.304617 -1.713570 -0.917938
v -2.066063 -2.120460 -0.518151
v -2.091334 -2.070050 -0.585741
v -2.120674 -2.010818 -0.657345
v -2.153521 -1.943284 -0.730611
v -2.189266 -1.868166 -0.802953
v -2.227102 -1.786920 -0.870920
v -2.266171 -1.701188 -0.930847
v -2.042838 -2.115232 -0.518155
v -2.066176 -2.063224 -0.587119
v -2.093038 -2.002311 -0.660011
v -2.123034 -1.933150 -0.734389
v -2.155705 -1.856556 -0.807616
v -2.190316 -1.773969 -0.876282
v -2.226060 -1.686986 -0.936784
v -2.021928 -2.104164 -0.520798
v -2.042627 -2.052067 -0.588662
v -2.066394 -1.990777 -0.660600
v -2.093069 -1.920964 -0.734237
v -2.122372 -1.843467 -0.806965
v -2.153606 -1.759784 -0.875328
v -2.185971 -1.671577 -0.935657
v -2.004019 -2.089028 -0.524752
v -2.021355 -2.038233 -0.588993
v -2.041578 -1.977534 -0.658056
v -2.064724 -1.907675 -0.729540
v -2.090597 -1.829621 -0.800686
v -2.118493 -1.744996 -0.867895
v -2.147583 -1.655591 -0.927356
v -1.989316 -2.072796 -0.527393
v -2.002666 -2.024190 -0.585792
v -2.019222 -1.964355 -0.650795
v -2.038996 -1.894465 -0.719417
v -2.061670 -1.815835 -0.788357
v -2.086485 -1.730261 -0.853792
v -2.112575 -1.639660 -0.911767
v -1.965407 -2.059721 -0.503604
v -1.972712 -2.007810 -0.555988
v -1.984182 -1.945193 -0.615930
v -1.999244 -1.872726 -0.679863
v -2.017313 -1.791578 -0.744221
v -2.037569 -1.703510 -0.805120
v -2.059132 -1.610433 -0.858591
v -1.955664 -2.062584 -0.476638
v -1.962033 -2.005791 -0.529966
v -1.972474 -1.939743 -0.589297
v -1.986415 -1.864850 -0.651621
v -2.003254 -1.781855 -0.713779
v -2.022191 -1.692330 -0.772073
v -2.042375 -1.598055 -0.822672
v -1.949148 -2.064363 -0.448381
v -1.955177 -2.004243 -0.501648
v -1.965187 -1.935430 -0.559898
v -1.978597 -1.858362 -0.620335
v -1.994786 -1.773694 -0.680015
v -2.012977 -1.682878 -0.735400
v -2.032353 -1.587567 -0.782805
v -1.946818 -2.062721 -0.422613
v -1.952789 -2.001214 -0.474296
v -1.962710 -1.931037 -0.530333
v -1.975987 -1.852733 -0.588076
v -1.991990 -1.767024 -0.644718
v -2.009951 -1.675332 -0.696817
v -2.029068 -1.579255 -0.740774
v -1.949237 -2.056570 -0.401908
v -1.955276 -1.995643 -0.450361
v -1.965298 -1.925846 -0.502743
v -1.978719 -1.847689 -0.556681
v -1.994922 -1.761883 -0.609577
v -2.013127 -1.669902 -0.658011
v -2.032516 -1.573408 -0.698357
v -1.955839 -2.047440 -0.386317
v -1.962226 -1.989014 -0.429907
v -1.972690 -1.921005 -0.477544
v -1.986656 -1.843964 -0.527058
v -2.003520 -1.758735 -0.575890
v -2.022483 -1.666924 -0.620550
v -2.042694 -1.570330 -0.657320
v -1.965655 -2.038116 -0.374754
v -1.972990 -1.983697 -0.412178
v -1.984494 -1.918158 -0.454691
v -1.999591 -1.842547 -0.499879
v -2.017698 -1.758149 -0.544854
v -2.037992 -1.666766 -0.585977
v -2.059593 -1.570331 -0.619423
vn 0.5153 -0.1295 0.8472
vn 0.4921 -0.0011 0.8706
vn 0.4201 0.2554 0.8708
vn 0.2300 0.6469 0.7270
vn -0.0158 0.9075 0.4197
vn -0.1735 0.9704 0.1681
vn 0.3688 -0.1955 0.9087
vn 0.3386 -0.0710 0.9382
vn 0.2614 0.1807 0.9482
vn 0.0860 0.5844 0.8069
vn -0.1215 0.8778 0.4634
vn -0.2381 0.9541 0.1819
vn 0.2288 -0.2522 0.9402
vn 0.1908 -0.1314 0.9728
vn 0.1059 0.1154 0.9877
vn -0.0587 0.5250 0.8491
vn -0.2238 0.8439 0.4875
vn -0.2987 0.9352 0.1904
vn 0.0897 -0.3036 0.9486
vn 0.0435 -0.1858 0.9816
vn -0.0507 0.0576 0.9971
vn -0.2064 0.4704 0.8580
vn -0.3266 0.8060 0.4937
vn -0.3604 0.9124 0.1941
vn -0.0560 -0.3523 0.9342
vn -0.1108 -0.2369 0.9652
vn -0.2145 0.0050 0.9767
vn -0.3586 0.4203 0.8335
vn -0.4281 0.7646 0.4818
vn -0.4193 0.8872 0.1928
vn -0.2158 -0.3994 0.8910
vn -0.2790 -0.2858 0.9168
vn -0.3908 -0.0440 0.9194
vn -0.5161 0.3714 0.7718
vn -0.5318 0.7170 0.4507
vn -0.4800 0.8572 0.1865
vn 0.6731 -0.1137 0.7308
vn 0.6684 -0.0503 0.7421
vn 0.6501 0.0810 0.7555
vn 0.5791 0.3385 0.7417
vn 0.3703 0.7085 0.6007
vn 0.0911 0.9348 0.3432
vn -0.1023 0.9852 0.1374
vn -0.2007 0.9793 0.0247
vn -0.2452 0.9691 0.0273
vn -0.2850 0.9580 0.0313
vn -0.3238 0.9455 0.0346
vn -0.3645 0.9305 0.0371
vn -0.4023 0.9147 0.0383
vn -0.4398 0.8972 0.0390
vn -0.4804 0.8761 0.0414
vn -0.5466 0.8212 0.1641
vn -0.6382 0.6655 0.3870
vn -0.6752 0.3225 0.6634
vn -0.5781 -0.0888 0.8111
vn -0.4635 -0.3302 0.8223
vn -0.3937 -0.4425 0.8058
vn -0.3573 -0.4941 0.7926
vn -0.1834 -0.4527 0.8726
vn -0.0285 -0.4073 0.9128
vn 0.1121 -0.3604 0.9260
vn 0.2463 -0.3108 0.9180
vn 0.3815 -0.2560 0.8882
vn 0.5234 -0.1918 0.8302
vn -0.7186 -0.4816 0.5017
vn -0.7847 -0.3728 0.4952
vn -0.8768 -0.1420 0.4594
vn -0.9071 0.2448 0.3424
vn -0.7869 0.5940 0.1674
vn -0.6285 0.7771 0.0323
vn -0.8171 -0.4726 0.3301
vn -0.8748 -0.3665 0.3168
vn -0.9496 -0.1446 0.2780
vn -0.9567 0.2251 0.1846
vn -0.8144 0.5773 0.0584
vn -0.6388 0.7686 -0.0337
vn -0.8789 -0.4502 0.1578
vn -0.9270 -0.3474 0.1414
vn -0.9854 -0.1343 0.1041
vn -0.9755 0.2174 0.0348
vn -0.8243 0.5645 -0.0444
vn -0.6431 0.7598 -0.0959
vn -0.9092 -0.4161 -0.0166
vn -0.9479 -0.3167 -0.0336
vn -0.9916 -0.1112 -0.0658
vn -0.9684 0.2233 -0.1110
vn -0.8182 0.5561 -0.1460
vn -0.6415 0.7504 -0.1596
vn -0.9081 -0.3691 -0.1976
vn -0.9381 -0.2735 -0.2125
vn -0.9689 -0.0746 -0.2360
vn -0.9363 0.2426 -0.2538
vn -0.7968 0.5526 -0.2445
vn -0.6341 0.7412 -0.2206
vn -0.8694 -0.3062 -0.3877
vn -0.8918 -0.2152 -0.3980
vn -0.9125 -0.0240 -0.4083
vn -0.8773 0.2730 -0.3948
vn -0.7591 0.5530 -0.3436
vn -0.6205 0.7312 -0.2835
vn -0.5380 -0.5228 0.6612
vn -0.5755 -0.4729 0.6672
vn -0.6467 -0.3620 0.6713
vn -0.7540 -0.1240 0.6450
vn -0.8155 0.2773 0.5080
vn -0.7306 0.6212 0.2833
vn -0.6027 0.7910 0.1053
vn -0.5152 0.8571 0.0066
vn -0.5179 0.8545 -0.0391
vn -0.5208 0.8499 -0.0801
vn -0.5224 0.8442 -0.1205
vn -0.5222 0.8371 -0.1634
vn -0.5202 0.8295 -0.2034
vn -0.5168 0.8207 -0.2435
vn -0.5134 0.8087 -0.2870
vn -0.5919 0.7251 -0.3520
vn -0.6975 0.5624 -0.4440
vn -0.7864 0.3129 -0.5326
vn -0.8141 0.0398 -0.5793
vn -0.7983 -0.1398 -0.5858
vn -0.7815 -0.2241 -0.5823
vn -0.7751 -0.2498 -0.5803
vn -0.8597 -0.3377 -0.3833
vn -0.8940 -0.4052 -0.1914
vn -0.8899 -0.4560 -0.0096
vn -0.8542 -0.4933 0.1644
vn -0.7870 -0.5184 0.3346
vn -0.6836 -0.5297 0.5020
vn -0.4831 -0.0392 -0.8747
vn -0.4980 0.0272 -0.8668
vn -0.5230 0.1746 -0.8343
vn -0.5376 0.4013 -0.7416
vn -0.5167 0.6180 -0.5926
vn -0.4739 0.7622 -0.4409
vn -0.3289 0.0346 -0.9437
vn -0.3453 0.0944 -0.9337
vn -0.3778 0.2294 -0.8970
vn -0.4144 0.4405 -0.7964
vn -0.4277 0.6503 -0.6278
vn -0.4163 0.7867 -0.4558
vn -0.1797 0.0971 -0.9789
vn -0.1981 0.1531 -0.9681
vn -0.2381 0.2803 -0.9299
vn -0.2946 0.4801 -0.8263
vn -0.3408 0.6815 -0.6476
vn -0.3601 0.8088 -0.4649
vn -0.0304 0.1523 -0.9879
vn -0.0516 0.2072 -0.9769
vn -0.0998 0.3313 -0.9382
vn -0.1757 0.5240 -0.8334
vn -0.2525 0.7141 -0.6529
vn -0.3012 0.8306 -0.4684
vn 0.1264 0.2027 -0.9710
vn 0.1011 0.2592 -0.9605
vn 0.0420 0.3844 -0.9222
vn -0.0564 0.5727 -0.8178
vn -0.1646 0.7475 -0.6436
vn -0.2435 0.8505 -0.4662
vn 0.2978 0.2492 -0.9215
vn 0.2669 0.3096 -0.9126
vn 0.1937 0.4392 -0.8773
vn 0.0676 0.6247 -0.7779
vn -0.0728 0.7819 -0.6192
vn -0.1826 0.8698 -0.4584
vn -0.6365 -0.1469 -0.7572
vn -0.6409 -0.1274 -0.7570
vn -0.6553 -0.0523 -0.7535
vn -0.6735 0.1111 -0.7308
vn -0.6649 0.3587 -0.6551
vn -0.6101 0.5861 -0.5331
vn -0.5368 0.7369 -0.4108
vn -0.4789 0.8154 -0.3252
vn -0.4388 0.8359 -0.3299
vn -0.4014 0.8525 -0.3348
vn -0.3638 0.8677 -0.3387
vn -0.3232 0.8827 -0.3412
vn -0.2846 0.8956 -0.3418
vn -0.2451 0.9074 -0.3415
vn -0.2011 0.9180 -0.3418
vn -0.1156 0.8925 -0.4360
vn 0.0246 0.8205 -0.5712
vn 0.2004 0.6782 -0.7070
vn 0.3593 0.4924 -0.7927
vn 0.4490 0.3554 -0.8198
vn 0.4864 0.2888 -0.8246
vn 0.4957 0.2711 -0.8251
vn 0.3044 0.2358 -0.9229
vn 0.1310 0.1921 -0.9726
vn -0.0268 0.1430 -0.9894
vn -0.1765 0.0877 -0.9804
vn -0.3257 0.0235 -0.9452
vn -0.4795 -0.0536 -0.8759
vn 0.8136 0.3152 -0.4887
vn 0.7704 0.3985 -0.4977
vn 0.6611 0.5570 -0.5027
vn 0.4436 0.7606 -0.4740
vn 0.1784 0.8991 -0.3998
vn -0.0354 0.9472 -0.3185
vn 0.9035 0.2997 -0.3063
vn 0.8626 0.3914 -0.3205
vn 0.7545 0.5617 -0.3393
vn 0.5226 0.7813 -0.3413
vn 0.2175 0.9271 -0.3053
vn -0.0249 0.9661 -0.2571
vn 0.9538 0.2717 -0.1284
vn 0.9169 0.3718 -0.1454
vn 0.8133 0.5552 -0.1741
vn 0.5743 0.7929 -0.2036
vn 0.2418 0.9474 -0.2095
vn -0.0189 0.9802 -0.1969
vn 0.9714 0.2330 0.0469
vn 0.9394 0.3417 0.0294
vn 0.8415 0.5402 -0.0054
vn 0.5988 0.7987 -0.0596
vn 0.2516 0.9617 -0.1089
vn -0.0170 0.9909 -0.1335
vn 0.9574 0.1826 0.2237
vn 0.9308 0.3001 0.2085
vn 0.8395 0.5159 0.1707
vn 0.5954 0.7982 0.0915
vn 0.2467 0.9691 -0.0053
vn -0.0195 0.9973 -0.0709
vn 0.9069 0.1185 0.4042
vn 0.8857 0.2439 0.3950
vn 0.8019 0.4778 0.3587
vn 0.5619 0.7872 0.2543
vn 0.2265 0.9682 0.1066
vn -0.0258 0.9997 -0.0039
vn 0.6856 0.2895 -0.6679
vn 0.6735 0.3131 -0.6696
vn 0.6312 0.3880 -0.6716
vn 0.5275 0.5352 -0.6598
vn 0.3346 0.7268 -0.5998
vn 0.1152 0.8625 -0.4928
vn -0.0602 0.9214 -0.3838
vn -0.1667 0.9367 -0.3078
vn -0.1673 0.9498 -0.2645
vn -0.1663 0.9602 -0.2246
vn -0.1654 0.9688 -0.1848
vn -0.1654 0.9760 -0.1419
vn -0.1661 0.9809 -0.1014
vn -0.1669 0.9841 -0.0601
vn -0.1658 0.9861 -0.0144
vn -0.0466 0.9963 0.0720
vn 0.1787 0.9569 0.2288
vn 0.4891 0.7590 0.4298
vn 0.7172 0.4191 0.5568
vn 0.7931 0.1696 0.5850
vn 0.8107 0.0390 0.5841
vn 0.8142 -0.0236 0.5801
vn 0.9118 0.0593 0.4063
vn 0.9648 0.1284 0.2295
vn 0.9813 0.1844 0.0544
vn 0.9658 0.2292 -0.1209
vn 0.9169 0.2634 -0.3000
vn 0.8271 0.2851 -0.4845
vn -0.6454 -0.1733 0.7439
vn -0.6921 -0.4495 0.5648
vn -0.6467 -0.7065 0.2877
vn -0.5105 -0.8598 -0.0093
vn -0.3619 -0.9048 -0.2245
vn -0.2357 -0.8995 -0.3679
vn -0.4580 -0.0641 0.8866
vn -0.5059 -0.4327 0.7462
vn -0.4390 -0.8162 0.3757
vn -0.2720 -0.9617 -0.0356
vn -0.1348 -0.9488 -0.2856
vn -0.0438 -0.9039 -0.4255
vn -0.1710 0.0719 0.9827
vn -0.1196 -0.3475 0.9300
vn 0.0116 -0.8812 0.4727
vn 0.1136 -0.9911 -0.0693
vn 0.1520 -0.9298 -0.3353
vn 0.1680 -0.8690 -0.4654
vn 0.1858 0.2036 0.9613
vn 0.4132 -0.1507 0.8981
vn 0.6118 -0.6596 0.4367
vn 0.5490 -0.8304 -0.0954
vn 0.4523 -0.8189 -0.3533
vn 0.3872 -0.7881 -0.4786
vn 0.4804 0.2824 0.8303
vn 0.7405 0.0275 0.6715
vn 0.8995 -0.3219 0.2954
vn 0.8244 -0.5569 -0.1013
vn 0.6863 -0.6457 -0.3349
vn 0.5738 -0.6759 -0.4626
vn 0.6775 0.3151 0.6646
vn 0.8728 0.1283 0.4709
vn 0.9758 -0.1074 0.1904
vn 0.9412 -0.3239 -0.0964
vn 0.8356 -0.4626 -0.2963
vn 0.7218 -0.5460 -0.4254
vn -0.6882 -0.0574 0.7232
vn -0.7561 -0.2391 0.6092
vn -0.7834 -0.4388 0.4403
vn -0.7479 -0.6226 0.2305
vn -0.6475 -0.7620 0.0070
vn -0.5227 -0.8350 -0.1720
vn -0.3972 -0.8646 -0.3079
vn -0.2847 -0.8681 -0.4066
vn -0.1431 -0.8744 -0.4637
vn 0.0122 -0.8602 -0.5098
vn 0.1749 -0.8234 -0.5398
vn 0.3446 -0.7608 -0.5500
vn 0.4944 -0.6822 -0.5387
vn 0.6256 -0.5906 -0.5098
vn 0.7344 -0.4919 -0.4677
vn 0.8273 -0.4124 -0.3813
vn 0.9172 -0.3034 -0.2583
vn 0.9829 -0.1600 -0.0908
vn 0.9918 0.0198 0.1262
vn 0.9216 0.1907 0.3380
vn 0.7895 0.3316 0.5165
vn 0.6326 0.4302 0.6440
vn 0.4816 0.4370 0.7596
vn 0.2879 0.4193 0.8610
vn 0.0610 0.3678 0.9279
vn -0.1866 0.2763 0.9428
vn -0.3982 0.1660 0.9021
vn -0.5666 0.0500 0.8225
vn -0.4191 0.8796 -0.2250
vn -0.4173 0.8878 -0.1938
vn -0.4165 0.8939 -0.1655
vn -0.4165 0.8988 -0.1367
vn -0.4175 0.9022 -0.1079
vn -0.4193 0.9047 -0.0758
vn -0.3897 0.8932 -0.2245
vn -0.3879 0.9012 -0.1933
vn -0.3870 0.9070 -0.1663
vn -0.3871 0.9114 -0.1400
vn -0.3881 0.9147 -0.1127
vn -0.3900 0.9173 -0.0806
vn -0.3630 0.9042 -0.2250
vn -0.3624 0.9117 -0.1936
vn -0.3621 0.9170 -0.1673
vn -0.3622 0.9212 -0.1423
vn -0.3626 0.9247 -0.1157
vn -0.3632 0.9279 -0.0836
vn -0.3356 0.9144 -0.2266
vn -0.3375 0.9209 -0.1951
vn -0.3384 0.9258 -0.1687
vn -0.3384 0.9300 -0.1437
vn -0.3376 0.9340 -0.1172
vn -0.3358 0.9381 -0.0853
vn -0.3082 0.9233 -0.2294
vn -0.3114 0.9294 -0.1978
vn -0.3130 0.9343 -0.1708
vn -0.3131 0.9387 -0.1445
vn -0.3116 0.9429 -0.1173
vn -0.3084 0.9474 -0.0854
vn -0.2773 0.9320 -0.2335
vn -0.2806 0.9383 -0.2020
vn -0.2823 0.9435 -0.1736
vn -0.2823 0.9483 -0.1447
vn -0.2808 0.9527 -0.1161
vn -0.2776 0.9570 -0.0843
vn -0.4561 0.8500 -0.2635
vn -0.4569 0.8596 -0.2285
vn -0.4568 0.8677 -0.1962
vn -0.4566 0.8743 -0.1647
vn -0.4567 0.8799 -0.1312
vn -0.4570 0.8839 -0.0992
vn -0.4573 0.8869 -0.0661
vn -0.4565 0.8892 -0.0299
vn -0.4241 0.9050 -0.0330
vn -0.3938 0.9185 -0.0364
vn -0.3640 0.9306 -0.0390
vn -0.3322 0.9423 -0.0409
vn -0.3017 0.9525 -0.0419
vn -0.2698 0.9620 -0.0423
vn -0.2347 0.9711 -0.0432
vn -0.2365 0.9684 -0.0793
vn -0.2382 0.9647 -0.1123
vn -0.2392 0.9602 -0.1442
vn -0.2392 0.9546 -0.1777
vn -0.2381 0.9484 -0.2094
vn -0.2361 0.9412 -0.2418
vn -0.2342 0.9319 -0.2768
vn -0.2693 0.9230 -0.2748
vn -0.3012 0.9139 -0.2722
vn -0.3318 0.9039 -0.2699
vn -0.3636 0.8922 -0.2680
vn -0.3934 0.8799 -0.2667
vn -0.4236 0.8660 -0.2655
vn 0.8826 0.1220 -0.4540
vn 0.8708 0.1646 -0.4633
vn 0.8593 0.2009 -0.4704
vn 0.8486 0.2311 -0.4759
vn 0.8394 0.2551 -0.4799
vn 0.8325 0.2723 -0.4826
vn 0.9474 0.1560 -0.2793
vn 0.9415 0.1809 -0.2844
vn 0.9358 0.2024 -0.2886
vn 0.9306 0.2207 -0.2921
vn 0.9259 0.2358 -0.2950
vn 0.9222 0.2476 -0.2971
vn 0.9780 0.1763 -0.1113
vn 0.9764 0.1841 -0.1127
vn 0.9749 0.1912 -0.1140
vn 0.9734 0.1979 -0.1153
vn 0.9720 0.2043 -0.1164
vn 0.9705 0.2107 -0.1176
vn 0.9812 0.1853 0.0542
vn 0.9828 0.1762 0.0556
vn 0.9839 0.1693 0.0566
vn 0.9847 0.1646 0.0574
vn 0.9850 0.1623 0.0577
vn 0.9849 0.1633 0.0575
vn 0.9573 0.1834 0.2235
vn 0.9612 0.1572 0.2265
vn 0.9639 0.1361 0.2287
vn 0.9657 0.1200 0.2303
vn 0.9667 0.1093 0.2314
vn 0.9671 0.1049 0.2318
vn 0.9002 0.1690 0.4013
vn 0.9062 0.1252 0.4039
vn 0.9097 0.0898 0.4054
vn 0.9116 0.0625 0.4063
vn 0.9125 0.0435 0.4067
vn 0.9129 0.0339 0.4068
vn 0.7891 0.0002 -0.6143
vn 0.7710 0.0706 -0.6329
vn 0.7518 0.1314 -0.6462
vn 0.7330 0.1827 -0.6553
vn 0.7157 0.2247 -0.6613
vn 0.7011 0.2573 -0.6650
vn 0.6904 0.2797 -0.6671
vn 0.6856 0.2896 -0.6679
vn 0.8287 0.2812 -0.4839
vn 0.9196 0.2554 -0.2985
vn 0.9689 0.2173 -0.1187
vn 0.9840 0.1687 0.0567
vn 0.9667 0.1090 0.2314
vn 0.9128 0.0367 0.4068
vn 0.8147 -0.0487 0.5779
vn 0.8147 -0.0502 0.5777
vn 0.8145 -0.0361 0.5791
vn 0.8137 -0.0096 0.5812
vn 0.8116 0.0282 0.5836
vn 0.8070 0.0773 0.5854
vn 0.7986 0.1386 0.5857
vn 0.7840 0.2132 0.5829
vn 0.8906 0.2220 0.3970
vn 0.9515 0.2151 0.2198
vn 0.9791 0.1966 0.0525
vn 0.9797 0.1677 -0.1098
vn 0.9535 0.1273 -0.2733
vn 0.8939 0.0726 -0.4423
vn -0.3772 -0.3648 -0.8513
vn -0.4117 -0.2770 -0.8682
vn -0.4378 -0.2013 -0.8763
vn -0.4568 -0.1389 -0.8786
vn -0.4701 -0.0910 -0.8779
vn -0.4782 -0.0591 -0.8763
vn -0.2136 -0.3056 -0.9279
vn -0.2499 -0.2109 -0.9450
vn -0.2783 -0.1299 -0.9517
vn -0.2997 -0.0638 -0.9519
vn -0.3149 -0.0136 -0.9490
vn -0.3245 0.0194 -0.9457
vn -0.0557 -0.2476 -0.9673
vn -0.0929 -0.1498 -0.9843
vn -0.1232 -0.0667 -0.9901
vn -0.1469 0.0004 -0.9892
vn -0.1642 0.0512 -0.9851
vn -0.1753 0.0843 -0.9809
vn 0.1007 -0.1899 -0.9766
vn 0.0636 -0.0920 -0.9937
vn 0.0320 -0.0094 -0.9994
vn 0.0064 0.0570 -0.9984
vn -0.0129 0.1070 -0.9942
vn -0.0255 0.1396 -0.9899
vn 0.2615 -0.1302 -0.9564
vn 0.2258 -0.0353 -0.9735
vn 0.1940 0.0445 -0.9800
vn 0.1673 0.1086 -0.9799
vn 0.1466 0.1568 -0.9767
vn 0.1327 0.1882 -0.9731
vn 0.4313 -0.0663 -0.8998
vn 0.3987 0.0222 -0.9168
vn 0.3685 0.0964 -0.9246
vn 0.3422 0.1561 -0.9266
vn 0.3212 0.2012 -0.9254
vn 0.3068 0.2308 -0.9234
vn -0.5033 -0.5063 -0.7003
vn -0.5441 -0.4228 -0.7247
vn -0.5755 -0.3472 -0.7405
vn -0.5989 -0.2813 -0.7498
vn -0.6159 -0.2264 -0.7546
vn -0.6275 -0.1836 -0.7567
vn -0.6347 -0.1545 -0.7572
vn -0.6374 -0.1429 -0.7572
vn -0.4811 -0.0470 -0.8754
vn -0.3279 0.0315 -0.9442
vn -0.1793 0.0962 -0.9791
vn -0.0301 0.1513 -0.9880
vn 0.1276 0.1996 -0.9715
vn 0.3013 0.2419 -0.9223
vn 0.4938 0.2747 -0.8250
vn 0.4993 0.2641 -0.8252
vn 0.5128 0.2374 -0.8250
vn 0.5319 0.1974 -0.8235
vn 0.5552 0.1448 -0.8190
vn 0.5812 0.0799 -0.8098
vn 0.6082 0.0026 -0.7938
vn 0.6340 -0.0864 -0.7685
vn 0.4640 -0.1675 -0.8699
vn 0.2993 -0.2381 -0.9240
vn 0.1421 -0.3002 -0.9432
vn -0.0120 -0.3571 -0.9340
vn -0.1689 -0.4109 -0.8959
vn -0.3331 -0.4618 -0.8220
vn -0.7465 -0.4390 0.5000
vn -0.7224 -0.4761 0.5016
vn -0.7019 -0.5052 0.5021
vn -0.6856 -0.5272 0.5021
vn -0.6739 -0.5423 0.5018
vn -0.6679 -0.5498 0.5016
vn -0.8176 -0.4719 0.3300
vn -0.8033 -0.4943 0.3323
vn -0.7914 -0.5120 0.3340
vn -0.7821 -0.5253 0.3352
vn -0.7758 -0.5341 0.3359
vn -0.7732 -0.5377 0.3362
vn -0.8546 -0.4925 0.1643
vn -0.8498 -0.5004 0.1655
vn -0.8461 -0.5064 0.1664
vn -0.8435 -0.5105 0.1670
vn -0.8423 -0.5123 0.1673
vn -0.8428 -0.5115 0.1672
vn -0.8638 -0.5038 -0.0009
vn -0.8678 -0.4969 -0.0021
vn -0.8714 -0.4905 -0.0033
vn -0.8748 -0.4845 -0.0044
vn -0.8780 -0.4787 -0.0055
vn -0.8811 -0.4729 -0.0065
vn -0.8453 -0.5059 -0.1718
vn -0.8575 -0.4833 -0.1765
vn -0.8676 -0.4634 -0.1805
vn -0.8758 -0.4463 -0.1838
vn -0.8825 -0.4318 -0.1865
vn -0.8875 -0.4205 -0.1886
vn -0.7927 -0.4966 -0.3535
vn -0.8124 -0.4569 -0.3623
vn -0.8280 -0.4220 -0.3692
vn -0.8401 -0.3924 -0.3746
vn -0.8491 -0.3684 -0.3786
vn -0.8553 -0.3509 -0.3813
vn -0.6684 -0.3230 0.6700
vn -0.6307 -0.3891 0.6714
vn -0.5974 -0.4412 0.6696
vn -0.5692 -0.4816 0.6664
vn -0.5466 -0.5118 0.6628
vn -0.5303 -0.5326 0.6597
vn -0.5214 -0.5435 0.6579
vn -0.5223 -0.5423 0.6581
vn -0.6697 -0.5476 0.5017
vn -0.7757 -0.5343 0.3359
vn -0.8458 -0.5069 0.1665
vn -0.8843 -0.4669 -0.0076
vn -0.8907 -0.4130 -0.1900
vn -0.8584 -0.3417 -0.3827
vn -0.7723 -0.2604 -0.5794
vn -0.7656 -0.2842 -0.5771
vn -0.7551 -0.3183 -0.5731
vn -0.7403 -0.3613 -0.5669
vn -0.7204 -0.4122 -0.5579
vn -0.6941 -0.4703 -0.5450
vn -0.6601 -0.5348 -0.5274
vn -0.7681 -0.5410 -0.3426
vn -0.8306 -0.5314 -0.1663
vn -0.8594 -0.5113 0.0005
vn -0.8605 -0.4826 0.1628
vn -0.8342 -0.4442 0.3269
vn -0.7740 -0.3926 0.4968
vn 0.4835 0.0371 0.8746
vn 0.5016 -0.0480 0.8638
vn 0.5130 -0.1144 0.8507
vn 0.5201 -0.1642 0.8382
vn 0.5242 -0.1988 0.8280
vn 0.5262 -0.2179 0.8220
vn 0.3238 -0.0171 0.9460
vn 0.3478 -0.1063 0.9315
vn 0.3643 -0.1752 0.9147
vn 0.3755 -0.2264 0.8988
vn 0.3826 -0.2617 0.8861
vn 0.3863 -0.2812 0.8784
vn 0.1710 -0.0712 0.9827
vn 0.2004 -0.1612 0.9664
vn 0.2220 -0.2301 0.9475
vn 0.2375 -0.2809 0.9299
vn 0.2478 -0.3159 0.9159
vn 0.2534 -0.3352 0.9074
vn 0.0205 -0.1267 0.9917
vn 0.0549 -0.2149 0.9751
vn 0.0812 -0.2821 0.9560
vn 0.1007 -0.3314 0.9381
vn 0.1141 -0.3653 0.9239
vn 0.1215 -0.3839 0.9153
vn -0.1337 -0.1860 0.9734
vn -0.0955 -0.2700 0.9581
vn -0.0651 -0.3337 0.9404
vn -0.0421 -0.3805 0.9238
vn -0.0259 -0.4125 0.9106
vn -0.0169 -0.4301 0.9026
vn -0.2968 -0.2510 0.9214
vn -0.2564 -0.3279 0.9092
vn -0.2235 -0.3863 0.8949
vn -0.1978 -0.4293 0.8812
vn -0.1796 -0.4587 0.8703
vn -0.1694 -0.4747 0.8637
vn 0.6272 0.1848 0.7566
vn 0.6482 0.0910 0.7560
vn 0.6608 0.0148 0.7504
vn 0.6680 -0.0454 0.7428
vn 0.6717 -0.0911 0.7352
vn 0.6735 -0.1230 0.7289
vn 0.6742 -0.1405 0.7251
vn 0.6742 -0.1400 0.7252
vn 0.5262 -0.2181 0.8219
vn 0.3864 -0.2818 0.8782
vn 0.2536 -0.3359 0.9071
vn 0.1217 -0.3846 0.9150
vn -0.0166 -0.4306 0.9024
vn -0.1693 -0.4749 0.8636
vn -0.3416 -0.5151 0.7861
vn -0.3414 -0.5155 0.7860
vn -0.3518 -0.5016 0.7904
vn -0.3705 -0.4759 0.7977
vn -0.3964 -0.4384 0.8066
vn -0.4293 -0.3876 0.8158
vn -0.4685 -0.3213 0.8230
vn -0.5133 -0.2363 0.8250
vn -0.3440 -0.1521 0.9266
vn -0.1800 -0.0783 0.9805
vn -0.0230 -0.0141 0.9996
vn 0.1317 0.0430 0.9904
vn 0.2898 0.0952 0.9524
vn 0.4556 0.1431 0.8786
vn 0.3200 0.5334 0.7830
vn 0.3133 0.5315 0.7870
vn 0.3180 0.5124 0.7977
vn 0.3306 0.4791 0.8131
vn 0.3517 0.4287 0.8322
vn 0.3809 0.3579 0.8525
vn 0.1445 0.5164 0.8441
vn 0.1374 0.5142 0.8466
vn 0.1422 0.4931 0.8583
vn 0.1550 0.4562 0.8763
vn 0.1763 0.4014 0.8988
vn 0.2068 0.3249 0.9229
vn -0.0259 0.4769 0.8786
vn -0.0296 0.4754 0.8793
vn -0.0230 0.4539 0.8908
vn -0.0090 0.4154 0.9096
vn 0.0130 0.3585 0.9334
vn 0.0438 0.2792 0.9592
vn -0.1969 0.4138 0.8888
vn -0.1931 0.4150 0.8891
vn -0.1829 0.3949 0.9004
vn -0.1666 0.3572 0.9190
vn -0.1438 0.3006 0.9428
vn -0.1130 0.2213 0.9686
vn -0.3547 0.3320 0.8740
vn -0.3477 0.3350 0.8757
vn -0.3364 0.3164 0.8870
vn -0.3202 0.2807 0.9048
vn -0.2985 0.2261 0.9273
vn -0.2694 0.1491 0.9514
vn -0.5046 0.2289 0.8325
vn -0.4979 0.2320 0.8356
vn -0.4880 0.2148 0.8460
vn -0.4742 0.1819 0.8614
vn -0.4555 0.1307 0.8806
vn -0.4296 0.0586 0.9011
vn 0.5160 0.5042 0.6925
vn 0.5041 0.5224 0.6877
vn 0.5012 0.5220 0.6902
vn 0.5071 0.5066 0.6973
vn 0.5198 0.4786 0.7076
vn 0.5396 0.4350 0.7208
vn 0.5656 0.3732 0.7354
vn 0.5965 0.2889 0.7489
vn 0.4174 0.2616 0.8703
vn 0.2462 0.2215 0.9436
vn 0.0845 0.1724 0.9814
vn -0.0722 0.1146 0.9908
vn -0.2299 0.0457 0.9721
vn -0.3928 -0.0376 0.9189
vn -0.5583 -0.1375 0.8181
vn -0.5911 -0.0539 0.8048
vn -0.6131 0.0095 0.7900
vn -0.6278 0.0549 0.7765
vn -0.6374 0.0841 0.7659
vn -0.6437 0.0993 0.7588
vn -0.6464 0.0977 0.7567
vn -0.6431 0.0763 0.7620
vn -0.5170 0.1848 0.8358
vn -0.3654 0.2886 0.8850
vn -0.1945 0.3775 0.9053
vn -0.0025 0.4484 0.8938
vn 0.1819 0.4906 0.8522
vn 0.3584 0.5080 0.7833
vn -0.8374 -0.2328 0.4945
vn -0.8456 -0.2237 0.4847
vn -0.8470 -0.2266 0.4809
vn -0.8439 -0.2393 0.4802
vn -0.8359 -0.2621 0.4823
vn -0.8224 -0.2952 0.4863
vn -0.8581 -0.3864 0.3381
vn -0.8707 -0.3686 0.3257
vn -0.8759 -0.3611 0.3201
vn -0.8762 -0.3622 0.3179
vn -0.8723 -0.3714 0.3181
vn -0.8642 -0.3883 0.3199
vn -0.8356 -0.5199 0.1776
vn -0.8538 -0.4927 0.1681
vn -0.8644 -0.4756 0.1632
vn -0.8700 -0.4662 0.1608
vn -0.8719 -0.4629 0.1599
vn -0.8708 -0.4649 0.1601
vn -0.7740 -0.6330 0.0159
vn -0.8019 -0.5973 0.0142
vn -0.8200 -0.5722 0.0115
vn -0.8324 -0.5541 0.0087
vn -0.8415 -0.5403 0.0061
vn -0.8485 -0.5292 0.0039
vn -0.6853 -0.7166 -0.1300
vn -0.7213 -0.6801 -0.1308
vn -0.7461 -0.6519 -0.1355
vn -0.7653 -0.6279 -0.1415
vn -0.7818 -0.6058 -0.1478
vn -0.7975 -0.5833 -0.1539
vn -0.5729 -0.7758 -0.2645
vn -0.6107 -0.7438 -0.2715
vn -0.6392 -0.7155 -0.2820
vn -0.6640 -0.6877 -0.2934
vn -0.6876 -0.6588 -0.3052
vn -0.7121 -0.6263 -0.3172
vn -0.7571 -0.0860 0.6476
vn -0.7657 -0.0640 0.6400
vn -0.7690 -0.0616 0.6363
vn -0.7675 -0.0733 0.6369
vn -0.7619 -0.0962 0.6405
vn -0.7509 -0.1320 0.6470
vn -0.7332 -0.1816 0.6553
vn -0.7060 -0.2465 0.6639
vn -0.8019 -0.3396 0.4916
vn -0.8515 -0.4131 0.3230
vn -0.8668 -0.4718 0.1612
vn -0.8543 -0.5197 0.0021
vn -0.8138 -0.5586 -0.1600
vn -0.7392 -0.5873 -0.3297
vn -0.6199 -0.6003 -0.5053
vn -0.5829 -0.6528 -0.4839
vn -0.5503 -0.6941 -0.4641
vn -0.5205 -0.7285 -0.4453
vn -0.4914 -0.7590 -0.4271
vn -0.4619 -0.7868 -0.4094
vn -0.4294 -0.8135 -0.3923
vn -0.3946 -0.8383 -0.3761
vn -0.5096 -0.8166 -0.2709
vn -0.6252 -0.7677 -0.1406
vn -0.7277 -0.6857 0.0145
vn -0.8041 -0.5613 0.1959
vn -0.8326 -0.4129 0.3692
vn -0.8142 -0.2491 0.5245
vn -0.0928 -0.8166 -0.5697
vn -0.1097 -0.7892 -0.6042
vn -0.1349 -0.7599 -0.6359
vn -0.1647 -0.7259 -0.6678
vn -0.1985 -0.6845 -0.7015
vn -0.2370 -0.6307 -0.7389
vn 0.0446 -0.7926 -0.6081
vn 0.0338 -0.7628 -0.6458
vn 0.0141 -0.7315 -0.6817
vn -0.0113 -0.6958 -0.7181
vn -0.0413 -0.6519 -0.7572
vn -0.0766 -0.5942 -0.8006
vn 0.1709 -0.7581 -0.6294
vn 0.1602 -0.7275 -0.6672
vn 0.1446 -0.6946 -0.7047
vn 0.1250 -0.6570 -0.7435
vn 0.1012 -0.6104 -0.7856
vn 0.0717 -0.5494 -0.8325
vn 0.2959 -0.7119 -0.6369
vn 0.2802 -0.6832 -0.6744
vn 0.2667 -0.6496 -0.7120
vn 0.2530 -0.6097 -0.7511
vn 0.2364 -0.5605 -0.7937
vn 0.2142 -0.4968 -0.8410
vn 0.4158 -0.6556 -0.6303
vn 0.4007 -0.6274 -0.6678
vn 0.3915 -0.5922 -0.7043
vn 0.3837 -0.5500 -0.7418
vn 0.3738 -0.4986 -0.7821
vn 0.3585 -0.4336 -0.8267
vn 0.5390 -0.5833 -0.6076
vn 0.5305 -0.5529 -0.6426
vn 0.5271 -0.5154 -0.6756
vn 0.5242 -0.4716 -0.7091
vn 0.5193 -0.4195 -0.7446
vn 0.5097 -0.3550 -0.7837
vn -0.2322 -0.8487 -0.4752
vn -0.2541 -0.8266 -0.5021
vn -0.2798 -0.8014 -0.5286
vn -0.3083 -0.7734 -0.5539
vn -0.3394 -0.7409 -0.5795
vn -0.3733 -0.7023 -0.6061
vn -0.4113 -0.6537 -0.6352
vn -0.4551 -0.5894 -0.6675
vn -0.2822 -0.5577 -0.7806
vn -0.1193 -0.5151 -0.8488
vn 0.0341 -0.4661 -0.8841
vn 0.1832 -0.4111 -0.8930
vn 0.3344 -0.3476 -0.8760
vn 0.4921 -0.2718 -0.8270
vn 0.6549 -0.1795 -0.7341
vn 0.6669 -0.2557 -0.6999
vn 0.6728 -0.3161 -0.6689
vn 0.6751 -0.3663 -0.6403
vn 0.6754 -0.4102 -0.6129
vn 0.6747 -0.4490 -0.5858
vn 0.6744 -0.4838 -0.5578
vn 0.6750 -0.5138 -0.5296
vn 0.5650 -0.6004 -0.5659
vn 0.4446 -0.6747 -0.5892
vn 0.3163 -0.7370 -0.5973
vn 0.1759 -0.7888 -0.5889
vn 0.0396 -0.8242 -0.5649
vn -0.0970 -0.8448 -0.5262
vn 0.9070 -0.2294 -0.3532
vn 0.9141 -0.1808 -0.3630
vn 0.9161 -0.1413 -0.3753
vn 0.9156 -0.1045 -0.3882
vn 0.9135 -0.0677 -0.4012
vn 0.9097 -0.0275 -0.4145
vn 0.9676 -0.1063 -0.2291
vn 0.9711 -0.0553 -0.2323
vn 0.9710 -0.0179 -0.2385
vn 0.9693 0.0125 -0.2455
vn 0.9667 0.0398 -0.2526
vn 0.9634 0.0669 -0.2595
vn 0.9957 0.0204 -0.0902
vn 0.9935 0.0656 -0.0935
vn 0.9906 0.0963 -0.0971
vn 0.9879 0.1180 -0.1005
vn 0.9855 0.1343 -0.1035
vn 0.9834 0.1472 -0.1060
vn 0.9859 0.1526 0.0683
vn 0.9811 0.1847 0.0581
vn 0.9775 0.2044 0.0527
vn 0.9753 0.2151 0.0501
vn 0.9745 0.2188 0.0492
vn 0.9750 0.2166 0.0494
vn 0.9334 0.2750 0.2306
vn 0.9300 0.2963 0.2177
vn 0.9284 0.3051 0.2119
vn 0.9292 0.3043 0.2096
vn 0.9322 0.2948 0.2099
vn 0.9373 0.2768 0.2119
vn 0.8347 0.3845 0.3942
vn 0.8339 0.3964 0.3840
vn 0.8365 0.3950 0.3799
vn 0.8423 0.3833 0.3791
vn 0.8512 0.3609 0.3811
vn 0.8629 0.3270 0.3852
vn 0.8012 -0.3968 -0.4479
vn 0.8096 -0.3560 -0.4666
vn 0.8151 -0.3154 -0.4860
vn 0.8175 -0.2758 -0.5056
vn 0.8178 -0.2344 -0.5256
vn 0.8160 -0.1897 -0.5460
vn 0.8117 -0.1379 -0.5675
vn 0.8034 -0.0747 -0.5907
vn 0.9035 0.0192 -0.4282
vn 0.9591 0.0959 -0.2664
vn 0.9815 0.1581 -0.1080
vn 0.9766 0.2088 0.0506
vn 0.9440 0.2498 0.2154
vn 0.8767 0.2802 0.3909
vn 0.7622 0.2956 0.5759
vn 0.7398 0.3623 0.5670
vn 0.7202 0.4112 0.5588
vn 0.7045 0.4452 0.5526
vn 0.6936 0.4662 0.5492
vn 0.6871 0.4760 0.5489
vn 0.6865 0.4722 0.5528
vn 0.6951 0.4502 0.5605
vn 0.8308 0.3583 0.4258
vn 0.9345 0.2396 0.2632
vn 0.9909 0.1014 0.0883
vn 0.9948 -0.0497 -0.0888
vn 0.9542 -0.1845 -0.2353
vn 0.8850 -0.3017 -0.3545
vt 0.517992 0.031250
vt 0.532496 0.031250
vt 0.533602 0.062500
vt 0.519829 0.062500
vt 0.547527 0.031250
vt 0.548131 0.062500
vt 0.562824 0.031250
vt 0.563128 0.062500
vt 0.578262 0.031250
vt 0.578390 0.062500
vt 0.593791 0.031250
vt 0.593828 0.062500
vt 0.609380 0.031250
vt 0.609385 0.062500
vt 0.534453 0.093750
vt 0.521069 0.093750
vt 0.548640 0.093750
vt 0.563391 0.093750
vt 0.578501 0.093750
vt 0.593861 0.093750
vt 0.609389 0.093750
vt 0.535046 0.125000
vt 0.521848 0.125000
vt 0.549022 0.125000
vt 0.563592 0.125000
vt 0.578586 0.125000
vt 0.593887 0.125000
vt 0.609392 0.125000
vt 0.535409 0.156250
vt 0.522311 0.156250
vt 0.549261 0.156250
vt 0.563719 0.156250
vt 0.578639 0.156250
vt 0.593902 0.156250
vt 0.609394 0.156250
vt 0.535595 0.187500
vt 0.522549 0.187500
vt 0.549383 0.187500
vt 0.563784 0.187500
vt 0.578666 0.187500
vt 0.593910 0.187500
vt 0.609395 0.187500
vt 0.535664 0.218750
vt 0.522637 0.218750
vt 0.549429 0.218750
vt 0.563807 0.218750
vt 0.578677 0.218750
vt 0.593913 0.218750
vt 0.609395 0.218750
vt 0.500000 0.000000
vt 0.515625 0.000000
vt 0.504956 0.031250
vt 0.531250 0.000000
vt 0.546875 0.000000
vt 0.562500 0.000000
vt 0.578125 0.000000
vt 0.593750 0.000000
vt 0.609375 0.000000
vt 0.625000 0.000000
vt 0.625000 0.031250
vt 0.625000 0.062500
vt 0.625000 0.093750
vt 0.625000 0.125000
vt 0.625000 0.156250
vt 0.625000 0.187500
vt 0.625000 0.218750
vt 0.625000 0.250000
vt 0.609396 0.250000
vt 0.593914 0.250000
vt 0.578678 0.250000
vt 0.563811 0.250000
vt 0.549435 0.250000
vt 0.535674 0.250000
vt 0.522650 0.250000
vt 0.510472 0.218750
vt 0.510486 0.250000
vt 0.510377 0.187500
vt 0.510117 0.156250
vt 0.509612 0.125000
vt 0.508752 0.093750
vt 0.507318 0.062500
vt 0.522650 0.281250
vt 0.535674 0.281250
vt 0.535674 0.312500
vt 0.522650 0.312500
vt 0.549435 0.281250
vt 0.549435 0.312500
vt 0.563811 0.281250
vt 0.563811 0.312500
vt 0.578678 0.281250
vt 0.578678 0.312500
vt 0.593914 0.281250
vt 0.593914 0.312500
vt 0.609395 0.281250
vt 0.609396 0.312500
vt 0.535674 0.343750
vt 0.522650 0.343750
vt 0.549435 0.343750
vt 0.563811 0.343750
vt 0.578678 0.343750
vt 0.593914 0.343750
vt 0.609396 0.343750
vt 0.535674 0.375000
vt 0.522650 0.375000
vt 0.549435 0.375000
vt 0.563811 0.375000
vt 0.578678 0.375000
vt 0.593914 0.375000
vt 0.609396 0.375000
vt 0.535675 0.406250
vt 0.522650 0.406250
vt 0.549438 0.406250
vt 0.563818 0.406250
vt 0.578690 0.406250
vt 0.593928 0.406250
vt 0.609405 0.406250
vt 0.535681 0.437500
vt 0.522650 0.437500
vt 0.549458 0.437500
vt 0.563865 0.437500
vt 0.578776 0.437500
vt 0.594029 0.437500
vt 0.609471 0.437500
vt 0.535697 0.468750
vt 0.522653 0.468750
vt 0.549512 0.468750
vt 0.563994 0.468750
vt 0.579013 0.468750
vt 0.594350 0.468750
vt 0.609751 0.468750
vt 0.510486 0.281250
vt 0.625000 0.281250
vt 0.625000 0.312500
vt 0.625000 0.343750
vt 0.625000 0.375000
vt 0.625000 0.406250
vt 0.625000 0.437500
vt 0.625000 0.468750
vt 0.625000 0.500000
vt 0.611072 0.500000
vt 0.595216 0.500000
vt 0.579505 0.500000
vt 0.564245 0.500000
vt 0.549618 0.500000
vt 0.535728 0.500000
vt 0.522657 0.500000
vt 0.510486 0.468750
vt 0.510486 0.500000
vt 0.510486 0.437500
vt 0.510486 0.406250
vt 0.510486 0.375000
vt 0.510486 0.343750
vt 0.510486 0.312500
vt 0.522663 0.531250
vt 0.535776 0.531250
vt 0.535830 0.562500
vt 0.522669 0.562500
vt 0.549781 0.531250
vt 0.549962 0.562500
vt 0.564631 0.531250
vt 0.565059 0.562500
vt 0.580296 0.531250
vt 0.581168 0.562500
vt 0.596807 0.531250
vt 0.598546 0.562500
vt 0.614435 0.531250
vt 0.617628 0.562500
vt 0.535873 0.593750
vt 0.522675 0.593750
vt 0.550107 0.593750
vt 0.565405 0.593750
vt 0.581850 0.593750
vt 0.599766 0.593750
vt 0.619549 0.593750
vt 0.535891 0.625000
vt 0.522677 0.625000
vt 0.550168 0.625000
vt 0.565547 0.625000
vt 0.582123 0.625000
vt 0.600207 0.625000
vt 0.620165 0.625000
vt 0.535873 0.656250
vt 0.522675 0.656250
vt 0.550107 0.656250
vt 0.565405 0.656250
vt 0.581850 0.656250
vt 0.599766 0.656250
vt 0.619549 0.656250
vt 0.535830 0.687500
vt 0.522669 0.687500
vt 0.549962 0.687500
vt 0.565059 0.687500
vt 0.581168 0.687500
vt 0.598546 0.687500
vt 0.617628 0.687500
vt 0.535776 0.718750
vt 0.522662 0.718750
vt 0.549781 0.718750
vt 0.564631 0.718750
vt 0.580296 0.718750
vt 0.596807 0.718750
vt 0.614435 0.718750
vt 0.510486 0.531250
vt 0.634918 0.531250
vt 0.639350 0.562500
vt 0.641659 0.593750
vt 0.642361 0.625000
vt 0.641659 0.656250
vt 0.639350 0.687500
vt 0.634918 0.718750
vt 0.625000 0.750000
vt 0.611072 0.750000
vt 0.595216 0.750000
vt 0.579505 0.750000
vt 0.564245 0.750000
vt 0.549618 0.750000
vt 0.535728 0.750000
vt 0.522657 0.750000
vt 0.510486 0.718750
vt 0.510486 0.750000
vt 0.510486 0.687500
vt 0.510486 0.656250
vt 0.510486 0.625000
vt 0.510486 0.593750
vt 0.510486 0.562500
vt 0.522640 0.781250
vt 0.535687 0.781250
vt 0.535602 0.812500
vt 0.522550 0.812500
vt 0.549506 0.781250
vt 0.549406 0.812500
vt 0.563990 0.781250
vt 0.563838 0.812500
vt 0.579012 0.781250
vt 0.578764 0.812500
vt 0.594350 0.781250
vt 0.594026 0.812500
vt 0.609751 0.781250
vt 0.609471 0.812500
vt 0.535410 0.843750
vt 0.522311 0.843750
vt 0.549264 0.843750
vt 0.563725 0.843750
vt 0.578651 0.843750
vt 0.593917 0.843750
vt 0.609403 0.843750
vt 0.535046 0.875000
vt 0.521848 0.875000
vt 0.549022 0.875000
vt 0.563592 0.875000
vt 0.578586 0.875000
vt 0.593887 0.875000
vt 0.609392 0.875000
vt 0.534453 0.906250
vt 0.521069 0.906250
vt 0.548640 0.906250
vt 0.563391 0.906250
vt 0.578501 0.906250
vt 0.593861 0.906250
vt 0.609389 0.906250
vt 0.533602 0.937500
vt 0.519829 0.937500
vt 0.548131 0.937500
vt 0.563128 0.937500
vt 0.578390 0.937500
vt 0.593829 0.937500
vt 0.609385 0.937500
vt 0.532496 0.968750
vt 0.517992 0.968750
vt 0.547527 0.968750
vt 0.562824 0.968750
vt 0.578262 0.968750
vt 0.593791 0.968750
vt 0.609380 0.968750
vt 0.510472 0.781250
vt 0.625000 0.781250
vt 0.625000 0.812500
vt 0.625000 0.843750
vt 0.625000 0.875000
vt 0.625000 0.906250
vt 0.625000 0.937500
vt 0.625000 0.968750
vt 0.625000 1.000000
vt 0.609375 1.000000
vt 0.593750 1.000000
vt 0.578125 1.000000
vt 0.562500 1.000000
vt 0.546875 1.000000
vt 0.531250 1.000000
vt 0.515625 1.000000
vt 0.504956 0.968750
vt 0.500000 1.000000
vt 0.507318 0.937500
vt 0.508752 0.906250
vt 0.509612 0.875000
vt 0.510117 0.843750
vt 0.510377 0.812500
vt 0.156235 0.531250
vt 0.187381 0.531250
vt 0.187277 0.562500
vt 0.156222 0.562500
vt 0.218348 0.531250
vt 0.217996 0.562500
vt 0.249046 0.531250
vt 0.248214 0.562500
vt 0.279329 0.531250
vt 0.277670 0.562500
vt 0.308823 0.531250
vt 0.305740 0.562500
vt 0.336739 0.531250
vt 0.331542 0.562500
vt 0.187203 0.593750
vt 0.156213 0.593750
vt 0.217748 0.593750
vt 0.247625 0.593750
vt 0.276521 0.593750
vt 0.303763 0.593750
vt 0.328568 0.593750
vt 0.187175 0.625000
vt 0.156209 0.625000
vt 0.217654 0.625000
vt 0.247402 0.625000
vt 0.276094 0.625000
vt 0.303081 0.625000
vt 0.327632 0.625000
vt 0.187203 0.656250
vt 0.156213 0.656250
vt 0.217748 0.656250
vt 0.247625 0.656250
vt 0.276521 0.656250
vt 0.303763 0.656250
vt 0.328568 0.656250
vt 0.187277 0.687500
vt 0.156222 0.687500
vt 0.217996 0.687500
vt 0.248214 0.687500
vt 0.277670 0.687500
vt 0.305740 0.687500
vt 0.331542 0.687500
vt 0.187381 0.718750
vt 0.156235 0.718750
vt 0.218347 0.718750
vt 0.249046 0.718750
vt 0.279329 0.718750
vt 0.308823 0.718750
vt 0.336739 0.718750
vt 0.125000 0.500000
vt 0.156250 0.500000
vt 0.125000 0.531250
vt 0.187500 0.500000
vt 0.218750 0.500000
vt 0.250000 0.500000
vt 0.281250 0.500000
vt 0.312500 0.500000
vt 0.343750 0.500000
vt 0.375000 0.500000
vt 0.360156 0.531250
vt 0.353523 0.562500
vt 0.350066 0.593750
vt 0.349016 0.625000
vt 0.350067 0.656250
vt 0.353523 0.687500
vt 0.360156 0.718750
vt 0.375000 0.750000
vt 0.343750 0.750000
vt 0.312500 0.750000
vt 0.281250 0.750000
vt 0.250000 0.750000
vt 0.218750 0.750000
vt 0.187500 0.750000
vt 0.156250 0.750000
vt 0.125000 0.718750
vt 0.125000 0.750000
vt 0.125000 0.687500
vt 0.125000 0.656250
vt 0.125000 0.625000
vt 0.125000 0.593750
vt 0.125000 0.562500
vt 0.660934 0.531250
vt 0.689957 0.531250
vt 0.692017 0.562500
vt 0.664407 0.562500
vt 0.720033 0.531250
vt 0.721142 0.562500
vt 0.750638 0.531250
vt 0.751194 0.562500
vt 0.781519 0.531250
vt 0.781754 0.562500
vt 0.812580 0.531250
vt 0.812649 0.562500
vt 0.843760 0.531250
vt 0.843769 0.562500
vt 0.693337 0.593750
vt 0.666394 0.593750
vt 0.721910 0.593750
vt 0.751587 0.593750
vt 0.781920 0.593750
vt 0.812698 0.593750
vt 0.843775 0.593750
vt 0.693793 0.625000
vt 0.667019 0.625000
vt 0.722195 0.625000
vt 0.751736 0.625000
vt 0.781982 0.625000
vt 0.812717 0.625000
vt 0.843777 0.625000
vt 0.693337 0.656250
vt 0.666394 0.656250
vt 0.721910 0.656250
vt 0.751587 0.656250
vt 0.781920 0.656250
vt 0.812698 0.656250
vt 0.843775 0.656250
vt 0.692017 0.687500
vt 0.664407 0.687500
vt 0.721142 0.687500
vt 0.751194 0.687500
vt 0.781754 0.687500
vt 0.812649 0.687500
vt 0.843769 0.687500
vt 0.689957 0.718750
vt 0.660934 0.718750
vt 0.720033 0.718750
vt 0.750638 0.718750
vt 0.781519 0.718750
vt 0.812580 0.718750
vt 0.843760 0.718750
vt 0.656250 0.500000
vt 0.687500 0.500000
vt 0.718750 0.500000
vt 0.750000 0.500000
vt 0.781250 0.500000
vt 0.812500 0.500000
vt 0.843750 0.500000
vt 0.875000 0.500000
vt 0.875000 0.531250
vt 0.875000 0.562500
vt 0.875000 0.593750
vt 0.875000 0.625000
vt 0.875000 0.656250
vt 0.875000 0.687500
vt 0.875000 0.718750
vt 0.875000 0.750000
vt 0.843750 0.750000
vt 0.812500 0.750000
vt 0.781250 0.750000
vt 0.750000 0.750000
vt 0.718750 0.750000
vt 0.687500 0.750000
vt 0.656250 0.750000
vt 0.445603 0.781250
vt 0.453541 0.781250
vt 0.453539 0.812500
vt 0.445604 0.812500
vt 0.461715 0.781250
vt 0.461705 0.812500
vt 0.470247 0.781250
vt 0.470224 0.812500
vt 0.479264 0.781250
vt 0.479219 0.812500
vt 0.488890 0.781250
vt 0.488822 0.812500
vt 0.499251 0.781250
vt 0.499163 0.812500
vt 0.453534 0.843750
vt 0.445606 0.843750
vt 0.461679 0.843750
vt 0.470160 0.843750
vt 0.479097 0.843750
vt 0.488635 0.843750
vt 0.498925 0.843750
vt 0.453522 0.875000
vt 0.445610 0.875000
vt 0.461629 0.875000
vt 0.470035 0.875000
vt 0.478859 0.875000
vt 0.488273 0.875000
vt 0.498462 0.875000
vt 0.453505 0.906250
vt 0.445617 0.906250
vt 0.461549 0.906250
vt 0.469836 0.906250
vt 0.478478 0.906250
vt 0.487680 0.906250
vt 0.497683 0.906250
vt 0.453483 0.937500
vt 0.445630 0.937500
vt 0.461445 0.937500
vt 0.469577 0.937500
vt 0.477970 0.937500
vt 0.486829 0.937500
vt 0.496443 0.937500
vt 0.453460 0.968750
vt 0.445649 0.968750
vt 0.461325 0.968750
vt 0.469277 0.968750
vt 0.477369 0.968750
vt 0.485724 0.968750
vt 0.494606 0.968750
vt 0.437776 0.750000
vt 0.445603 0.750000
vt 0.437777 0.781250
vt 0.453542 0.750000
vt 0.461716 0.750000
vt 0.470251 0.750000
vt 0.479271 0.750000
vt 0.488900 0.750000
vt 0.499264 0.750000
vt 0.492239 1.000000
vt 0.484479 1.000000
vt 0.476718 1.000000
vt 0.468957 1.000000
vt 0.461197 1.000000
vt 0.453436 1.000000
vt 0.445675 1.000000
vt 0.437849 0.968750
vt 0.437915 1.000000
vt 0.437818 0.937500
vt 0.437799 0.906250
vt 0.437788 0.875000
vt 0.437781 0.843750
vt 0.437778 0.812500
vt 0.445603 0.531250
vt 0.453541 0.531250
vt 0.453542 0.562500
vt 0.445603 0.562500
vt 0.461716 0.531250
vt 0.461716 0.562500
vt 0.470251 0.531250
vt 0.470251 0.562500
vt 0.479271 0.531250
vt 0.479271 0.562500
vt 0.488900 0.531250
vt 0.488900 0.562500
vt 0.499264 0.531250
vt 0.499264 0.562500
vt 0.453542 0.593750
vt 0.445603 0.593750
vt 0.461716 0.593750
vt 0.470251 0.593750
vt 0.479271 0.593750
vt 0.488900 0.593750
vt 0.499264 0.593750
vt 0.453542 0.625000
vt 0.445603 0.625000
vt 0.461716 0.625000
vt 0.470251 0.625000
vt 0.479271 0.625000
vt 0.488900 0.625000
vt 0.499264 0.625000
vt 0.453541 0.656250
vt 0.445603 0.656250
vt 0.461716 0.656250
vt 0.470251 0.656250
vt 0.479271 0.656250
vt 0.488900 0.656250
vt 0.499264 0.656250
vt 0.453541 0.687500
vt 0.445603 0.687500
vt 0.461716 0.687500
vt 0.470251 0.687500
vt 0.479271 0.687500
vt 0.488900 0.687500
vt 0.499264 0.687500
vt 0.453542 0.718750
vt 0.445603 0.718750
vt 0.461716 0.718750
vt 0.470251 0.718750
vt 0.479271 0.718750
vt 0.488900 0.718750
vt 0.499264 0.718750
vt 0.437776 0.500000
vt 0.445603 0.500000
vt 0.437776 0.531250
vt 0.453541 0.500000
vt 0.461716 0.500000
vt 0.470251 0.500000
vt 0.479271 0.500000
vt 0.488900 0.500000
vt 0.499264 0.500000
vt 0.510486 0.500000
vt 0.510486 0.531250
vt 0.510486 0.593750
vt 0.510486 0.625000
vt 0.510486 0.687500
vt 0.510486 0.718750
vt 0.510486 0.750000
vt 0.488900 0.750000
vt 0.479271 0.750000
vt 0.470251 0.750000
vt 0.461716 0.750000
vt 0.453541 0.750000
vt 0.445603 0.750000
vt 0.437776 0.718750
vt 0.437776 0.750000
vt 0.437776 0.687500
vt 0.437776 0.656250
vt 0.437776 0.625000
vt 0.437776 0.593750
vt 0.437776 0.562500
vt 0.445603 0.281250
vt 0.453541 0.281250
vt 0.453542 0.312500
vt 0.445603 0.312500
vt 0.461716 0.281250
vt 0.461716 0.312500
vt 0.470251 0.281250
vt 0.470251 0.312500
vt 0.479271 0.281250
vt 0.479271 0.312500
vt 0.488900 0.281250
vt 0.488900 0.312500
vt 0.499264 0.281250
vt 0.499264 0.312500
vt 0.453542 0.343750
vt 0.445603 0.343750
vt 0.461716 0.343750
vt 0.470251 0.343750
vt 0.479271 0.343750
vt 0.488900 0.343750
vt 0.499264 0.343750
vt 0.453542 0.375000
vt 0.445603 0.375000
vt 0.461716 0.375000
vt 0.470251 0.375000
vt 0.479271 0.375000
vt 0.488900 0.375000
vt 0.499264 0.375000
vt 0.453541 0.406250
vt 0.445603 0.406250
vt 0.461716 0.406250
vt 0.470251 0.406250
vt 0.479271 0.406250
vt 0.488900 0.406250
vt 0.499264 0.406250
vt 0.453541 0.437500
vt 0.445603 0.437500
vt 0.461716 0.437500
vt 0.470251 0.437500
vt 0.479271 0.437500
vt 0.488900 0.437500
vt 0.499264 0.437500
vt 0.453542 0.468750
vt 0.445603 0.468750
vt 0.461716 0.468750
vt 0.470251 0.468750
vt 0.479271 0.468750
vt 0.488900 0.468750
vt 0.499264 0.468750
vt 0.437776 0.250000
vt 0.445603 0.250000
vt 0.437776 0.281250
vt 0.453541 0.250000
vt 0.461716 0.250000
vt 0.470251 0.250000
vt 0.479271 0.250000
vt 0.488900 0.250000
vt 0.499264 0.250000
vt 0.510486 0.250000
vt 0.510486 0.281250
vt 0.510486 0.312500
vt 0.510486 0.343750
vt 0.510486 0.375000
vt 0.510486 0.406250
vt 0.510486 0.437500
vt 0.510486 0.468750
vt 0.437776 0.468750
vt 0.437776 0.437500
vt 0.437776 0.406250
vt 0.437776 0.375000
vt 0.437776 0.343750
vt 0.437776 0.312500
vt 0.445649 0.031250
vt 0.453460 0.031250
vt 0.453483 0.062500
vt 0.445630 0.062500
vt 0.461325 0.031250
vt 0.461445 0.062500
vt 0.469277 0.031250
vt 0.469577 0.062500
vt 0.477369 0.031250
vt 0.477970 0.062500
vt 0.485724 0.031250
vt 0.486829 0.062500
vt 0.494606 0.031250
vt 0.496443 0.062500
vt 0.453505 0.093750
vt 0.445617 0.093750
vt 0.461549 0.093750
vt 0.469836 0.093750
vt 0.478478 0.093750
vt 0.487680 0.093750
vt 0.497683 0.093750
vt 0.453522 0.125000
vt 0.445610 0.125000
vt 0.461629 0.125000
vt 0.470035 0.125000
vt 0.478859 0.125000
vt 0.488272 0.125000
vt 0.498462 0.125000
vt 0.453534 0.156250
vt 0.445606 0.156250
vt 0.461679 0.156250
vt 0.470160 0.156250
vt 0.479097 0.156250
vt 0.488635 0.156250
vt 0.498925 0.156250
vt 0.453539 0.187500
vt 0.445604 0.187500
vt 0.461705 0.187500
vt 0.470224 0.187500
vt 0.479219 0.187500
vt 0.488822 0.187500
vt 0.499164 0.187500
vt 0.453541 0.218750
vt 0.445603 0.218750
vt 0.461715 0.218750
vt 0.470247 0.218750
vt 0.479264 0.218750
vt 0.488890 0.218750
vt 0.499251 0.218750
vt 0.437915 0.000000
vt 0.445675 0.000000
vt 0.437849 0.031250
vt 0.453436 0.000000
vt 0.461197 0.000000
vt 0.468957 0.000000
vt 0.476718 0.000000
vt 0.484479 0.000000
vt 0.492239 0.000000
vt 0.488900 0.250000
vt 0.479271 0.250000
vt 0.470251 0.250000
vt 0.461716 0.250000
vt 0.453542 0.250000
vt 0.445603 0.250000
vt 0.437777 0.218750
vt 0.437776 0.250000
vt 0.437778 0.187500
vt 0.437781 0.156250
vt 0.437788 0.125000
vt 0.437799 0.093750
vt 0.437818 0.062500
vt 0.382864 0.031250
vt 0.390728 0.031250
vt 0.390728 0.062500
vt 0.382864 0.062500
vt 0.398591 0.031250
vt 0.398590 0.062500
vt 0.406453 0.031250
vt 0.406449 0.062500
vt 0.414313 0.031250
vt 0.414305 0.062500
vt 0.422170 0.031250
vt 0.422155 0.062500
vt 0.430019 0.031250
vt 0.429995 0.062500
vt 0.390727 0.093750
vt 0.382864 0.093750
vt 0.398588 0.093750
vt 0.406446 0.093750
vt 0.414298 0.093750
vt 0.422144 0.093750
vt 0.429979 0.093750
vt 0.390727 0.125000
vt 0.382864 0.125000
vt 0.398587 0.125000
vt 0.406443 0.125000
vt 0.414293 0.125000
vt 0.422136 0.125000
vt 0.429968 0.125000
vt 0.390727 0.156250
vt 0.382864 0.156250
vt 0.398586 0.156250
vt 0.406441 0.156250
vt 0.414290 0.156250
vt 0.422131 0.156250
vt 0.429962 0.156250
vt 0.390727 0.187500
vt 0.382864 0.187500
vt 0.398586 0.187500
vt 0.406440 0.187500
vt 0.414289 0.187500
vt 0.422129 0.187500
vt 0.429959 0.187500
vt 0.390727 0.218750
vt 0.382864 0.218750
vt 0.398586 0.218750
vt 0.406440 0.218750
vt 0.414288 0.218750
vt 0.422128 0.218750
vt 0.429958 0.218750
vt 0.375000 0.000000
vt 0.382864 0.000000
vt 0.375000 0.031250
vt 0.390729 0.000000
vt 0.398593 0.000000
vt 0.406457 0.000000
vt 0.414322 0.000000
vt 0.422186 0.000000
vt 0.430050 0.000000
vt 0.429958 0.250000
vt 0.422128 0.250000
vt 0.414288 0.250000
vt 0.406440 0.250000
vt 0.398586 0.250000
vt 0.390726 0.250000
vt 0.382864 0.250000
vt 0.375000 0.218750
vt 0.375000 0.250000
vt 0.375000 0.187500
vt 0.375000 0.156250
vt 0.375000 0.125000
vt 0.375000 0.093750
vt 0.375000 0.062500
vt 0.382864 0.281250
vt 0.390727 0.281250
vt 0.390727 0.312500
vt 0.382864 0.312500
vt 0.398586 0.281250
vt 0.398586 0.312500
vt 0.406440 0.281250
vt 0.406440 0.312500
vt 0.414288 0.281250
vt 0.414288 0.312500
vt 0.422128 0.281250
vt 0.422128 0.312500
vt 0.429958 0.281250
vt 0.429958 0.312500
vt 0.390727 0.343750
vt 0.382864 0.343750
vt 0.398586 0.343750
vt 0.406440 0.343750
vt 0.414288 0.343750
vt 0.422128 0.343750
vt 0.429958 0.343750
vt 0.390726 0.375000
vt 0.382864 0.375000
vt 0.398586 0.375000
vt 0.406440 0.375000
vt 0.414288 0.375000
vt 0.422128 0.375000
vt 0.429958 0.375000
vt 0.390705 0.406250
vt 0.382850 0.406250
vt 0.398567 0.406250
vt 0.406430 0.406250
vt 0.414284 0.406250
vt 0.422126 0.406250
vt 0.429958 0.406250
vt 0.390554 0.437500
vt 0.382751 0.437500
vt 0.398440 0.437500
vt 0.406359 0.437500
vt 0.414254 0.437500
vt 0.422118 0.437500
vt 0.429956 0.437500
vt 0.390073 0.468750
vt 0.382332 0.468750
vt 0.398084 0.468750
vt 0.406166 0.468750
vt 0.414172 0.468750
vt 0.422093 0.468750
vt 0.429953 0.468750
vt 0.375000 0.281250
vt 0.437776 0.281250
vt 0.437776 0.312500
vt 0.437776 0.343750
vt 0.437776 0.375000
vt 0.437776 0.406250
vt 0.437776 0.437500
vt 0.437776 0.500000
vt 0.429948 0.500000
vt 0.422046 0.500000
vt 0.414014 0.500000
vt 0.405790 0.500000
vt 0.397347 0.500000
vt 0.388778 0.500000
vt 0.380354 0.500000
vt 0.375000 0.468750
vt 0.375000 0.437500
vt 0.375000 0.406250
vt 0.375000 0.375000
vt 0.375000 0.343750
vt 0.375000 0.312500
vt 0.375321 0.531250
vt 0.386396 0.531250
vt 0.383794 0.562500
vt 0.370543 0.562500
vt 0.396164 0.531250
vt 0.394859 0.562500
vt 0.405212 0.531250
vt 0.404572 0.562500
vt 0.413770 0.531250
vt 0.413500 0.562500
vt 0.421974 0.531250
vt 0.421894 0.562500
vt 0.429938 0.531250
vt 0.429929 0.562500
vt 0.381968 0.593750
vt 0.367668 0.593750
vt 0.393839 0.593750
vt 0.404055 0.593750
vt 0.413282 0.593750
vt 0.421829 0.593750
vt 0.429920 0.593750
vt 0.381307 0.625000
vt 0.366746 0.625000
vt 0.393430 0.625000
vt 0.403842 0.625000
vt 0.413192 0.625000
vt 0.421803 0.625000
vt 0.429917 0.625000
vt 0.381968 0.656250
vt 0.367668 0.656250
vt 0.393839 0.656250
vt 0.404055 0.656250
vt 0.413282 0.656250
vt 0.421829 0.656250
vt 0.429920 0.656250
vt 0.383794 0.687500
vt 0.370543 0.687500
vt 0.394859 0.687500
vt 0.404572 0.687500
vt 0.413500 0.687500
vt 0.421894 0.687500
vt 0.429929 0.687500
vt 0.386396 0.718750
vt 0.375321 0.718750
vt 0.396164 0.718750
vt 0.405212 0.718750
vt 0.413770 0.718750
vt 0.421974 0.718750
vt 0.429938 0.718750
vt 0.437776 0.531250
vt 0.437776 0.593750
vt 0.437776 0.625000
vt 0.437776 0.656250
vt 0.437776 0.687500
vt 0.437776 0.718750
vt 0.429948 0.750000
vt 0.422046 0.750000
vt 0.414014 0.750000
vt 0.405790 0.750000
vt 0.397347 0.750000
vt 0.388778 0.750000
vt 0.380354 0.750000
vt 0.382332 0.781250
vt 0.390073 0.781250
vt 0.390554 0.812500
vt 0.382751 0.812500
vt 0.398084 0.781250
vt 0.398440 0.812500
vt 0.406166 0.781250
vt 0.406359 0.812500
vt 0.414172 0.781250
vt 0.414254 0.812500
vt 0.422094 0.781250
vt 0.422119 0.812500
vt 0.429954 0.781250
vt 0.429958 0.812500
vt 0.390705 0.843750
vt 0.382850 0.843750
vt 0.398568 0.843750
vt 0.406431 0.843750
vt 0.414286 0.843750
vt 0.422130 0.843750
vt 0.429962 0.843750
vt 0.390727 0.875000
vt 0.382864 0.875000
vt 0.398587 0.875000
vt 0.406443 0.875000
vt 0.414293 0.875000
vt 0.422136 0.875000
vt 0.429968 0.875000
vt 0.390727 0.906250
vt 0.382864 0.906250
vt 0.398588 0.906250
vt 0.406446 0.906250
vt 0.414298 0.906250
vt 0.422144 0.906250
vt 0.429979 0.906250
vt 0.390728 0.937500
vt 0.382864 0.937500
vt 0.398589 0.937500
vt 0.406449 0.937500
vt 0.414305 0.937500
vt 0.422155 0.937500
vt 0.429995 0.937500
vt 0.390728 0.968750
vt 0.382864 0.968750
vt 0.398591 0.968750
vt 0.406453 0.968750
vt 0.414313 0.968750
vt 0.422170 0.968750
vt 0.430019 0.968750
vt 0.375000 0.781250
vt 0.430050 1.000000
vt 0.422186 1.000000
vt 0.414322 1.000000
vt 0.406457 1.000000
vt 0.398593 1.000000
vt 0.390729 1.000000
vt 0.382864 1.000000
vt 0.375000 0.968750
vt 0.375000 1.000000
vt 0.375000 0.937500
vt 0.375000 0.906250
vt 0.375000 0.875000
vt 0.375000 0.843750
vt 0.375000 0.812500
s 0
usemtl col
f 213/1/1 214/2/1 221/3/1 220/4/1
f 214/2/2 215/5/2 222/6/2 221/3/2
f 215/5/3 216/7/3 223/8/3 222/6/3
f 216/7/4 217/9/4 224/10/4 223/8/4
f 217/9/5 218/11/5 225/12/5 224/10/5
f 218/11/6 219/13/6 226/14/6 225/12/6
f 220/4/7 221/3/7 228/15/7 227/16/7
f 221/3/8 222/6/8 229/17/8 228/15/8
f 222/6/9 223/8/9 230/18/9 229/17/9
f 223/8/10 224/10/10 231/19/10 230/18/10
f 224/10/11 225/12/11 232/20/11 231/19/11
f 225/12/12 226/14/12 233/21/12 232/20/12
f 227/16/13 228/15/13 235/22/13 234/23/13
f 228/15/14 229/17/14 236/24/14 235/22/14
f 229/17/15 230/18/15 237/25/15 236/24/15
f 230/18/16 231/19/16 238/26/16 237/25/16
f 231/19/17 232/20/17 239/27/17 238/26/17
f 232/20/18 233/21/18 240/28/18 239/27/18
f 234/23/19 235/22/19 242/29/19 241/30/19
f 235/22/20 236/24/20 243/31/20 242/29/20
f 236/24/21 237/25/21 244/32/21 243/31/21
f 237/25/22 238/26/22 245/33/22 244/32/22
f 238/26/23 239/27/23 246/34/23 245/33/23
f 239/27/24 240/28/24 247/35/24 246/34/24
f 241/30/25 242/29/25 249/36/25 248/37/25
f 242/29/26 243/31/26 250/38/26 249/36/26
f 243/31/27 244/32/27 251/39/27 250/38/27
f 244/32/28 245/33/28 252/40/28 251/39/28
f 245/33/29 246/34/29 253/41/29 252/40/29
f 246/34/30 247/35/30 254/42/30 253/41/30
f 248/37/31 249/36/31 256/43/31 255/44/31
f 249/36/32 250/38/32 257/45/32 256/43/32
f 250/38/33 251/39/33 258/46/33 257/45/33
f 251/39/34 252/40/34 259/47/34 258/46/34
f 252/40/35 253/41/35 260/48/35 259/47/35
f 253/41/36 254/42/36 261/49/36 260/48/36
f 9/50/37 24/51/37 213/1/37 150/52/37
f 24/51/38 25/53/38 214/2/38 213/1/38
f 25/53/39 26/54/39 215/5/39 214/2/39
f 26/54/40 27/55/40 216/7/40 215/5/40
f 27/55/41 28/56/41 217/9/41 216/7/41
f 28/56/42 29/57/42 218/11/42 217/9/42
f 29/57/43 30/58/43 219/13/43 218/11/43
f 30/58/44 2/59/44 31/60/44 219/13/44
f 219/13/45 31/60/45 32/61/45 226/14/45
f 226/14/46 32/61/46 33/62/46 233/21/46
f 233/21/47 33/62/47 34/63/47 240/28/47
f 240/28/48 34/63/48 35/64/48 247/35/48
f 247/35/49 35/64/49 36/65/49 254/42/49
f 254/42/50 36/65/50 37/66/50 261/49/50
f 261/49/51 37/66/51 4/67/51 108/68/51
f 260/48/52 261/49/52 108/68/52 109/69/52
f 259/47/53 260/48/53 109/69/53 110/70/53
f 258/46/54 259/47/54 110/70/54 111/71/54
f 257/45/55 258/46/55 111/71/55 112/72/55
f 256/43/56 257/45/56 112/72/56 113/73/56
f 255/44/57 256/43/57 113/73/57 114/74/57
f 156/75/58 255/44/58 114/74/58 10/76/58
f 155/77/59 248/37/59 255/44/59 156/75/59
f 154/78/60 241/30/60 248/37/60 155/77/60
f 153/79/61 234/23/61 241/30/61 154/78/61
f 152/80/62 227/16/62 234/23/62 153/79/62
f 151/81/63 220/4/63 227/16/63 152/80/63
f 150/52/64 213/1/64 220/4/64 151/81/64
f 262/82/65 263/83/65 270/84/65 269/85/65
f 263/83/66 264/86/66 271/87/66 270/84/66
f 264/86/67 265/88/67 272/89/67 271/87/67
f 265/88/68 266/90/68 273/91/68 272/89/68
f 266/90/69 267/92/69 274/93/69 273/91/69
f 267/92/70 268/94/70 275/95/70 274/93/70
f 269/85/71 270/84/71 277/96/71 276/97/71
f 270/84/72 271/87/72 278/98/72 277/96/72
f 271/87/73 272/89/73 279/99/73 278/98/73
f 272/89/74 273/91/74 280/100/74 279/99/74
f 273/91/75 274/93/75 281/101/75 280/100/75
f 274/93/76 275/95/76 282/102/76 281/101/76
f 276/97/77 277/96/77 284/103/77 283/104/77
f 277/96/78 278/98/78 285/105/78 284/103/78
f 278/98/79 279/99/79 286/106/79 285/105/79
f 279/99/80 280/100/80 287/107/80 286/106/80
f 280/100/81 281/101/81 288/108/81 287/107/81
f 281/101/82 282/102/82 289/109/82 288/108/82
f 283/104/83 284/103/83 291/110/83 290/111/83
f 284/103/84 285/105/84 292/112/84 291/110/84
f 285/105/85 286/106/85 293/113/85 292/112/85
f 286/106/86 287/107/86 294/114/86 293/113/86
f 287/107/87 288/108/87 295/115/87 294/114/87
f 288/108/88 289/109/88 296/116/88 295/115/88
f 290/111/89 291/110/89 298/117/89 297/118/89
f 291/110/90 292/112/90 299/119/90 298/117/90
f 292/112/91 293/113/91 300/120/91 299/119/91
f 293/113/92 294/114/92 301/121/92 300/120/92
f 294/114/93 295/115/93 302/122/93 301/121/93
f 295/115/94 296/116/94 303/123/94 302/122/94
f 297/118/95 298/117/95 305/124/95 304/125/95
f 298/117/96 299/119/96 306/126/96 305/124/96
f 299/119/97 300/120/97 307/127/97 306/126/97
f 300/120/98 301/121/98 308/128/98 307/127/98
f 301/121/99 302/122/99 309/129/99 308/128/99
f 302/122/100 303/123/100 310/130/100 309/129/100
f 10/76/101 114/74/101 262/82/101 143/131/101
f 114/74/102 113/73/102 263/83/102 262/82/102
f 113/73/103 112/72/103 264/86/103 263/83/103
f 112/72/104 111/71/104 265/88/104 264/86/104
f 111/71/105 110/70/105 266/90/105 265/88/105
f 110/70/106 109/69/106 267/92/106 266/90/106
f 109/69/107 108/68/107 268/94/107 267/92/107
f 108/68/108 4/67/108 52/132/108 268/94/108
f 268/94/109 52/132/109 53/133/109 275/95/109
f 275/95/110 53/133/110 54/134/110 282/102/110
f 282/102/111 54/134/111 55/135/111 289/109/111
f 289/109/112 55/135/112 56/136/112 296/116/112
f 296/116/113 56/136/113 57/137/113 303/123/113
f 303/123/114 57/137/114 58/138/114 310/130/114
f 310/130/115 58/138/115 8/139/115 115/140/115
f 309/129/116 310/130/116 115/140/116 116/141/116
f 308/128/117 309/129/117 116/141/117 117/142/117
f 307/127/118 308/128/118 117/142/118 118/143/118
f 306/126/119 307/127/119 118/143/119 119/144/119
f 305/124/120 306/126/120 119/144/120 120/145/120
f 304/125/121 305/124/121 120/145/121 121/146/121
f 149/147/122 304/125/122 121/146/122 11/148/122
f 148/149/123 297/118/123 304/125/123 149/147/123
f 147/150/124 290/111/124 297/118/124 148/149/124
f 146/151/125 283/104/125 290/111/125 147/150/125
f 145/152/126 276/97/126 283/104/126 146/151/126
f 144/153/127 269/85/127 276/97/127 145/152/127
f 143/131/128 262/82/128 269/85/128 144/153/128
f 311/154/129 312/155/129 319/156/129 318/157/129
f 312/155/130 313/158/130 320/159/130 319/156/130
f 313/158/131 314/160/131 321/161/131 320/159/131
f 314/160/132 315/162/132 322/163/132 321/161/132
f 315/162/133 316/164/133 323/165/133 322/163/133
f 316/164/134 317/166/134 324/167/134 323/165/134
f 318/157/135 319/156/135 326/168/135 325/169/135
f 319/156/136 320/159/136 327/170/136 326/168/136
f 320/159/137 321/161/137 328/171/137 327/170/137
f 321/161/138 322/163/138 329/172/138 328/171/138
f 322/163/139 323/165/139 330/173/139 329/172/139
f 323/165/140 324/167/140 331/174/140 330/173/140
f 325/169/141 326/168/141 333/175/141 332/176/141
f 326/168/142 327/170/142 334/177/142 333/175/142
f 327/170/143 328/171/143 335/178/143 334/177/143
f 328/171/144 329/172/144 336/179/144 335/178/144
f 329/172/145 330/173/145 337/180/145 336/179/145
f 330/173/146 331/174/146 338/181/146 337/180/146
f 332/176/147 333/175/147 340/182/147 339/183/147
f 333/175/148 334/177/148 341/184/148 340/182/148
f 334/177/149 335/178/149 342/185/149 341/184/149
f 335/178/150 336/179/150 343/186/150 342/185/150
f 336/179/151 337/180/151 344/187/151 343/186/151
f 337/180/152 338/181/152 345/188/152 344/187/152
f 339/183/153 340/182/153 347/189/153 346/190/153
f 340/182/154 341/184/154 348/191/154 347/189/154
f 341/184/155 342/185/155 349/192/155 348/191/155
f 342/185/156 343/186/156 350/193/156 349/192/156
f 343/186/157 344/187/157 351/194/157 350/193/157
f 344/187/158 345/188/158 352/195/158 351/194/158
f 346/190/159 347/189/159 354/196/159 353/197/159
f 347/189/160 348/191/160 355/198/160 354/196/160
f 348/191/161 349/192/161 356/199/161 355/198/161
f 349/192/162 350/193/162 357/200/162 356/199/162
f 350/193/163 351/194/163 358/201/163 357/200/163
f 351/194/164 352/195/164 359/202/164 358/201/164
f 11/148/165 121/146/165 311/154/165 136/203/165
f 121/146/166 120/145/166 312/155/166 311/154/166
f 120/145/167 119/144/167 313/158/167 312/155/167
f 119/144/168 118/143/168 314/160/168 313/158/168
f 118/143/169 117/142/169 315/162/169 314/160/169
f 117/142/170 116/141/170 316/164/170 315/162/170
f 116/141/171 115/140/171 317/166/171 316/164/171
f 115/140/172 8/139/172 73/204/172 317/166/172
f 317/166/173 73/204/173 74/205/173 324/167/173
f 324/167/174 74/205/174 75/206/174 331/174/174
f 331/174/175 75/206/175 76/207/175 338/181/175
f 338/181/176 76/207/176 77/208/176 345/188/176
f 345/188/177 77/208/177 78/209/177 352/195/177
f 352/195/178 78/209/178 79/210/178 359/202/178
f 359/202/179 79/210/179 6/211/179 122/212/179
f 358/201/180 359/202/180 122/212/180 123/213/180
f 357/200/181 358/201/181 123/213/181 124/214/181
f 356/199/182 357/200/182 124/214/182 125/215/182
f 355/198/183 356/199/183 125/215/183 126/216/183
f 354/196/184 355/198/184 126/216/184 127/217/184
f 353/197/185 354/196/185 127/217/185 128/218/185
f 142/219/186 353/197/186 128/218/186 12/220/186
f 141/221/187 346/190/187 353/197/187 142/219/187
f 140/222/188 339/183/188 346/190/188 141/221/188
f 139/223/189 332/176/189 339/183/189 140/222/189
f 138/224/190 325/169/190 332/176/190 139/223/190
f 137/225/191 318/157/191 325/169/191 138/224/191
f 136/203/192 311/154/192 318/157/192 137/225/192
f 360/226/193 361/227/193 368/228/193 367/229/193
f 361/227/194 362/230/194 369/231/194 368/228/194
f 362/230/195 363/232/195 370/233/195 369/231/195
f 363/232/196 364/234/196 371/235/196 370/233/196
f 364/234/197 365/236/197 372/237/197 371/235/197
f 365/236/198 366/238/198 373/239/198 372/237/198
f 367/229/199 368/228/199 375/240/199 374/241/199
f 368/228/200 369/231/200 376/242/200 375/240/200
f 369/231/201 370/233/201 377/243/201 376/242/201
f 370/233/202 371/235/202 378/244/202 377/243/202
f 371/235/203 372/237/203 379/245/203 378/244/203
f 372/237/204 373/239/204 380/246/204 379/245/204
f 374/241/205 375/240/205 382/247/205 381/248/205
f 375/240/206 376/242/206 383/249/206 382/247/206
f 376/242/207 377/243/207 384/250/207 383/249/207
f 377/243/208 378/244/208 385/251/208 384/250/208
f 378/244/209 379/245/209 386/252/209 385/251/209
f 379/245/210 380/246/210 387/253/210 386/252/210
f 381/248/211 382/247/211 389/254/211 388/255/211
f 382/247/212 383/249/212 390/256/212 389/254/212
f 383/249/213 384/250/213 391/257/213 390/256/213
f 384/250/214 385/251/214 392/258/214 391/257/214
f 385/251/215 386/252/215 393/259/215 392/258/215
f 386/252/216 387/253/216 394/260/216 393/259/216
f 388/255/217 389/254/217 396/261/217 395/262/217
f 389/254/218 390/256/218 397/263/218 396/261/218
f 390/256/219 391/257/219 398/264/219 397/263/219
f 391/257/220 392/258/220 399/265/220 398/264/220
f 392/258/221 393/259/221 400/266/221 399/265/221
f 393/259/222 394/260/222 401/267/222 400/266/222
f 395/262/223 396/261/223 403/268/223 402/269/223
f 396/261/224 397/263/224 404/270/224 403/268/224
f 397/263/225 398/264/225 405/271/225 404/270/225
f 398/264/226 399/265/226 406/272/226 405/271/226
f 399/265/227 400/266/227 407/273/227 406/272/227
f 400/266/228 401/267/228 408/274/228 407/273/228
f 12/220/229 128/218/229 360/226/229 129/275/229
f 128/218/230 127/217/230 361/227/230 360/226/230
f 127/217/231 126/216/231 362/230/231 361/227/231
f 126/216/232 125/215/232 363/232/232 362/230/232
f 125/215/233 124/214/233 364/234/233 363/232/233
f 124/214/234 123/213/234 365/236/234 364/234/234
f 123/213/235 122/212/235 366/238/235 365/236/235
f 122/212/236 6/211/236 94/276/236 366/238/236
f 366/238/237 94/276/237 95/277/237 373/239/237
f 373/239/238 95/277/238 96/278/238 380/246/238
f 380/246/239 96/278/239 97/279/239 387/253/239
f 387/253/240 97/279/240 98/280/240 394/260/240
f 394/260/241 98/280/241 99/281/241 401/267/241
f 401/267/242 99/281/242 100/282/242 408/274/242
f 408/274/243 100/282/243 2/283/243 30/284/243
f 407/273/244 408/274/244 30/284/244 29/285/244
f 406/272/245 407/273/245 29/285/245 28/286/245
f 405/271/246 406/272/246 28/286/246 27/287/246
f 404/270/247 405/271/247 27/287/247 26/288/247
f 403/268/248 404/270/248 26/288/248 25/289/248
f 402/269/249 403/268/249 25/289/249 24/290/249
f 135/291/250 402/269/250 24/290/250 9/292/250
f 134/293/251 395/262/251 402/269/251 135/291/251
f 133/294/252 388/255/252 395/262/252 134/293/252
f 132/295/253 381/248/253 388/255/253 133/294/253
f 131/296/254 374/241/254 381/248/254 132/295/254
f 130/297/255 367/229/255 374/241/255 131/296/255
f 129/275/256 360/226/256 367/229/256 130/297/256
f 409/298/257 410/299/257 417/300/257 416/301/257
f 410/299/258 411/302/258 418/303/258 417/300/258
f 411/302/259 412/304/259 419/305/259 418/303/259
f 412/304/260 413/306/260 420/307/260 419/305/260
f 413/306/261 414/308/261 421/309/261 420/307/261
f 414/308/262 415/310/262 422/311/262 421/309/262
f 416/301/263 417/300/263 424/312/263 423/313/263
f 417/300/264 418/303/264 425/314/264 424/312/264
f 418/303/265 419/305/265 426/315/265 425/314/265
f 419/305/266 420/307/266 427/316/266 426/315/266
f 420/307/267 421/309/267 428/317/267 427/316/267
f 421/309/268 422/311/268 429/318/268 428/317/268
f 423/313/269 424/312/269 431/319/269 430/320/269
f 424/312/270 425/314/270 432/321/270 431/319/270
f 425/314/271 426/315/271 433/322/271 432/321/271
f 426/315/272 427/316/272 434/323/272 433/322/272
f 427/316/273 428/317/273 435/324/273 434/323/273
f 428/317/274 429/318/274 436/325/274 435/324/274
f 430/320/275 431/319/275 438/326/275 437/327/275
f 431/319/276 432/321/276 439/328/276 438/326/276
f 432/321/277 433/322/277 440/329/277 439/328/277
f 433/322/278 434/323/278 441/330/278 440/329/278
f 434/323/279 435/324/279 442/331/279 441/330/279
f 435/324/280 436/325/280 443/332/280 442/331/280
f 437/327/281 438/326/281 445/333/281 444/334/281
f 438/326/282 439/328/282 446/335/282 445/333/282
f 439/328/283 440/329/283 447/336/283 446/335/283
f 440/329/284 441/330/284 448/337/284 447/336/284
f 441/330/285 442/331/285 449/338/285 448/337/285
f 442/331/286 443/332/286 450/339/286 449/338/286
f 444/334/287 445/333/287 452/340/287 451/341/287
f 445/333/288 446/335/288 453/342/288 452/340/288
f 446/335/289 447/336/289 454/343/289 453/342/289
f 447/336/290 448/337/290 455/344/290 454/343/290
f 448/337/291 449/338/291 456/345/291 455/344/291
f 449/338/292 450/339/292 457/346/292 456/345/292
f 3/347/293 51/348/293 409/298/293 17/349/293
f 51/348/294 50/350/294 410/299/294 409/298/294
f 50/350/295 49/351/295 411/302/295 410/299/295
f 49/351/296 48/352/296 412/304/296 411/302/296
f 48/352/297 47/353/297 413/306/297 412/304/297
f 47/353/298 46/354/298 414/308/298 413/306/298
f 46/354/299 45/355/299 415/310/299 414/308/299
f 45/355/300 7/356/300 72/357/300 415/310/300
f 415/310/301 72/357/301 71/358/301 422/311/301
f 422/311/302 71/358/302 70/359/302 429/318/302
f 429/318/303 70/359/303 69/360/303 436/325/303
f 436/325/304 69/360/304 68/361/304 443/332/304
f 443/332/305 68/361/305 67/362/305 450/339/305
f 450/339/306 67/362/306 66/363/306 457/346/306
f 457/346/307 66/363/307 5/364/307 93/365/307
f 456/345/308 457/346/308 93/365/308 92/366/308
f 455/344/309 456/345/309 92/366/309 91/367/309
f 454/343/310 455/344/310 91/367/310 90/368/310
f 453/342/311 454/343/311 90/368/311 89/369/311
f 452/340/312 453/342/312 89/369/312 88/370/312
f 451/341/313 452/340/313 88/370/313 87/371/313
f 23/372/314 451/341/314 87/371/314 1/373/314
f 22/374/315 444/334/315 451/341/315 23/372/315
f 21/375/316 437/327/316 444/334/316 22/374/316
f 20/376/317 430/320/317 437/327/317 21/375/317
f 19/377/318 423/313/318 430/320/318 20/376/318
f 18/378/319 416/301/319 423/313/319 19/377/319
f 17/349/320 409/298/320 416/301/320 18/378/320
f 458/379/321 459/380/321 466/381/321 465/382/321
f 459/380/322 460/383/322 467/384/322 466/381/322
f 460/383/323 461/385/323 468/386/323 467/384/323
f 461/385/324 462/387/324 469/388/324 468/386/324
f 462/387/325 463/389/325 470/390/325 469/388/325
f 463/389/326 464/391/326 471/392/326 470/390/326
f 465/382/327 466/381/327 473/393/327 472/394/327
f 466/381/328 467/384/328 474/395/328 473/393/328
f 467/384/329 468/386/329 475/396/329 474/395/329
f 468/386/330 469/388/330 476/397/330 475/396/330
f 469/388/331 470/390/331 477/398/331 476/397/331
f 470/390/332 471/392/332 478/399/332 477/398/332
f 472/394/333 473/393/333 480/400/333 479/401/333
f 473/393/334 474/395/334 481/402/334 480/400/334
f 474/395/335 475/396/335 482/403/335 481/402/335
f 475/396/336 476/397/336 483/404/336 482/403/336
f 476/397/337 477/398/337 484/405/337 483/404/337
f 477/398/338 478/399/338 485/406/338 484/405/338
f 479/401/339 480/400/339 487/407/339 486/408/339
f 480/400/340 481/402/340 488/409/340 487/407/340
f 481/402/341 482/403/341 489/410/341 488/409/341
f 482/403/342 483/404/342 490/411/342 489/410/342
f 483/404/343 484/405/343 491/412/343 490/411/343
f 484/405/344 485/406/344 492/413/344 491/412/344
f 486/408/345 487/407/345 494/414/345 493/415/345
f 487/407/346 488/409/346 495/416/346 494/414/346
f 488/409/347 489/410/347 496/417/347 495/416/347
f 489/410/348 490/411/348 497/418/348 496/417/348
f 490/411/349 491/412/349 498/419/349 497/418/349
f 491/412/350 492/413/350 499/420/350 498/419/350
f 493/415/351 494/414/351 501/421/351 500/422/351
f 494/414/352 495/416/352 502/423/352 501/421/352
f 495/416/353 496/417/353 503/424/353 502/423/353
f 496/417/354 497/418/354 504/425/354 503/424/354
f 497/418/355 498/419/355 505/426/355 504/425/355
f 498/419/356 499/420/356 506/427/356 505/426/356
f 8/139/357 58/428/357 458/379/357 73/204/357
f 58/428/358 57/429/358 459/380/358 458/379/358
f 57/429/359 56/430/359 460/383/359 459/380/359
f 56/430/360 55/431/360 461/385/360 460/383/360
f 55/431/361 54/432/361 462/387/361 461/385/361
f 54/432/362 53/433/362 463/389/362 462/387/362
f 53/433/363 52/434/363 464/391/363 463/389/363
f 52/434/364 4/435/364 37/436/364 464/391/364
f 464/391/365 37/436/365 36/437/365 471/392/365
f 471/392/366 36/437/366 35/438/366 478/399/366
f 478/399/367 35/438/367 34/439/367 485/406/367
f 485/406/368 34/439/368 33/440/368 492/413/368
f 492/413/369 33/440/369 32/441/369 499/420/369
f 499/420/370 32/441/370 31/442/370 506/427/370
f 506/427/371 31/442/371 2/443/371 100/444/371
f 505/426/372 506/427/372 100/444/372 99/445/372
f 504/425/373 505/426/373 99/445/373 98/446/373
f 503/424/374 504/425/374 98/446/374 97/447/374
f 502/423/375 503/424/375 97/447/375 96/448/375
f 501/421/376 502/423/376 96/448/376 95/449/376
f 500/422/377 501/421/377 95/449/377 94/450/377
f 79/210/378 500/422/378 94/450/378 6/211/378
f 78/209/379 493/415/379 500/422/379 79/210/379
f 77/208/380 486/408/380 493/415/380 78/209/380
f 76/207/381 479/401/381 486/408/381 77/208/381
f 75/206/382 472/394/382 479/401/382 76/207/382
f 74/205/383 465/382/383 472/394/383 75/206/383
f 73/204/384 458/379/384 465/382/384 74/205/384
f 507/451/385 508/452/385 515/453/385 514/454/385
f 508/452/386 509/455/386 516/456/386 515/453/386
f 509/455/387 510/457/387 517/458/387 516/456/387
f 510/457/388 511/459/388 518/460/388 517/458/388
f 511/459/389 512/461/389 519/462/389 518/460/389
f 512/461/390 513/463/390 520/464/390 519/462/390
f 514/454/391 515/453/391 522/465/391 521/466/391
f 515/453/392 516/456/392 523/467/392 522/465/392
f 516/456/393 517/458/393 524/468/393 523/467/393
f 517/458/394 518/460/394 525/469/394 524/468/394
f 518/460/395 519/462/395 526/470/395 525/469/395
f 519/462/396 520/464/396 527/471/396 526/470/396
f 521/466/397 522/465/397 529/472/397 528/473/397
f 522/465/398 523/467/398 530/474/398 529/472/398
f 523/467/399 524/468/399 531/475/399 530/474/399
f 524/468/400 525/469/400 532/476/400 531/475/400
f 525/469/401 526/470/401 533/477/401 532/476/401
f 526/470/402 527/471/402 534/478/402 533/477/402
f 528/473/403 529/472/403 536/479/403 535/480/403
f 529/472/404 530/474/404 537/481/404 536/479/404
f 530/474/405 531/475/405 538/482/405 537/481/405
f 531/475/406 532/476/406 539/483/406 538/482/406
f 532/476/407 533/477/407 540/484/407 539/483/407
f 533/477/408 534/478/408 541/485/408 540/484/408
f 535/480/409 536/479/409 543/486/409 542/487/409
f 536/479/410 537/481/410 544/488/410 543/486/410
f 537/481/411 538/482/411 545/489/411 544/488/411
f 538/482/412 539/483/412 546/490/412 545/489/412
f 539/483/413 540/484/413 547/491/413 546/490/413
f 540/484/414 541/485/414 548/492/414 547/491/414
f 542/487/415 543/486/415 550/493/415 549/494/415
f 543/486/416 544/488/416 551/495/416 550/493/416
f 544/488/417 545/489/417 552/496/417 551/495/417
f 545/489/418 546/490/418 553/497/418 552/496/418
f 546/490/419 547/491/419 554/498/419 553/497/419
f 547/491/420 548/492/420 555/499/420 554/498/420
f 15/500/421 177/501/421 507/451/421 206/502/421
f 177/501/422 176/503/422 508/452/422 507/451/422
f 176/503/423 175/504/423 509/455/423 508/452/423
f 175/504/424 174/505/424 510/457/424 509/455/424
f 174/505/425 173/506/425 511/459/425 510/457/425
f 173/506/426 172/507/426 512/461/426 511/459/426
f 172/507/427 171/508/427 513/463/427 512/461/427
f 171/508/428 12/220/428 129/275/428 513/463/428
f 513/463/429 129/275/429 130/297/429 520/464/429
f 520/464/430 130/297/430 131/296/430 527/471/430
f 527/471/431 131/296/431 132/295/431 534/478/431
f 534/478/432 132/295/432 133/294/432 541/485/432
f 541/485/433 133/294/433 134/293/433 548/492/433
f 548/492/434 134/293/434 135/291/434 555/499/434
f 555/499/435 135/291/435 9/292/435 107/509/435
f 554/498/436 555/499/436 107/509/436 106/510/436
f 553/497/437 554/498/437 106/510/437 105/511/437
f 552/496/438 553/497/438 105/511/438 104/512/438
f 551/495/439 552/496/439 104/512/439 103/513/439
f 550/493/440 551/495/440 103/513/440 102/514/440
f 549/494/441 550/493/441 102/514/441 101/515/441
f 212/516/442 549/494/442 101/515/442 16/517/442
f 211/518/443 542/487/443 549/494/443 212/516/443
f 210/519/444 535/480/444 542/487/444 211/518/444
f 209/520/445 528/473/445 535/480/445 210/519/445
f 208/521/446 521/466/446 528/473/446 209/520/446
f 207/522/447 514/454/447 521/466/447 208/521/447
f 206/502/448 507/451/448 514/454/448 207/522/448
f 556/523/449 557/524/449 564/525/449 563/526/449
f 557/524/450 558/527/450 565/528/450 564/525/450
f 558/527/451 559/529/451 566/530/451 565/528/451
f 559/529/452 560/531/452 567/532/452 566/530/452
f 560/531/453 561/533/453 568/534/453 567/532/453
f 561/533/454 562/535/454 569/536/454 568/534/454
f 563/526/455 564/525/455 571/537/455 570/538/455
f 564/525/456 565/528/456 572/539/456 571/537/456
f 565/528/457 566/530/457 573/540/457 572/539/457
f 566/530/458 567/532/458 574/541/458 573/540/458
f 567/532/459 568/534/459 575/542/459 574/541/459
f 568/534/460 569/536/460 576/543/460 575/542/460
f 570/538/461 571/537/461 578/544/461 577/545/461
f 571/537/462 572/539/462 579/546/462 578/544/462
f 572/539/463 573/540/463 580/547/463 579/546/463
f 573/540/464 574/541/464 581/548/464 580/547/464
f 574/541/465 575/542/465 582/549/465 581/548/465
f 575/542/466 576/543/466 583/550/466 582/549/466
f 577/545/467 578/544/467 585/551/467 584/552/467
f 578/544/468 579/546/468 586/553/468 585/551/468
f 579/546/469 580/547/469 587/554/469 586/553/469
f 580/547/470 581/548/470 588/555/470 587/554/470
f 581/548/471 582/549/471 589/556/471 588/555/471
f 582/549/472 583/550/472 590/557/472 589/556/472
f 584/552/473 585/551/473 592/558/473 591/559/473
f 585/551/474 586/553/474 593/560/474 592/558/474
f 586/553/475 587/554/475 594/561/475 593/560/475
f 587/554/476 588/555/476 595/562/476 594/561/476
f 588/555/477 589/556/477 596/563/477 595/562/477
f 589/556/478 590/557/478 597/564/478 596/563/478
f 591/559/479 592/558/479 599/565/479 598/566/479
f 592/558/480 593/560/480 600/567/480 599/565/480
f 593/560/481 594/561/481 601/568/481 600/567/481
f 594/561/482 595/562/482 602/569/482 601/568/482
f 595/562/483 596/563/483 603/570/483 602/569/483
f 596/563/484 597/564/484 604/571/484 603/570/484
f 14/572/485 170/573/485 556/523/485 199/574/485
f 170/573/486 169/575/486 557/524/486 556/523/486
f 169/575/487 168/576/487 558/527/487 557/524/487
f 168/576/488 167/577/488 559/529/488 558/527/488
f 167/577/489 166/578/489 560/531/489 559/529/489
f 166/578/490 165/579/490 561/533/490 560/531/490
f 165/579/491 164/580/491 562/535/491 561/533/491
f 164/580/492 11/581/492 136/582/492 562/535/492
f 562/535/493 136/582/493 137/225/493 569/536/493
f 569/536/494 137/225/494 138/583/494 576/543/494
f 576/543/495 138/583/495 139/584/495 583/550/495
f 583/550/496 139/584/496 140/222/496 590/557/496
f 590/557/497 140/222/497 141/585/497 597/564/497
f 597/564/498 141/585/498 142/586/498 604/571/498
f 604/571/499 142/586/499 12/587/499 171/508/499
f 603/570/500 604/571/500 171/508/500 172/588/500
f 602/569/501 603/570/501 172/588/501 173/589/501
f 601/568/502 602/569/502 173/589/502 174/590/502
f 600/567/503 601/568/503 174/590/503 175/591/503
f 599/565/504 600/567/504 175/591/504 176/592/504
f 598/566/505 599/565/505 176/592/505 177/593/505
f 205/594/506 598/566/506 177/593/506 15/595/506
f 204/596/507 591/559/507 598/566/507 205/594/507
f 203/597/508 584/552/508 591/559/508 204/596/508
f 202/598/509 577/545/509 584/552/509 203/597/509
f 201/599/510 570/538/510 577/545/510 202/598/510
f 200/600/511 563/526/511 570/538/511 201/599/511
f 199/574/512 556/523/512 563/526/512 200/600/512
f 605/601/513 606/602/513 613/603/513 612/604/513
f 606/602/514 607/605/514 614/606/514 613/603/514
f 607/605/515 608/607/515 615/608/515 614/606/515
f 608/607/516 609/609/516 616/610/516 615/608/516
f 609/609/517 610/611/517 617/612/517 616/610/517
f 610/611/518 611/613/518 618/614/518 617/612/518
f 612/604/519 613/603/519 620/615/519 619/616/519
f 613/603/520 614/606/520 621/617/520 620/615/520
f 614/606/521 615/608/521 622/618/521 621/617/521
f 615/608/522 616/610/522 623/619/522 622/618/522
f 616/610/523 617/612/523 624/620/523 623/619/523
f 617/612/524 618/614/524 625/621/524 624/620/524
f 619/616/525 620/615/525 627/622/525 626/623/525
f 620/615/526 621/617/526 628/624/526 627/622/526
f 621/617/527 622/618/527 629/625/527 628/624/527
f 622/618/528 623/619/528 630/626/528 629/625/528
f 623/619/529 624/620/529 631/627/529 630/626/529
f 624/620/530 625/621/530 632/628/530 631/627/530
f 626/623/531 627/622/531 634/629/531 633/630/531
f 627/622/532 628/624/532 635/631/532 634/629/532
f 628/624/533 629/625/533 636/632/533 635/631/533
f 629/625/534 630/626/534 637/633/534 636/632/534
f 630/626/535 631/627/535 638/634/535 637/633/535
f 631/627/536 632/628/536 639/635/536 638/634/536
f 633/630/537 634/629/537 641/636/537 640/637/537
f 634/629/538 635/631/538 642/638/538 641/636/538
f 635/631/539 636/632/539 643/639/539 642/638/539
f 636/632/540 637/633/540 644/640/540 643/639/540
f 637/633/541 638/634/541 645/641/541 644/640/541
f 638/634/542 639/635/542 646/642/542 645/641/542
f 640/637/543 641/636/543 648/643/543 647/644/543
f 641/636/544 642/638/544 649/645/544 648/643/544
f 642/638/545 643/639/545 650/646/545 649/645/545
f 643/639/546 644/640/546 651/647/546 650/646/546
f 644/640/547 645/641/547 652/648/547 651/647/547
f 645/641/548 646/642/548 653/649/548 652/648/548
f 13/650/549 163/651/549 605/601/549 192/652/549
f 163/651/550 162/653/550 606/602/550 605/601/550
f 162/653/551 161/654/551 607/605/551 606/602/551
f 161/654/552 160/655/552 608/607/552 607/605/552
f 160/655/553 159/656/553 609/609/553 608/607/553
f 159/656/554 158/657/554 610/611/554 609/609/554
f 158/657/555 157/658/555 611/613/555 610/611/555
f 157/658/556 10/659/556 143/660/556 611/613/556
f 611/613/557 143/660/557 144/661/557 618/614/557
f 618/614/558 144/661/558 145/662/558 625/621/558
f 625/621/559 145/662/559 146/663/559 632/628/559
f 632/628/560 146/663/560 147/664/560 639/635/560
f 639/635/561 147/664/561 148/665/561 646/642/561
f 646/642/562 148/665/562 149/666/562 653/649/562
f 653/649/122 149/666/122 11/581/122 164/580/122
f 652/648/563 653/649/563 164/580/563 165/579/563
f 651/647/564 652/648/564 165/579/564 166/578/564
f 650/646/565 651/647/565 166/578/565 167/577/565
f 649/645/566 650/646/566 167/577/566 168/576/566
f 648/643/567 649/645/567 168/576/567 169/575/567
f 647/644/568 648/643/568 169/575/568 170/573/568
f 198/667/569 647/644/569 170/573/569 14/572/569
f 197/668/570 640/637/570 647/644/570 198/667/570
f 196/669/571 633/630/571 640/637/571 197/668/571
f 195/670/572 626/623/572 633/630/572 196/669/572
f 194/671/573 619/616/573 626/623/573 195/670/573
f 193/672/574 612/604/574 619/616/574 194/671/574
f 192/652/575 605/601/575 612/604/575 193/672/575
f 654/673/576 655/674/576 662/675/576 661/676/576
f 655/674/577 656/677/577 663/678/577 662/675/577
f 656/677/578 657/679/578 664/680/578 663/678/578
f 657/679/579 658/681/579 665/682/579 664/680/579
f 658/681/580 659/683/580 666/684/580 665/682/580
f 659/683/581 660/685/581 667/686/581 666/684/581
f 661/676/582 662/675/582 669/687/582 668/688/582
f 662/675/583 663/678/583 670/689/583 669/687/583
f 663/678/584 664/680/584 671/690/584 670/689/584
f 664/680/585 665/682/585 672/691/585 671/690/585
f 665/682/586 666/684/586 673/692/586 672/691/586
f 666/684/587 667/686/587 674/693/587 673/692/587
f 668/688/588 669/687/588 676/694/588 675/695/588
f 669/687/589 670/689/589 677/696/589 676/694/589
f 670/689/590 671/690/590 678/697/590 677/696/590
f 671/690/591 672/691/591 679/698/591 678/697/591
f 672/691/592 673/692/592 680/699/592 679/698/592
f 673/692/593 674/693/593 681/700/593 680/699/593
f 675/695/594 676/694/594 683/701/594 682/702/594
f 676/694/595 677/696/595 684/703/595 683/701/595
f 677/696/596 678/697/596 685/704/596 684/703/596
f 678/697/597 679/698/597 686/705/597 685/704/597
f 679/698/598 680/699/598 687/706/598 686/705/598
f 680/699/599 681/700/599 688/707/599 687/706/599
f 682/702/600 683/701/600 690/708/600 689/709/600
f 683/701/601 684/703/601 691/710/601 690/708/601
f 684/703/602 685/704/602 692/711/602 691/710/602
f 685/704/603 686/705/603 693/712/603 692/711/603
f 686/705/604 687/706/604 694/713/604 693/712/604
f 687/706/605 688/707/605 695/714/605 694/713/605
f 689/709/606 690/708/606 697/715/606 696/716/606
f 690/708/607 691/710/607 698/717/607 697/715/607
f 691/710/608 692/711/608 699/718/608 698/717/608
f 692/711/609 693/712/609 700/719/609 699/718/609
f 693/712/610 694/713/610 701/720/610 700/719/610
f 694/713/611 695/714/611 702/721/611 701/720/611
f 16/722/612 101/723/612 654/673/612 185/724/612
f 101/723/613 102/725/613 655/674/613 654/673/613
f 102/725/614 103/726/614 656/677/614 655/674/614
f 103/726/615 104/727/615 657/679/615 656/677/615
f 104/727/616 105/728/616 658/681/616 657/679/616
f 105/728/617 106/729/617 659/683/617 658/681/617
f 106/729/618 107/730/618 660/685/618 659/683/618
f 107/730/619 9/50/619 150/52/619 660/685/619
f 660/685/620 150/52/620 151/81/620 667/686/620
f 667/686/621 151/81/621 152/80/621 674/693/621
f 674/693/622 152/80/622 153/79/622 681/700/622
f 681/700/623 153/79/623 154/78/623 688/707/623
f 688/707/624 154/78/624 155/77/624 695/714/624
f 695/714/625 155/77/625 156/75/625 702/721/625
f 702/721/626 156/75/626 10/76/626 157/658/626
f 701/720/627 702/721/627 157/658/627 158/731/627
f 700/719/628 701/720/628 158/731/628 159/732/628
f 699/718/629 700/719/629 159/732/629 160/733/629
f 698/717/630 699/718/630 160/733/630 161/734/630
f 697/715/631 698/717/631 161/734/631 162/735/631
f 696/716/632 697/715/632 162/735/632 163/736/632
f 191/737/633 696/716/633 163/736/633 13/738/633
f 190/739/634 689/709/634 696/716/634 191/737/634
f 189/740/635 682/702/635 689/709/635 190/739/635
f 188/741/636 675/695/636 682/702/636 189/740/636
f 187/742/637 668/688/637 675/695/637 188/741/637
f 186/743/638 661/676/638 668/688/638 187/742/638
f 185/724/639 654/673/639 661/676/639 186/743/639
f 703/744/640 704/745/640 711/746/640 710/747/640
f 704/745/641 705/748/641 712/749/641 711/746/641
f 705/748/642 706/750/642 713/751/642 712/749/642
f 706/750/643 707/752/643 714/753/643 713/751/643
f 707/752/644 708/754/644 715/755/644 714/753/644
f 708/754/645 709/756/645 716/757/645 715/755/645
f 710/747/646 711/746/646 718/758/646 717/759/646
f 711/746/647 712/749/647 719/760/647 718/758/647
f 712/749/648 713/751/648 720/761/648 719/760/648
f 713/751/649 714/753/649 721/762/649 720/761/649
f 714/753/650 715/755/650 722/763/650 721/762/650
f 715/755/651 716/757/651 723/764/651 722/763/651
f 717/759/652 718/758/652 725/765/652 724/766/652
f 718/758/653 719/760/653 726/767/653 725/765/653
f 719/760/654 720/761/654 727/768/654 726/767/654
f 720/761/655 721/762/655 728/769/655 727/768/655
f 721/762/656 722/763/656 729/770/656 728/769/656
f 722/763/657 723/764/657 730/771/657 729/770/657
f 724/766/658 725/765/658 732/772/658 731/773/658
f 725/765/659 726/767/659 733/774/659 732/772/659
f 726/767/660 727/768/660 734/775/660 733/774/660
f 727/768/661 728/769/661 735/776/661 734/775/661
f 728/769/662 729/770/662 736/777/662 735/776/662
f 729/770/663 730/771/663 737/778/663 736/777/663
f 731/773/664 732/772/664 739/779/664 738/780/664
f 732/772/665 733/774/665 740/781/665 739/779/665
f 733/774/666 734/775/666 741/782/666 740/781/666
f 734/775/667 735/776/667 742/783/667 741/782/667
f 735/776/668 736/777/668 743/784/668 742/783/668
f 736/777/669 737/778/669 744/785/669 743/784/669
f 738/780/670 739/779/670 746/786/670 745/787/670
f 739/779/671 740/781/671 747/788/671 746/786/671
f 740/781/672 741/782/672 748/789/672 747/788/672
f 741/782/673 742/783/673 749/790/673 748/789/673
f 742/783/674 743/784/674 750/791/674 749/790/674
f 743/784/675 744/785/675 751/792/675 750/791/675
f 1/793/676 178/794/676 703/744/676 23/795/676
f 178/794/677 179/796/677 704/745/677 703/744/677
f 179/796/678 180/797/678 705/748/678 704/745/678
f 180/797/679 181/798/679 706/750/679 705/748/679
f 181/798/680 182/799/680 707/752/680 706/750/680
f 182/799/681 183/800/681 708/754/681 707/752/681
f 183/800/682 184/801/682 709/756/682 708/754/682
f 184/801/683 16/722/683 185/724/683 709/756/683
f 709/756/684 185/724/684 186/743/684 716/757/684
f 716/757/685 186/743/685 187/742/685 723/764/685
f 723/764/686 187/742/686 188/741/686 730/771/686
f 730/771/687 188/741/687 189/740/687 737/778/687
f 737/778/688 189/740/688 190/739/688 744/785/688
f 744/785/689 190/739/689 191/737/689 751/792/689
f 751/792/690 191/737/690 13/738/690 38/802/690
f 750/791/691 751/792/691 38/802/691 39/803/691
f 749/790/692 750/791/692 39/803/692 40/804/692
f 748/789/693 749/790/693 40/804/693 41/805/693
f 747/788/694 748/789/694 41/805/694 42/806/694
f 746/786/695 747/788/695 42/806/695 43/807/695
f 745/787/696 746/786/696 43/807/696 44/808/696
f 17/809/697 745/787/697 44/808/697 3/810/697
f 18/811/698 738/780/698 745/787/698 17/809/698
f 19/812/699 731/773/699 738/780/699 18/811/699
f 20/813/700 724/766/700 731/773/700 19/812/700
f 21/814/701 717/759/701 724/766/701 20/813/701
f 22/815/702 710/747/702 717/759/702 21/814/702
f 23/795/703 703/744/703 710/747/703 22/815/703
f 752/816/704 753/817/704 760/818/704 759/819/704
f 753/817/705 754/820/705 761/821/705 760/818/705
f 754/820/706 755/822/706 762/823/706 761/821/706
f 755/822/707 756/824/707 763/825/707 762/823/707
f 756/824/708 757/826/708 764/827/708 763/825/708
f 757/826/709 758/828/709 765/829/709 764/827/709
f 759/819/710 760/818/710 767/830/710 766/831/710
f 760/818/711 761/821/711 768/832/711 767/830/711
f 761/821/712 762/823/712 769/833/712 768/832/712
f 762/823/713 763/825/713 770/834/713 769/833/713
f 763/825/714 764/827/714 771/835/714 770/834/714
f 764/827/715 765/829/715 772/836/715 771/835/715
f 766/831/716 767/830/716 774/837/716 773/838/716
f 767/830/717 768/832/717 775/839/717 774/837/717
f 768/832/718 769/833/718 776/840/718 775/839/718
f 769/833/719 770/834/719 777/841/719 776/840/719
f 770/834/720 771/835/720 778/842/720 777/841/720
f 771/835/721 772/836/721 779/843/721 778/842/721
f 773/838/722 774/837/722 781/844/722 780/845/722
f 774/837/723 775/839/723 782/846/723 781/844/723
f 775/839/724 776/840/724 783/847/724 782/846/724
f 776/840/725 777/841/725 784/848/725 783/847/725
f 777/841/726 778/842/726 785/849/726 784/848/726
f 778/842/727 779/843/727 786/850/727 785/849/727
f 780/845/728 781/844/728 788/851/728 787/852/728
f 781/844/729 782/846/729 789/853/729 788/851/729
f 782/846/730 783/847/730 790/854/730 789/853/730
f 783/847/731 784/848/731 791/855/731 790/854/731
f 784/848/732 785/849/732 792/856/732 791/855/732
f 785/849/733 786/850/733 793/857/733 792/856/733
f 787/852/734 788/851/734 795/858/734 794/859/734
f 788/851/735 789/853/735 796/860/735 795/858/735
f 789/853/736 790/854/736 797/861/736 796/860/736
f 790/854/737 791/855/737 798/862/737 797/861/737
f 791/855/738 792/856/738 799/863/738 798/862/738
f 792/856/739 793/857/739 800/864/739 799/863/739
f 3/810/740 44/808/740 752/816/740 51/865/740
f 44/808/741 43/807/741 753/817/741 752/816/741
f 43/807/742 42/806/742 754/820/742 753/817/742
f 42/806/743 41/805/743 755/822/743 754/820/743
f 41/805/744 40/804/744 756/824/744 755/822/744
f 40/804/745 39/803/745 757/826/745 756/824/745
f 39/803/746 38/802/746 758/828/746 757/826/746
f 38/802/747 13/738/747 192/866/747 758/828/747
f 758/828/748 192/866/748 193/867/748 765/829/748
f 765/829/749 193/867/749 194/868/749 772/836/749
f 772/836/750 194/868/750 195/869/750 779/843/750
f 779/843/751 195/869/751 196/870/751 786/850/751
f 786/850/752 196/870/752 197/871/752 793/857/752
f 793/857/753 197/871/753 198/667/753 800/864/753
f 800/864/754 198/667/754 14/872/754 59/873/754
f 799/863/755 800/864/755 59/873/755 60/874/755
f 798/862/756 799/863/756 60/874/756 61/875/756
f 797/861/757 798/862/757 61/875/757 62/876/757
f 796/860/758 797/861/758 62/876/758 63/877/758
f 795/858/759 796/860/759 63/877/759 64/878/759
f 794/859/760 795/858/760 64/878/760 65/879/760
f 45/880/761 794/859/761 65/879/761 7/356/761
f 46/881/762 787/852/762 794/859/762 45/880/762
f 47/882/763 780/845/763 787/852/763 46/881/763
f 48/883/764 773/838/764 780/845/764 47/882/764
f 49/884/765 766/831/765 773/838/765 48/883/765
f 50/885/766 759/819/766 766/831/766 49/884/766
f 51/865/767 752/816/767 759/819/767 50/885/767
f 801/886/768 802/887/768 809/888/768 808/889/768
f 802/887/769 803/890/769 810/891/769 809/888/769
f 803/890/770 804/892/770 811/893/770 810/891/770
f 804/892/771 805/894/771 812/895/771 811/893/771
f 805/894/772 806/896/772 813/897/772 812/895/772
f 806/896/773 807/898/773 814/899/773 813/897/773
f 808/889/774 809/888/774 816/900/774 815/901/774
f 809/888/775 810/891/775 817/902/775 816/900/775
f 810/891/776 811/893/776 818/903/776 817/902/776
f 811/893/777 812/895/777 819/904/777 818/903/777
f 812/895/778 813/897/778 820/905/778 819/904/778
f 813/897/779 814/899/779 821/906/779 820/905/779
f 815/901/780 816/900/780 823/907/780 822/908/780
f 816/900/781 817/902/781 824/909/781 823/907/781
f 817/902/782 818/903/782 825/910/782 824/909/782
f 818/903/783 819/904/783 826/911/783 825/910/783
f 819/904/784 820/905/784 827/912/784 826/911/784
f 820/905/785 821/906/785 828/913/785 827/912/785
f 822/908/786 823/907/786 830/914/786 829/915/786
f 823/907/787 824/909/787 831/916/787 830/914/787
f 824/909/788 825/910/788 832/917/788 831/916/788
f 825/910/789 826/911/789 833/918/789 832/917/789
f 826/911/790 827/912/790 834/919/790 833/918/790
f 827/912/791 828/913/791 835/920/791 834/919/791
f 829/915/792 830/914/792 837/921/792 836/922/792
f 830/914/793 831/916/793 838/923/793 837/921/793
f 831/916/794 832/917/794 839/924/794 838/923/794
f 832/917/795 833/918/795 840/925/795 839/924/795
f 833/918/796 834/919/796 841/926/796 840/925/796
f 834/919/797 835/920/797 842/927/797 841/926/797
f 836/922/798 837/921/798 844/928/798 843/929/798
f 837/921/799 838/923/799 845/930/799 844/928/799
f 838/923/800 839/924/800 846/931/800 845/930/800
f 839/924/801 840/925/801 847/932/801 846/931/801
f 840/925/802 841/926/802 848/933/802 847/932/802
f 841/926/803 842/927/803 849/934/803 848/933/803
f 7/356/804 65/879/804 801/886/804 72/357/804
f 65/879/805 64/878/805 802/887/805 801/886/805
f 64/878/806 63/877/806 803/890/806 802/887/806
f 63/877/807 62/876/807 804/892/807 803/890/807
f 62/876/808 61/875/808 805/894/808 804/892/808
f 61/875/809 60/874/809 806/896/809 805/894/809
f 60/874/810 59/873/810 807/898/810 806/896/810
f 59/873/811 14/872/811 199/935/811 807/898/811
f 807/898/812 199/935/812 200/600/812 814/899/812
f 814/899/813 200/600/813 201/936/813 821/906/813
f 821/906/814 201/936/814 202/937/814 828/913/814
f 828/913/815 202/937/815 203/938/815 835/920/815
f 835/920/816 203/938/816 204/939/816 842/927/816
f 842/927/817 204/939/817 205/940/817 849/934/817
f 849/934/818 205/940/818 15/500/818 80/941/818
f 848/933/819 849/934/819 80/941/819 81/942/819
f 847/932/820 848/933/820 81/942/820 82/943/820
f 846/931/821 847/932/821 82/943/821 83/944/821
f 845/930/822 846/931/822 83/944/822 84/945/822
f 844/928/823 845/930/823 84/945/823 85/946/823
f 843/929/824 844/928/824 85/946/824 86/947/824
f 66/363/825 843/929/825 86/947/825 5/364/825
f 67/362/826 836/922/826 843/929/826 66/363/826
f 68/361/827 829/915/827 836/922/827 67/362/827
f 69/360/828 822/908/828 829/915/828 68/361/828
f 70/359/829 815/901/829 822/908/829 69/360/829
f 71/358/830 808/889/830 815/901/830 70/359/830
f 72/357/831 801/886/831 808/889/831 71/358/831
f 850/948/832 851/949/832 858/950/832 857/951/832
f 851/949/833 852/952/833 859/953/833 858/950/833
f 852/952/834 853/954/834 860/955/834 859/953/834
f 853/954/835 854/956/835 861/957/835 860/955/835
f 854/956/836 855/958/836 862/959/836 861/957/836
f 855/958/837 856/960/837 863/961/837 862/959/837
f 857/951/838 858/950/838 865/962/838 864/963/838
f 858/950/839 859/953/839 866/964/839 865/962/839
f 859/953/840 860/955/840 867/965/840 866/964/840
f 860/955/841 861/957/841 868/966/841 867/965/841
f 861/957/842 862/959/842 869/967/842 868/966/842
f 862/959/843 863/961/843 870/968/843 869/967/843
f 864/963/844 865/962/844 872/969/844 871/970/844
f 865/962/845 866/964/845 873/971/845 872/969/845
f 866/964/846 867/965/846 874/972/846 873/971/846
f 867/965/847 868/966/847 875/973/847 874/972/847
f 868/966/848 869/967/848 876/974/848 875/973/848
f 869/967/849 870/968/849 877/975/849 876/974/849
f 871/970/850 872/969/850 879/976/850 878/977/850
f 872/969/851 873/971/851 880/978/851 879/976/851
f 873/971/852 874/972/852 881/979/852 880/978/852
f 874/972/853 875/973/853 882/980/853 881/979/853
f 875/973/854 876/974/854 883/981/854 882/980/854
f 876/974/855 877/975/855 884/982/855 883/981/855
f 878/977/856 879/976/856 886/983/856 885/984/856
f 879/976/857 880/978/857 887/985/857 886/983/857
f 880/978/858 881/979/858 888/986/858 887/985/858
f 881/979/859 882/980/859 889/987/859 888/986/859
f 882/980/860 883/981/860 890/988/860 889/987/860
f 883/981/861 884/982/861 891/989/861 890/988/861
f 885/984/862 886/983/862 893/990/862 892/991/862
f 886/983/863 887/985/863 894/992/863 893/990/863
f 887/985/864 888/986/864 895/993/864 894/992/864
f 888/986/865 889/987/865 896/994/865 895/993/865
f 889/987/866 890/988/866 897/995/866 896/994/866
f 890/988/867 891/989/867 898/996/867 897/995/867
f 5/364/868 86/947/868 850/948/868 93/997/868
f 86/947/869 85/946/869 851/949/869 850/948/869
f 85/946/870 84/945/870 852/952/870 851/949/870
f 84/945/871 83/944/871 853/954/871 852/952/871
f 83/944/872 82/943/872 854/956/872 853/954/872
f 82/943/873 81/942/873 855/958/873 854/956/873
f 81/942/874 80/941/874 856/960/874 855/958/874
f 80/941/875 15/500/875 206/502/875 856/960/875
f 856/960/876 206/502/876 207/522/876 863/961/876
f 863/961/877 207/522/877 208/521/877 870/968/877
f 870/968/878 208/521/878 209/520/878 877/975/878
f 877/975/879 209/520/879 210/519/879 884/982/879
f 884/982/880 210/519/880 211/518/880 891/989/880
f 891/989/881 211/518/881 212/516/881 898/996/881
f 898/996/882 212/516/882 16/517/882 184/998/882
f 897/995/883 898/996/883 184/998/883 183/999/883
f 896/994/884 897/995/884 183/999/884 182/1000/884
f 895/993/885 896/994/885 182/1000/885 181/1001/885
f 894/992/886 895/993/886 181/1001/886 180/1002/886
f 893/990/887 894/992/887 180/1002/887 179/1003/887
f 892/991/888 893/990/888 179/1003/888 178/1004/888
f 87/1005/889 892/991/889 178/1004/889 1/1006/889
f 88/1007/890 885/984/890 892/991/890 87/1005/890
f 89/1008/891 878/977/891 885/984/891 88/1007/891
f 90/1009/892 871/970/892 878/977/892 89/1008/892
f 91/1010/893 864/963/893 871/970/893 90/1009/893
f 92/1011/894 857/951/894 864/963/894 91/1010/894
f 93/997/895 850/948/895 857/951/895 92/1011/895
o colmillo.002
v -2.238372 -1.720107 -0.272169
v -2.269621 -1.295557 -0.649238
v -2.285992 -1.741971 -0.285951
v -2.401519 -1.356117 -0.687410
v -2.212970 -1.754364 -0.305589
v -2.199266 -1.390443 -0.741803
v -2.260591 -1.776229 -0.319371
v -2.331164 -1.451002 -0.779975
v -2.243114 -1.341872 -0.594019
v -2.407800 -1.417486 -0.641680
v -2.319955 -1.535960 -0.757257
v -2.155269 -1.460346 -0.709595
v -2.309339 -1.637283 -0.507866
v -2.251384 -1.715445 -0.584117
v -2.142733 -1.665559 -0.552672
v -2.200688 -1.587397 -0.476421
v -2.147781 -1.880406 -0.272169
v -2.179031 -1.455856 -0.649238
v -2.195402 -1.902270 -0.285951
v -2.310929 -1.516416 -0.687410
v -2.122380 -1.914663 -0.305589
v -2.108676 -1.550742 -0.741803
v -2.170001 -1.936528 -0.319371
v -2.240573 -1.611301 -0.779975
v -2.152523 -1.502171 -0.594019
v -2.317209 -1.577785 -0.641680
v -2.229364 -1.696259 -0.757257
v -2.064678 -1.620645 -0.709595
v -2.218748 -1.797582 -0.507866
v -2.160793 -1.875744 -0.584117
v -2.052142 -1.825858 -0.552672
v -2.110097 -1.747696 -0.476421
v -2.312228 -1.561602 -0.272169
v -2.343478 -1.137052 -0.649238
v -2.359849 -1.583467 -0.285951
v -2.475376 -1.197612 -0.687410
v -2.286827 -1.595860 -0.305589
v -2.273123 -1.231938 -0.741803
v -2.334448 -1.617724 -0.319371
v -2.405020 -1.292498 -0.779975
v -2.316970 -1.183367 -0.594019
v -2.481656 -1.258982 -0.641680
v -2.393811 -1.377455 -0.757257
v -2.229125 -1.301841 -0.709595
v -2.383195 -1.478778 -0.507866
v -2.325240 -1.556940 -0.584117
v -2.216589 -1.507054 -0.552672
v -2.274544 -1.428892 -0.476421
v -2.283796 -1.740740 -0.277501
v -2.279857 -1.738739 -0.267988
v -2.274457 -1.736161 -0.260546
v -2.267793 -1.733076 -0.256440
v -2.260138 -1.729586 -0.256402
v -2.252039 -1.725967 -0.259937
v -2.244220 -1.722569 -0.266047
v -2.248022 -1.321728 -0.601028
v -2.251992 -1.306199 -0.607588
v -2.255333 -1.295202 -0.614050
v -2.258353 -1.288651 -0.620767
v -2.261314 -1.286340 -0.627992
v -2.264291 -1.287561 -0.635597
v -2.267246 -1.291337 -0.643208
v -2.282865 -1.296622 -0.649667
v -2.301717 -1.299877 -0.651459
v -2.322542 -1.305625 -0.654899
v -2.343494 -1.313826 -0.660000
v -2.363009 -1.324205 -0.666610
v -2.379972 -1.335807 -0.674107
v -2.393355 -1.347353 -0.681644
v -2.302167 -1.660126 -0.477533
v -2.297115 -1.679878 -0.444858
v -2.293688 -1.696691 -0.411413
v -2.291391 -1.710720 -0.378770
v -2.289757 -1.722129 -0.348445
v -2.288435 -1.731114 -0.321722
v -2.287149 -1.737838 -0.299944
v -2.265106 -1.775324 -0.310417
v -2.270744 -1.773214 -0.299675
v -2.276073 -1.769837 -0.290255
v -2.280524 -1.765231 -0.283485
v -2.283711 -1.759536 -0.280205
v -2.285583 -1.753202 -0.280152
v -2.286216 -1.746853 -0.282642
v -2.400511 -1.365426 -0.696845
v -2.396975 -1.378754 -0.710227
v -2.390471 -1.393570 -0.724950
v -2.381008 -1.408581 -0.739693
v -2.368886 -1.422681 -0.753349
v -2.355233 -1.435050 -0.765146
v -2.341574 -1.444912 -0.774387
v -2.248713 -1.732219 -0.547862
v -2.248144 -1.745924 -0.509289
v -2.249156 -1.756751 -0.470004
v -2.251228 -1.764887 -0.431612
v -2.253857 -1.770547 -0.395679
v -2.256598 -1.774052 -0.363609
v -2.259021 -1.775773 -0.336952
v -2.217576 -1.758503 -0.301102
v -2.224109 -1.763635 -0.296684
v -2.231340 -1.768424 -0.294290
v -2.238686 -1.772332 -0.294736
v -2.245660 -1.774999 -0.298434
v -2.251927 -1.776408 -0.304735
v -2.257152 -1.776674 -0.312556
v -2.318058 -1.448903 -0.780711
v -2.299354 -1.444533 -0.780174
v -2.278634 -1.437999 -0.777621
v -2.257721 -1.429505 -0.772850
v -2.238168 -1.419419 -0.765910
v -2.221100 -1.408603 -0.757527
v -2.207568 -1.398172 -0.748734
v -2.148500 -1.686207 -0.518860
v -2.156335 -1.703771 -0.482719
v -2.165668 -1.718418 -0.445842
v -2.175933 -1.730316 -0.409821
v -2.186552 -1.739645 -0.376201
v -2.196911 -1.746647 -0.346336
v -2.206289 -1.751562 -0.321690
v -2.236266 -1.723919 -0.268186
v -2.233222 -1.729160 -0.264998
v -2.229724 -1.734748 -0.264581
v -2.225955 -1.740176 -0.267692
v -2.222086 -1.745049 -0.274630
v -2.218383 -1.749173 -0.284521
v -2.215156 -1.752390 -0.295961
v -2.200413 -1.380099 -0.733534
v -2.204096 -1.365656 -0.721406
v -2.210705 -1.350054 -0.707570
v -2.220207 -1.334750 -0.693156
v -2.232290 -1.320943 -0.679171
v -2.245838 -1.309361 -0.666487
v -2.259349 -1.300613 -0.655991
v -2.201879 -1.557626 -0.500726
v -2.205214 -1.525608 -0.521509
v -2.210208 -1.492334 -0.539159
v -2.216377 -1.458798 -0.554065
v -2.223237 -1.425991 -0.566615
v -2.230303 -1.394907 -0.577198
v -2.237090 -1.366536 -0.586203
v -2.408503 -1.356194 -0.684090
v -2.416195 -1.357306 -0.679559
v -2.422083 -1.360155 -0.674520
v -2.425288 -1.365298 -0.669079
v -2.425290 -1.373236 -0.663237
v -2.422199 -1.384348 -0.656847
v -2.416280 -1.398982 -0.649723
v -2.333155 -1.457813 -0.783224
v -2.335168 -1.466584 -0.786165
v -2.336328 -1.475811 -0.787348
v -2.336243 -1.485389 -0.786234
v -2.334634 -1.495502 -0.782513
v -2.331409 -1.506793 -0.776298
v -2.326530 -1.520025 -0.767806
v -2.191898 -1.392956 -0.742343
v -2.183264 -1.396839 -0.742203
v -2.175559 -1.401995 -0.740820
v -2.169308 -1.408743 -0.737921
v -2.164676 -1.417467 -0.733326
v -2.161203 -1.428644 -0.727038
v -2.158272 -1.442771 -0.719111
v -2.150938 -1.441764 -0.693609
v -2.152012 -1.422871 -0.676708
v -2.157975 -1.404362 -0.659569
v -2.168313 -1.386931 -0.642870
v -2.182510 -1.371273 -0.627289
v -2.200052 -1.358081 -0.613502
v -2.220425 -1.348049 -0.602186
v -2.295540 -1.537777 -0.761757
v -2.270290 -1.535489 -0.762712
v -2.245168 -1.529538 -0.760398
v -2.221141 -1.520367 -0.755097
v -2.199172 -1.508419 -0.747086
v -2.180227 -1.494138 -0.736647
v -2.165271 -1.477965 -0.724056
v -2.412130 -1.436069 -0.657667
v -2.411057 -1.454961 -0.674568
v -2.405093 -1.473470 -0.691707
v -2.394756 -1.490901 -0.708405
v -2.380559 -1.506559 -0.723987
v -2.363016 -1.519752 -0.737774
v -2.342643 -1.529783 -0.749090
v -2.267528 -1.340055 -0.589518
v -2.292778 -1.342343 -0.588564
v -2.317900 -1.348294 -0.590878
v -2.341928 -1.357465 -0.596179
v -2.363896 -1.369413 -0.604189
v -2.382841 -1.383695 -0.614629
v -2.397797 -1.399867 -0.627219
v -2.397082 -1.439995 -0.632506
v -2.384682 -1.465789 -0.621877
v -2.371215 -1.493934 -0.609441
v -2.357293 -1.523498 -0.594847
v -2.343531 -1.553549 -0.577744
v -2.330542 -1.583151 -0.557780
v -2.318940 -1.611374 -0.534605
v -2.311741 -1.555092 -0.744789
v -2.302335 -1.576848 -0.730220
v -2.292282 -1.600388 -0.713292
v -2.282127 -1.624872 -0.693742
v -2.272415 -1.649460 -0.671310
v -2.263691 -1.673311 -0.645736
v -2.256499 -1.695586 -0.616758
v -2.151748 -1.481633 -0.698485
v -2.147955 -1.505966 -0.685541
v -2.144304 -1.532445 -0.670465
v -2.141212 -1.560172 -0.652959
v -2.139092 -1.588246 -0.632725
v -2.138362 -1.615768 -0.609464
v -2.139437 -1.641839 -0.582880
v -2.234417 -1.713626 -0.284683
v -2.228749 -1.703709 -0.304448
v -2.222453 -1.691226 -0.328967
v -2.216096 -1.676149 -0.356979
v -2.210201 -1.658359 -0.387251
v -2.205306 -1.637724 -0.418288
v -2.201954 -1.614114 -0.448531
v -2.216795 -1.586197 -0.473452
v -2.233454 -1.587707 -0.472823
v -2.250028 -1.591634 -0.474349
v -2.265880 -1.597684 -0.477847
v -2.280374 -1.605567 -0.483131
v -2.292872 -1.614989 -0.490019
v -2.302740 -1.625658 -0.498325
v -2.312196 -1.649542 -0.518413
v -2.311487 -1.662006 -0.529563
v -2.307553 -1.674218 -0.540870
v -2.300733 -1.685717 -0.551887
v -2.291367 -1.696048 -0.562167
v -2.279793 -1.704751 -0.571263
v -2.266352 -1.711370 -0.578729
v -2.235276 -1.716644 -0.587086
v -2.218617 -1.715134 -0.587716
v -2.202044 -1.711208 -0.586189
v -2.186191 -1.705157 -0.582692
v -2.171698 -1.697275 -0.577407
v -2.159199 -1.687853 -0.570519
v -2.149332 -1.677183 -0.562213
v -2.139876 -1.653299 -0.542125
v -2.140584 -1.640835 -0.530975
v -2.144518 -1.628624 -0.519668
v -2.151338 -1.617124 -0.508651
v -2.160705 -1.606793 -0.498371
v -2.172278 -1.598090 -0.489275
v -2.185719 -1.591472 -0.481810
v -2.193205 -1.901039 -0.277501
v -2.189267 -1.899038 -0.267988
v -2.183867 -1.896460 -0.260546
v -2.177203 -1.893375 -0.256440
v -2.169547 -1.889885 -0.256402
v -2.161448 -1.886266 -0.259937
v -2.153629 -1.882868 -0.266047
v -2.157432 -1.482027 -0.601028
v -2.161402 -1.466498 -0.607588
v -2.164742 -1.455500 -0.614050
v -2.167762 -1.448950 -0.620767
v -2.170724 -1.446639 -0.627992
v -2.173700 -1.447860 -0.635597
v -2.176655 -1.451636 -0.643208
v -2.192274 -1.456921 -0.649667
v -2.211127 -1.460176 -0.651459
v -2.231952 -1.465924 -0.654899
v -2.252903 -1.474125 -0.660000
v -2.272418 -1.484504 -0.666610
v -2.289382 -1.496106 -0.674107
v -2.302765 -1.507652 -0.681644
v -2.211577 -1.820425 -0.477533
v -2.206525 -1.840177 -0.444858
v -2.203098 -1.856990 -0.411413
v -2.200800 -1.871019 -0.378770
v -2.199167 -1.882428 -0.348445
v -2.197844 -1.891413 -0.321722
v -2.196558 -1.898137 -0.299944
v -2.174515 -1.935623 -0.310417
v -2.180154 -1.933513 -0.299675
v -2.185483 -1.930136 -0.290255
v -2.189933 -1.925530 -0.283485
v -2.193121 -1.919835 -0.280205
v -2.194993 -1.913501 -0.280152
v -2.195626 -1.907152 -0.282642
v -2.309920 -1.525725 -0.696845
v -2.306385 -1.539053 -0.710227
v -2.299881 -1.553869 -0.724950
v -2.290418 -1.568880 -0.739693
v -2.278296 -1.582980 -0.753349
v -2.264643 -1.595349 -0.765146
v -2.250983 -1.605211 -0.774387
v -2.158122 -1.892517 -0.547862
v -2.157553 -1.906223 -0.509289
v -2.158565 -1.917050 -0.470004
v -2.160638 -1.925186 -0.431612
v -2.163266 -1.930846 -0.395680
v -2.166007 -1.934351 -0.363610
v -2.168431 -1.936072 -0.336952
v -2.126985 -1.918802 -0.301102
v -2.133518 -1.923934 -0.296684
v -2.140750 -1.928723 -0.294290
v -2.148095 -1.932631 -0.294737
v -2.155070 -1.935298 -0.298434
v -2.161337 -1.936707 -0.304735
v -2.166561 -1.936973 -0.312556
v -2.227468 -1.609202 -0.780711
v -2.208764 -1.604832 -0.780174
v -2.188043 -1.598298 -0.777621
v -2.167131 -1.589804 -0.772850
v -2.147577 -1.579718 -0.765910
v -2.130509 -1.568902 -0.757527
v -2.116977 -1.558471 -0.748734
v -2.057909 -1.846506 -0.518860
v -2.065744 -1.864070 -0.482719
v -2.075078 -1.878717 -0.445842
v -2.085343 -1.890615 -0.409821
v -2.095961 -1.899944 -0.376201
v -2.106321 -1.906946 -0.346336
v -2.115698 -1.911860 -0.321690
v -2.145675 -1.884218 -0.268186
v -2.142631 -1.889459 -0.264998
v -2.139134 -1.895047 -0.264581
v -2.135365 -1.900475 -0.267692
v -2.131495 -1.905349 -0.274630
v -2.127792 -1.909472 -0.284521
v -2.124565 -1.912689 -0.295961
v -2.109822 -1.540398 -0.733534
v -2.113506 -1.525956 -0.721406
v -2.120115 -1.510353 -0.707570
v -2.129616 -1.495049 -0.693156
v -2.141700 -1.481242 -0.679171
v -2.155248 -1.469660 -0.666487
v -2.168759 -1.460912 -0.655991
v -2.111288 -1.717925 -0.500726
v -2.114623 -1.685907 -0.521509
v -2.119617 -1.652634 -0.539159
v -2.125787 -1.619097 -0.554065
v -2.132646 -1.586290 -0.566615
v -2.139712 -1.555205 -0.577198
v -2.146499 -1.526835 -0.586203
v -2.317912 -1.516493 -0.684090
v -2.325604 -1.517605 -0.679559
v -2.331492 -1.520454 -0.674520
v -2.334697 -1.525597 -0.669079
v -2.334700 -1.533535 -0.663237
v -2.331608 -1.544647 -0.656847
v -2.325690 -1.559281 -0.649723
v -2.242565 -1.618112 -0.783224
v -2.244577 -1.626883 -0.786165
v -2.245737 -1.636110 -0.787348
v -2.245653 -1.645688 -0.786234
v -2.244043 -1.655801 -0.782513
v -2.240819 -1.667092 -0.776298
v -2.235940 -1.680324 -0.767806
v -2.101307 -1.553255 -0.742343
v -2.092674 -1.557138 -0.742203
v -2.084968 -1.562294 -0.740820
v -2.078718 -1.569042 -0.737921
v -2.074085 -1.577766 -0.733326
v -2.070612 -1.588943 -0.727038
v -2.067682 -1.603070 -0.719111
v -2.060348 -1.602062 -0.693609
v -2.061421 -1.583170 -0.676708
v -2.067384 -1.564661 -0.659569
v -2.077722 -1.547230 -0.642870
v -2.091919 -1.531572 -0.627289
v -2.109462 -1.518380 -0.613502
v -2.129834 -1.508348 -0.602186
v -2.204950 -1.698076 -0.761758
v -2.179699 -1.695788 -0.762712
v -2.154578 -1.689837 -0.760398
v -2.130550 -1.680666 -0.755097
v -2.108582 -1.668718 -0.747086
v -2.089637 -1.654436 -0.736647
v -2.074681 -1.638264 -0.724056
v -2.321540 -1.596368 -0.657667
v -2.320466 -1.615260 -0.674568
v -2.314503 -1.633769 -0.691707
v -2.304165 -1.651200 -0.708405
v -2.289968 -1.666858 -0.723987
v -2.272426 -1.680050 -0.737774
v -2.252053 -1.690082 -0.749090
v -2.176938 -1.500354 -0.589518
v -2.202188 -1.502642 -0.588564
v -2.227309 -1.508593 -0.590878
v -2.251337 -1.517764 -0.596179
v -2.273306 -1.529712 -0.604189
v -2.292251 -1.543994 -0.614629
v -2.307207 -1.560166 -0.627219
v -2.306491 -1.600294 -0.632506
v -2.294092 -1.626088 -0.621877
v -2.280624 -1.654233 -0.609441
v -2.266703 -1.683797 -0.594847
v -2.252940 -1.713848 -0.577744
v -2.239951 -1.743450 -0.557780
v -2.228349 -1.771673 -0.534605
v -2.221150 -1.715391 -0.744789
v -2.211745 -1.737147 -0.730220
v -2.201692 -1.760687 -0.713292
v -2.191537 -1.785171 -0.693742
v -2.181825 -1.809759 -0.671310
v -2.173100 -1.833610 -0.645736
v -2.165908 -1.855885 -0.616758
v -2.061158 -1.641932 -0.698485
v -2.057364 -1.666265 -0.685541
v -2.053714 -1.692744 -0.670465
v -2.050621 -1.720471 -0.652959
v -2.048502 -1.748545 -0.632725
v -2.047772 -1.776067 -0.609464
v -2.048847 -1.802138 -0.582880
v -2.143826 -1.873925 -0.284683
v -2.138158 -1.864009 -0.304448
v -2.131862 -1.851526 -0.328967
v -2.125506 -1.836448 -0.356979
v -2.119611 -1.818658 -0.387251
v -2.114716 -1.798023 -0.418288
v -2.111364 -1.774413 -0.448531
v -2.126205 -1.746496 -0.473452
v -2.142864 -1.748006 -0.472823
v -2.159437 -1.751933 -0.474349
v -2.175289 -1.757983 -0.477847
v -2.189783 -1.765866 -0.483131
v -2.202282 -1.775288 -0.490019
v -2.212149 -1.785957 -0.498325
v -2.221605 -1.809841 -0.518413
v -2.220897 -1.822305 -0.529563
v -2.216963 -1.834517 -0.540870
v -2.210143 -1.846016 -0.551887
v -2.200776 -1.856347 -0.562167
v -2.189203 -1.865051 -0.571263
v -2.175762 -1.871669 -0.578729
v -2.144686 -1.876943 -0.587086
v -2.128027 -1.875433 -0.587716
v -2.111453 -1.871507 -0.586189
v -2.095601 -1.865456 -0.582692
v -2.081107 -1.857574 -0.577407
v -2.068608 -1.848152 -0.570519
v -2.058741 -1.837482 -0.562213
v -2.049285 -1.813598 -0.542125
v -2.049994 -1.801134 -0.530975
v -2.053927 -1.788923 -0.519668
v -2.060748 -1.777423 -0.508651
v -2.070114 -1.767092 -0.498371
v -2.081688 -1.758389 -0.489275
v -2.095129 -1.751771 -0.481810
v -2.357653 -1.582236 -0.277501
v -2.353714 -1.580235 -0.267988
v -2.348314 -1.577656 -0.260546
v -2.341650 -1.574571 -0.256440
v -2.333994 -1.571082 -0.256402
v -2.325895 -1.567462 -0.259937
v -2.318076 -1.564065 -0.266047
v -2.321879 -1.163223 -0.601028
v -2.325849 -1.147694 -0.607588
v -2.329189 -1.136697 -0.614050
v -2.332209 -1.130147 -0.620767
v -2.335171 -1.127835 -0.627992
v -2.338148 -1.129056 -0.635597
v -2.341102 -1.132832 -0.643208
v -2.356721 -1.138117 -0.649667
v -2.375574 -1.141372 -0.651459
v -2.396399 -1.147120 -0.654899
v -2.417351 -1.155321 -0.660000
v -2.436865 -1.165700 -0.666610
v -2.453829 -1.177302 -0.674107
v -2.467212 -1.188848 -0.681644
v -2.376024 -1.501621 -0.477533
v -2.370972 -1.521373 -0.444858
v -2.367545 -1.538186 -0.411413
v -2.365248 -1.552216 -0.378770
v -2.363614 -1.563624 -0.348445
v -2.362291 -1.572609 -0.321722
v -2.361006 -1.579333 -0.299944
v -2.338963 -1.616819 -0.310417
v -2.344601 -1.614709 -0.299675
v -2.349930 -1.611333 -0.290255
v -2.354381 -1.606727 -0.283485
v -2.357568 -1.601031 -0.280205
v -2.359440 -1.594697 -0.280152
v -2.360073 -1.588349 -0.282642
v -2.474367 -1.206921 -0.696845
v -2.470832 -1.220249 -0.710227
v -2.464328 -1.235065 -0.724950
v -2.454865 -1.250076 -0.739693
v -2.442743 -1.264176 -0.753349
v -2.429090 -1.276545 -0.765146
v -2.415431 -1.286407 -0.774387
v -2.322569 -1.573714 -0.547862
v -2.322000 -1.587419 -0.509289
v -2.323012 -1.598246 -0.470004
v -2.325085 -1.606382 -0.431612
v -2.327713 -1.612042 -0.395679
v -2.330454 -1.615547 -0.363609
v -2.332878 -1.617268 -0.336952
v -2.291432 -1.599998 -0.301102
v -2.297965 -1.605130 -0.296684
v -2.305197 -1.609919 -0.294290
v -2.312542 -1.613827 -0.294736
v -2.319517 -1.616494 -0.298434
v -2.325784 -1.617903 -0.304735
v -2.331009 -1.618169 -0.312556
v -2.391915 -1.290398 -0.780711
v -2.373211 -1.286029 -0.780174
v -2.352490 -1.279494 -0.777621
v -2.331578 -1.271000 -0.772849
v -2.312024 -1.260914 -0.765910
v -2.294956 -1.250099 -0.757527
v -2.281425 -1.239667 -0.748734
v -2.222356 -1.527702 -0.518860
v -2.230191 -1.545266 -0.482719
v -2.239525 -1.559914 -0.445842
v -2.249790 -1.571811 -0.409821
v -2.260409 -1.581140 -0.376201
v -2.270768 -1.588143 -0.346336
v -2.280145 -1.593057 -0.321690
v -2.310122 -1.565415 -0.268186
v -2.307078 -1.570656 -0.264998
v -2.303581 -1.576243 -0.264581
v -2.299812 -1.581672 -0.267692
v -2.295943 -1.586545 -0.274630
v -2.292239 -1.590668 -0.284521
v -2.289012 -1.593885 -0.295960
v -2.274269 -1.221594 -0.733533
v -2.277953 -1.207152 -0.721406
v -2.284562 -1.191549 -0.707570
v -2.294064 -1.176246 -0.693156
v -2.306147 -1.162438 -0.679171
v -2.319695 -1.150856 -0.666487
v -2.333206 -1.142108 -0.655991
v -2.275735 -1.399121 -0.500726
v -2.279070 -1.367103 -0.521509
v -2.284065 -1.333830 -0.539159
v -2.290234 -1.300293 -0.554065
v -2.297094 -1.267487 -0.566615
v -2.304159 -1.236402 -0.577198
v -2.310946 -1.208031 -0.586203
v -2.482360 -1.197689 -0.684090
v -2.490051 -1.198801 -0.679559
v -2.495940 -1.201650 -0.674520
v -2.499145 -1.206793 -0.669079
v -2.499147 -1.214731 -0.663237
v -2.496056 -1.225843 -0.656847
v -2.490137 -1.240477 -0.649723
v -2.407012 -1.299308 -0.783224
v -2.409024 -1.308079 -0.786165
v -2.410184 -1.317306 -0.787348
v -2.410100 -1.326885 -0.786234
v -2.408490 -1.336997 -0.782513
v -2.405266 -1.348288 -0.776298
v -2.400387 -1.361521 -0.767806
v -2.265754 -1.234451 -0.742343
v -2.257121 -1.238334 -0.742203
v -2.249415 -1.243490 -0.740820
v -2.243165 -1.250238 -0.737921
v -2.238533 -1.258963 -0.733326
v -2.235059 -1.270139 -0.727038
v -2.232129 -1.284266 -0.719111
v -2.224795 -1.283259 -0.693609
v -2.225868 -1.264366 -0.676707
v -2.231832 -1.245857 -0.659569
v -2.242169 -1.228427 -0.642870
v -2.256366 -1.212768 -0.627289
v -2.273909 -1.199576 -0.613502
v -2.294282 -1.189544 -0.602186
v -2.369397 -1.379273 -0.761757
v -2.344146 -1.376984 -0.762711
v -2.319025 -1.371033 -0.760398
v -2.294997 -1.361862 -0.755097
v -2.273029 -1.349914 -0.747086
v -2.254084 -1.335633 -0.736646
v -2.239128 -1.319461 -0.724056
v -2.485987 -1.277564 -0.657667
v -2.484913 -1.296457 -0.674568
v -2.478950 -1.314965 -0.691707
v -2.468613 -1.332396 -0.708405
v -2.454415 -1.348055 -0.723987
v -2.436873 -1.361247 -0.737774
v -2.416500 -1.371278 -0.749090
v -2.341385 -1.181550 -0.589518
v -2.366635 -1.183838 -0.588564
v -2.391757 -1.189790 -0.590878
v -2.415784 -1.198961 -0.596179
v -2.437753 -1.210908 -0.604189
v -2.456698 -1.225190 -0.614629
v -2.471654 -1.241362 -0.627219
v -2.470939 -1.281490 -0.632506
v -2.458539 -1.307284 -0.621877
v -2.445072 -1.335429 -0.609441
v -2.431150 -1.364994 -0.594847
v -2.417387 -1.395044 -0.577744
v -2.404399 -1.424647 -0.557780
v -2.392797 -1.452869 -0.534605
v -2.385597 -1.396587 -0.744789
v -2.376192 -1.418343 -0.730220
v -2.366139 -1.441883 -0.713292
v -2.355984 -1.466367 -0.693742
v -2.346272 -1.490955 -0.671310
v -2.337547 -1.514807 -0.645736
v -2.330355 -1.537082 -0.616758
v -2.225605 -1.323128 -0.698485
v -2.221812 -1.347461 -0.685541
v -2.218161 -1.373941 -0.670465
v -2.215068 -1.401667 -0.652959
v -2.212949 -1.429741 -0.632725
v -2.212219 -1.457263 -0.609464
v -2.213294 -1.483334 -0.582880
v -2.308273 -1.555122 -0.284683
v -2.302605 -1.545205 -0.304448
v -2.296309 -1.532722 -0.328967
v -2.289953 -1.517645 -0.356979
v -2.284058 -1.499854 -0.387251
v -2.279163 -1.479220 -0.418288
v -2.275811 -1.455610 -0.448530
v -2.290652 -1.427693 -0.473452
v -2.307311 -1.429203 -0.472823
v -2.323884 -1.433129 -0.474349
v -2.339736 -1.439179 -0.477847
v -2.354230 -1.447062 -0.483131
v -2.366729 -1.456484 -0.490019
v -2.376596 -1.467153 -0.498325
v -2.386052 -1.491037 -0.518413
v -2.385344 -1.503502 -0.529563
v -2.381410 -1.515713 -0.540870
v -2.374590 -1.527213 -0.551887
v -2.365223 -1.537543 -0.562167
v -2.353650 -1.546247 -0.571263
v -2.340209 -1.552865 -0.578729
v -2.309133 -1.558139 -0.587086
v -2.292474 -1.556630 -0.587716
v -2.275900 -1.552703 -0.586189
v -2.260048 -1.546653 -0.582692
v -2.245554 -1.538770 -0.577407
v -2.233055 -1.529348 -0.570519
v -2.223188 -1.518679 -0.562213
v -2.213732 -1.494795 -0.542125
v -2.214441 -1.482330 -0.530975
v -2.218375 -1.470119 -0.519668
v -2.225195 -1.458619 -0.508651
v -2.234561 -1.448289 -0.498371
v -2.246135 -1.439585 -0.489275
v -2.259576 -1.432967 -0.481809
v -2.272967 -1.319871 -0.596430
v -2.277229 -1.304316 -0.602938
v -2.280541 -1.293310 -0.609411
v -2.283130 -1.286772 -0.616219
v -2.285134 -1.284514 -0.623657
v -2.286346 -1.285927 -0.631735
v -2.286218 -1.290256 -0.640392
v -2.298765 -1.322207 -0.595456
v -2.303329 -1.306672 -0.601957
v -2.306610 -1.295640 -0.608444
v -2.308750 -1.289017 -0.615293
v -2.309793 -1.286630 -0.622841
v -2.309404 -1.288012 -0.631267
v -2.307040 -1.292616 -0.640731
v -2.324432 -1.328287 -0.597820
v -2.329294 -1.312813 -0.604353
v -2.332542 -1.301750 -0.610850
v -2.334229 -1.294974 -0.617681
v -2.334351 -1.292320 -0.625205
v -2.332664 -1.293457 -0.633721
v -2.328852 -1.298017 -0.643520
v -2.348980 -1.337656 -0.603237
v -2.354127 -1.322287 -0.609835
v -2.357339 -1.311200 -0.616329
v -2.358585 -1.304234 -0.623073
v -2.357839 -1.301222 -0.630428
v -2.355085 -1.301959 -0.638776
v -2.350308 -1.306232 -0.648504
v -2.371425 -1.349863 -0.611420
v -2.376830 -1.334639 -0.618111
v -2.380003 -1.323542 -0.624586
v -2.380836 -1.316373 -0.631169
v -2.379289 -1.312952 -0.638210
v -2.375593 -1.313168 -0.646145
v -2.370055 -1.316935 -0.655445
v -2.390781 -1.364456 -0.622086
v -2.396407 -1.349408 -0.628895
v -2.399544 -1.338310 -0.635340
v -2.400014 -1.330920 -0.641706
v -2.397763 -1.327021 -0.648300
v -2.393228 -1.326499 -0.655526
v -2.387019 -1.329337 -0.663877
v -2.406061 -1.380980 -0.634948
v -2.411862 -1.366132 -0.641902
v -2.414969 -1.355032 -0.648316
v -2.415153 -1.347389 -0.654428
v -2.412336 -1.342918 -0.660470
v -2.407062 -1.341353 -0.666671
v -2.400191 -1.342585 -0.673377
v -2.420705 -1.417967 -0.666057
v -2.426677 -1.403553 -0.673375
v -2.429768 -1.392411 -0.679754
v -2.429699 -1.384129 -0.685328
v -2.426317 -1.378230 -0.690170
v -2.419979 -1.373978 -0.694110
v -2.411196 -1.370384 -0.696757
v -2.419608 -1.437269 -0.683326
v -2.425572 -1.423074 -0.690852
v -2.428675 -1.411891 -0.697226
v -2.428646 -1.403240 -0.702531
v -2.425295 -1.396561 -0.706787
v -2.418762 -1.390994 -0.709770
v -2.409261 -1.385516 -0.711127
v -2.413517 -1.456179 -0.700837
v -2.419413 -1.442197 -0.708573
v -2.422536 -1.430973 -0.714941
v -2.422637 -1.421954 -0.719969
v -2.419508 -1.414539 -0.723650
v -2.413107 -1.407921 -0.725838
v -2.403430 -1.401235 -0.726346
v -2.402955 -1.473987 -0.717898
v -2.408732 -1.460209 -0.725834
v -2.411875 -1.448950 -0.732184
v -2.412176 -1.439597 -0.736920
v -2.409428 -1.431527 -0.740022
v -2.403441 -1.424099 -0.741503
v -2.394030 -1.416666 -0.741386
v -2.388450 -1.489985 -0.733817
v -2.394057 -1.476394 -0.741933
v -2.397220 -1.465116 -0.748249
v -2.397776 -1.455483 -0.752677
v -2.395538 -1.446867 -0.755187
v -2.390208 -1.438804 -0.755965
v -2.381452 -1.430876 -0.755262
v -2.370526 -1.503464 -0.747902
v -2.375923 -1.490033 -0.756174
v -2.379104 -1.478747 -0.762447
v -2.379965 -1.468894 -0.766580
v -2.378371 -1.459846 -0.768524
v -2.374049 -1.451296 -0.768597
v -2.366600 -1.443052 -0.767256
v -2.349711 -1.513714 -0.759462
v -2.354863 -1.500406 -0.767860
v -2.358063 -1.489118 -0.774096
v -2.359276 -1.479106 -0.777982
v -2.358466 -1.469738 -0.779440
v -2.355587 -1.460820 -0.778829
v -2.350403 -1.452374 -0.776742
v -2.301586 -1.521882 -0.772405
v -2.306174 -1.508670 -0.780954
v -2.309428 -1.497372 -0.787175
v -2.311473 -1.487219 -0.790838
v -2.312521 -1.477535 -0.791796
v -2.313139 -1.468024 -0.790245
v -2.314233 -1.458513 -0.786470
v -2.275787 -1.519543 -0.773381
v -2.280076 -1.506300 -0.781951
v -2.283365 -1.494996 -0.788194
v -2.285868 -1.484865 -0.791886
v -2.287891 -1.475202 -0.792858
v -2.290134 -1.465538 -0.791165
v -2.293504 -1.455457 -0.786914
v -2.250121 -1.513462 -0.771019
v -2.254112 -1.500145 -0.779570
v -2.257439 -1.488839 -0.785841
v -2.260403 -1.478798 -0.789622
v -2.263362 -1.469299 -0.790734
v -2.266923 -1.459728 -0.789121
v -2.271768 -1.449492 -0.784760
v -2.225573 -1.504092 -0.765603
v -2.229280 -1.490665 -0.774095
v -2.232646 -1.479369 -0.780386
v -2.236054 -1.469488 -0.784286
v -2.239886 -1.460301 -0.785617
v -2.244523 -1.451071 -0.784241
v -2.250342 -1.441053 -0.780029
v -2.203127 -1.491886 -0.757418
v -2.206576 -1.478320 -0.765812
v -2.209978 -1.467048 -0.772105
v -2.213796 -1.457399 -0.776134
v -2.218424 -1.448667 -0.777728
v -2.223994 -1.440017 -0.776697
v -2.230564 -1.430574 -0.772836
v -2.183772 -1.477295 -0.746751
v -2.186997 -1.463564 -0.755013
v -2.190432 -1.452326 -0.761299
v -2.194604 -1.442962 -0.765474
v -2.199921 -1.434811 -0.767398
v -2.206311 -1.427051 -0.766906
v -2.213526 -1.418736 -0.763767
v -2.168491 -1.460773 -0.733886
v -2.171541 -1.446854 -0.741990
v -2.175000 -1.435650 -0.748271
v -2.179450 -1.426601 -0.752629
v -2.185319 -1.419132 -0.754983
v -2.192423 -1.412599 -0.755308
v -2.200261 -1.406183 -0.753485
v -2.153848 -1.423785 -0.702778
v -2.156725 -1.409433 -0.710517
v -2.160201 -1.398271 -0.716833
v -2.164904 -1.389861 -0.721729
v -2.171339 -1.383820 -0.725283
v -2.179506 -1.379974 -0.727869
v -2.189255 -1.378385 -0.730105
v -2.154944 -1.404482 -0.685511
v -2.157832 -1.389899 -0.693056
v -2.161300 -1.378744 -0.699412
v -2.165971 -1.370641 -0.704648
v -2.172389 -1.365271 -0.708911
v -2.180777 -1.362556 -0.712662
v -2.191283 -1.362557 -0.716518
v -2.161036 -1.385571 -0.668002
v -2.163993 -1.370762 -0.675350
v -2.167445 -1.359617 -0.681750
v -2.171995 -1.351818 -0.687334
v -2.178205 -1.347080 -0.692289
v -2.186480 -1.345264 -0.697005
v -2.197189 -1.346274 -0.701935
v -2.171598 -1.367761 -0.650941
v -2.174675 -1.352744 -0.658096
v -2.178109 -1.341619 -0.664530
v -2.182462 -1.334126 -0.670439
v -2.188297 -1.329997 -0.676024
v -2.196166 -1.328931 -0.681515
v -2.206620 -1.330618 -0.687147
v -2.186103 -1.351764 -0.635021
v -2.189349 -1.336565 -0.641990
v -2.192761 -1.325474 -0.648442
v -2.196856 -1.318289 -0.654626
v -2.202175 -1.314753 -0.660752
v -2.209379 -1.314381 -0.666877
v -2.219167 -1.316632 -0.673018
v -2.204026 -1.338287 -0.620934
v -2.207481 -1.322939 -0.627734
v -2.210871 -1.311889 -0.634192
v -2.214652 -1.304987 -0.640600
v -2.219314 -1.301986 -0.647174
v -2.225489 -1.302254 -0.653835
v -2.233944 -1.305021 -0.660389
v -2.224841 -1.328038 -0.609372
v -2.228540 -1.312580 -0.616032
v -2.231906 -1.301565 -0.622491
v -2.235326 -1.294885 -0.629075
v -2.239189 -1.292312 -0.636013
v -2.243897 -1.293132 -0.643151
v -2.250049 -1.296394 -0.650119
v -2.283365 -1.747633 -0.267330
v -2.282437 -1.754438 -0.261840
v -2.280504 -1.760816 -0.260381
v -2.277402 -1.766373 -0.263096
v -2.273119 -1.770776 -0.270097
v -2.267976 -1.773941 -0.280867
v -2.262428 -1.775871 -0.294877
v -2.279385 -1.746730 -0.255358
v -2.278255 -1.754097 -0.247966
v -2.276203 -1.760671 -0.245488
v -2.273083 -1.766234 -0.247893
v -2.268844 -1.770595 -0.255170
v -2.263701 -1.773726 -0.267114
v -2.257948 -1.775643 -0.283564
v -2.274152 -1.744769 -0.246885
v -2.272966 -1.752495 -0.238612
v -2.270817 -1.759226 -0.235641
v -2.267635 -1.764841 -0.237923
v -2.263391 -1.769241 -0.245411
v -2.258207 -1.772401 -0.258031
v -2.252241 -1.774319 -0.275712
v -2.267735 -1.741954 -0.242558
v -2.266581 -1.749810 -0.234079
v -2.264367 -1.756586 -0.230980
v -2.261126 -1.762223 -0.233236
v -2.256894 -1.766664 -0.240812
v -2.251714 -1.769860 -0.253639
v -2.245630 -1.771765 -0.271640
v -2.260306 -1.738412 -0.242878
v -2.259171 -1.746161 -0.234619
v -2.256896 -1.752834 -0.231612
v -2.253626 -1.758409 -0.233869
v -2.249470 -1.762849 -0.241382
v -2.244411 -1.766067 -0.254038
v -2.238395 -1.767962 -0.271705
v -2.252275 -1.734283 -0.247512
v -2.250970 -1.741570 -0.240070
v -2.248533 -1.747967 -0.237480
v -2.245212 -1.753437 -0.239826
v -2.241174 -1.757891 -0.247162
v -2.236417 -1.761198 -0.259218
v -2.230837 -1.763195 -0.275718
v -2.244113 -1.729611 -0.255970
v -2.242247 -1.735985 -0.250209
v -2.239428 -1.741956 -0.248493
v -2.235962 -1.747346 -0.251102
v -2.232043 -1.751916 -0.258210
v -2.227785 -1.755488 -0.269235
v -2.223176 -1.757848 -0.283517
v -2.327181 -1.438767 -0.772887
v -2.339452 -1.427183 -0.762756
v -2.352372 -1.413903 -0.750450
v -2.364378 -1.399376 -0.736489
v -2.374335 -1.384281 -0.721553
v -2.382084 -1.369686 -0.706664
v -2.387934 -1.356832 -0.692955
v -2.308645 -1.432412 -0.771041
v -2.320299 -1.419051 -0.759740
v -2.332799 -1.404556 -0.746572
v -2.344886 -1.389302 -0.732000
v -2.355582 -1.373829 -0.716596
v -2.364786 -1.359054 -0.701209
v -2.372710 -1.346008 -0.686750
v -2.287993 -1.424829 -0.767764
v -2.299194 -1.410259 -0.755609
v -2.311316 -1.394750 -0.741674
v -2.323468 -1.378793 -0.726494
v -2.334897 -1.362947 -0.710649
v -2.345357 -1.348001 -0.694874
v -2.354746 -1.334801 -0.679938
v -2.266894 -1.415920 -0.762706
v -2.277508 -1.400738 -0.750120
v -2.289062 -1.384632 -0.735747
v -2.301059 -1.368278 -0.720240
v -2.312999 -1.352349 -0.704253
v -2.324384 -1.337517 -0.688446
v -2.334715 -1.324453 -0.673475
v -2.246817 -1.405923 -0.755847
v -2.256482 -1.390648 -0.743248
v -2.267109 -1.374452 -0.728880
v -2.278593 -1.358189 -0.713507
v -2.290689 -1.342650 -0.697855
v -2.302644 -1.328390 -0.682512
v -2.313570 -1.315896 -0.668021
v -2.228719 -1.395715 -0.747910
v -2.236898 -1.380759 -0.735603
v -2.246256 -1.364820 -0.721525
v -2.257005 -1.348953 -0.706566
v -2.269039 -1.334094 -0.691550
v -2.281385 -1.320761 -0.677072
v -2.292785 -1.309311 -0.663619
v -2.213285 -1.386473 -0.739924
v -2.219345 -1.372037 -0.727996
v -2.227227 -1.356444 -0.714232
v -2.237231 -1.340998 -0.699692
v -2.249191 -1.326822 -0.685335
v -2.261978 -1.314540 -0.671904
v -2.274038 -1.304537 -0.659992
v -2.136359 -1.628630 -0.571516
v -2.135067 -1.601627 -0.597298
v -2.135587 -1.573202 -0.619783
v -2.137506 -1.544272 -0.639280
v -2.140413 -1.515748 -0.656101
v -2.143896 -1.488546 -0.670555
v -2.147542 -1.463580 -0.682954
v -2.137122 -1.615201 -0.559503
v -2.135884 -1.587249 -0.584436
v -2.136456 -1.557908 -0.606100
v -2.138425 -1.528106 -0.624819
v -2.141378 -1.498772 -0.640914
v -2.144902 -1.470836 -0.654712
v -2.148585 -1.445226 -0.666535
v -2.141361 -1.602045 -0.547320
v -2.140422 -1.573164 -0.571394
v -2.141283 -1.542924 -0.592226
v -2.143527 -1.512269 -0.610154
v -2.146736 -1.482141 -0.625515
v -2.150492 -1.453486 -0.638646
v -2.154377 -1.427245 -0.649885
v -2.148709 -1.589655 -0.535451
v -2.148289 -1.559899 -0.558686
v -2.149652 -1.528813 -0.578707
v -2.152373 -1.497354 -0.595865
v -2.156025 -1.466479 -0.610510
v -2.160182 -1.437146 -0.622992
v -2.164420 -1.410311 -0.633662
v -2.158801 -1.578524 -0.524375
v -2.159093 -1.547982 -0.546828
v -2.161146 -1.516136 -0.566093
v -2.164521 -1.483955 -0.582533
v -2.168782 -1.452409 -0.596509
v -2.173491 -1.422467 -0.608386
v -2.178213 -1.395099 -0.618525
v -2.171270 -1.569147 -0.514575
v -2.172443 -1.537943 -0.536336
v -2.175347 -1.505456 -0.554932
v -2.179531 -1.472667 -0.570736
v -2.184544 -1.440555 -0.584121
v -2.189936 -1.410101 -0.595462
v -2.195256 -1.382282 -0.605131
v -2.185751 -1.562017 -0.506531
v -2.187947 -1.530309 -0.527724
v -2.191840 -1.497335 -0.545771
v -2.196964 -1.464083 -0.561053
v -2.202850 -1.431542 -0.573953
v -2.209034 -1.400697 -0.584854
v -2.215048 -1.372537 -0.594137
v -2.239145 -1.696878 -0.619957
v -2.245111 -1.674694 -0.649161
v -2.252650 -1.650931 -0.674953
v -2.261237 -1.626427 -0.697593
v -2.270345 -1.602021 -0.717336
v -2.279449 -1.578552 -0.734439
v -2.288022 -1.556858 -0.749161
v -2.221196 -1.695252 -0.620635
v -2.225895 -1.672953 -0.649887
v -2.232209 -1.649078 -0.675726
v -2.239631 -1.624469 -0.698409
v -2.247656 -1.599965 -0.718193
v -2.255778 -1.576406 -0.735334
v -2.263491 -1.554634 -0.750088
v -2.203339 -1.691021 -0.618991
v -2.206777 -1.668424 -0.648126
v -2.211871 -1.644261 -0.673853
v -2.218135 -1.619377 -0.696430
v -2.225083 -1.594617 -0.716114
v -2.232229 -1.570828 -0.733165
v -2.239086 -1.548853 -0.747840
v -2.186260 -1.684502 -0.615223
v -2.188492 -1.661445 -0.644092
v -2.192420 -1.636836 -0.669561
v -2.197576 -1.611529 -0.691893
v -2.203493 -1.586377 -0.711351
v -2.209705 -1.562231 -0.728195
v -2.215743 -1.539943 -0.742690
v -2.170645 -1.676010 -0.609529
v -2.171774 -1.652352 -0.637996
v -2.174635 -1.627164 -0.663076
v -2.178778 -1.601306 -0.685039
v -2.183753 -1.575641 -0.704153
v -2.189111 -1.551031 -0.720686
v -2.194401 -1.528336 -0.734908
v -2.157178 -1.665858 -0.602108
v -2.157356 -1.641484 -0.630051
v -2.159298 -1.615602 -0.654625
v -2.162568 -1.589086 -0.676106
v -2.166731 -1.562809 -0.694772
v -2.171352 -1.537643 -0.710900
v -2.175996 -1.514462 -0.724766
v -2.146547 -1.654363 -0.593159
v -2.145974 -1.629177 -0.620470
v -2.147190 -1.602510 -0.644432
v -2.149770 -1.575248 -0.665333
v -2.153292 -1.548277 -0.683460
v -2.157331 -1.522483 -0.699098
v -2.161466 -1.498750 -0.712534
v -2.322018 -1.624582 -0.545968
v -2.333838 -1.597293 -0.569946
v -2.347037 -1.568592 -0.590686
v -2.360999 -1.539399 -0.608526
v -2.375106 -1.510631 -0.623806
v -2.388742 -1.483208 -0.636863
v -2.401289 -1.458048 -0.648037
v -2.321255 -1.638011 -0.557982
v -2.333020 -1.611670 -0.582808
v -2.346167 -1.583887 -0.604369
v -2.360080 -1.555564 -0.622988
v -2.374141 -1.527607 -0.638992
v -2.387735 -1.500918 -0.652707
v -2.400246 -1.476402 -0.664457
v -2.317016 -1.651168 -0.570164
v -2.328482 -1.625756 -0.595851
v -2.341340 -1.598871 -0.618243
v -2.354978 -1.571402 -0.637653
v -2.368783 -1.544238 -0.654392
v -2.382145 -1.518269 -0.668772
v -2.394453 -1.494383 -0.681107
v -2.309668 -1.663558 -0.582034
v -2.320616 -1.639021 -0.608559
v -2.332971 -1.612982 -0.631762
v -2.346132 -1.586317 -0.651941
v -2.359494 -1.559900 -0.669396
v -2.372455 -1.534609 -0.684426
v -2.384410 -1.511317 -0.697329
v -2.299577 -1.674688 -0.593109
v -2.309811 -1.650937 -0.620417
v -2.321478 -1.625658 -0.644376
v -2.333984 -1.599715 -0.665274
v -2.346738 -1.573970 -0.683397
v -2.359146 -1.549287 -0.699032
v -2.370617 -1.526529 -0.712467
v -2.287107 -1.684065 -0.602910
v -2.296461 -1.660976 -0.630909
v -2.307276 -1.636338 -0.655537
v -2.318974 -1.611003 -0.677071
v -2.330975 -1.585824 -0.695785
v -2.342701 -1.561654 -0.711957
v -2.353575 -1.539346 -0.725861
v -2.272626 -1.691196 -0.610953
v -2.280957 -1.668611 -0.639520
v -2.290783 -1.644459 -0.664698
v -2.301541 -1.619587 -0.686753
v -2.312669 -1.594838 -0.705953
v -2.323604 -1.571058 -0.722564
v -2.333783 -1.549091 -0.736854
v -2.219233 -1.556334 -0.497527
v -2.223793 -1.524225 -0.518084
v -2.229973 -1.490863 -0.535516
v -2.237268 -1.457243 -0.550214
v -2.245174 -1.424358 -0.562571
v -2.253189 -1.393203 -0.572979
v -2.260808 -1.364770 -0.581831
v -2.237181 -1.557961 -0.496849
v -2.243009 -1.525966 -0.517358
v -2.250415 -1.492716 -0.534743
v -2.258874 -1.459201 -0.549397
v -2.267863 -1.426415 -0.561714
v -2.276859 -1.395348 -0.572085
v -2.285339 -1.366993 -0.580904
v -2.255038 -1.562191 -0.498493
v -2.262127 -1.530495 -0.519119
v -2.270752 -1.497534 -0.536616
v -2.280369 -1.464293 -0.551377
v -2.290436 -1.431762 -0.563792
v -2.300409 -1.400927 -0.574253
v -2.309745 -1.372775 -0.583151
v -2.272117 -1.568710 -0.502262
v -2.280412 -1.537475 -0.523153
v -2.290204 -1.504958 -0.540908
v -2.300929 -1.472141 -0.555913
v -2.312026 -1.440003 -0.568556
v -2.322933 -1.409524 -0.579223
v -2.333087 -1.381685 -0.588302
v -2.287733 -1.577203 -0.507956
v -2.297131 -1.546567 -0.529249
v -2.307989 -1.514631 -0.547393
v -2.319727 -1.482364 -0.562767
v -2.331766 -1.450738 -0.575753
v -2.343527 -1.420724 -0.586732
v -2.354430 -1.393292 -0.596084
v -2.301199 -1.587354 -0.515376
v -2.311548 -1.557435 -0.537194
v -2.323326 -1.526192 -0.555844
v -2.335937 -1.494584 -0.571700
v -2.348788 -1.463571 -0.585134
v -2.361286 -1.434112 -0.596519
v -2.372835 -1.407166 -0.606226
v -2.311830 -1.598849 -0.524326
v -2.322930 -1.569743 -0.546775
v -2.335433 -1.539284 -0.566037
v -2.348735 -1.508422 -0.582473
v -2.362227 -1.478102 -0.596447
v -2.375306 -1.449272 -0.608321
v -2.387365 -1.422878 -0.618457
v -2.241659 -1.714054 -0.281401
v -2.237365 -1.703528 -0.301849
v -2.232340 -1.690721 -0.326610
v -2.227218 -1.675434 -0.354663
v -2.222561 -1.657486 -0.384860
v -2.218912 -1.636726 -0.415746
v -2.216810 -1.613010 -0.445788
v -2.250008 -1.716407 -0.277383
v -2.246694 -1.705249 -0.299316
v -2.242774 -1.692122 -0.325018
v -2.238823 -1.676712 -0.353620
v -2.235387 -1.658744 -0.384121
v -2.232996 -1.638030 -0.415139
v -2.232176 -1.614406 -0.445198
v -2.258612 -1.719619 -0.275063
v -2.256137 -1.708211 -0.298144
v -2.253233 -1.695008 -0.324775
v -2.250407 -1.679664 -0.354066
v -2.248164 -1.661858 -0.385035
v -2.247013 -1.641377 -0.416352
v -2.247464 -1.618031 -0.446596
v -2.266802 -1.723164 -0.275591
v -2.265122 -1.711921 -0.299230
v -2.263196 -1.698979 -0.326419
v -2.261463 -1.683971 -0.356216
v -2.260374 -1.666556 -0.387608
v -2.260417 -1.646504 -0.419273
v -2.262086 -1.623614 -0.449818
v -2.274015 -1.726691 -0.279521
v -2.273136 -1.716016 -0.303064
v -2.272177 -1.703706 -0.330257
v -2.271505 -1.689351 -0.360172
v -2.271510 -1.672578 -0.391792
v -2.272663 -1.653154 -0.423775
v -2.275455 -1.630883 -0.454697
v -2.279945 -1.730152 -0.286047
v -2.279859 -1.720476 -0.308914
v -2.279814 -1.709129 -0.335737
v -2.280110 -1.695668 -0.365569
v -2.281090 -1.679728 -0.397348
v -2.283218 -1.661089 -0.429673
v -2.286982 -1.639570 -0.461059
v -2.284366 -1.733663 -0.293761
v -2.285031 -1.725413 -0.315644
v -2.285782 -1.715258 -0.342077
v -2.286873 -1.702824 -0.371928
v -2.288641 -1.687826 -0.403985
v -2.291546 -1.670075 -0.436767
v -2.296082 -1.649407 -0.468730
v -2.288267 -1.743517 -0.302049
v -2.289918 -1.737759 -0.326027
v -2.291500 -1.729700 -0.354223
v -2.293360 -1.719208 -0.385708
v -2.295879 -1.706108 -0.419360
v -2.299528 -1.690236 -0.453724
v -2.304802 -1.671434 -0.487255
v -2.287835 -1.750081 -0.302809
v -2.289538 -1.744926 -0.329477
v -2.291090 -1.737610 -0.359692
v -2.292888 -1.727943 -0.392714
v -2.295342 -1.715726 -0.427624
v -2.298932 -1.700780 -0.463056
v -2.304149 -1.682931 -0.497528
v -2.285891 -1.756687 -0.304749
v -2.287405 -1.752058 -0.333377
v -2.288691 -1.745419 -0.365340
v -2.290184 -1.736531 -0.399852
v -2.292329 -1.725162 -0.436018
v -2.295610 -1.711114 -0.472523
v -2.300521 -1.694196 -0.507946
v -2.282470 -1.762738 -0.308875
v -2.283624 -1.758654 -0.338535
v -2.284462 -1.752694 -0.371596
v -2.285457 -1.744576 -0.407189
v -2.287088 -1.734031 -0.444358
v -2.289847 -1.720841 -0.481795
v -2.294230 -1.704804 -0.518103
v -2.277675 -1.767768 -0.315559
v -2.278338 -1.764287 -0.345307
v -2.278586 -1.759047 -0.378635
v -2.278930 -1.751708 -0.414659
v -2.279876 -1.741957 -0.452403
v -2.281928 -1.729567 -0.490524
v -2.285591 -1.714332 -0.527590
v -2.271867 -1.771617 -0.323818
v -2.271848 -1.768784 -0.352752
v -2.271333 -1.764256 -0.385686
v -2.270865 -1.757644 -0.421688
v -2.270964 -1.748605 -0.459698
v -2.272143 -1.736909 -0.498301
v -2.274915 -1.722358 -0.535991
v -2.265487 -1.774240 -0.332020
v -2.264493 -1.772049 -0.359478
v -2.262993 -1.768146 -0.391729
v -2.261539 -1.762124 -0.427574
v -2.260631 -1.753645 -0.465735
v -2.260784 -1.742488 -0.504698
v -2.262518 -1.728461 -0.542888
v -2.252666 -1.776416 -0.335468
v -2.248430 -1.774775 -0.363798
v -2.244203 -1.771335 -0.396782
v -2.240222 -1.765742 -0.433307
v -2.236845 -1.757682 -0.472132
v -2.234553 -1.746940 -0.511753
v -2.233859 -1.733325 -0.550595
v -2.245936 -1.776018 -0.330792
v -2.240036 -1.774183 -0.361307
v -2.234276 -1.770545 -0.395652
v -2.228872 -1.764771 -0.432982
v -2.224126 -1.756554 -0.472295
v -2.220500 -1.745674 -0.512190
v -2.218497 -1.731933 -0.551164
v -2.238646 -1.774392 -0.326056
v -2.231443 -1.772246 -0.357919
v -2.224313 -1.768258 -0.393230
v -2.217543 -1.762127 -0.431168
v -2.211457 -1.753569 -0.470803
v -2.206515 -1.742366 -0.510805
v -2.203212 -1.728313 -0.549744
v -2.230978 -1.771477 -0.322723
v -2.222820 -1.768973 -0.354887
v -2.214573 -1.764556 -0.390391
v -2.206603 -1.757959 -0.428396
v -2.199295 -1.748931 -0.467969
v -2.193126 -1.737256 -0.507806
v -2.188592 -1.722733 -0.546513
v -2.223243 -1.767320 -0.321598
v -2.214444 -1.764441 -0.352999
v -2.205369 -1.759560 -0.387748
v -2.196445 -1.752440 -0.425062
v -2.188110 -1.742850 -0.464046
v -2.180865 -1.730589 -0.503382
v -2.175222 -1.715462 -0.541644
v -2.215999 -1.762273 -0.322128
v -2.206872 -1.758956 -0.351709
v -2.197235 -1.753539 -0.384933
v -2.187585 -1.745815 -0.421033
v -2.178423 -1.735570 -0.459068
v -2.170279 -1.722615 -0.497655
v -2.163691 -1.706770 -0.535303
v -2.209959 -1.756807 -0.323109
v -2.200764 -1.752890 -0.350003
v -2.190761 -1.746797 -0.381316
v -2.180567 -1.738351 -0.416042
v -2.170765 -1.727342 -0.453008
v -2.161918 -1.713591 -0.490732
v -2.154587 -1.696928 -0.527653
v -2.206058 -1.746953 -0.314821
v -2.195877 -1.740545 -0.339620
v -2.185043 -1.732356 -0.369169
v -2.174080 -1.721967 -0.402262
v -2.163527 -1.709060 -0.437632
v -2.153936 -1.693430 -0.473776
v -2.145867 -1.674901 -0.509128
v -2.208109 -1.742344 -0.305366
v -2.197192 -1.734506 -0.331146
v -2.185959 -1.725058 -0.360978
v -2.174807 -1.713540 -0.393888
v -2.164171 -1.699571 -0.428792
v -2.154564 -1.682924 -0.464273
v -2.146524 -1.663408 -0.498833
v -2.211367 -1.737324 -0.296369
v -2.200174 -1.728399 -0.322686
v -2.188855 -1.717848 -0.352666
v -2.177766 -1.705260 -0.385381
v -2.167292 -1.690265 -0.419820
v -2.157918 -1.672629 -0.454634
v -2.150156 -1.652148 -0.488394
v -2.215311 -1.731903 -0.289438
v -2.204318 -1.722241 -0.315583
v -2.193307 -1.710841 -0.345214
v -2.182608 -1.697354 -0.377423
v -2.172581 -1.681456 -0.411218
v -2.163695 -1.662919 -0.445285
v -2.156448 -1.641543 -0.478228
v -2.219583 -1.726242 -0.285559
v -2.209242 -1.716170 -0.310756
v -2.198960 -1.704220 -0.339371
v -2.189020 -1.690082 -0.370575
v -2.179745 -1.673470 -0.403436
v -2.171600 -1.654176 -0.436633
v -2.165086 -1.632012 -0.468750
v -2.224077 -1.720807 -0.284357
v -2.214882 -1.710648 -0.307871
v -2.205717 -1.698411 -0.334984
v -2.196830 -1.683839 -0.364914
v -2.188549 -1.666693 -0.396717
v -2.181353 -1.646795 -0.429027
v -2.175758 -1.623982 -0.460371
v -2.228838 -1.716231 -0.284849
v -2.221302 -1.706254 -0.306169
v -2.213550 -1.693910 -0.331664
v -2.205901 -1.679052 -0.360396
v -2.198774 -1.661523 -0.391257
v -2.192680 -1.641178 -0.422801
v -2.188151 -1.617874 -0.453495
v -2.182376 -1.480170 -0.596430
v -2.186638 -1.464615 -0.602938
v -2.189950 -1.453609 -0.609411
v -2.192539 -1.447071 -0.616219
v -2.194544 -1.444813 -0.623657
v -2.195755 -1.446226 -0.631735
v -2.195628 -1.450555 -0.640392
v -2.208174 -1.482507 -0.595456
v -2.212738 -1.466971 -0.601957
v -2.216019 -1.455939 -0.608444
v -2.218159 -1.449316 -0.615293
v -2.219202 -1.446929 -0.622841
v -2.218813 -1.448311 -0.631267
v -2.216450 -1.452915 -0.640731
v -2.233841 -1.488586 -0.597820
v -2.238704 -1.473112 -0.604353
v -2.241951 -1.462049 -0.610850
v -2.243639 -1.455273 -0.617681
v -2.243760 -1.452619 -0.625205
v -2.242074 -1.453756 -0.633721
v -2.238261 -1.458316 -0.643520
v -2.258390 -1.497955 -0.603237
v -2.263537 -1.482586 -0.609835
v -2.266748 -1.471499 -0.616329
v -2.267994 -1.464533 -0.623073
v -2.267249 -1.461521 -0.630428
v -2.264494 -1.462258 -0.638777
v -2.259717 -1.466531 -0.648504
v -2.280835 -1.510162 -0.611420
v -2.286240 -1.494938 -0.618111
v -2.289412 -1.483841 -0.624586
v -2.290245 -1.476672 -0.631169
v -2.288698 -1.473251 -0.638210
v -2.285002 -1.473467 -0.646145
v -2.279464 -1.477234 -0.655445
v -2.300190 -1.524755 -0.622086
v -2.305816 -1.509707 -0.628895
v -2.308953 -1.498609 -0.635340
v -2.309423 -1.491219 -0.641706
v -2.307173 -1.487320 -0.648300
v -2.302637 -1.486798 -0.655526
v -2.296428 -1.489636 -0.663877
v -2.315470 -1.541279 -0.634948
v -2.321271 -1.526431 -0.641902
v -2.324379 -1.515331 -0.648316
v -2.324562 -1.507688 -0.654428
v -2.321746 -1.503217 -0.660470
v -2.316472 -1.501652 -0.666671
v -2.309600 -1.502884 -0.673377
v -2.330114 -1.578266 -0.666057
v -2.336087 -1.563852 -0.673375
v -2.339178 -1.552710 -0.679754
v -2.339108 -1.544428 -0.685328
v -2.335726 -1.538529 -0.690170
v -2.329388 -1.534277 -0.694110
v -2.320606 -1.530683 -0.696757
v -2.329018 -1.597568 -0.683326
v -2.334981 -1.583373 -0.690852
v -2.338085 -1.572191 -0.697226
v -2.338055 -1.563539 -0.702531
v -2.334704 -1.556860 -0.706787
v -2.328171 -1.551293 -0.709770
v -2.318670 -1.545815 -0.711127
v -2.322926 -1.616478 -0.700837
v -2.328823 -1.602496 -0.708573
v -2.331945 -1.591272 -0.714941
v -2.332046 -1.582253 -0.719969
v -2.328917 -1.574838 -0.723650
v -2.322516 -1.568220 -0.725838
v -2.312840 -1.561534 -0.726346
v -2.312365 -1.634286 -0.717898
v -2.318141 -1.620508 -0.725834
v -2.321285 -1.609249 -0.732184
v -2.321586 -1.599896 -0.736920
v -2.318837 -1.591826 -0.740022
v -2.312850 -1.584398 -0.741503
v -2.303439 -1.576965 -0.741386
v -2.297859 -1.650284 -0.733817
v -2.303467 -1.636693 -0.741933
v -2.306629 -1.625415 -0.748249
v -2.307186 -1.615782 -0.752677
v -2.304947 -1.607166 -0.755187
v -2.299618 -1.599103 -0.755965
v -2.290862 -1.591175 -0.755262
v -2.279936 -1.663763 -0.747902
v -2.285333 -1.650332 -0.756174
v -2.288513 -1.639046 -0.762447
v -2.289375 -1.629194 -0.766580
v -2.287780 -1.620145 -0.768524
v -2.283459 -1.611595 -0.768597
v -2.276009 -1.603351 -0.767256
v -2.259120 -1.674013 -0.759462
v -2.264272 -1.660705 -0.767860
v -2.267472 -1.649416 -0.774096
v -2.268686 -1.639405 -0.777982
v -2.267875 -1.630037 -0.779440
v -2.264997 -1.621119 -0.778829
v -2.259812 -1.612673 -0.776742
v -2.210995 -1.682181 -0.772405
v -2.215583 -1.668969 -0.780954
v -2.218838 -1.657671 -0.787175
v -2.220883 -1.647518 -0.790838
v -2.221931 -1.637835 -0.791796
v -2.222548 -1.628323 -0.790245
v -2.223643 -1.618812 -0.786469
v -2.185197 -1.679842 -0.773381
v -2.189485 -1.666599 -0.781951
v -2.192775 -1.655295 -0.788194
v -2.195277 -1.645164 -0.791886
v -2.197301 -1.635501 -0.792858
v -2.199544 -1.625837 -0.791165
v -2.202913 -1.615757 -0.786914
v -2.159531 -1.673761 -0.771019
v -2.163521 -1.660444 -0.779570
v -2.166849 -1.649138 -0.785841
v -2.169812 -1.639097 -0.789622
v -2.172771 -1.629598 -0.790734
v -2.176332 -1.620027 -0.789121
v -2.181177 -1.609791 -0.784760
v -2.134982 -1.664391 -0.765603
v -2.138689 -1.650964 -0.774095
v -2.142055 -1.639668 -0.780386
v -2.145463 -1.629787 -0.784286
v -2.149296 -1.620600 -0.785618
v -2.153932 -1.611369 -0.784241
v -2.159751 -1.601352 -0.780029
v -2.112537 -1.652185 -0.757418
v -2.115985 -1.638619 -0.765812
v -2.119388 -1.627347 -0.772105
v -2.123205 -1.617698 -0.776134
v -2.127833 -1.608966 -0.777728
v -2.133403 -1.600316 -0.776697
v -2.139974 -1.590873 -0.772836
v -2.093181 -1.637594 -0.746751
v -2.096407 -1.623863 -0.755013
v -2.099841 -1.612625 -0.761299
v -2.104013 -1.603261 -0.765474
v -2.109330 -1.595110 -0.767398
v -2.115720 -1.587350 -0.766906
v -2.122935 -1.579035 -0.763767
v -2.077901 -1.621072 -0.733886
v -2.080950 -1.607153 -0.741990
v -2.084409 -1.595949 -0.748271
v -2.088859 -1.586900 -0.752629
v -2.094728 -1.579431 -0.754983
v -2.101832 -1.572898 -0.755308
v -2.109671 -1.566483 -0.753485
v -2.063257 -1.584084 -0.702778
v -2.066135 -1.569732 -0.710517
v -2.069611 -1.558570 -0.716833
v -2.074314 -1.550160 -0.721729
v -2.080748 -1.544119 -0.725283
v -2.088916 -1.540273 -0.727869
v -2.098665 -1.538684 -0.730105
v -2.064354 -1.564781 -0.685511
v -2.067242 -1.550198 -0.693056
v -2.070710 -1.539043 -0.699412
v -2.075381 -1.530940 -0.704648
v -2.081799 -1.525570 -0.708911
v -2.090186 -1.522855 -0.712662
v -2.100693 -1.522856 -0.716518
v -2.070446 -1.545869 -0.668002
v -2.073402 -1.531061 -0.675350
v -2.076855 -1.519916 -0.681750
v -2.081405 -1.512117 -0.687334
v -2.087614 -1.507379 -0.692289
v -2.095890 -1.505563 -0.697005
v -2.106599 -1.506573 -0.701935
v -2.081007 -1.528060 -0.650941
v -2.084085 -1.513043 -0.658096
v -2.087518 -1.501918 -0.664530
v -2.091872 -1.494425 -0.670439
v -2.097707 -1.490296 -0.676024
v -2.105576 -1.489230 -0.681515
v -2.116029 -1.490917 -0.687147
v -2.095512 -1.512063 -0.635021
v -2.098758 -1.496864 -0.641990
v -2.102171 -1.485773 -0.648442
v -2.106265 -1.478588 -0.654626
v -2.111584 -1.475052 -0.660752
v -2.118788 -1.474680 -0.666877
v -2.128577 -1.476931 -0.673018
v -2.113436 -1.498586 -0.620934
v -2.116890 -1.483238 -0.627734
v -2.120281 -1.472188 -0.634192
v -2.124062 -1.465286 -0.640600
v -2.128723 -1.462285 -0.647174
v -2.134898 -1.462553 -0.653835
v -2.143354 -1.465320 -0.660389
v -2.134251 -1.488337 -0.609372
v -2.137949 -1.472879 -0.616032
v -2.141316 -1.461864 -0.622491
v -2.144736 -1.455184 -0.629075
v -2.148599 -1.452611 -0.636013
v -2.153306 -1.453431 -0.643151
v -2.159458 -1.456693 -0.650119
v -2.192774 -1.907932 -0.267330
v -2.191846 -1.914737 -0.261840
v -2.189914 -1.921114 -0.260381
v -2.186812 -1.926672 -0.263096
v -2.182528 -1.931075 -0.270098
v -2.177385 -1.934240 -0.280867
v -2.171837 -1.936170 -0.294877
v -2.188795 -1.907029 -0.255358
v -2.187664 -1.914396 -0.247966
v -2.185612 -1.920970 -0.245488
v -2.182493 -1.926533 -0.247893
v -2.178254 -1.930894 -0.255170
v -2.173110 -1.934024 -0.267114
v -2.167357 -1.935942 -0.283564
v -2.183561 -1.905069 -0.246885
v -2.182376 -1.912794 -0.238612
v -2.180227 -1.919525 -0.235641
v -2.177045 -1.925140 -0.237923
v -2.172801 -1.929540 -0.245411
v -2.167616 -1.932700 -0.258031
v -2.161651 -1.934618 -0.275712
v -2.177144 -1.902253 -0.242558
v -2.175991 -1.910109 -0.234079
v -2.173776 -1.916885 -0.230980
v -2.170536 -1.922522 -0.233236
v -2.166304 -1.926963 -0.240812
v -2.161124 -1.930159 -0.253639
v -2.155040 -1.932064 -0.271640
v -2.169715 -1.898711 -0.242878
v -2.168580 -1.906460 -0.234619
v -2.166305 -1.913133 -0.231612
v -2.163036 -1.918708 -0.233869
v -2.158880 -1.923148 -0.241382
v -2.153821 -1.926366 -0.254038
v -2.147805 -1.928261 -0.271705
v -2.161684 -1.894582 -0.247512
v -2.160380 -1.901869 -0.240070
v -2.157943 -1.908266 -0.237480
v -2.154622 -1.913736 -0.239826
v -2.150584 -1.918190 -0.247162
v -2.145826 -1.921497 -0.259218
v -2.140246 -1.923494 -0.275718
v -2.153522 -1.889910 -0.255970
v -2.151656 -1.896284 -0.250209
v -2.148838 -1.902255 -0.248493
v -2.145372 -1.907645 -0.251102
v -2.141452 -1.912215 -0.258210
v -2.137195 -1.915787 -0.269235
v -2.132585 -1.918147 -0.283517
v -2.236590 -1.599066 -0.772887
v -2.248861 -1.587482 -0.762756
v -2.261781 -1.574202 -0.750450
v -2.273787 -1.559675 -0.736489
v -2.283745 -1.544580 -0.721553
v -2.291494 -1.529985 -0.706664
v -2.297343 -1.517131 -0.692955
v -2.218054 -1.592711 -0.771041
v -2.229708 -1.579350 -0.759740
v -2.242209 -1.564855 -0.746572
v -2.254296 -1.549602 -0.732000
v -2.264992 -1.534128 -0.716596
v -2.274195 -1.519353 -0.701209
v -2.282120 -1.506307 -0.686750
v -2.197402 -1.585128 -0.767764
v -2.208604 -1.570559 -0.755609
v -2.220726 -1.555049 -0.741674
v -2.232878 -1.539092 -0.726494
v -2.244306 -1.523247 -0.710649
v -2.254766 -1.508300 -0.694874
v -2.264155 -1.495100 -0.679938
v -2.176304 -1.576219 -0.762706
v -2.186917 -1.561037 -0.750120
v -2.198472 -1.544931 -0.735747
v -2.210468 -1.528577 -0.720240
v -2.222408 -1.512648 -0.704253
v -2.233793 -1.497816 -0.688446
v -2.244124 -1.484752 -0.673475
v -2.156226 -1.566222 -0.755847
v -2.165891 -1.550948 -0.743248
v -2.176518 -1.534751 -0.728880
v -2.188002 -1.518488 -0.713507
v -2.200099 -1.502949 -0.697855
v -2.212054 -1.488689 -0.682512
v -2.222979 -1.476195 -0.668021
v -2.138129 -1.556014 -0.747910
v -2.146308 -1.541058 -0.735603
v -2.155666 -1.525120 -0.721525
v -2.166415 -1.509252 -0.706566
v -2.178449 -1.494393 -0.691550
v -2.190794 -1.481060 -0.677072
v -2.202194 -1.469610 -0.663619
v -2.122694 -1.546772 -0.739924
v -2.128754 -1.532336 -0.727996
v -2.136636 -1.516743 -0.714232
v -2.146641 -1.501297 -0.699692
v -2.158600 -1.487121 -0.685335
v -2.171387 -1.474839 -0.671904
v -2.183447 -1.464836 -0.659992
v -2.045769 -1.788929 -0.571516
v -2.044477 -1.761926 -0.597298
v -2.044996 -1.733501 -0.619783
v -2.046916 -1.704571 -0.639280
v -2.049823 -1.676047 -0.656101
v -2.053305 -1.648846 -0.670555
v -2.056951 -1.623879 -0.682954
v -2.046532 -1.775500 -0.559503
v -2.045294 -1.747548 -0.584436
v -2.045865 -1.718207 -0.606100
v -2.047834 -1.688405 -0.624819
v -2.050787 -1.659071 -0.640914
v -2.054312 -1.631135 -0.654712
v -2.057994 -1.605525 -0.666535
v -2.050771 -1.762344 -0.547320
v -2.049831 -1.733463 -0.571394
v -2.050693 -1.703223 -0.592226
v -2.052937 -1.672567 -0.610154
v -2.056145 -1.642440 -0.625515
v -2.059901 -1.613785 -0.638646
v -2.063787 -1.587544 -0.649885
v -2.058119 -1.749954 -0.535451
v -2.057698 -1.720198 -0.558686
v -2.059062 -1.689111 -0.578707
v -2.061782 -1.657653 -0.595865
v -2.065434 -1.626778 -0.610510
v -2.069592 -1.597445 -0.622992
v -2.073830 -1.570610 -0.633662
v -2.068210 -1.738823 -0.524375
v -2.068503 -1.708281 -0.546828
v -2.070555 -1.676435 -0.566093
v -2.073930 -1.644254 -0.582533
v -2.078191 -1.612708 -0.596510
v -2.082901 -1.582766 -0.608386
v -2.087623 -1.555398 -0.618525
v -2.080680 -1.729446 -0.514575
v -2.081853 -1.698242 -0.536336
v -2.084757 -1.665755 -0.554932
v -2.088941 -1.632966 -0.570736
v -2.093954 -1.600854 -0.584121
v -2.099345 -1.570400 -0.595462
v -2.104665 -1.542581 -0.605131
v -2.095161 -1.722316 -0.506531
v -2.097357 -1.690608 -0.527725
v -2.101250 -1.657634 -0.545771
v -2.106373 -1.624382 -0.561053
v -2.112260 -1.591841 -0.573953
v -2.118443 -1.560996 -0.584854
v -2.124457 -1.532836 -0.594137
v -2.148554 -1.857177 -0.619957
v -2.154521 -1.834993 -0.649161
v -2.162060 -1.811230 -0.674953
v -2.170646 -1.786726 -0.697593
v -2.179754 -1.762320 -0.717336
v -2.188858 -1.738851 -0.734439
v -2.197432 -1.717157 -0.749161
v -2.130605 -1.855551 -0.620635
v -2.135305 -1.833252 -0.649887
v -2.141618 -1.809378 -0.675726
v -2.149040 -1.784768 -0.698409
v -2.157066 -1.760264 -0.718193
v -2.165188 -1.736706 -0.735334
v -2.172901 -1.714933 -0.750088
v -2.112749 -1.851320 -0.618991
v -2.116187 -1.828723 -0.648126
v -2.121281 -1.804560 -0.673853
v -2.127545 -1.779676 -0.696430
v -2.134493 -1.754916 -0.716114
v -2.141638 -1.731127 -0.733165
v -2.148495 -1.709152 -0.747840
v -2.095670 -1.844801 -0.615223
v -2.097902 -1.821744 -0.644092
v -2.101829 -1.797135 -0.669561
v -2.106985 -1.771828 -0.691893
v -2.112903 -1.746676 -0.711351
v -2.119114 -1.722530 -0.728195
v -2.125153 -1.700242 -0.742690
v -2.080054 -1.836309 -0.609529
v -2.081183 -1.812651 -0.637996
v -2.084044 -1.787463 -0.663076
v -2.088187 -1.761605 -0.685039
v -2.093163 -1.735940 -0.704153
v -2.098521 -1.711329 -0.720686
v -2.103810 -1.688635 -0.734908
v -2.066588 -1.826157 -0.602108
v -2.066766 -1.801783 -0.630051
v -2.068707 -1.775901 -0.654625
v -2.071977 -1.749385 -0.676106
v -2.076140 -1.723108 -0.694772
v -2.080761 -1.697942 -0.710900
v -2.085405 -1.674760 -0.724766
v -2.055957 -1.814662 -0.593159
v -2.055384 -1.789476 -0.620470
v -2.056599 -1.762809 -0.644432
v -2.059180 -1.735547 -0.665333
v -2.062701 -1.708576 -0.683459
v -2.066741 -1.682782 -0.699098
v -2.070875 -1.659049 -0.712534
v -2.231427 -1.784881 -0.545968
v -2.243247 -1.757592 -0.569946
v -2.256446 -1.728891 -0.590686
v -2.270408 -1.699698 -0.608526
v -2.284515 -1.670930 -0.623806
v -2.298151 -1.643507 -0.636863
v -2.310698 -1.618347 -0.648037
v -2.230664 -1.798310 -0.557982
v -2.242430 -1.771969 -0.582808
v -2.255577 -1.744186 -0.604369
v -2.269489 -1.715863 -0.622988
v -2.283551 -1.687906 -0.638992
v -2.297145 -1.661217 -0.652706
v -2.309655 -1.636701 -0.664457
v -2.226426 -1.811467 -0.570164
v -2.237892 -1.786055 -0.595851
v -2.250750 -1.759170 -0.618243
v -2.264387 -1.731701 -0.637653
v -2.278193 -1.704537 -0.654392
v -2.291555 -1.678568 -0.668772
v -2.303862 -1.654682 -0.681107
v -2.219078 -1.823857 -0.582034
v -2.230025 -1.799320 -0.608559
v -2.242381 -1.773281 -0.631762
v -2.255542 -1.746616 -0.651941
v -2.268904 -1.720199 -0.669396
v -2.281864 -1.694908 -0.684426
v -2.293819 -1.671616 -0.697329
v -2.208986 -1.834987 -0.593109
v -2.219221 -1.811236 -0.620417
v -2.230887 -1.785957 -0.644376
v -2.243393 -1.760014 -0.665274
v -2.256147 -1.734269 -0.683397
v -2.268556 -1.709586 -0.699032
v -2.280027 -1.686828 -0.712467
v -2.196517 -1.844364 -0.602910
v -2.205871 -1.821275 -0.630909
v -2.216686 -1.796637 -0.655537
v -2.228383 -1.771302 -0.677071
v -2.240384 -1.746123 -0.695785
v -2.252111 -1.721953 -0.711957
v -2.262984 -1.699644 -0.725861
v -2.182035 -1.851495 -0.610953
v -2.190367 -1.828910 -0.639520
v -2.200192 -1.804758 -0.664698
v -2.210951 -1.779886 -0.686753
v -2.222078 -1.755137 -0.705953
v -2.233013 -1.731357 -0.722564
v -2.243192 -1.709390 -0.736854
v -2.128642 -1.716633 -0.497527
v -2.133203 -1.684524 -0.518084
v -2.139382 -1.651162 -0.535516
v -2.146677 -1.617542 -0.550214
v -2.154584 -1.584657 -0.562571
v -2.162599 -1.553502 -0.572979
v -2.170218 -1.525069 -0.581831
v -2.146591 -1.718260 -0.496849
v -2.152419 -1.686265 -0.517358
v -2.159824 -1.653015 -0.534743
v -2.168283 -1.619500 -0.549397
v -2.177273 -1.586714 -0.561714
v -2.186269 -1.555647 -0.572085
v -2.194748 -1.527292 -0.580904
v -2.164448 -1.722490 -0.498493
v -2.171536 -1.690794 -0.519119
v -2.180161 -1.657833 -0.536616
v -2.189779 -1.624592 -0.551377
v -2.199845 -1.592061 -0.563792
v -2.209818 -1.561226 -0.574253
v -2.219154 -1.533074 -0.583151
v -2.181527 -1.729009 -0.502262
v -2.189822 -1.697774 -0.523153
v -2.199613 -1.665257 -0.540908
v -2.210338 -1.632440 -0.555913
v -2.221435 -1.600302 -0.568556
v -2.232342 -1.569823 -0.579223
v -2.242497 -1.541984 -0.588302
v -2.197142 -1.737502 -0.507956
v -2.206540 -1.706866 -0.529249
v -2.217398 -1.674929 -0.547393
v -2.229136 -1.642663 -0.562767
v -2.241175 -1.611037 -0.575753
v -2.252936 -1.581023 -0.586732
v -2.263839 -1.553591 -0.596084
v -2.210609 -1.747653 -0.515376
v -2.220958 -1.717734 -0.537194
v -2.232735 -1.686491 -0.555844
v -2.245347 -1.654883 -0.571700
v -2.258198 -1.623870 -0.585134
v -2.270695 -1.594411 -0.596519
v -2.282244 -1.567465 -0.606226
v -2.221240 -1.759148 -0.524326
v -2.232339 -1.730042 -0.546775
v -2.244843 -1.699583 -0.566037
v -2.258144 -1.668721 -0.582473
v -2.271637 -1.638401 -0.596447
v -2.284715 -1.609571 -0.608321
v -2.296774 -1.583176 -0.618457
v -2.151069 -1.874353 -0.281401
v -2.146774 -1.863827 -0.301849
v -2.141749 -1.851020 -0.326610
v -2.136628 -1.835733 -0.354663
v -2.131970 -1.817785 -0.384860
v -2.128321 -1.797024 -0.415746
v -2.126220 -1.773309 -0.445788
v -2.159418 -1.876706 -0.277383
v -2.156104 -1.865548 -0.299316
v -2.152184 -1.852421 -0.325018
v -2.148233 -1.837011 -0.353620
v -2.144797 -1.819043 -0.384121
v -2.142405 -1.798329 -0.415139
v -2.141586 -1.774705 -0.445198
v -2.168021 -1.879918 -0.275063
v -2.165546 -1.868510 -0.298144
v -2.162642 -1.855307 -0.324775
v -2.159816 -1.839963 -0.354066
v -2.157573 -1.822157 -0.385035
v -2.156422 -1.801676 -0.416352
v -2.156874 -1.778330 -0.446596
v -2.176211 -1.883463 -0.275591
v -2.174532 -1.872220 -0.299230
v -2.172605 -1.859278 -0.326419
v -2.170872 -1.844270 -0.356216
v -2.169784 -1.826854 -0.387608
v -2.169826 -1.806803 -0.419273
v -2.171496 -1.783913 -0.449818
v -2.183425 -1.886990 -0.279521
v -2.182545 -1.876315 -0.303064
v -2.181586 -1.864005 -0.330257
v -2.180914 -1.849650 -0.360172
v -2.180920 -1.832877 -0.391792
v -2.182073 -1.813453 -0.423775
v -2.184864 -1.791182 -0.454697
v -2.189354 -1.890451 -0.286047
v -2.189268 -1.880775 -0.308914
v -2.189224 -1.869428 -0.335737
v -2.189519 -1.855967 -0.365569
v -2.190500 -1.840027 -0.397348
v -2.192627 -1.821388 -0.429673
v -2.196391 -1.799869 -0.461059
v -2.193776 -1.893962 -0.293761
v -2.194440 -1.885712 -0.315644
v -2.195192 -1.875557 -0.342077
v -2.196283 -1.863123 -0.371928
v -2.198050 -1.848125 -0.403985
v -2.200956 -1.830374 -0.436767
v -2.205491 -1.809706 -0.468730
v -2.197677 -1.903816 -0.302049
v -2.199327 -1.898057 -0.326027
v -2.200909 -1.889999 -0.354223
v -2.202770 -1.879507 -0.385708
v -2.205288 -1.866407 -0.419360
v -2.208937 -1.850535 -0.453724
v -2.214211 -1.831733 -0.487255
v -2.197244 -1.910380 -0.302809
v -2.198948 -1.905225 -0.329477
v -2.200500 -1.897909 -0.359692
v -2.202297 -1.888242 -0.392714
v -2.204752 -1.876025 -0.427624
v -2.208341 -1.861079 -0.463056
v -2.213558 -1.843230 -0.497528
v -2.195301 -1.916986 -0.304749
v -2.196815 -1.912357 -0.333377
v -2.198100 -1.905718 -0.365340
v -2.199593 -1.896830 -0.399853
v -2.201738 -1.885461 -0.436018
v -2.205020 -1.871413 -0.472523
v -2.209930 -1.854495 -0.507946
v -2.191879 -1.923037 -0.308875
v -2.193034 -1.918953 -0.338535
v -2.193871 -1.912993 -0.371596
v -2.194867 -1.904875 -0.407189
v -2.196498 -1.894330 -0.444358
v -2.199257 -1.881140 -0.481795
v -2.203640 -1.865103 -0.518103
v -2.187084 -1.928067 -0.315559
v -2.187747 -1.924586 -0.345307
v -2.187996 -1.919346 -0.378635
v -2.188339 -1.912007 -0.414659
v -2.189285 -1.902256 -0.452403
v -2.191338 -1.889866 -0.490524
v -2.195000 -1.874631 -0.527590
v -2.181276 -1.931916 -0.323818
v -2.181258 -1.929083 -0.352752
v -2.180742 -1.924555 -0.385686
v -2.180275 -1.917943 -0.421688
v -2.180373 -1.908904 -0.459698
v -2.181552 -1.897208 -0.498301
v -2.184325 -1.882657 -0.535991
v -2.174897 -1.934539 -0.332020
v -2.173902 -1.932348 -0.359478
v -2.172403 -1.928445 -0.391729
v -2.170949 -1.922423 -0.427574
v -2.170041 -1.913944 -0.465735
v -2.170194 -1.902787 -0.504698
v -2.171927 -1.888760 -0.542888
v -2.162076 -1.936715 -0.335468
v -2.157840 -1.935074 -0.363798
v -2.153612 -1.931634 -0.396782
v -2.149632 -1.926041 -0.433307
v -2.146254 -1.917981 -0.472132
v -2.143962 -1.907239 -0.511753
v -2.143268 -1.893624 -0.550595
v -2.155345 -1.936317 -0.330792
v -2.149446 -1.934482 -0.361307
v -2.143685 -1.930844 -0.395652
v -2.138281 -1.925070 -0.432982
v -2.133535 -1.916853 -0.472295
v -2.129910 -1.905973 -0.512190
v -2.127906 -1.892232 -0.551164
v -2.148056 -1.934691 -0.326056
v -2.140852 -1.932545 -0.357919
v -2.133723 -1.928557 -0.393230
v -2.126953 -1.922426 -0.431168
v -2.120867 -1.913868 -0.470803
v -2.115925 -1.902665 -0.510806
v -2.112622 -1.888612 -0.549744
v -2.140388 -1.931776 -0.322723
v -2.132229 -1.929272 -0.354888
v -2.123982 -1.924855 -0.390391
v -2.116012 -1.918258 -0.428396
v -2.108705 -1.909230 -0.467969
v -2.102535 -1.897555 -0.507806
v -2.098002 -1.883032 -0.546513
v -2.132652 -1.927619 -0.321598
v -2.123853 -1.924740 -0.353000
v -2.114779 -1.919859 -0.387748
v -2.105855 -1.912739 -0.425062
v -2.097520 -1.903149 -0.464046
v -2.090274 -1.890888 -0.503382
v -2.084632 -1.875761 -0.541644
v -2.125409 -1.922572 -0.322128
v -2.116282 -1.919255 -0.351709
v -2.106645 -1.913838 -0.384933
v -2.096995 -1.906114 -0.421033
v -2.087832 -1.895869 -0.459068
v -2.079688 -1.882914 -0.497655
v -2.073101 -1.867069 -0.535303
v -2.119368 -1.917107 -0.323109
v -2.110174 -1.913189 -0.350003
v -2.100170 -1.907096 -0.381316
v -2.089976 -1.898650 -0.416042
v -2.080174 -1.887641 -0.453008
v -2.071328 -1.873890 -0.490732
v -2.063997 -1.857227 -0.527654
v -2.115467 -1.907252 -0.314821
v -2.105286 -1.900843 -0.339620
v -2.094452 -1.892655 -0.369169
v -2.083490 -1.882267 -0.402262
v -2.072936 -1.869359 -0.437632
v -2.063346 -1.853729 -0.473776
v -2.055276 -1.835200 -0.509128
v -2.117519 -1.902642 -0.305366
v -2.106602 -1.894805 -0.331146
v -2.095369 -1.885357 -0.360978
v -2.084217 -1.873839 -0.393888
v -2.073580 -1.859870 -0.428792
v -2.063974 -1.843223 -0.464273
v -2.055933 -1.823707 -0.498833
v -2.120776 -1.897622 -0.296369
v -2.109584 -1.888698 -0.322686
v -2.098264 -1.878147 -0.352666
v -2.087176 -1.865559 -0.385381
v -2.076701 -1.850564 -0.419820
v -2.067327 -1.832928 -0.454635
v -2.059565 -1.812447 -0.488394
v -2.124720 -1.892202 -0.289438
v -2.113727 -1.882540 -0.315583
v -2.102716 -1.871140 -0.345214
v -2.092018 -1.857653 -0.377423
v -2.081990 -1.841755 -0.411218
v -2.073105 -1.823218 -0.445285
v -2.065858 -1.801842 -0.478228
v -2.128993 -1.886541 -0.285559
v -2.118651 -1.876469 -0.310756
v -2.108369 -1.864519 -0.339371
v -2.098430 -1.850381 -0.370575
v -2.089154 -1.833769 -0.403436
v -2.081009 -1.814475 -0.436633
v -2.074496 -1.792312 -0.468750
v -2.133487 -1.881106 -0.284357
v -2.124292 -1.870947 -0.307871
v -2.115126 -1.858710 -0.334984
v -2.106239 -1.844138 -0.364914
v -2.097959 -1.826992 -0.396717
v -2.090763 -1.807094 -0.429027
v -2.085167 -1.784281 -0.460371
v -2.138247 -1.876529 -0.284849
v -2.130712 -1.866553 -0.306169
v -2.122959 -1.854209 -0.331664
v -2.115310 -1.839351 -0.360396
v -2.108184 -1.821822 -0.391258
v -2.102090 -1.801477 -0.422801
v -2.097560 -1.778173 -0.453495
v -2.346823 -1.161366 -0.596430
v -2.351085 -1.145811 -0.602938
v -2.354398 -1.134806 -0.609411
v -2.356986 -1.128267 -0.616219
v -2.358991 -1.126010 -0.623657
v -2.360203 -1.127423 -0.631735
v -2.360075 -1.131751 -0.640392
v -2.372622 -1.163703 -0.595456
v -2.377185 -1.148167 -0.601957
v -2.380466 -1.137136 -0.608444
v -2.382606 -1.130512 -0.615293
v -2.383650 -1.128125 -0.622841
v -2.383260 -1.129508 -0.631267
v -2.380897 -1.134111 -0.640731
v -2.398288 -1.169782 -0.597820
v -2.403151 -1.154309 -0.604353
v -2.406399 -1.143246 -0.610850
v -2.408086 -1.136469 -0.617681
v -2.408208 -1.133815 -0.625205
v -2.406521 -1.134953 -0.633721
v -2.402708 -1.139512 -0.643520
v -2.422837 -1.179151 -0.603237
v -2.427984 -1.163782 -0.609835
v -2.431195 -1.152695 -0.616329
v -2.432441 -1.145729 -0.623073
v -2.431696 -1.142717 -0.630428
v -2.428941 -1.143454 -0.638777
v -2.424164 -1.147727 -0.648504
v -2.445282 -1.191359 -0.611420
v -2.450687 -1.176134 -0.618111
v -2.453860 -1.165037 -0.624586
v -2.454692 -1.157869 -0.631169
v -2.453145 -1.154448 -0.638210
v -2.449450 -1.154663 -0.646145
v -2.443912 -1.158430 -0.655445
v -2.464637 -1.205951 -0.622086
v -2.470263 -1.190903 -0.628895
v -2.473400 -1.179805 -0.635340
v -2.473870 -1.172415 -0.641706
v -2.471620 -1.168516 -0.648300
v -2.467084 -1.167994 -0.655526
v -2.460875 -1.170832 -0.663877
v -2.479918 -1.222475 -0.634948
v -2.485718 -1.207627 -0.641902
v -2.488826 -1.196527 -0.648316
v -2.489009 -1.188884 -0.654428
v -2.486193 -1.184413 -0.660470
v -2.480919 -1.182848 -0.666671
v -2.474047 -1.184080 -0.673376
v -2.494561 -1.259463 -0.666057
v -2.500534 -1.245048 -0.673375
v -2.503625 -1.233906 -0.679754
v -2.503555 -1.225625 -0.685328
v -2.500173 -1.219725 -0.690170
v -2.493835 -1.215473 -0.694110
v -2.485053 -1.211879 -0.696757
v -2.493465 -1.278764 -0.683326
v -2.499429 -1.264569 -0.690851
v -2.502532 -1.253387 -0.697226
v -2.502503 -1.244735 -0.702531
v -2.499151 -1.238056 -0.706787
v -2.492618 -1.232489 -0.709770
v -2.483117 -1.227011 -0.711127
v -2.487373 -1.297674 -0.700837
v -2.493270 -1.283692 -0.708573
v -2.496392 -1.272468 -0.714941
v -2.496493 -1.263450 -0.719969
v -2.493364 -1.256034 -0.723650
v -2.486963 -1.249416 -0.725838
v -2.477287 -1.242730 -0.726346
v -2.476812 -1.315482 -0.717898
v -2.482588 -1.301704 -0.725834
v -2.485732 -1.290446 -0.732184
v -2.486033 -1.281092 -0.736920
v -2.483285 -1.273022 -0.740022
v -2.477298 -1.265594 -0.741503
v -2.467886 -1.258161 -0.741386
v -2.462306 -1.331481 -0.733817
v -2.467914 -1.317889 -0.741933
v -2.471076 -1.306611 -0.748249
v -2.471633 -1.296978 -0.752677
v -2.469394 -1.288362 -0.755187
v -2.464065 -1.280299 -0.755965
v -2.455309 -1.272372 -0.755262
v -2.444383 -1.344959 -0.747902
v -2.449780 -1.331528 -0.756174
v -2.452960 -1.320242 -0.762447
v -2.453822 -1.310390 -0.766580
v -2.452227 -1.301341 -0.768524
v -2.447906 -1.292791 -0.768597
v -2.440456 -1.284547 -0.767256
v -2.423568 -1.355209 -0.759462
v -2.428719 -1.341902 -0.767860
v -2.431920 -1.330613 -0.774096
v -2.433133 -1.320601 -0.777982
v -2.432323 -1.311233 -0.779440
v -2.429444 -1.302315 -0.778829
v -2.424259 -1.293869 -0.776742
v -2.375442 -1.363377 -0.772405
v -2.380030 -1.350165 -0.780954
v -2.383285 -1.338867 -0.787175
v -2.385330 -1.328714 -0.790838
v -2.386378 -1.319031 -0.791796
v -2.386995 -1.309520 -0.790245
v -2.388090 -1.300008 -0.786469
v -2.349644 -1.361039 -0.773381
v -2.353932 -1.347796 -0.781950
v -2.357222 -1.336491 -0.788194
v -2.359724 -1.326360 -0.791886
v -2.361748 -1.316697 -0.792857
v -2.363991 -1.307033 -0.791165
v -2.367360 -1.296953 -0.786914
v -2.323978 -1.354958 -0.771019
v -2.327968 -1.341641 -0.779570
v -2.331296 -1.330335 -0.785841
v -2.334259 -1.320293 -0.789622
v -2.337218 -1.310795 -0.790734
v -2.340779 -1.301223 -0.789121
v -2.345624 -1.290987 -0.784760
v -2.299429 -1.345588 -0.765603
v -2.303136 -1.332160 -0.774095
v -2.306502 -1.320864 -0.780386
v -2.309910 -1.310983 -0.784286
v -2.313743 -1.301797 -0.785617
v -2.318379 -1.292566 -0.784241
v -2.324198 -1.282548 -0.780029
v -2.276984 -1.333381 -0.757418
v -2.280432 -1.319815 -0.765812
v -2.283835 -1.308543 -0.772105
v -2.287653 -1.298894 -0.776134
v -2.292281 -1.290162 -0.777728
v -2.297850 -1.281513 -0.776697
v -2.304421 -1.272069 -0.772835
v -2.257628 -1.318790 -0.746751
v -2.260854 -1.305060 -0.755013
v -2.264288 -1.293821 -0.761299
v -2.268460 -1.284457 -0.765474
v -2.273777 -1.276306 -0.767398
v -2.280167 -1.268546 -0.766906
v -2.287382 -1.260231 -0.763767
v -2.242348 -1.302268 -0.733886
v -2.245397 -1.288350 -0.741990
v -2.248856 -1.277146 -0.748270
v -2.253306 -1.268097 -0.752629
v -2.259176 -1.260627 -0.754983
v -2.266279 -1.254094 -0.755308
v -2.274118 -1.247679 -0.753485
v -2.227704 -1.265280 -0.702778
v -2.230582 -1.250929 -0.710517
v -2.234058 -1.239766 -0.716833
v -2.238761 -1.231357 -0.721729
v -2.245195 -1.225315 -0.725283
v -2.253363 -1.221469 -0.727869
v -2.263112 -1.219880 -0.730105
v -2.228801 -1.245977 -0.685511
v -2.231689 -1.231394 -0.693056
v -2.235157 -1.220240 -0.699412
v -2.239828 -1.212137 -0.704648
v -2.246246 -1.206767 -0.708911
v -2.254633 -1.204051 -0.712662
v -2.265140 -1.204052 -0.716518
v -2.234893 -1.227066 -0.668001
v -2.237849 -1.212257 -0.675350
v -2.241302 -1.201112 -0.681750
v -2.245852 -1.193313 -0.687334
v -2.252062 -1.188576 -0.692289
v -2.260337 -1.186759 -0.697005
v -2.271046 -1.187769 -0.701935
v -2.245454 -1.209257 -0.650941
v -2.248532 -1.194239 -0.658096
v -2.251965 -1.183114 -0.664530
v -2.256319 -1.175621 -0.670439
v -2.262154 -1.171492 -0.676024
v -2.270023 -1.170426 -0.681515
v -2.280476 -1.172114 -0.687147
v -2.259960 -1.193259 -0.635021
v -2.263205 -1.178060 -0.641990
v -2.266618 -1.166969 -0.648442
v -2.270712 -1.159785 -0.654626
v -2.276032 -1.156248 -0.660751
v -2.283235 -1.155877 -0.666877
v -2.293024 -1.158128 -0.673018
v -2.277883 -1.179782 -0.620934
v -2.281338 -1.164434 -0.627734
v -2.284728 -1.153384 -0.634192
v -2.288509 -1.146482 -0.640599
v -2.293170 -1.143482 -0.647174
v -2.299345 -1.143750 -0.653835
v -2.307801 -1.146517 -0.660389
v -2.298698 -1.169534 -0.609372
v -2.302396 -1.154075 -0.616032
v -2.305763 -1.143060 -0.622491
v -2.309183 -1.136380 -0.629075
v -2.313046 -1.133807 -0.636013
v -2.317754 -1.134627 -0.643151
v -2.323905 -1.137890 -0.650119
v -2.357221 -1.589128 -0.267330
v -2.356293 -1.595933 -0.261840
v -2.354361 -1.602311 -0.260381
v -2.351259 -1.607868 -0.263096
v -2.346976 -1.612271 -0.270098
v -2.341832 -1.615436 -0.280867
v -2.336284 -1.617366 -0.294877
v -2.353242 -1.588226 -0.255358
v -2.352111 -1.595593 -0.247966
v -2.350060 -1.602166 -0.245488
v -2.346940 -1.607729 -0.247893
v -2.342701 -1.612091 -0.255170
v -2.337557 -1.615221 -0.267114
v -2.331804 -1.617138 -0.283564
v -2.348008 -1.586265 -0.246885
v -2.346823 -1.593991 -0.238612
v -2.344674 -1.600721 -0.235641
v -2.341492 -1.606336 -0.237923
v -2.337248 -1.610736 -0.245411
v -2.332063 -1.613896 -0.258031
v -2.326098 -1.615815 -0.275712
v -2.341591 -1.583449 -0.242558
v -2.340438 -1.591305 -0.234079
v -2.338223 -1.598081 -0.230980
v -2.334983 -1.603718 -0.233236
v -2.330751 -1.608159 -0.240812
v -2.325571 -1.611356 -0.253639
v -2.319487 -1.613261 -0.271640
v -2.334162 -1.579908 -0.242878
v -2.333027 -1.587656 -0.234619
v -2.330752 -1.594329 -0.231612
v -2.327483 -1.599904 -0.233869
v -2.323327 -1.604344 -0.241382
v -2.318268 -1.607562 -0.254038
v -2.312252 -1.609457 -0.271705
v -2.326131 -1.575778 -0.247512
v -2.324827 -1.583065 -0.240070
v -2.322390 -1.589462 -0.237480
v -2.319069 -1.594932 -0.239826
v -2.315031 -1.599386 -0.247162
v -2.310273 -1.602693 -0.259218
v -2.304693 -1.604690 -0.275717
v -2.317969 -1.571106 -0.255970
v -2.316103 -1.577480 -0.250209
v -2.313285 -1.583451 -0.248493
v -2.309819 -1.588841 -0.251102
v -2.305899 -1.593411 -0.258210
v -2.301642 -1.596983 -0.269235
v -2.297032 -1.599344 -0.283517
v -2.401037 -1.280262 -0.772887
v -2.413308 -1.268679 -0.762756
v -2.426228 -1.255398 -0.750450
v -2.438234 -1.240871 -0.736489
v -2.448192 -1.225776 -0.721553
v -2.455941 -1.211181 -0.706664
v -2.461790 -1.198327 -0.692955
v -2.382501 -1.273907 -0.771041
v -2.394156 -1.260547 -0.759740
v -2.406656 -1.246051 -0.746572
v -2.418743 -1.230798 -0.732000
v -2.429439 -1.215324 -0.716596
v -2.438642 -1.200549 -0.701209
v -2.446567 -1.187504 -0.686750
v -2.361849 -1.266324 -0.767764
v -2.373051 -1.251755 -0.755609
v -2.385173 -1.236245 -0.741674
v -2.397325 -1.220288 -0.726494
v -2.408753 -1.204443 -0.710649
v -2.419214 -1.189497 -0.694873
v -2.428602 -1.176296 -0.679938
v -2.340751 -1.257416 -0.762706
v -2.351364 -1.242233 -0.750120
v -2.362919 -1.226128 -0.735747
v -2.374915 -1.209773 -0.720240
v -2.386856 -1.193845 -0.704253
v -2.398240 -1.179013 -0.688446
v -2.408571 -1.165948 -0.673475
v -2.320673 -1.247419 -0.755847
v -2.330338 -1.232144 -0.743248
v -2.340965 -1.215948 -0.728880
v -2.352449 -1.199684 -0.713506
v -2.364546 -1.184145 -0.697855
v -2.376501 -1.169885 -0.682512
v -2.387426 -1.157391 -0.668021
v -2.302576 -1.237210 -0.747910
v -2.310755 -1.222254 -0.735603
v -2.320113 -1.206316 -0.721525
v -2.330862 -1.190448 -0.706566
v -2.342896 -1.175589 -0.691550
v -2.355242 -1.162256 -0.677072
v -2.366642 -1.150807 -0.663619
v -2.287142 -1.227968 -0.739924
v -2.293202 -1.213533 -0.727996
v -2.301084 -1.197939 -0.714232
v -2.311088 -1.182493 -0.699692
v -2.323047 -1.168317 -0.685335
v -2.335835 -1.156035 -0.671904
v -2.347894 -1.146033 -0.659992
v -2.210216 -1.470126 -0.571516
v -2.208924 -1.443122 -0.597298
v -2.209443 -1.414698 -0.619783
v -2.211363 -1.385767 -0.639280
v -2.214270 -1.357244 -0.656101
v -2.217752 -1.330042 -0.670555
v -2.221398 -1.305076 -0.682954
v -2.210979 -1.456696 -0.559502
v -2.209741 -1.428744 -0.584436
v -2.210313 -1.399403 -0.606100
v -2.212281 -1.369601 -0.624818
v -2.215235 -1.340268 -0.640914
v -2.218759 -1.312331 -0.654712
v -2.222441 -1.286721 -0.666535
v -2.215218 -1.443540 -0.547320
v -2.214279 -1.414659 -0.571394
v -2.215140 -1.384419 -0.592226
v -2.217384 -1.353764 -0.610154
v -2.220592 -1.323637 -0.625515
v -2.224349 -1.294981 -0.638646
v -2.228234 -1.268740 -0.649885
v -2.222566 -1.431150 -0.535451
v -2.222146 -1.401394 -0.558686
v -2.223509 -1.370308 -0.578707
v -2.226229 -1.338849 -0.595865
v -2.229881 -1.307974 -0.610510
v -2.234039 -1.278641 -0.622992
v -2.238277 -1.251806 -0.633662
v -2.232657 -1.420020 -0.524375
v -2.232950 -1.389477 -0.546828
v -2.235002 -1.357631 -0.566093
v -2.238377 -1.325450 -0.582533
v -2.242638 -1.293904 -0.596509
v -2.247348 -1.263963 -0.608386
v -2.252070 -1.236594 -0.618525
v -2.245127 -1.410643 -0.514575
v -2.246300 -1.379438 -0.536336
v -2.249204 -1.346951 -0.554932
v -2.253388 -1.314162 -0.570736
v -2.258401 -1.282051 -0.584121
v -2.263793 -1.251596 -0.595461
v -2.269112 -1.223778 -0.605131
v -2.259608 -1.403512 -0.506531
v -2.261804 -1.371804 -0.527724
v -2.265697 -1.338830 -0.545771
v -2.270820 -1.305579 -0.561053
v -2.276707 -1.273037 -0.573953
v -2.282891 -1.242192 -0.584854
v -2.288904 -1.214032 -0.594137
v -2.313001 -1.538373 -0.619957
v -2.318968 -1.516190 -0.649161
v -2.326507 -1.492426 -0.674953
v -2.335093 -1.467922 -0.697593
v -2.344201 -1.443516 -0.717336
v -2.353305 -1.420047 -0.734439
v -2.361879 -1.398353 -0.749161
v -2.295053 -1.536747 -0.620635
v -2.299752 -1.514448 -0.649887
v -2.306065 -1.490574 -0.675726
v -2.313488 -1.465964 -0.698409
v -2.321513 -1.441460 -0.718193
v -2.329635 -1.417902 -0.735334
v -2.337348 -1.396130 -0.750088
v -2.277196 -1.532517 -0.618991
v -2.280634 -1.509919 -0.648126
v -2.285728 -1.485756 -0.673853
v -2.291992 -1.460872 -0.696429
v -2.298940 -1.436113 -0.716114
v -2.306085 -1.412323 -0.733165
v -2.312943 -1.390348 -0.747840
v -2.260117 -1.525998 -0.615223
v -2.262349 -1.502940 -0.644092
v -2.266276 -1.478331 -0.669561
v -2.271432 -1.453025 -0.691893
v -2.277350 -1.427872 -0.711351
v -2.283561 -1.403726 -0.728195
v -2.289600 -1.381438 -0.742690
v -2.244501 -1.517505 -0.609529
v -2.245630 -1.493847 -0.637996
v -2.248491 -1.468659 -0.663076
v -2.252635 -1.442801 -0.685039
v -2.257610 -1.417136 -0.704153
v -2.262968 -1.392526 -0.720686
v -2.268257 -1.369831 -0.734908
v -2.231035 -1.507354 -0.602108
v -2.231213 -1.482979 -0.630051
v -2.233154 -1.457097 -0.654625
v -2.236424 -1.430581 -0.676106
v -2.240587 -1.404304 -0.694772
v -2.245208 -1.379138 -0.710900
v -2.249852 -1.355957 -0.724766
v -2.220404 -1.495858 -0.593159
v -2.219831 -1.470672 -0.620470
v -2.221046 -1.444005 -0.644432
v -2.223627 -1.416744 -0.665333
v -2.227149 -1.389773 -0.683459
v -2.231188 -1.363978 -0.699098
v -2.235322 -1.340246 -0.712534
v -2.395875 -1.466078 -0.545968
v -2.407694 -1.438788 -0.569946
v -2.420893 -1.410087 -0.590686
v -2.434855 -1.380894 -0.608526
v -2.448962 -1.352126 -0.623806
v -2.462598 -1.324703 -0.636863
v -2.475146 -1.299543 -0.648037
v -2.395112 -1.479507 -0.557982
v -2.406877 -1.453166 -0.582808
v -2.420024 -1.425382 -0.604369
v -2.433936 -1.397060 -0.622988
v -2.447998 -1.369102 -0.638992
v -2.461592 -1.342414 -0.652706
v -2.474102 -1.317897 -0.664457
v -2.390873 -1.492663 -0.570164
v -2.402339 -1.467251 -0.595851
v -2.415197 -1.440366 -0.618243
v -2.428834 -1.412897 -0.637653
v -2.442640 -1.385733 -0.654392
v -2.456002 -1.359764 -0.668772
v -2.468309 -1.335878 -0.681107
v -2.383525 -1.505053 -0.582034
v -2.394472 -1.480516 -0.608559
v -2.406828 -1.454477 -0.631762
v -2.419989 -1.427812 -0.651941
v -2.433351 -1.401396 -0.669396
v -2.446311 -1.376104 -0.684426
v -2.458266 -1.352812 -0.697329
v -2.373433 -1.516183 -0.593109
v -2.383668 -1.492432 -0.620417
v -2.395334 -1.467154 -0.644376
v -2.407840 -1.441210 -0.665274
v -2.420594 -1.415466 -0.683397
v -2.433003 -1.390783 -0.699032
v -2.444474 -1.368025 -0.712467
v -2.360964 -1.525560 -0.602909
v -2.370318 -1.502472 -0.630909
v -2.381133 -1.477833 -0.655537
v -2.392830 -1.452498 -0.677071
v -2.404831 -1.427319 -0.695785
v -2.416558 -1.403149 -0.711957
v -2.427431 -1.380841 -0.725861
v -2.346483 -1.532691 -0.610953
v -2.354814 -1.510106 -0.639520
v -2.364640 -1.485955 -0.664698
v -2.375398 -1.461082 -0.686753
v -2.386526 -1.436333 -0.705953
v -2.397460 -1.412553 -0.722564
v -2.407639 -1.390586 -0.736854
v -2.293089 -1.397830 -0.497527
v -2.297650 -1.365720 -0.518084
v -2.303829 -1.332358 -0.535516
v -2.311124 -1.298738 -0.550214
v -2.319031 -1.265854 -0.562571
v -2.327046 -1.234698 -0.572979
v -2.334665 -1.206266 -0.581831
v -2.311038 -1.399456 -0.496849
v -2.316866 -1.367462 -0.517358
v -2.324271 -1.334211 -0.534743
v -2.332730 -1.300696 -0.549397
v -2.341720 -1.267910 -0.561714
v -2.350716 -1.236843 -0.572085
v -2.359196 -1.208489 -0.580904
v -2.328895 -1.403686 -0.498493
v -2.335984 -1.371991 -0.519119
v -2.344609 -1.339029 -0.536616
v -2.354226 -1.305789 -0.551377
v -2.364293 -1.273257 -0.563792
v -2.374265 -1.242422 -0.574253
v -2.383601 -1.214270 -0.583151
v -2.345974 -1.410205 -0.502262
v -2.354269 -1.378970 -0.523153
v -2.364060 -1.346453 -0.540908
v -2.374785 -1.313636 -0.555913
v -2.385882 -1.281498 -0.568556
v -2.396789 -1.251019 -0.579223
v -2.406944 -1.223180 -0.588302
v -2.361589 -1.418698 -0.507956
v -2.370987 -1.388062 -0.529249
v -2.381845 -1.356126 -0.547393
v -2.393583 -1.323859 -0.562767
v -2.405622 -1.292233 -0.575753
v -2.417383 -1.262219 -0.586732
v -2.428287 -1.234787 -0.596084
v -2.375056 -1.428849 -0.515376
v -2.385405 -1.398931 -0.537194
v -2.397182 -1.367687 -0.555844
v -2.409794 -1.336079 -0.571700
v -2.422645 -1.305066 -0.585134
v -2.435143 -1.275607 -0.596519
v -2.446692 -1.248662 -0.606226
v -2.385687 -1.440345 -0.524326
v -2.396787 -1.411238 -0.546775
v -2.409290 -1.380780 -0.566037
v -2.422591 -1.349917 -0.582473
v -2.436084 -1.319597 -0.596447
v -2.449163 -1.290767 -0.608321
v -2.461221 -1.264373 -0.618457
v -2.315516 -1.555550 -0.281401
v -2.311221 -1.545023 -0.301849
v -2.306196 -1.532216 -0.326610
v -2.301075 -1.516930 -0.354663
v -2.296418 -1.498981 -0.384860
v -2.292768 -1.478221 -0.415746
v -2.290667 -1.454505 -0.445788
v -2.323865 -1.557902 -0.277383
v -2.320551 -1.546744 -0.299316
v -2.316631 -1.533617 -0.325018
v -2.312680 -1.518207 -0.353620
v -2.309244 -1.500239 -0.384121
v -2.306853 -1.479526 -0.415139
v -2.306033 -1.455902 -0.445198
v -2.332469 -1.561114 -0.275063
v -2.329993 -1.549706 -0.298144
v -2.327089 -1.536504 -0.324775
v -2.324263 -1.521159 -0.354066
v -2.322020 -1.503353 -0.385035
v -2.320869 -1.482872 -0.416352
v -2.321321 -1.459527 -0.446596
v -2.340658 -1.564659 -0.275591
v -2.338979 -1.553416 -0.299230
v -2.337052 -1.540475 -0.326419
v -2.335320 -1.525466 -0.356216
v -2.334231 -1.508051 -0.387608
v -2.334273 -1.487999 -0.419273
v -2.335943 -1.465109 -0.449818
v -2.347872 -1.568186 -0.279521
v -2.346992 -1.557511 -0.303064
v -2.346033 -1.545202 -0.330257
v -2.345361 -1.530846 -0.360172
v -2.345367 -1.514073 -0.391792
v -2.346520 -1.494649 -0.423775
v -2.349311 -1.472378 -0.454697
v -2.353801 -1.571647 -0.286047
v -2.353715 -1.561972 -0.308914
v -2.353671 -1.550624 -0.335737
v -2.353966 -1.537163 -0.365569
v -2.354947 -1.521223 -0.397348
v -2.357074 -1.502584 -0.429673
v -2.360838 -1.481065 -0.461059
v -2.358223 -1.575158 -0.293761
v -2.358887 -1.566909 -0.315644
v -2.359639 -1.556753 -0.342077
v -2.360730 -1.544320 -0.371928
v -2.362498 -1.529321 -0.403984
v -2.365403 -1.511570 -0.436767
v -2.369938 -1.490902 -0.468730
v -2.362124 -1.585012 -0.302049
v -2.363775 -1.579254 -0.326027
v -2.365356 -1.571195 -0.354223
v -2.367217 -1.560704 -0.385708
v -2.369735 -1.547603 -0.419360
v -2.373384 -1.531731 -0.453724
v -2.378659 -1.512929 -0.487255
v -2.361691 -1.591576 -0.302809
v -2.363395 -1.586421 -0.329477
v -2.364947 -1.579105 -0.359691
v -2.366744 -1.569438 -0.392714
v -2.369199 -1.557222 -0.427624
v -2.372788 -1.542275 -0.463055
v -2.378006 -1.524427 -0.497528
v -2.359748 -1.598182 -0.304749
v -2.361262 -1.593553 -0.333377
v -2.362547 -1.586914 -0.365340
v -2.364040 -1.578026 -0.399852
v -2.366185 -1.566657 -0.436018
v -2.369467 -1.552609 -0.472523
v -2.374377 -1.535691 -0.507946
v -2.356327 -1.604234 -0.308875
v -2.357481 -1.600149 -0.338535
v -2.358319 -1.594189 -0.371596
v -2.359314 -1.586072 -0.407189
v -2.360945 -1.575526 -0.444358
v -2.363704 -1.562336 -0.481795
v -2.368087 -1.546299 -0.518103
v -2.351532 -1.609264 -0.315559
v -2.352195 -1.605782 -0.345307
v -2.352443 -1.600542 -0.378635
v -2.352786 -1.593204 -0.414659
v -2.353732 -1.583453 -0.452403
v -2.355785 -1.571062 -0.490524
v -2.359447 -1.555827 -0.527590
v -2.345723 -1.613112 -0.323818
v -2.345705 -1.610279 -0.352752
v -2.345190 -1.605751 -0.385686
v -2.344722 -1.599139 -0.421688
v -2.344820 -1.590100 -0.459698
v -2.346000 -1.578404 -0.498301
v -2.348772 -1.563853 -0.535991
v -2.339344 -1.615735 -0.332020
v -2.338349 -1.613544 -0.359478
v -2.336850 -1.609641 -0.391729
v -2.335396 -1.603619 -0.427574
v -2.334488 -1.595140 -0.465735
v -2.334641 -1.583984 -0.504698
v -2.336375 -1.569956 -0.542888
v -2.326523 -1.617911 -0.335468
v -2.322287 -1.616270 -0.363798
v -2.318059 -1.612830 -0.396782
v -2.314079 -1.607237 -0.433307
v -2.310701 -1.599177 -0.472132
v -2.308409 -1.588436 -0.511753
v -2.307715 -1.574820 -0.550595
v -2.319793 -1.617513 -0.330792
v -2.313893 -1.615678 -0.361307
v -2.308132 -1.612041 -0.395652
v -2.302728 -1.606266 -0.432982
v -2.297982 -1.598049 -0.472295
v -2.294357 -1.587169 -0.512190
v -2.292353 -1.573429 -0.551164
v -2.312503 -1.615887 -0.326055
v -2.305299 -1.613742 -0.357919
v -2.298170 -1.609753 -0.393230
v -2.291400 -1.603622 -0.431168
v -2.285314 -1.595065 -0.470803
v -2.280372 -1.583861 -0.510805
v -2.277069 -1.569808 -0.549744
v -2.304835 -1.612973 -0.322723
v -2.296676 -1.610469 -0.354887
v -2.288429 -1.606051 -0.390391
v -2.280459 -1.599455 -0.428396
v -2.273152 -1.590426 -0.467968
v -2.266983 -1.578752 -0.507806
v -2.262449 -1.564228 -0.546513
v -2.297099 -1.608815 -0.321598
v -2.288300 -1.605937 -0.352999
v -2.279226 -1.601055 -0.387748
v -2.270302 -1.593935 -0.425062
v -2.261967 -1.584345 -0.464046
v -2.254721 -1.572084 -0.503382
v -2.249079 -1.556957 -0.541644
v -2.289856 -1.603768 -0.322128
v -2.280729 -1.600451 -0.351709
v -2.271092 -1.595034 -0.384933
v -2.261442 -1.587310 -0.421033
v -2.252280 -1.577065 -0.459068
v -2.244135 -1.564110 -0.497655
v -2.237548 -1.548265 -0.535303
v -2.283816 -1.598303 -0.323109
v -2.274621 -1.594385 -0.350003
v -2.264617 -1.588292 -0.381316
v -2.254423 -1.579847 -0.416042
v -2.244621 -1.568837 -0.453008
v -2.235775 -1.555086 -0.490732
v -2.228444 -1.538423 -0.527653
v -2.279914 -1.588449 -0.314821
v -2.269733 -1.582040 -0.339620
v -2.258900 -1.573851 -0.369169
v -2.247937 -1.563463 -0.402262
v -2.237383 -1.550556 -0.437632
v -2.227793 -1.534925 -0.473776
v -2.219723 -1.516397 -0.509128
v -2.281966 -1.583839 -0.305366
v -2.271049 -1.576002 -0.331146
v -2.259816 -1.566553 -0.360978
v -2.248664 -1.555035 -0.393888
v -2.238027 -1.541067 -0.428791
v -2.228421 -1.524419 -0.464273
v -2.220380 -1.504904 -0.498833
v -2.285223 -1.578819 -0.296369
v -2.274031 -1.569894 -0.322686
v -2.262712 -1.559343 -0.352666
v -2.251623 -1.546755 -0.385381
v -2.241148 -1.531761 -0.419820
v -2.231774 -1.514124 -0.454634
v -2.224013 -1.493644 -0.488394
v -2.289167 -1.573398 -0.289438
v -2.278174 -1.563736 -0.315583
v -2.267163 -1.552336 -0.345214
v -2.256465 -1.538849 -0.377423
v -2.246438 -1.522951 -0.411218
v -2.237552 -1.504415 -0.445285
v -2.230305 -1.483038 -0.478228
v -2.293440 -1.567738 -0.285559
v -2.283098 -1.557665 -0.310756
v -2.272816 -1.545715 -0.339371
v -2.262877 -1.531578 -0.370575
v -2.253602 -1.514966 -0.403436
v -2.245456 -1.495671 -0.436633
v -2.238943 -1.473508 -0.468750
v -2.297934 -1.562303 -0.284357
v -2.288739 -1.552144 -0.307871
v -2.279573 -1.539907 -0.334984
v -2.270686 -1.525334 -0.364914
v -2.262406 -1.508188 -0.396717
v -2.255210 -1.488290 -0.429027
v -2.249614 -1.465477 -0.460371
v -2.302695 -1.557726 -0.284849
v -2.295159 -1.547750 -0.306168
v -2.287406 -1.535405 -0.331664
v -2.279757 -1.520548 -0.360396
v -2.272631 -1.503018 -0.391257
v -2.266537 -1.482673 -0.422801
v -2.262007 -1.459370 -0.453495
vn -0.0002 0.3860 0.9225
vn -0.0130 0.5040 0.8636
vn -0.0375 0.7130 0.7002
vn -0.0716 0.9485 0.3085
vn -0.0909 0.9826 -0.1619
vn -0.0913 0.8882 -0.4503
vn -0.1656 0.3390 0.9261
vn -0.1881 0.4557 0.8700
vn -0.2225 0.6646 0.7133
vn -0.2436 0.9140 0.3245
vn -0.2074 0.9636 -0.1687
vn -0.1557 0.8717 -0.4646
vn -0.3092 0.2858 0.9070
vn -0.3404 0.3998 0.8510
vn -0.3846 0.6059 0.6964
vn -0.3969 0.8632 0.3121
vn -0.3117 0.9319 -0.1857
vn -0.2146 0.8510 -0.4793
vn -0.4398 0.2259 0.8692
vn -0.4786 0.3364 0.8110
vn -0.5315 0.5384 0.6539
vn -0.5355 0.7995 0.2720
vn -0.4081 0.8876 -0.2136
vn -0.2724 0.8244 -0.4960
vn -0.5643 0.1559 0.8107
vn -0.6098 0.2621 0.7480
vn -0.6691 0.4596 0.5840
vn -0.6607 0.7224 0.2038
vn -0.4951 0.8315 -0.2520
vn -0.3258 0.7937 -0.5138
vn -0.6862 0.0710 0.7240
vn -0.7365 0.1718 0.6542
vn -0.7984 0.3636 0.4799
vn -0.7718 0.6270 0.1059
vn -0.5751 0.7603 -0.3020
vn -0.3789 0.7561 -0.5336
vn 0.1950 0.3644 0.9106
vn 0.1946 0.4235 0.8847
vn 0.1913 0.5398 0.8198
vn 0.1748 0.7428 0.6463
vn 0.1202 0.9586 0.2580
vn 0.0426 0.9834 -0.1765
vn -0.0130 0.8959 -0.4440
vn -0.0418 0.8204 -0.5702
vn -0.0827 0.8065 -0.5854
vn -0.1202 0.7933 -0.5969
vn -0.1569 0.7786 -0.6075
vn -0.1952 0.7611 -0.6186
vn -0.2303 0.7427 -0.6287
vn -0.2653 0.7227 -0.6382
vn -0.3042 0.7000 -0.6461
vn -0.4299 0.7045 -0.5647
vn -0.6418 0.6691 -0.3746
vn -0.8609 0.5082 -0.0259
vn -0.9111 0.2442 0.3321
vn -0.8537 0.0600 0.5173
vn -0.8020 -0.0341 0.5963
vn -0.7719 -0.0796 0.6308
vn -0.6570 0.0209 0.7536
vn -0.5381 0.1022 0.8367
vn -0.4176 0.1694 0.8927
vn -0.2917 0.2272 0.9291
vn -0.1534 0.2789 0.9480
vn 0.0062 0.3255 0.9455
vn -0.9341 -0.2661 0.2382
vn -0.9716 -0.1860 0.1464
vn -0.9990 -0.0198 -0.0398
vn -0.9105 0.2482 -0.3307
vn -0.6699 0.4770 -0.5689
vn -0.4407 0.5893 -0.6771
vn -0.9316 -0.3581 0.0627
vn -0.9589 -0.2825 -0.0282
vn -0.9713 -0.1229 -0.2035
vn -0.8772 0.1457 -0.4575
vn -0.6416 0.4045 -0.6517
vn -0.4179 0.5477 -0.7249
vn -0.8953 -0.4338 -0.1014
vn -0.9133 -0.3611 -0.1883
vn -0.9139 -0.2059 -0.3499
vn -0.8197 0.0617 -0.5694
vn -0.6007 0.3409 -0.7231
vn -0.3918 0.5085 -0.7668
vn -0.8294 -0.4959 -0.2574
vn -0.8396 -0.4250 -0.3382
vn -0.8311 -0.2717 -0.4852
vn -0.7402 -0.0049 -0.6723
vn -0.5462 0.2840 -0.7880
vn -0.3601 0.4690 -0.8065
vn -0.7315 -0.5457 -0.4087
vn -0.7359 -0.4757 -0.4819
vn -0.7216 -0.3218 -0.6129
vn -0.6389 -0.0548 -0.7673
vn -0.4793 0.2351 -0.8456
vn -0.3247 0.4318 -0.8415
vn -0.5946 -0.5810 -0.5557
vn -0.5954 -0.5116 -0.6195
vn -0.5803 -0.3563 -0.7324
vn -0.5138 -0.0905 -0.8531
vn -0.3977 0.1915 -0.8973
vn -0.2832 0.3940 -0.8744
vn -0.8651 -0.1957 0.4618
vn -0.8929 -0.1554 0.4225
vn -0.9398 -0.0690 0.3348
vn -0.9839 0.1058 0.1442
vn -0.9100 0.3718 -0.1836
vn -0.6756 0.5662 -0.4721
vn -0.4530 0.6413 -0.6193
vn -0.3194 0.6613 -0.6787
vn -0.2994 0.6360 -0.7112
vn -0.2821 0.6112 -0.7395
vn -0.2641 0.5859 -0.7661
vn -0.2436 0.5585 -0.7929
vn -0.2231 0.5324 -0.8166
vn -0.2015 0.5054 -0.8390
vn -0.1787 0.4740 -0.8622
vn -0.2256 0.3588 -0.9058
vn -0.2936 0.1585 -0.9427
vn -0.3617 -0.1118 -0.9256
vn -0.4017 -0.3726 -0.8366
vn -0.4110 -0.5271 -0.7438
vn -0.4106 -0.5949 -0.6910
vn -0.4099 -0.6151 -0.6736
vn -0.5931 -0.6043 -0.5321
vn -0.7278 -0.5714 -0.3792
vn -0.8222 -0.5237 -0.2229
vn -0.8837 -0.4637 -0.0630
vn -0.9146 -0.3907 0.1038
vn -0.9113 -0.3020 0.2797
vn 0.0169 -0.5392 -0.8420
vn 0.0099 -0.4807 -0.8768
vn -0.0063 -0.3421 -0.9396
vn -0.0320 -0.1042 -0.9940
vn -0.0570 0.1583 -0.9858
vn -0.0750 0.3633 -0.9286
vn 0.1939 -0.4881 -0.8510
vn 0.1835 -0.4344 -0.8818
vn 0.1570 -0.3054 -0.9392
vn 0.1062 -0.0801 -0.9911
vn 0.0413 0.1813 -0.9826
vn -0.0148 0.3852 -0.9227
vn 0.3480 -0.4305 -0.8328
vn 0.3350 -0.3800 -0.8622
vn 0.3003 -0.2580 -0.9183
vn 0.2293 -0.0438 -0.9724
vn 0.1300 0.2107 -0.9689
vn 0.0410 0.4077 -0.9122
vn 0.4881 -0.3662 -0.7922
vn 0.4725 -0.3168 -0.8224
vn 0.4300 -0.1985 -0.8807
vn 0.3409 0.0074 -0.9401
vn 0.2129 0.2487 -0.9449
vn 0.0963 0.4331 -0.8962
vn 0.6211 -0.2920 -0.7273
vn 0.6024 -0.2421 -0.7606
vn 0.5510 -0.1245 -0.8252
vn 0.4421 0.0741 -0.8939
vn 0.2882 0.2947 -0.9111
vn 0.1474 0.4596 -0.8758
vn 0.7497 -0.2027 -0.6299
vn 0.7276 -0.1511 -0.6691
vn 0.6662 -0.0333 -0.7450
vn 0.5358 0.1565 -0.8297
vn 0.3596 0.3495 -0.8652
vn 0.1983 0.4889 -0.8495
vn -0.1883 -0.5950 -0.7814
vn -0.1894 -0.5789 -0.7931
vn -0.1926 -0.5151 -0.8352
vn -0.1958 -0.3667 -0.9095
vn -0.1902 -0.1160 -0.9749
vn -0.1711 0.1471 -0.9742
vn -0.1475 0.3476 -0.9260
vn -0.1292 0.4657 -0.8754
vn -0.0896 0.4867 -0.8690
vn -0.0528 0.5038 -0.8622
vn -0.0165 0.5204 -0.8538
vn 0.0216 0.5379 -0.8428
vn 0.0568 0.5542 -0.8305
vn 0.0921 0.5701 -0.8164
vn 0.1314 0.5854 -0.8000
vn 0.2478 0.5291 -0.8116
vn 0.4245 0.4205 -0.8018
vn 0.6218 0.2568 -0.7399
vn 0.7734 0.0783 -0.6290
vn 0.8437 -0.0393 -0.5353
vn 0.8684 -0.0932 -0.4870
vn 0.8740 -0.1072 -0.4739
vn 0.7540 -0.2139 -0.6210
vn 0.6243 -0.3011 -0.7209
vn 0.4905 -0.3744 -0.7869
vn 0.3501 -0.4389 -0.8275
vn 0.1957 -0.4979 -0.8449
vn 0.0185 -0.5516 -0.8339
vn 0.9846 0.1441 -0.0987
vn 0.9643 0.2046 -0.1681
vn 0.8964 0.3217 -0.3050
vn 0.7256 0.4786 -0.4944
vn 0.4820 0.5954 -0.6427
vn 0.2658 0.6461 -0.7155
vn 0.9685 0.2348 0.0833
vn 0.9539 0.3001 0.0072
vn 0.8956 0.4207 -0.1449
vn 0.7301 0.5738 -0.3711
vn 0.4725 0.6721 -0.5702
vn 0.2469 0.6943 -0.6761
vn 0.9188 0.3067 0.2486
vn 0.9102 0.3784 0.1683
vn 0.8626 0.5059 0.0050
vn 0.7074 0.6598 -0.2534
vn 0.4485 0.7407 -0.5002
vn 0.2242 0.7372 -0.6374
vn 0.8409 0.3634 0.4010
vn 0.8380 0.4430 0.3186
vn 0.8005 0.5812 0.1462
vn 0.6575 0.7400 -0.1419
vn 0.4089 0.8044 -0.4310
vn 0.1957 0.7782 -0.5967
vn 0.7336 0.4064 0.5446
vn 0.7355 0.4955 0.4621
vn 0.7075 0.6479 0.2823
vn 0.5792 0.8144 -0.0360
vn 0.3541 0.8617 -0.3635
vn 0.1633 0.8145 -0.5567
vn 0.5913 0.4342 0.6796
vn 0.5959 0.5337 0.6000
vn 0.5762 0.7035 0.4161
vn 0.4679 0.8811 0.0683
vn 0.2810 0.9137 -0.2937
vn 0.1249 0.8490 -0.5135
vn 0.9608 0.0143 -0.2769
vn 0.9547 0.0320 -0.2958
vn 0.9304 0.0888 -0.3556
vn 0.8572 0.2055 -0.4722
vn 0.6902 0.3712 -0.6211
vn 0.4690 0.5087 -0.7220
vn 0.2734 0.5879 -0.7614
vn 0.1467 0.6234 -0.7681
vn 0.1265 0.6560 -0.7441
vn 0.1090 0.6849 -0.7204
vn 0.0911 0.7122 -0.6960
vn 0.0709 0.7397 -0.6692
vn 0.0508 0.7640 -0.6432
vn 0.0300 0.7872 -0.6159
vn 0.0084 0.8118 -0.5839
vn 0.0689 0.8809 -0.4683
vn 0.1776 0.9580 -0.2252
vn 0.3142 0.9339 0.1707
vn 0.3966 0.7397 0.5437
vn 0.4113 0.5514 0.7258
vn 0.4079 0.4418 0.7990
vn 0.4038 0.3868 0.8291
vn 0.5858 0.3853 0.7130
vn 0.7292 0.3640 0.5795
vn 0.8387 0.3271 0.4355
vn 0.9192 0.2759 0.2811
vn 0.9715 0.2088 0.1125
vn 0.9897 0.1224 -0.0740
vn -0.9474 0.1287 0.2930
vn -0.9382 -0.2034 0.2801
vn -0.7986 -0.5545 0.2340
vn -0.5565 -0.8138 0.1674
vn -0.3289 -0.9378 0.1110
vn -0.1488 -0.9864 0.0694
vn -0.8424 0.3204 0.4332
vn -0.8669 -0.0717 0.4933
vn -0.6808 -0.5744 0.4545
vn -0.3543 -0.8793 0.3182
vn -0.1106 -0.9730 0.2026
vn 0.0434 -0.9910 0.1263
vn -0.6251 0.5260 0.5766
vn -0.6159 0.1487 0.7737
vn -0.3533 -0.5163 0.7801
vn -0.0121 -0.8653 0.5010
vn 0.1621 -0.9398 0.3008
vn 0.2493 -0.9504 0.1860
vn -0.2903 0.6798 0.6735
vn -0.1158 0.3783 0.9184
vn 0.2099 -0.2577 0.9432
vn 0.3964 -0.6778 0.6193
vn 0.4439 -0.8104 0.3823
vn 0.4551 -0.8559 0.2456
vn 0.0381 0.7247 0.6881
vn 0.3027 0.4653 0.8318
vn 0.5752 0.0023 0.8180
vn 0.6745 -0.4070 0.6160
vn 0.6599 -0.6192 0.4256
vn 0.6229 -0.7250 0.2940
vn 0.2940 0.6987 0.6523
vn 0.5303 0.4708 0.7051
vn 0.7239 0.1445 0.6746
vn 0.8057 -0.1884 0.5616
vn 0.7948 -0.4219 0.4362
vn 0.7497 -0.5739 0.3294
vn -0.9569 0.2113 0.1993
vn -0.9845 -0.0107 0.1750
vn -0.9526 -0.2695 0.1409
vn -0.8445 -0.5259 0.1012
vn -0.6676 -0.7419 0.0620
vn -0.4823 -0.8753 0.0334
vn -0.3117 -0.9501 0.0142
vn -0.1668 -0.9860 0.0019
vn -0.0182 -0.9992 0.0350
vn 0.1396 -0.9875 0.0726
vn 0.2989 -0.9474 0.1140
vn 0.4582 -0.8743 0.1601
vn 0.5920 -0.7798 0.2035
vn 0.7030 -0.6681 0.2438
vn 0.7894 -0.5469 0.2787
vn 0.8374 -0.4225 0.3468
vn 0.8688 -0.2550 0.4245
vn 0.8624 -0.0395 0.5047
vn 0.7880 0.2236 0.5737
vn 0.6472 0.4651 0.6040
vn 0.4658 0.6552 0.5947
vn 0.2825 0.7803 0.5580
vn 0.0969 0.8218 0.5615
vn -0.1219 0.8290 0.5458
vn -0.3566 0.7854 0.5059
vn -0.5890 0.6787 0.4387
vn -0.7657 0.5334 0.3594
vn -0.8868 0.3702 0.2768
vn -0.1186 0.5792 -0.8065
vn -0.1315 0.6020 -0.7876
vn -0.1440 0.6214 -0.7701
vn -0.1577 0.6399 -0.7521
vn -0.1723 0.6570 -0.7339
vn -0.1895 0.6749 -0.7132
vn -0.0918 0.5953 -0.7983
vn -0.1047 0.6180 -0.7792
vn -0.1165 0.6364 -0.7625
vn -0.1290 0.6533 -0.7461
vn -0.1430 0.6696 -0.7288
vn -0.1602 0.6875 -0.7082
vn -0.0671 0.6084 -0.7908
vn -0.0812 0.6304 -0.7720
vn -0.0933 0.6481 -0.7558
vn -0.1052 0.6642 -0.7402
vn -0.1182 0.6804 -0.7233
vn -0.1343 0.6990 -0.7024
vn -0.0414 0.6202 -0.7834
vn -0.0578 0.6412 -0.7652
vn -0.0710 0.6583 -0.7494
vn -0.0829 0.6744 -0.7337
vn -0.0948 0.6911 -0.7165
vn -0.1086 0.7108 -0.6950
vn -0.0153 0.6304 -0.7761
vn -0.0329 0.6509 -0.7584
vn -0.0470 0.6683 -0.7424
vn -0.0595 0.6851 -0.7260
vn -0.0712 0.7025 -0.7081
vn -0.0837 0.7227 -0.6861
vn 0.0144 0.6403 -0.7680
vn -0.0032 0.6609 -0.7505
vn -0.0180 0.6792 -0.7337
vn -0.0317 0.6978 -0.7156
vn -0.0440 0.7159 -0.6968
vn -0.0565 0.7359 -0.6747
vn -0.1354 0.5293 -0.8375
vn -0.1522 0.5548 -0.8179
vn -0.1669 0.5778 -0.7989
vn -0.1815 0.5992 -0.7797
vn -0.1975 0.6207 -0.7588
vn -0.2131 0.6400 -0.7382
vn -0.2294 0.6590 -0.7163
vn -0.2465 0.6791 -0.6914
vn -0.2148 0.6958 -0.6854
vn -0.1853 0.7100 -0.6794
vn -0.1568 0.7233 -0.6725
vn -0.1270 0.7370 -0.6638
vn -0.0989 0.7497 -0.6543
vn -0.0700 0.7622 -0.6435
vn -0.0383 0.7747 -0.6312
vn -0.0222 0.7541 -0.6564
vn -0.0078 0.7342 -0.6788
vn 0.0066 0.7144 -0.6997
vn 0.0225 0.6929 -0.7207
vn 0.0383 0.6720 -0.7395
vn 0.0550 0.6500 -0.7580
vn 0.0728 0.6249 -0.7773
vn 0.0405 0.6132 -0.7889
vn 0.0106 0.6020 -0.7984
vn -0.0181 0.5902 -0.8070
vn -0.0480 0.5765 -0.8157
vn -0.0759 0.5624 -0.8234
vn -0.1043 0.5467 -0.8308
vn 0.9984 0.0062 0.0565
vn 0.9991 0.0363 0.0228
vn 0.9980 0.0621 -0.0061
vn 0.9960 0.0837 -0.0303
vn 0.9937 0.1009 -0.0496
vn 0.9915 0.1132 -0.0636
vn 0.9717 0.1317 0.1959
vn 0.9728 0.1496 0.1769
vn 0.9732 0.1650 0.1604
vn 0.9731 0.1782 0.1462
vn 0.9727 0.1890 0.1343
vn 0.9723 0.1975 0.1250
vn 0.9172 0.2371 0.3203
vn 0.9176 0.2428 0.3146
vn 0.9180 0.2481 0.3093
vn 0.9183 0.2530 0.3044
vn 0.9186 0.2577 0.2996
vn 0.9188 0.2624 0.2949
vn 0.8387 0.3277 0.4349
vn 0.8381 0.3209 0.4412
vn 0.8376 0.3157 0.4459
vn 0.8372 0.3121 0.4492
vn 0.8370 0.3104 0.4507
vn 0.8371 0.3111 0.4500
vn 0.7337 0.4070 0.5441
vn 0.7318 0.3866 0.5612
vn 0.7299 0.3701 0.5746
vn 0.7283 0.3574 0.5847
vn 0.7271 0.3489 0.5913
vn 0.7266 0.3454 0.5940
vn 0.5943 0.4749 0.6490
vn 0.5918 0.4397 0.6757
vn 0.5889 0.4107 0.6961
vn 0.5861 0.3880 0.7113
vn 0.5840 0.3721 0.7215
vn 0.5828 0.3640 0.7266
vn 0.9806 -0.1913 -0.0432
vn 0.9846 -0.1430 -0.1005
vn 0.9836 -0.1004 -0.1497
vn 0.9795 -0.0638 -0.1911
vn 0.9738 -0.0334 -0.2249
vn 0.9679 -0.0095 -0.2511
vn 0.9631 0.0070 -0.2690
vn 0.9608 0.0144 -0.2769
vn 0.9903 0.1196 -0.0708
vn 0.9719 0.2031 0.1188
vn 0.9190 0.2672 0.2900
vn 0.8375 0.3152 0.4463
vn 0.7271 0.3487 0.5915
vn 0.5831 0.3664 0.7251
vn 0.4016 0.3643 0.8402
vn 0.4015 0.3630 0.8409
vn 0.4027 0.3757 0.8347
vn 0.4048 0.3993 0.8226
vn 0.4073 0.4325 0.8044
vn 0.4096 0.4747 0.7790
vn 0.4112 0.5260 0.7444
vn 0.4109 0.5864 0.6981
vn 0.5959 0.5167 0.6148
vn 0.7353 0.4314 0.5228
vn 0.8394 0.3362 0.4270
vn 0.9166 0.2308 0.3265
vn 0.9697 0.1111 0.2175
vn 0.9951 -0.0285 0.0951
vn 0.0486 -0.7906 -0.6105
vn 0.0402 -0.7290 -0.6834
vn 0.0330 -0.6720 -0.7398
vn 0.0269 -0.6226 -0.7821
vn 0.0222 -0.5832 -0.8120
vn 0.0190 -0.5563 -0.8308
vn 0.2352 -0.7544 -0.6129
vn 0.2264 -0.6872 -0.6903
vn 0.2172 -0.6254 -0.7495
vn 0.2086 -0.5721 -0.7932
vn 0.2014 -0.5299 -0.8238
vn 0.1964 -0.5014 -0.8426
vn 0.3982 -0.7015 -0.5911
vn 0.3891 -0.6318 -0.6704
vn 0.3781 -0.5680 -0.7310
vn 0.3671 -0.5136 -0.7755
vn 0.3576 -0.4707 -0.8066
vn 0.3508 -0.4419 -0.8256
vn 0.5449 -0.6341 -0.5486
vn 0.5359 -0.5644 -0.6279
vn 0.5237 -0.5012 -0.6889
vn 0.5110 -0.4475 -0.7339
vn 0.4996 -0.4055 -0.7655
vn 0.4914 -0.3773 -0.7849
vn 0.6810 -0.5497 -0.4838
vn 0.6728 -0.4823 -0.5611
vn 0.6604 -0.4219 -0.6212
vn 0.6468 -0.3709 -0.6664
vn 0.6345 -0.3311 -0.6984
vn 0.6254 -0.3044 -0.7184
vn 0.8072 -0.4422 -0.3909
vn 0.8007 -0.3798 -0.4633
vn 0.7895 -0.3246 -0.5209
vn 0.7767 -0.2784 -0.5651
vn 0.7647 -0.2423 -0.5972
vn 0.7557 -0.2180 -0.6176
vn -0.1550 -0.8546 -0.4956
vn -0.1656 -0.8013 -0.5749
vn -0.1736 -0.7490 -0.6394
vn -0.1794 -0.7008 -0.6904
vn -0.1835 -0.6587 -0.7296
vn -0.1863 -0.6248 -0.7582
vn -0.1879 -0.6013 -0.7766
vn -0.1885 -0.5917 -0.7838
vn 0.0178 -0.5460 -0.8376
vn 0.1945 -0.4909 -0.8492
vn 0.3483 -0.4314 -0.8322
vn 0.4883 -0.3671 -0.7917
vn 0.6219 -0.2946 -0.7255
vn 0.7521 -0.2088 -0.6251
vn 0.8729 -0.1044 -0.4766
vn 0.8762 -0.1127 -0.4687
vn 0.8837 -0.1335 -0.4485
vn 0.8935 -0.1642 -0.4179
vn 0.9036 -0.2035 -0.3770
vn 0.9118 -0.2507 -0.3252
vn 0.9157 -0.3048 -0.2619
vn 0.9122 -0.3646 -0.1868
vn 0.8056 -0.5091 -0.3030
vn 0.6815 -0.6203 -0.3883
vn 0.5477 -0.7058 -0.4493
vn 0.4031 -0.7722 -0.4911
vn 0.2422 -0.8220 -0.5154
vn 0.0576 -0.8526 -0.5194
vn -0.9509 -0.2346 0.2018
vn -0.9364 -0.2620 0.2334
vn -0.9234 -0.2837 0.2585
vn -0.9126 -0.3001 0.2775
vn -0.9047 -0.3115 0.2907
vn -0.9006 -0.3171 0.2973
vn -0.9318 -0.3577 0.0621
vn -0.9240 -0.3736 0.0820
vn -0.9172 -0.3862 0.0979
vn -0.9118 -0.3956 0.1100
vn -0.9081 -0.4019 0.1181
vn -0.9065 -0.4044 0.1214
vn -0.8840 -0.4632 -0.0637
vn -0.8816 -0.4687 -0.0565
vn -0.8797 -0.4728 -0.0510
vn -0.8784 -0.4756 -0.0473
vn -0.8778 -0.4769 -0.0456
vn -0.8780 -0.4763 -0.0463
vn -0.8112 -0.5564 -0.1799
vn -0.8130 -0.5517 -0.1863
vn -0.8145 -0.5474 -0.1921
vn -0.8160 -0.5433 -0.1975
vn -0.8173 -0.5393 -0.2027
vn -0.8186 -0.5354 -0.2079
vn -0.7105 -0.6407 -0.2910
vn -0.7153 -0.6255 -0.3116
vn -0.7191 -0.6119 -0.3294
vn -0.7220 -0.6001 -0.3444
vn -0.7242 -0.5901 -0.3568
vn -0.7258 -0.5822 -0.3665
vn -0.5737 -0.7156 -0.3985
vn -0.5804 -0.6889 -0.4343
vn -0.5852 -0.6648 -0.4643
vn -0.5886 -0.6439 -0.4889
vn -0.5908 -0.6267 -0.5082
vn -0.5922 -0.6139 -0.5219
vn -0.9520 -0.0394 0.3037
vn -0.9301 -0.0898 0.3563
vn -0.9083 -0.1304 0.3976
vn -0.8884 -0.1624 0.4294
vn -0.8716 -0.1868 0.4532
vn -0.8591 -0.2037 0.4695
vn -0.8522 -0.2127 0.4780
vn -0.8530 -0.2117 0.4771
vn -0.9018 -0.3154 0.2953
vn -0.9080 -0.4020 0.1183
vn -0.8795 -0.4732 -0.0506
vn -0.8200 -0.5312 -0.2133
vn -0.7268 -0.5769 -0.3728
vn -0.5928 -0.6073 -0.5290
vn -0.4099 -0.6150 -0.6736
vn -0.4095 -0.6232 -0.6663
vn -0.4084 -0.6414 -0.6494
vn -0.4064 -0.6671 -0.6244
vn -0.4030 -0.6986 -0.5912
vn -0.3978 -0.7347 -0.5495
vn -0.3902 -0.7742 -0.4983
vn -0.3793 -0.8157 -0.4368
vn -0.5645 -0.7446 -0.3562
vn -0.7044 -0.6576 -0.2671
vn -0.8092 -0.5616 -0.1730
vn -0.8868 -0.4564 -0.0726
vn -0.9404 -0.3380 0.0378
vn -0.9661 -0.2005 0.1628
vn -0.0168 0.5374 0.8432
vn -0.0084 0.4619 0.8869
vn -0.0017 0.4003 0.9164
vn 0.0034 0.3525 0.9358
vn 0.0070 0.3185 0.9479
vn 0.0089 0.2994 0.9541
vn -0.1967 0.5035 0.8413
vn -0.1820 0.4235 0.8874
vn -0.1695 0.3586 0.9180
vn -0.1594 0.3085 0.9378
vn -0.1522 0.2730 0.9499
vn -0.1480 0.2531 0.9561
vn -0.3536 0.4534 0.8182
vn -0.3333 0.3726 0.8661
vn -0.3154 0.3074 0.8978
vn -0.3008 0.2574 0.9183
vn -0.2901 0.2220 0.9309
vn -0.2839 0.2021 0.9373
vn -0.4947 0.3885 0.7773
vn -0.4699 0.3098 0.8266
vn -0.4476 0.2467 0.8595
vn -0.4292 0.1984 0.8811
vn -0.4156 0.1644 0.8946
vn -0.4077 0.1453 0.9015
vn -0.6261 0.3063 0.7171
vn -0.5980 0.2325 0.7671
vn -0.5725 0.1736 0.8014
vn -0.5513 0.1286 0.8244
vn -0.5355 0.0970 0.8390
vn -0.5264 0.0794 0.8466
vn -0.7490 0.2012 0.6313
vn -0.7196 0.1353 0.6811
vn -0.6928 0.0830 0.7164
vn -0.6703 0.0431 0.7408
vn -0.6535 0.0152 0.7568
vn -0.6438 -0.0003 0.7652
vn 0.1862 0.6258 0.7574
vn 0.1909 0.5484 0.8142
vn 0.1934 0.4823 0.8544
vn 0.1946 0.4281 0.8826
vn 0.1950 0.3857 0.9018
vn 0.1950 0.3555 0.9141
vn 0.1949 0.3388 0.9205
vn 0.1949 0.3392 0.9203
vn 0.0089 0.2992 0.9541
vn -0.1479 0.2525 0.9562
vn -0.2837 0.2014 0.9375
vn -0.4074 0.1446 0.9017
vn -0.5261 0.0789 0.8468
vn -0.6437 -0.0005 0.7653
vn -0.7583 -0.0984 0.6444
vn -0.7581 -0.0988 0.6447
vn -0.7671 -0.0862 0.6357
vn -0.7830 -0.0633 0.6187
vn -0.8043 -0.0305 0.5935
vn -0.8295 0.0126 0.5584
vn -0.8570 0.0672 0.5109
vn -0.8840 0.1344 0.4477
vn -0.7776 0.2815 0.5622
vn -0.6536 0.3953 0.6454
vn -0.5195 0.4824 0.7052
vn -0.3744 0.5490 0.7472
vn -0.2128 0.5977 0.7730
vn -0.0273 0.6260 0.7793
vn -0.0390 0.8924 0.4496
vn -0.0469 0.8918 0.4500
vn -0.0510 0.8815 0.4694
vn -0.0528 0.8625 0.5033
vn -0.0516 0.8320 0.5524
vn -0.0470 0.7858 0.6167
vn -0.2219 0.8828 0.4140
vn -0.2296 0.8811 0.4134
vn -0.2344 0.8696 0.4345
vn -0.2378 0.8489 0.4721
vn -0.2386 0.8164 0.5259
vn -0.2357 0.7674 0.5963
vn -0.3905 0.8415 0.3732
vn -0.3942 0.8401 0.3727
vn -0.3975 0.8283 0.3948
vn -0.4004 0.8069 0.4343
vn -0.4018 0.7732 0.4906
vn -0.3998 0.7228 0.5637
vn -0.5510 0.7679 0.3268
vn -0.5477 0.7696 0.3283
vn -0.5475 0.7594 0.3514
vn -0.5483 0.7389 0.3915
vn -0.5489 0.7057 0.4480
vn -0.5469 0.6552 0.5211
vn -0.6904 0.6677 0.2784
vn -0.6848 0.6721 0.2816
vn -0.6834 0.6634 0.3046
vn -0.6837 0.6442 0.3430
vn -0.6842 0.6118 0.3970
vn -0.6825 0.5622 0.4670
vn -0.8128 0.5371 0.2257
vn -0.8082 0.5423 0.2297
vn -0.8074 0.5342 0.2505
vn -0.8081 0.5157 0.2847
vn -0.8090 0.4842 0.3332
vn -0.8075 0.4366 0.3966
vn 0.1694 0.8508 0.4974
vn 0.1642 0.8623 0.4791
vn 0.1605 0.8627 0.4796
vn 0.1598 0.8540 0.4952
vn 0.1614 0.8370 0.5229
vn 0.1654 0.8092 0.5638
vn 0.1714 0.7673 0.6179
vn 0.1789 0.7064 0.6848
vn -0.0386 0.7176 0.6954
vn -0.2273 0.6950 0.6821
vn -0.3915 0.6484 0.6529
vn -0.5385 0.5809 0.6103
vn -0.6741 0.4899 0.5528
vn -0.7989 0.3685 0.4754
vn -0.9048 0.2089 0.3712
vn -0.9140 0.2690 0.3038
vn -0.9162 0.3126 0.2507
vn -0.9154 0.3426 0.2112
vn -0.9142 0.3609 0.1844
vn -0.9138 0.3694 0.1687
vn -0.9153 0.3666 0.1666
vn -0.9182 0.3514 0.1826
vn -0.8315 0.4992 0.2438
vn -0.7113 0.6345 0.3026
vn -0.5624 0.7454 0.3578
vn -0.3823 0.8281 0.4099
vn -0.1978 0.8702 0.4512
vn -0.0100 0.8764 0.4815
vn -0.9960 -0.0742 0.0500
vn -0.9968 -0.0725 0.0344
vn -0.9965 -0.0771 0.0324
vn -0.9953 -0.0878 0.0398
vn -0.9928 -0.1051 0.0566
vn -0.9881 -0.1295 0.0826
vn -0.9581 -0.2864 0.0051
vn -0.9601 -0.2792 -0.0189
vn -0.9606 -0.2763 -0.0291
vn -0.9600 -0.2785 -0.0303
vn -0.9580 -0.2857 -0.0236
vn -0.9545 -0.2980 -0.0099
vn -0.8782 -0.4773 -0.0311
vn -0.8851 -0.4614 -0.0605
vn -0.8893 -0.4508 -0.0778
vn -0.8915 -0.4447 -0.0870
vn -0.8922 -0.4426 -0.0901
vn -0.8916 -0.4440 -0.0885
vn -0.7615 -0.6455 -0.0589
vn -0.7793 -0.6199 -0.0918
vn -0.7898 -0.6025 -0.1153
vn -0.7964 -0.5901 -0.1325
vn -0.8008 -0.5809 -0.1457
vn -0.8041 -0.5735 -0.1563
vn -0.6251 -0.7768 -0.0767
vn -0.6502 -0.7513 -0.1134
vn -0.6649 -0.7331 -0.1431
vn -0.6749 -0.7183 -0.1689
vn -0.6827 -0.7049 -0.1925
vn -0.6898 -0.6910 -0.2160
vn -0.4706 -0.8781 -0.0867
vn -0.4948 -0.8597 -0.1265
vn -0.5098 -0.8449 -0.1622
vn -0.5213 -0.8304 -0.1965
vn -0.5314 -0.8150 -0.2310
vn -0.5417 -0.7967 -0.2679
vn -0.9823 0.1391 0.1255
vn -0.9827 0.1529 0.1048
vn -0.9833 0.1526 0.0994
vn -0.9840 0.1432 0.1064
vn -0.9843 0.1263 0.1232
vn -0.9834 0.1005 0.1511
vn -0.9795 0.0648 0.1905
vn -0.9700 0.0175 0.2425
vn -0.9797 -0.1618 0.1187
vn -0.9488 -0.3158 0.0110
vn -0.8898 -0.4489 -0.0823
vn -0.8068 -0.5672 -0.1651
vn -0.6971 -0.6754 -0.2407
vn -0.5530 -0.7735 -0.3097
vn -0.3654 -0.8548 -0.3685
vn -0.3520 -0.8836 -0.3087
vn -0.3400 -0.9044 -0.2578
vn -0.3289 -0.9201 -0.2125
vn -0.3175 -0.9329 -0.1699
vn -0.3051 -0.9436 -0.1288
vn -0.2897 -0.9531 -0.0872
vn -0.2716 -0.9613 -0.0460
vn -0.4193 -0.9070 -0.0394
vn -0.5759 -0.8170 -0.0289
vn -0.7289 -0.6846 -0.0106
vn -0.8664 -0.4990 0.0182
vn -0.9556 -0.2899 0.0531
vn -0.9934 -0.0698 0.0909
vn 0.0860 -0.9953 -0.0440
vn 0.0926 -0.9916 -0.0905
vn 0.0911 -0.9859 -0.1402
vn 0.0865 -0.9771 -0.1945
vn 0.0804 -0.9633 -0.2560
vn 0.0738 -0.9416 -0.3285
vn 0.2260 -0.9740 -0.0147
vn 0.2399 -0.9688 -0.0617
vn 0.2454 -0.9628 -0.1126
vn 0.2471 -0.9542 -0.1688
vn 0.2472 -0.9404 -0.2334
vn 0.2470 -0.9179 -0.3106
vn 0.3496 -0.9368 0.0159
vn 0.3637 -0.9310 -0.0315
vn 0.3739 -0.9238 -0.0823
vn 0.3819 -0.9138 -0.1383
vn 0.3892 -0.8985 -0.2033
vn 0.3962 -0.8739 -0.2816
vn 0.4669 -0.8829 0.0498
vn 0.4763 -0.8793 0.0010
vn 0.4884 -0.8713 -0.0491
vn 0.5019 -0.8587 -0.1036
vn 0.5161 -0.8402 -0.1665
vn 0.5299 -0.8125 -0.2429
vn 0.5743 -0.8141 0.0861
vn 0.5841 -0.8108 0.0379
vn 0.5996 -0.8003 -0.0101
vn 0.6177 -0.7840 -0.0616
vn 0.6367 -0.7616 -0.1207
vn 0.6554 -0.7304 -0.1924
vn 0.6788 -0.7231 0.1276
vn 0.6933 -0.7158 0.0834
vn 0.7124 -0.7007 0.0396
vn 0.7329 -0.6803 -0.0075
vn 0.7539 -0.6541 -0.0610
vn 0.7745 -0.6199 -0.1257
vn -0.0850 -0.9959 -0.0303
vn -0.0871 -0.9936 -0.0713
vn -0.0922 -0.9890 -0.1155
vn -0.0999 -0.9818 -0.1616
vn -0.1091 -0.9713 -0.2114
vn -0.1192 -0.9565 -0.2664
vn -0.1301 -0.9349 -0.3302
vn -0.1421 -0.9023 -0.4070
vn 0.0665 -0.9065 -0.4169
vn 0.2460 -0.8804 -0.4054
vn 0.4018 -0.8338 -0.3784
vn 0.5417 -0.7696 -0.3380
vn 0.6717 -0.6850 -0.2822
vn 0.7932 -0.5729 -0.2066
vn 0.8995 -0.4241 -0.1055
vn 0.8817 -0.4704 -0.0373
vn 0.8625 -0.5057 0.0177
vn 0.8429 -0.5342 0.0641
vn 0.8231 -0.5580 0.1055
vn 0.8034 -0.5778 0.1437
vn 0.7842 -0.5936 0.1808
vn 0.7663 -0.6051 0.2161
vn 0.6778 -0.7132 0.1787
vn 0.5757 -0.8058 0.1392
vn 0.4610 -0.8817 0.1005
vn 0.3292 -0.9422 0.0624
vn 0.1956 -0.9802 0.0292
vn 0.0566 -0.9984 -0.0011
vn 0.9180 -0.2405 0.3152
vn 0.9360 -0.2028 0.2876
vn 0.9496 -0.1748 0.2602
vn 0.9610 -0.1498 0.2325
vn 0.9710 -0.1252 0.2038
vn 0.9801 -0.0980 0.1725
vn 0.9259 -0.0646 0.3722
vn 0.9379 -0.0221 0.3462
vn 0.9463 0.0067 0.3232
vn 0.9528 0.0290 0.3022
vn 0.9581 0.0484 0.2823
vn 0.9626 0.0677 0.2623
vn 0.8992 0.1169 0.4217
vn 0.9054 0.1536 0.3957
vn 0.9092 0.1776 0.3765
vn 0.9118 0.1941 0.3619
vn 0.9136 0.2062 0.3505
vn 0.9149 0.2157 0.3412
vn 0.8310 0.3075 0.4635
vn 0.8366 0.3292 0.4378
vn 0.8391 0.3428 0.4224
vn 0.8401 0.3503 0.4141
vn 0.8404 0.3529 0.4113
vn 0.8404 0.3512 0.4128
vn 0.7230 0.4854 0.4916
vn 0.7296 0.4966 0.4702
vn 0.7325 0.5011 0.4609
vn 0.7342 0.4994 0.4600
vn 0.7352 0.4918 0.4664
vn 0.7359 0.4782 0.4793
vn 0.5730 0.6462 0.5041
vn 0.5792 0.6511 0.4905
vn 0.5832 0.6482 0.4896
vn 0.5869 0.6387 0.4977
vn 0.5903 0.6218 0.5147
vn 0.5934 0.5966 0.5403
vn 0.8505 -0.4461 0.2787
vn 0.8730 -0.4193 0.2493
vn 0.8931 -0.3934 0.2180
vn 0.9107 -0.3690 0.1856
vn 0.9269 -0.3436 0.1509
vn 0.9421 -0.3157 0.1132
vn 0.9566 -0.2828 0.0700
vn 0.9702 -0.2415 0.0180
vn 0.9885 -0.0658 0.1364
vn 0.9665 0.0885 0.2408
vn 0.9158 0.2238 0.3334
vn 0.8401 0.3454 0.4183
vn 0.7361 0.4578 0.4986
vn 0.5955 0.5614 0.5746
vn 0.4077 0.6501 0.6412
vn 0.4027 0.6994 0.5905
vn 0.3971 0.7343 0.5506
vn 0.3917 0.7581 0.5214
vn 0.3871 0.7727 0.5031
vn 0.3831 0.7800 0.4948
vn 0.3801 0.7787 0.4992
vn 0.3805 0.7648 0.5199
vn 0.5502 0.6389 0.5376
vn 0.7026 0.4714 0.5330
vn 0.8179 0.2744 0.5057
vn 0.8875 0.0576 0.4572
vn 0.9063 -0.1365 0.4001
vn 0.8894 -0.3061 0.3394
vn -0.6607 0.7225 0.2038
vn -0.0827 0.8066 -0.5853
vn -0.8609 0.5082 -0.0260
vn -0.3976 0.1915 -0.8973
vn -0.2820 0.6112 -0.7395
vn -0.0147 0.3852 -0.9227
vn 0.9102 0.3784 0.1682
vn 0.1956 0.7782 -0.5967
vn 0.0383 0.6721 -0.7395
vn 0.0329 -0.6720 -0.7398
vn 0.2351 -0.7544 -0.6129
vn 0.6727 -0.4823 -0.5611
vn -0.5908 -0.6266 -0.5082
vn -0.8795 -0.4731 -0.0506
vn -0.3333 0.3725 0.8661
vn -0.5483 0.7390 0.3915
vn 0.0739 -0.9416 -0.3285
vn 0.0426 0.9834 -0.1766
vn -0.9716 -0.1859 0.1464
vn -0.3976 0.1916 -0.8973
vn -0.3194 0.6613 -0.6788
vn -0.0528 0.5039 -0.8622
vn 0.4037 0.3868 0.8291
vn -0.6251 0.5261 0.5766
vn -0.3533 -0.5163 0.7802
vn -0.0121 -0.8654 0.5010
vn -0.6676 -0.7420 0.0620
vn 0.1396 -0.9876 0.0726
vn -0.1052 0.6641 -0.7402
vn -0.0710 0.6584 -0.7494
vn -0.0181 0.5903 -0.8070
vn 0.4097 0.4747 0.7790
vn -0.4947 0.3885 0.7774
vn -0.7614 -0.6455 -0.0589
vn -0.5759 -0.8170 -0.0288
vt 0.517992 0.031250
vt 0.532496 0.031250
vt 0.533602 0.062500
vt 0.519829 0.062500
vt 0.547527 0.031250
vt 0.548131 0.062500
vt 0.562824 0.031250
vt 0.563128 0.062500
vt 0.578262 0.031250
vt 0.578390 0.062500
vt 0.593791 0.031250
vt 0.593828 0.062500
vt 0.609380 0.031250
vt 0.609385 0.062500
vt 0.534453 0.093750
vt 0.521069 0.093750
vt 0.548640 0.093750
vt 0.563391 0.093750
vt 0.578501 0.093750
vt 0.593861 0.093750
vt 0.609389 0.093750
vt 0.535046 0.125000
vt 0.521848 0.125000
vt 0.549022 0.125000
vt 0.563592 0.125000
vt 0.578586 0.125000
vt 0.593887 0.125000
vt 0.609392 0.125000
vt 0.535409 0.156250
vt 0.522311 0.156250
vt 0.549261 0.156250
vt 0.563719 0.156250
vt 0.578639 0.156250
vt 0.593902 0.156250
vt 0.609394 0.156250
vt 0.535595 0.187500
vt 0.522549 0.187500
vt 0.549383 0.187500
vt 0.563784 0.187500
vt 0.578666 0.187500
vt 0.593910 0.187500
vt 0.609395 0.187500
vt 0.535664 0.218750
vt 0.522637 0.218750
vt 0.549429 0.218750
vt 0.563807 0.218750
vt 0.578677 0.218750
vt 0.593913 0.218750
vt 0.609395 0.218750
vt 0.500000 0.000000
vt 0.515625 0.000000
vt 0.504956 0.031250
vt 0.531250 0.000000
vt 0.546875 0.000000
vt 0.562500 0.000000
vt 0.578125 0.000000
vt 0.593750 0.000000
vt 0.609375 0.000000
vt 0.625000 0.000000
vt 0.625000 0.031250
vt 0.625000 0.062500
vt 0.625000 0.093750
vt 0.625000 0.125000
vt 0.625000 0.156250
vt 0.625000 0.187500
vt 0.625000 0.218750
vt 0.625000 0.250000
vt 0.609396 0.250000
vt 0.593914 0.250000
vt 0.578678 0.250000
vt 0.563811 0.250000
vt 0.549435 0.250000
vt 0.535674 0.250000
vt 0.522650 0.250000
vt 0.510472 0.218750
vt 0.510486 0.250000
vt 0.510377 0.187500
vt 0.510117 0.156250
vt 0.509612 0.125000
vt 0.508752 0.093750
vt 0.507318 0.062500
vt 0.522650 0.281250
vt 0.535674 0.281250
vt 0.535674 0.312500
vt 0.522650 0.312500
vt 0.549435 0.281250
vt 0.549435 0.312500
vt 0.563811 0.281250
vt 0.563811 0.312500
vt 0.578678 0.281250
vt 0.578678 0.312500
vt 0.593914 0.281250
vt 0.593914 0.312500
vt 0.609395 0.281250
vt 0.609396 0.312500
vt 0.535674 0.343750
vt 0.522650 0.343750
vt 0.549435 0.343750
vt 0.563811 0.343750
vt 0.578678 0.343750
vt 0.593914 0.343750
vt 0.609396 0.343750
vt 0.535674 0.375000
vt 0.522650 0.375000
vt 0.549435 0.375000
vt 0.563811 0.375000
vt 0.578678 0.375000
vt 0.593914 0.375000
vt 0.609396 0.375000
vt 0.535675 0.406250
vt 0.522650 0.406250
vt 0.549438 0.406250
vt 0.563818 0.406250
vt 0.578690 0.406250
vt 0.593928 0.406250
vt 0.609405 0.406250
vt 0.535681 0.437500
vt 0.522650 0.437500
vt 0.549458 0.437500
vt 0.563865 0.437500
vt 0.578776 0.437500
vt 0.594029 0.437500
vt 0.609471 0.437500
vt 0.535697 0.468750
vt 0.522653 0.468750
vt 0.549512 0.468750
vt 0.563994 0.468750
vt 0.579013 0.468750
vt 0.594350 0.468750
vt 0.609751 0.468750
vt 0.510486 0.281250
vt 0.625000 0.281250
vt 0.625000 0.312500
vt 0.625000 0.343750
vt 0.625000 0.375000
vt 0.625000 0.406250
vt 0.625000 0.437500
vt 0.625000 0.468750
vt 0.625000 0.500000
vt 0.611072 0.500000
vt 0.595216 0.500000
vt 0.579505 0.500000
vt 0.564245 0.500000
vt 0.549618 0.500000
vt 0.535728 0.500000
vt 0.522657 0.500000
vt 0.510486 0.468750
vt 0.510486 0.500000
vt 0.510486 0.437500
vt 0.510486 0.406250
vt 0.510486 0.375000
vt 0.510486 0.343750
vt 0.510486 0.312500
vt 0.522663 0.531250
vt 0.535776 0.531250
vt 0.535830 0.562500
vt 0.522669 0.562500
vt 0.549781 0.531250
vt 0.549962 0.562500
vt 0.564631 0.531250
vt 0.565059 0.562500
vt 0.580296 0.531250
vt 0.581168 0.562500
vt 0.596807 0.531250
vt 0.598546 0.562500
vt 0.614435 0.531250
vt 0.617628 0.562500
vt 0.535873 0.593750
vt 0.522675 0.593750
vt 0.550107 0.593750
vt 0.565405 0.593750
vt 0.581850 0.593750
vt 0.599766 0.593750
vt 0.619549 0.593750
vt 0.535891 0.625000
vt 0.522677 0.625000
vt 0.550168 0.625000
vt 0.565547 0.625000
vt 0.582123 0.625000
vt 0.600207 0.625000
vt 0.620165 0.625000
vt 0.535873 0.656250
vt 0.522675 0.656250
vt 0.550107 0.656250
vt 0.565405 0.656250
vt 0.581850 0.656250
vt 0.599766 0.656250
vt 0.619549 0.656250
vt 0.535830 0.687500
vt 0.522669 0.687500
vt 0.549962 0.687500
vt 0.565059 0.687500
vt 0.581168 0.687500
vt 0.598546 0.687500
vt 0.617628 0.687500
vt 0.535776 0.718750
vt 0.522662 0.718750
vt 0.549781 0.718750
vt 0.564631 0.718750
vt 0.580296 0.718750
vt 0.596807 0.718750
vt 0.614435 0.718750
vt 0.510486 0.531250
vt 0.634918 0.531250
vt 0.639350 0.562500
vt 0.641659 0.593750
vt 0.642361 0.625000
vt 0.641659 0.656250
vt 0.639350 0.687500
vt 0.634918 0.718750
vt 0.625000 0.750000
vt 0.611072 0.750000
vt 0.595216 0.750000
vt 0.579505 0.750000
vt 0.564245 0.750000
vt 0.549618 0.750000
vt 0.535728 0.750000
vt 0.522657 0.750000
vt 0.510486 0.718750
vt 0.510486 0.750000
vt 0.510486 0.687500
vt 0.510486 0.656250
vt 0.510486 0.625000
vt 0.510486 0.593750
vt 0.510486 0.562500
vt 0.522640 0.781250
vt 0.535687 0.781250
vt 0.535602 0.812500
vt 0.522550 0.812500
vt 0.549506 0.781250
vt 0.549406 0.812500
vt 0.563990 0.781250
vt 0.563838 0.812500
vt 0.579012 0.781250
vt 0.578764 0.812500
vt 0.594350 0.781250
vt 0.594026 0.812500
vt 0.609751 0.781250
vt 0.609471 0.812500
vt 0.535410 0.843750
vt 0.522311 0.843750
vt 0.549264 0.843750
vt 0.563725 0.843750
vt 0.578651 0.843750
vt 0.593917 0.843750
vt 0.609403 0.843750
vt 0.535046 0.875000
vt 0.521848 0.875000
vt 0.549022 0.875000
vt 0.563592 0.875000
vt 0.578586 0.875000
vt 0.593887 0.875000
vt 0.609392 0.875000
vt 0.534453 0.906250
vt 0.521069 0.906250
vt 0.548640 0.906250
vt 0.563391 0.906250
vt 0.578501 0.906250
vt 0.593861 0.906250
vt 0.609389 0.906250
vt 0.533602 0.937500
vt 0.519829 0.937500
vt 0.548131 0.937500
vt 0.563128 0.937500
vt 0.578390 0.937500
vt 0.593829 0.937500
vt 0.609385 0.937500
vt 0.532496 0.968750
vt 0.517992 0.968750
vt 0.547527 0.968750
vt 0.562824 0.968750
vt 0.578262 0.968750
vt 0.593791 0.968750
vt 0.609380 0.968750
vt 0.510472 0.781250
vt 0.625000 0.781250
vt 0.625000 0.812500
vt 0.625000 0.843750
vt 0.625000 0.875000
vt 0.625000 0.906250
vt 0.625000 0.937500
vt 0.625000 0.968750
vt 0.625000 1.000000
vt 0.609375 1.000000
vt 0.593750 1.000000
vt 0.578125 1.000000
vt 0.562500 1.000000
vt 0.546875 1.000000
vt 0.531250 1.000000
vt 0.515625 1.000000
vt 0.504956 0.968750
vt 0.500000 1.000000
vt 0.507318 0.937500
vt 0.508752 0.906250
vt 0.509612 0.875000
vt 0.510117 0.843750
vt 0.510377 0.812500
vt 0.156235 0.531250
vt 0.187381 0.531250
vt 0.187277 0.562500
vt 0.156222 0.562500
vt 0.218348 0.531250
vt 0.217996 0.562500
vt 0.249046 0.531250
vt 0.248214 0.562500
vt 0.279329 0.531250
vt 0.277670 0.562500
vt 0.308823 0.531250
vt 0.305740 0.562500
vt 0.336739 0.531250
vt 0.331542 0.562500
vt 0.187203 0.593750
vt 0.156213 0.593750
vt 0.217748 0.593750
vt 0.247625 0.593750
vt 0.276521 0.593750
vt 0.303763 0.593750
vt 0.328568 0.593750
vt 0.187175 0.625000
vt 0.156209 0.625000
vt 0.217654 0.625000
vt 0.247402 0.625000
vt 0.276094 0.625000
vt 0.303081 0.625000
vt 0.327632 0.625000
vt 0.187203 0.656250
vt 0.156213 0.656250
vt 0.217748 0.656250
vt 0.247625 0.656250
vt 0.276521 0.656250
vt 0.303763 0.656250
vt 0.328568 0.656250
vt 0.187277 0.687500
vt 0.156222 0.687500
vt 0.217996 0.687500
vt 0.248214 0.687500
vt 0.277670 0.687500
vt 0.305740 0.687500
vt 0.331542 0.687500
vt 0.187381 0.718750
vt 0.156235 0.718750
vt 0.218347 0.718750
vt 0.249046 0.718750
vt 0.279329 0.718750
vt 0.308823 0.718750
vt 0.336739 0.718750
vt 0.125000 0.500000
vt 0.156250 0.500000
vt 0.125000 0.531250
vt 0.187500 0.500000
vt 0.218750 0.500000
vt 0.250000 0.500000
vt 0.281250 0.500000
vt 0.312500 0.500000
vt 0.343750 0.500000
vt 0.375000 0.500000
vt 0.360156 0.531250
vt 0.353523 0.562500
vt 0.350066 0.593750
vt 0.349016 0.625000
vt 0.350067 0.656250
vt 0.353523 0.687500
vt 0.360156 0.718750
vt 0.375000 0.750000
vt 0.343750 0.750000
vt 0.312500 0.750000
vt 0.281250 0.750000
vt 0.250000 0.750000
vt 0.218750 0.750000
vt 0.187500 0.750000
vt 0.156250 0.750000
vt 0.125000 0.718750
vt 0.125000 0.750000
vt 0.125000 0.687500
vt 0.125000 0.656250
vt 0.125000 0.625000
vt 0.125000 0.593750
vt 0.125000 0.562500
vt 0.660934 0.531250
vt 0.689957 0.531250
vt 0.692017 0.562500
vt 0.664407 0.562500
vt 0.720033 0.531250
vt 0.721142 0.562500
vt 0.750638 0.531250
vt 0.751194 0.562500
vt 0.781519 0.531250
vt 0.781754 0.562500
vt 0.812580 0.531250
vt 0.812649 0.562500
vt 0.843760 0.531250
vt 0.843769 0.562500
vt 0.693337 0.593750
vt 0.666394 0.593750
vt 0.721910 0.593750
vt 0.751587 0.593750
vt 0.781920 0.593750
vt 0.812698 0.593750
vt 0.843775 0.593750
vt 0.693793 0.625000
vt 0.667019 0.625000
vt 0.722195 0.625000
vt 0.751736 0.625000
vt 0.781982 0.625000
vt 0.812717 0.625000
vt 0.843777 0.625000
vt 0.693337 0.656250
vt 0.666394 0.656250
vt 0.721910 0.656250
vt 0.751587 0.656250
vt 0.781920 0.656250
vt 0.812698 0.656250
vt 0.843775 0.656250
vt 0.692017 0.687500
vt 0.664407 0.687500
vt 0.721142 0.687500
vt 0.751194 0.687500
vt 0.781754 0.687500
vt 0.812649 0.687500
vt 0.843769 0.687500
vt 0.689957 0.718750
vt 0.660934 0.718750
vt 0.720033 0.718750
vt 0.750638 0.718750
vt 0.781519 0.718750
vt 0.812580 0.718750
vt 0.843760 0.718750
vt 0.656250 0.500000
vt 0.687500 0.500000
vt 0.718750 0.500000
vt 0.750000 0.500000
vt 0.781250 0.500000
vt 0.812500 0.500000
vt 0.843750 0.500000
vt 0.875000 0.500000
vt 0.875000 0.531250
vt 0.875000 0.562500
vt 0.875000 0.593750
vt 0.875000 0.625000
vt 0.875000 0.656250
vt 0.875000 0.687500
vt 0.875000 0.718750
vt 0.875000 0.750000
vt 0.843750 0.750000
vt 0.812500 0.750000
vt 0.781250 0.750000
vt 0.750000 0.750000
vt 0.718750 0.750000
vt 0.687500 0.750000
vt 0.656250 0.750000
vt 0.445603 0.781250
vt 0.453541 0.781250
vt 0.453539 0.812500
vt 0.445604 0.812500
vt 0.461715 0.781250
vt 0.461705 0.812500
vt 0.470247 0.781250
vt 0.470224 0.812500
vt 0.479264 0.781250
vt 0.479219 0.812500
vt 0.488890 0.781250
vt 0.488822 0.812500
vt 0.499251 0.781250
vt 0.499163 0.812500
vt 0.453534 0.843750
vt 0.445606 0.843750
vt 0.461679 0.843750
vt 0.470160 0.843750
vt 0.479097 0.843750
vt 0.488635 0.843750
vt 0.498925 0.843750
vt 0.453522 0.875000
vt 0.445610 0.875000
vt 0.461629 0.875000
vt 0.470035 0.875000
vt 0.478859 0.875000
vt 0.488273 0.875000
vt 0.498462 0.875000
vt 0.453505 0.906250
vt 0.445617 0.906250
vt 0.461549 0.906250
vt 0.469836 0.906250
vt 0.478478 0.906250
vt 0.487680 0.906250
vt 0.497683 0.906250
vt 0.453483 0.937500
vt 0.445630 0.937500
vt 0.461445 0.937500
vt 0.469577 0.937500
vt 0.477970 0.937500
vt 0.486829 0.937500
vt 0.496443 0.937500
vt 0.453460 0.968750
vt 0.445649 0.968750
vt 0.461325 0.968750
vt 0.469277 0.968750
vt 0.477369 0.968750
vt 0.485724 0.968750
vt 0.494606 0.968750
vt 0.437776 0.750000
vt 0.445603 0.750000
vt 0.437777 0.781250
vt 0.453542 0.750000
vt 0.461716 0.750000
vt 0.470251 0.750000
vt 0.479271 0.750000
vt 0.488900 0.750000
vt 0.499264 0.750000
vt 0.492239 1.000000
vt 0.484479 1.000000
vt 0.476718 1.000000
vt 0.468957 1.000000
vt 0.461197 1.000000
vt 0.453436 1.000000
vt 0.445675 1.000000
vt 0.437849 0.968750
vt 0.437915 1.000000
vt 0.437818 0.937500
vt 0.437799 0.906250
vt 0.437788 0.875000
vt 0.437781 0.843750
vt 0.437778 0.812500
vt 0.445603 0.531250
vt 0.453541 0.531250
vt 0.453542 0.562500
vt 0.445603 0.562500
vt 0.461716 0.531250
vt 0.461716 0.562500
vt 0.470251 0.531250
vt 0.470251 0.562500
vt 0.479271 0.531250
vt 0.479271 0.562500
vt 0.488900 0.531250
vt 0.488900 0.562500
vt 0.499264 0.531250
vt 0.499264 0.562500
vt 0.453542 0.593750
vt 0.445603 0.593750
vt 0.461716 0.593750
vt 0.470251 0.593750
vt 0.479271 0.593750
vt 0.488900 0.593750
vt 0.499264 0.593750
vt 0.453542 0.625000
vt 0.445603 0.625000
vt 0.461716 0.625000
vt 0.470251 0.625000
vt 0.479271 0.625000
vt 0.488900 0.625000
vt 0.499264 0.625000
vt 0.453541 0.656250
vt 0.445603 0.656250
vt 0.461716 0.656250
vt 0.470251 0.656250
vt 0.479271 0.656250
vt 0.488900 0.656250
vt 0.499264 0.656250
vt 0.453541 0.687500
vt 0.445603 0.687500
vt 0.461716 0.687500
vt 0.470251 0.687500
vt 0.479271 0.687500
vt 0.488900 0.687500
vt 0.499264 0.687500
vt 0.453542 0.718750
vt 0.445603 0.718750
vt 0.461716 0.718750
vt 0.470251 0.718750
vt 0.479271 0.718750
vt 0.488900 0.718750
vt 0.499264 0.718750
vt 0.437776 0.500000
vt 0.445603 0.500000
vt 0.437776 0.531250
vt 0.453541 0.500000
vt 0.461716 0.500000
vt 0.470251 0.500000
vt 0.479271 0.500000
vt 0.488900 0.500000
vt 0.499264 0.500000
vt 0.510486 0.500000
vt 0.510486 0.531250
vt 0.510486 0.593750
vt 0.510486 0.625000
vt 0.510486 0.687500
vt 0.510486 0.718750
vt 0.510486 0.750000
vt 0.488900 0.750000
vt 0.479271 0.750000
vt 0.470251 0.750000
vt 0.461716 0.750000
vt 0.453541 0.750000
vt 0.445603 0.750000
vt 0.437776 0.718750
vt 0.437776 0.750000
vt 0.437776 0.687500
vt 0.437776 0.656250
vt 0.437776 0.625000
vt 0.437776 0.593750
vt 0.437776 0.562500
vt 0.445603 0.281250
vt 0.453541 0.281250
vt 0.453542 0.312500
vt 0.445603 0.312500
vt 0.461716 0.281250
vt 0.461716 0.312500
vt 0.470251 0.281250
vt 0.470251 0.312500
vt 0.479271 0.281250
vt 0.479271 0.312500
vt 0.488900 0.281250
vt 0.488900 0.312500
vt 0.499264 0.281250
vt 0.499264 0.312500
vt 0.453542 0.343750
vt 0.445603 0.343750
vt 0.461716 0.343750
vt 0.470251 0.343750
vt 0.479271 0.343750
vt 0.488900 0.343750
vt 0.499264 0.343750
vt 0.453542 0.375000
vt 0.445603 0.375000
vt 0.461716 0.375000
vt 0.470251 0.375000
vt 0.479271 0.375000
vt 0.488900 0.375000
vt 0.499264 0.375000
vt 0.453541 0.406250
vt 0.445603 0.406250
vt 0.461716 0.406250
vt 0.470251 0.406250
vt 0.479271 0.406250
vt 0.488900 0.406250
vt 0.499264 0.406250
vt 0.453541 0.437500
vt 0.445603 0.437500
vt 0.461716 0.437500
vt 0.470251 0.437500
vt 0.479271 0.437500
vt 0.488900 0.437500
vt 0.499264 0.437500
vt 0.453542 0.468750
vt 0.445603 0.468750
vt 0.461716 0.468750
vt 0.470251 0.468750
vt 0.479271 0.468750
vt 0.488900 0.468750
vt 0.499264 0.468750
vt 0.437776 0.250000
vt 0.445603 0.250000
vt 0.437776 0.281250
vt 0.453541 0.250000
vt 0.461716 0.250000
vt 0.470251 0.250000
vt 0.479271 0.250000
vt 0.488900 0.250000
vt 0.499264 0.250000
vt 0.510486 0.250000
vt 0.510486 0.281250
vt 0.510486 0.312500
vt 0.510486 0.343750
vt 0.510486 0.375000
vt 0.510486 0.406250
vt 0.510486 0.437500
vt 0.510486 0.468750
vt 0.437776 0.468750
vt 0.437776 0.437500
vt 0.437776 0.406250
vt 0.437776 0.375000
vt 0.437776 0.343750
vt 0.437776 0.312500
vt 0.445649 0.031250
vt 0.453460 0.031250
vt 0.453483 0.062500
vt 0.445630 0.062500
vt 0.461325 0.031250
vt 0.461445 0.062500
vt 0.469277 0.031250
vt 0.469577 0.062500
vt 0.477369 0.031250
vt 0.477970 0.062500
vt 0.485724 0.031250
vt 0.486829 0.062500
vt 0.494606 0.031250
vt 0.496443 0.062500
vt 0.453505 0.093750
vt 0.445617 0.093750
vt 0.461549 0.093750
vt 0.469836 0.093750
vt 0.478478 0.093750
vt 0.487680 0.093750
vt 0.497683 0.093750
vt 0.453522 0.125000
vt 0.445610 0.125000
vt 0.461629 0.125000
vt 0.470035 0.125000
vt 0.478859 0.125000
vt 0.488272 0.125000
vt 0.498462 0.125000
vt 0.453534 0.156250
vt 0.445606 0.156250
vt 0.461679 0.156250
vt 0.470160 0.156250
vt 0.479097 0.156250
vt 0.488635 0.156250
vt 0.498925 0.156250
vt 0.453539 0.187500
vt 0.445604 0.187500
vt 0.461705 0.187500
vt 0.470224 0.187500
vt 0.479219 0.187500
vt 0.488822 0.187500
vt 0.499164 0.187500
vt 0.453541 0.218750
vt 0.445603 0.218750
vt 0.461715 0.218750
vt 0.470247 0.218750
vt 0.479264 0.218750
vt 0.488890 0.218750
vt 0.499251 0.218750
vt 0.437915 0.000000
vt 0.445675 0.000000
vt 0.437849 0.031250
vt 0.453436 0.000000
vt 0.461197 0.000000
vt 0.468957 0.000000
vt 0.476718 0.000000
vt 0.484479 0.000000
vt 0.492239 0.000000
vt 0.488900 0.250000
vt 0.479271 0.250000
vt 0.470251 0.250000
vt 0.461716 0.250000
vt 0.453542 0.250000
vt 0.445603 0.250000
vt 0.437777 0.218750
vt 0.437776 0.250000
vt 0.437778 0.187500
vt 0.437781 0.156250
vt 0.437788 0.125000
vt 0.437799 0.093750
vt 0.437818 0.062500
vt 0.382864 0.031250
vt 0.390728 0.031250
vt 0.390728 0.062500
vt 0.382864 0.062500
vt 0.398591 0.031250
vt 0.398590 0.062500
vt 0.406453 0.031250
vt 0.406449 0.062500
vt 0.414313 0.031250
vt 0.414305 0.062500
vt 0.422170 0.031250
vt 0.422155 0.062500
vt 0.430019 0.031250
vt 0.429995 0.062500
vt 0.390727 0.093750
vt 0.382864 0.093750
vt 0.398588 0.093750
vt 0.406446 0.093750
vt 0.414298 0.093750
vt 0.422144 0.093750
vt 0.429979 0.093750
vt 0.390727 0.125000
vt 0.382864 0.125000
vt 0.398587 0.125000
vt 0.406443 0.125000
vt 0.414293 0.125000
vt 0.422136 0.125000
vt 0.429968 0.125000
vt 0.390727 0.156250
vt 0.382864 0.156250
vt 0.398586 0.156250
vt 0.406441 0.156250
vt 0.414290 0.156250
vt 0.422131 0.156250
vt 0.429962 0.156250
vt 0.390727 0.187500
vt 0.382864 0.187500
vt 0.398586 0.187500
vt 0.406440 0.187500
vt 0.414289 0.187500
vt 0.422129 0.187500
vt 0.429959 0.187500
vt 0.390727 0.218750
vt 0.382864 0.218750
vt 0.398586 0.218750
vt 0.406440 0.218750
vt 0.414288 0.218750
vt 0.422128 0.218750
vt 0.429958 0.218750
vt 0.375000 0.000000
vt 0.382864 0.000000
vt 0.375000 0.031250
vt 0.390729 0.000000
vt 0.398593 0.000000
vt 0.406457 0.000000
vt 0.414322 0.000000
vt 0.422186 0.000000
vt 0.430050 0.000000
vt 0.429958 0.250000
vt 0.422128 0.250000
vt 0.414288 0.250000
vt 0.406440 0.250000
vt 0.398586 0.250000
vt 0.390726 0.250000
vt 0.382864 0.250000
vt 0.375000 0.218750
vt 0.375000 0.250000
vt 0.375000 0.187500
vt 0.375000 0.156250
vt 0.375000 0.125000
vt 0.375000 0.093750
vt 0.375000 0.062500
vt 0.382864 0.281250
vt 0.390727 0.281250
vt 0.390727 0.312500
vt 0.382864 0.312500
vt 0.398586 0.281250
vt 0.398586 0.312500
vt 0.406440 0.281250
vt 0.406440 0.312500
vt 0.414288 0.281250
vt 0.414288 0.312500
vt 0.422128 0.281250
vt 0.422128 0.312500
vt 0.429958 0.281250
vt 0.429958 0.312500
vt 0.390727 0.343750
vt 0.382864 0.343750
vt 0.398586 0.343750
vt 0.406440 0.343750
vt 0.414288 0.343750
vt 0.422128 0.343750
vt 0.429958 0.343750
vt 0.390726 0.375000
vt 0.382864 0.375000
vt 0.398586 0.375000
vt 0.406440 0.375000
vt 0.414288 0.375000
vt 0.422128 0.375000
vt 0.429958 0.375000
vt 0.390705 0.406250
vt 0.382850 0.406250
vt 0.398567 0.406250
vt 0.406430 0.406250
vt 0.414284 0.406250
vt 0.422126 0.406250
vt 0.429958 0.406250
vt 0.390554 0.437500
vt 0.382751 0.437500
vt 0.398440 0.437500
vt 0.406359 0.437500
vt 0.414254 0.437500
vt 0.422118 0.437500
vt 0.429956 0.437500
vt 0.390073 0.468750
vt 0.382332 0.468750
vt 0.398084 0.468750
vt 0.406166 0.468750
vt 0.414172 0.468750
vt 0.422093 0.468750
vt 0.429953 0.468750
vt 0.375000 0.281250
vt 0.437776 0.281250
vt 0.437776 0.312500
vt 0.437776 0.343750
vt 0.437776 0.375000
vt 0.437776 0.406250
vt 0.437776 0.437500
vt 0.437776 0.500000
vt 0.429948 0.500000
vt 0.422046 0.500000
vt 0.414014 0.500000
vt 0.405790 0.500000
vt 0.397347 0.500000
vt 0.388778 0.500000
vt 0.380354 0.500000
vt 0.375000 0.468750
vt 0.375000 0.437500
vt 0.375000 0.406250
vt 0.375000 0.375000
vt 0.375000 0.343750
vt 0.375000 0.312500
vt 0.375321 0.531250
vt 0.386396 0.531250
vt 0.383794 0.562500
vt 0.370543 0.562500
vt 0.396164 0.531250
vt 0.394859 0.562500
vt 0.405212 0.531250
vt 0.404572 0.562500
vt 0.413770 0.531250
vt 0.413500 0.562500
vt 0.421974 0.531250
vt 0.421894 0.562500
vt 0.429938 0.531250
vt 0.429929 0.562500
vt 0.381968 0.593750
vt 0.367668 0.593750
vt 0.393839 0.593750
vt 0.404055 0.593750
vt 0.413282 0.593750
vt 0.421829 0.593750
vt 0.429920 0.593750
vt 0.381307 0.625000
vt 0.366746 0.625000
vt 0.393430 0.625000
vt 0.403842 0.625000
vt 0.413192 0.625000
vt 0.421803 0.625000
vt 0.429917 0.625000
vt 0.381968 0.656250
vt 0.367668 0.656250
vt 0.393839 0.656250
vt 0.404055 0.656250
vt 0.413282 0.656250
vt 0.421829 0.656250
vt 0.429920 0.656250
vt 0.383794 0.687500
vt 0.370543 0.687500
vt 0.394859 0.687500
vt 0.404572 0.687500
vt 0.413500 0.687500
vt 0.421894 0.687500
vt 0.429929 0.687500
vt 0.386396 0.718750
vt 0.375321 0.718750
vt 0.396164 0.718750
vt 0.405212 0.718750
vt 0.413770 0.718750
vt 0.421974 0.718750
vt 0.429938 0.718750
vt 0.437776 0.531250
vt 0.437776 0.593750
vt 0.437776 0.625000
vt 0.437776 0.656250
vt 0.437776 0.687500
vt 0.437776 0.718750
vt 0.429948 0.750000
vt 0.422046 0.750000
vt 0.414014 0.750000
vt 0.405790 0.750000
vt 0.397347 0.750000
vt 0.388778 0.750000
vt 0.380354 0.750000
vt 0.382332 0.781250
vt 0.390073 0.781250
vt 0.390554 0.812500
vt 0.382751 0.812500
vt 0.398084 0.781250
vt 0.398440 0.812500
vt 0.406166 0.781250
vt 0.406359 0.812500
vt 0.414172 0.781250
vt 0.414254 0.812500
vt 0.422094 0.781250
vt 0.422119 0.812500
vt 0.429954 0.781250
vt 0.429958 0.812500
vt 0.390705 0.843750
vt 0.382850 0.843750
vt 0.398568 0.843750
vt 0.406431 0.843750
vt 0.414286 0.843750
vt 0.422130 0.843750
vt 0.429962 0.843750
vt 0.390727 0.875000
vt 0.382864 0.875000
vt 0.398587 0.875000
vt 0.406443 0.875000
vt 0.414293 0.875000
vt 0.422136 0.875000
vt 0.429968 0.875000
vt 0.390727 0.906250
vt 0.382864 0.906250
vt 0.398588 0.906250
vt 0.406446 0.906250
vt 0.414298 0.906250
vt 0.422144 0.906250
vt 0.429979 0.906250
vt 0.390728 0.937500
vt 0.382864 0.937500
vt 0.398589 0.937500
vt 0.406449 0.937500
vt 0.414305 0.937500
vt 0.422155 0.937500
vt 0.429995 0.937500
vt 0.390728 0.968750
vt 0.382864 0.968750
vt 0.398591 0.968750
vt 0.406453 0.968750
vt 0.414313 0.968750
vt 0.422170 0.968750
vt 0.430019 0.968750
vt 0.375000 0.781250
vt 0.430050 1.000000
vt 0.422186 1.000000
vt 0.414322 1.000000
vt 0.406457 1.000000
vt 0.398593 1.000000
vt 0.390729 1.000000
vt 0.382864 1.000000
vt 0.375000 0.968750
vt 0.375000 1.000000
vt 0.375000 0.937500
vt 0.375000 0.906250
vt 0.375000 0.875000
vt 0.375000 0.843750
vt 0.375000 0.812500
s 0
usemtl col
f 1535/1012/896 1536/1013/896 1543/1014/896 1542/1015/896
f 1536/1013/897 1537/1016/897 1544/1017/897 1543/1014/897
f 1537/1016/898 1538/1018/898 1545/1019/898 1544/1017/898
f 1538/1018/899 1539/1020/899 1546/1021/899 1545/1019/899
f 1539/1020/900 1540/1022/900 1547/1023/900 1546/1021/900
f 1540/1022/901 1541/1024/901 1548/1025/901 1547/1023/901
f 1542/1015/902 1543/1014/902 1550/1026/902 1549/1027/902
f 1543/1014/903 1544/1017/903 1551/1028/903 1550/1026/903
f 1544/1017/904 1545/1019/904 1552/1029/904 1551/1028/904
f 1545/1019/905 1546/1021/905 1553/1030/905 1552/1029/905
f 1546/1021/906 1547/1023/906 1554/1031/906 1553/1030/906
f 1547/1023/907 1548/1025/907 1555/1032/907 1554/1031/907
f 1549/1027/908 1550/1026/908 1557/1033/908 1556/1034/908
f 1550/1026/909 1551/1028/909 1558/1035/909 1557/1033/909
f 1551/1028/910 1552/1029/910 1559/1036/910 1558/1035/910
f 1552/1029/911 1553/1030/911 1560/1037/911 1559/1036/911
f 1553/1030/912 1554/1031/912 1561/1038/912 1560/1037/912
f 1554/1031/913 1555/1032/913 1562/1039/913 1561/1038/913
f 1556/1034/914 1557/1033/914 1564/1040/914 1563/1041/914
f 1557/1033/915 1558/1035/915 1565/1042/915 1564/1040/915
f 1558/1035/916 1559/1036/916 1566/1043/916 1565/1042/916
f 1559/1036/917 1560/1037/917 1567/1044/917 1566/1043/917
f 1560/1037/918 1561/1038/918 1568/1045/918 1567/1044/918
f 1561/1038/919 1562/1039/919 1569/1046/919 1568/1045/919
f 1563/1041/920 1564/1040/920 1571/1047/920 1570/1048/920
f 1564/1040/921 1565/1042/921 1572/1049/921 1571/1047/921
f 1565/1042/922 1566/1043/922 1573/1050/922 1572/1049/922
f 1566/1043/923 1567/1044/923 1574/1051/923 1573/1050/923
f 1567/1044/924 1568/1045/924 1575/1052/924 1574/1051/924
f 1568/1045/925 1569/1046/925 1576/1053/925 1575/1052/925
f 1570/1048/926 1571/1047/926 1578/1054/926 1577/1055/926
f 1571/1047/927 1572/1049/927 1579/1056/927 1578/1054/927
f 1572/1049/928 1573/1050/928 1580/1057/928 1579/1056/928
f 1573/1050/929 1574/1051/929 1581/1058/929 1580/1057/929
f 1574/1051/930 1575/1052/930 1582/1059/930 1581/1058/930
f 1575/1052/931 1576/1053/931 1583/1060/931 1582/1059/931
f 907/1061/932 954/1062/932 1535/1012/932 1080/1063/932
f 954/1062/933 955/1064/933 1536/1013/933 1535/1012/933
f 955/1064/934 956/1065/934 1537/1016/934 1536/1013/934
f 956/1065/935 957/1066/935 1538/1018/935 1537/1016/935
f 957/1066/936 958/1067/936 1539/1020/936 1538/1018/936
f 958/1067/937 959/1068/937 1540/1022/937 1539/1020/937
f 959/1068/938 960/1069/938 1541/1024/938 1540/1022/938
f 960/1069/939 900/1070/939 961/1071/939 1541/1024/939
f 1541/1024/940 961/1071/940 962/1072/940 1548/1025/940
f 1548/1025/941 962/1072/941 963/1073/941 1555/1032/941
f 1555/1032/942 963/1073/942 964/1074/942 1562/1039/942
f 1562/1039/943 964/1074/943 965/1075/943 1569/1046/943
f 1569/1046/944 965/1075/944 966/1076/944 1576/1053/944
f 1576/1053/945 966/1076/945 967/1077/945 1583/1060/945
f 1583/1060/946 967/1077/946 902/1078/946 1038/1079/946
f 1582/1059/947 1583/1060/947 1038/1079/947 1039/1080/947
f 1581/1058/948 1582/1059/948 1039/1080/948 1040/1081/948
f 1580/1057/949 1581/1058/949 1040/1081/949 1041/1082/949
f 1579/1056/950 1580/1057/950 1041/1082/950 1042/1083/950
f 1578/1054/951 1579/1056/951 1042/1083/951 1043/1084/951
f 1577/1055/952 1578/1054/952 1043/1084/952 1044/1085/952
f 1086/1086/953 1577/1055/953 1044/1085/953 908/1087/953
f 1085/1088/954 1570/1048/954 1577/1055/954 1086/1086/954
f 1084/1089/955 1563/1041/955 1570/1048/955 1085/1088/955
f 1083/1090/956 1556/1034/956 1563/1041/956 1084/1089/956
f 1082/1091/957 1549/1027/957 1556/1034/957 1083/1090/957
f 1081/1092/958 1542/1015/958 1549/1027/958 1082/1091/958
f 1080/1063/959 1535/1012/959 1542/1015/959 1081/1092/959
f 1584/1093/960 1585/1094/960 1592/1095/960 1591/1096/960
f 1585/1094/961 1586/1097/961 1593/1098/961 1592/1095/961
f 1586/1097/962 1587/1099/962 1594/1100/962 1593/1098/962
f 1587/1099/963 1588/1101/963 1595/1102/963 1594/1100/963
f 1588/1101/964 1589/1103/964 1596/1104/964 1595/1102/964
f 1589/1103/965 1590/1105/965 1597/1106/965 1596/1104/965
f 1591/1096/966 1592/1095/966 1599/1107/966 1598/1108/966
f 1592/1095/967 1593/1098/967 1600/1109/967 1599/1107/967
f 1593/1098/968 1594/1100/968 1601/1110/968 1600/1109/968
f 1594/1100/969 1595/1102/969 1602/1111/969 1601/1110/969
f 1595/1102/970 1596/1104/970 1603/1112/970 1602/1111/970
f 1596/1104/971 1597/1106/971 1604/1113/971 1603/1112/971
f 1598/1108/972 1599/1107/972 1606/1114/972 1605/1115/972
f 1599/1107/973 1600/1109/973 1607/1116/973 1606/1114/973
f 1600/1109/974 1601/1110/974 1608/1117/974 1607/1116/974
f 1601/1110/975 1602/1111/975 1609/1118/975 1608/1117/975
f 1602/1111/976 1603/1112/976 1610/1119/976 1609/1118/976
f 1603/1112/977 1604/1113/977 1611/1120/977 1610/1119/977
f 1605/1115/978 1606/1114/978 1613/1121/978 1612/1122/978
f 1606/1114/979 1607/1116/979 1614/1123/979 1613/1121/979
f 1607/1116/980 1608/1117/980 1615/1124/980 1614/1123/980
f 1608/1117/981 1609/1118/981 1616/1125/981 1615/1124/981
f 1609/1118/982 1610/1119/982 1617/1126/982 1616/1125/982
f 1610/1119/983 1611/1120/983 1618/1127/983 1617/1126/983
f 1612/1122/984 1613/1121/984 1620/1128/984 1619/1129/984
f 1613/1121/985 1614/1123/985 1621/1130/985 1620/1128/985
f 1614/1123/986 1615/1124/986 1622/1131/986 1621/1130/986
f 1615/1124/987 1616/1125/987 1623/1132/987 1622/1131/987
f 1616/1125/988 1617/1126/988 1624/1133/988 1623/1132/988
f 1617/1126/989 1618/1127/989 1625/1134/989 1624/1133/989
f 1619/1129/990 1620/1128/990 1627/1135/990 1626/1136/990
f 1620/1128/991 1621/1130/991 1628/1137/991 1627/1135/991
f 1621/1130/992 1622/1131/992 1629/1138/992 1628/1137/992
f 1622/1131/993 1623/1132/993 1630/1139/993 1629/1138/993
f 1623/1132/994 1624/1133/994 1631/1140/994 1630/1139/994
f 1624/1133/995 1625/1134/995 1632/1141/995 1631/1140/995
f 908/1087/996 1044/1085/996 1584/1093/996 1073/1142/996
f 1044/1085/997 1043/1084/997 1585/1094/997 1584/1093/997
f 1043/1084/998 1042/1083/998 1586/1097/998 1585/1094/998
f 1042/1083/999 1041/1082/999 1587/1099/999 1586/1097/999
f 1041/1082/1000 1040/1081/1000 1588/1101/1000 1587/1099/1000
f 1040/1081/1001 1039/1080/1001 1589/1103/1001 1588/1101/1001
f 1039/1080/1002 1038/1079/1002 1590/1105/1002 1589/1103/1002
f 1038/1079/1003 902/1078/1003 982/1143/1003 1590/1105/1003
f 1590/1105/1004 982/1143/1004 983/1144/1004 1597/1106/1004
f 1597/1106/1005 983/1144/1005 984/1145/1005 1604/1113/1005
f 1604/1113/1006 984/1145/1006 985/1146/1006 1611/1120/1006
f 1611/1120/1007 985/1146/1007 986/1147/1007 1618/1127/1007
f 1618/1127/1008 986/1147/1008 987/1148/1008 1625/1134/1008
f 1625/1134/1009 987/1148/1009 988/1149/1009 1632/1141/1009
f 1632/1141/1010 988/1149/1010 906/1150/1010 1045/1151/1010
f 1631/1140/1011 1632/1141/1011 1045/1151/1011 1046/1152/1011
f 1630/1139/1012 1631/1140/1012 1046/1152/1012 1047/1153/1012
f 1629/1138/1013 1630/1139/1013 1047/1153/1013 1048/1154/1013
f 1628/1137/1014 1629/1138/1014 1048/1154/1014 1049/1155/1014
f 1627/1135/1015 1628/1137/1015 1049/1155/1015 1050/1156/1015
f 1626/1136/1016 1627/1135/1016 1050/1156/1016 1051/1157/1016
f 1079/1158/1017 1626/1136/1017 1051/1157/1017 909/1159/1017
f 1078/1160/1018 1619/1129/1018 1626/1136/1018 1079/1158/1018
f 1077/1161/1019 1612/1122/1019 1619/1129/1019 1078/1160/1019
f 1076/1162/1020 1605/1115/1020 1612/1122/1020 1077/1161/1020
f 1075/1163/1021 1598/1108/1021 1605/1115/1021 1076/1162/1021
f 1074/1164/1022 1591/1096/1022 1598/1108/1022 1075/1163/1022
f 1073/1142/1023 1584/1093/1023 1591/1096/1023 1074/1164/1023
f 1633/1165/1024 1634/1166/1024 1641/1167/1024 1640/1168/1024
f 1634/1166/1025 1635/1169/1025 1642/1170/1025 1641/1167/1025
f 1635/1169/1026 1636/1171/1026 1643/1172/1026 1642/1170/1026
f 1636/1171/1027 1637/1173/1027 1644/1174/1027 1643/1172/1027
f 1637/1173/1028 1638/1175/1028 1645/1176/1028 1644/1174/1028
f 1638/1175/1029 1639/1177/1029 1646/1178/1029 1645/1176/1029
f 1640/1168/1030 1641/1167/1030 1648/1179/1030 1647/1180/1030
f 1641/1167/1031 1642/1170/1031 1649/1181/1031 1648/1179/1031
f 1642/1170/1032 1643/1172/1032 1650/1182/1032 1649/1181/1032
f 1643/1172/1033 1644/1174/1033 1651/1183/1033 1650/1182/1033
f 1644/1174/1034 1645/1176/1034 1652/1184/1034 1651/1183/1034
f 1645/1176/1035 1646/1178/1035 1653/1185/1035 1652/1184/1035
f 1647/1180/1036 1648/1179/1036 1655/1186/1036 1654/1187/1036
f 1648/1179/1037 1649/1181/1037 1656/1188/1037 1655/1186/1037
f 1649/1181/1038 1650/1182/1038 1657/1189/1038 1656/1188/1038
f 1650/1182/1039 1651/1183/1039 1658/1190/1039 1657/1189/1039
f 1651/1183/1040 1652/1184/1040 1659/1191/1040 1658/1190/1040
f 1652/1184/1041 1653/1185/1041 1660/1192/1041 1659/1191/1041
f 1654/1187/1042 1655/1186/1042 1662/1193/1042 1661/1194/1042
f 1655/1186/1043 1656/1188/1043 1663/1195/1043 1662/1193/1043
f 1656/1188/1044 1657/1189/1044 1664/1196/1044 1663/1195/1044
f 1657/1189/1045 1658/1190/1045 1665/1197/1045 1664/1196/1045
f 1658/1190/1046 1659/1191/1046 1666/1198/1046 1665/1197/1046
f 1659/1191/1047 1660/1192/1047 1667/1199/1047 1666/1198/1047
f 1661/1194/1048 1662/1193/1048 1669/1200/1048 1668/1201/1048
f 1662/1193/1049 1663/1195/1049 1670/1202/1049 1669/1200/1049
f 1663/1195/1050 1664/1196/1050 1671/1203/1050 1670/1202/1050
f 1664/1196/1051 1665/1197/1051 1672/1204/1051 1671/1203/1051
f 1665/1197/1052 1666/1198/1052 1673/1205/1052 1672/1204/1052
f 1666/1198/1053 1667/1199/1053 1674/1206/1053 1673/1205/1053
f 1668/1201/1054 1669/1200/1054 1676/1207/1054 1675/1208/1054
f 1669/1200/1055 1670/1202/1055 1677/1209/1055 1676/1207/1055
f 1670/1202/1056 1671/1203/1056 1678/1210/1056 1677/1209/1056
f 1671/1203/1057 1672/1204/1057 1679/1211/1057 1678/1210/1057
f 1672/1204/1058 1673/1205/1058 1680/1212/1058 1679/1211/1058
f 1673/1205/1059 1674/1206/1059 1681/1213/1059 1680/1212/1059
f 909/1159/1060 1051/1157/1060 1633/1165/1060 1066/1214/1060
f 1051/1157/1061 1050/1156/1061 1634/1166/1061 1633/1165/1061
f 1050/1156/1062 1049/1155/1062 1635/1169/1062 1634/1166/1062
f 1049/1155/1063 1048/1154/1063 1636/1171/1063 1635/1169/1063
f 1048/1154/1064 1047/1153/1064 1637/1173/1064 1636/1171/1064
f 1047/1153/1065 1046/1152/1065 1638/1175/1065 1637/1173/1065
f 1046/1152/1066 1045/1151/1066 1639/1177/1066 1638/1175/1066
f 1045/1151/1067 906/1150/1067 1003/1215/1067 1639/1177/1067
f 1639/1177/1068 1003/1215/1068 1004/1216/1068 1646/1178/1068
f 1646/1178/1069 1004/1216/1069 1005/1217/1069 1653/1185/1069
f 1653/1185/1070 1005/1217/1070 1006/1218/1070 1660/1192/1070
f 1660/1192/1071 1006/1218/1071 1007/1219/1071 1667/1199/1071
f 1667/1199/1072 1007/1219/1072 1008/1220/1072 1674/1206/1072
f 1674/1206/1073 1008/1220/1073 1009/1221/1073 1681/1213/1073
f 1681/1213/1074 1009/1221/1074 904/1222/1074 1052/1223/1074
f 1680/1212/1075 1681/1213/1075 1052/1223/1075 1053/1224/1075
f 1679/1211/1076 1680/1212/1076 1053/1224/1076 1054/1225/1076
f 1678/1210/1077 1679/1211/1077 1054/1225/1077 1055/1226/1077
f 1677/1209/1078 1678/1210/1078 1055/1226/1078 1056/1227/1078
f 1676/1207/1079 1677/1209/1079 1056/1227/1079 1057/1228/1079
f 1675/1208/1080 1676/1207/1080 1057/1228/1080 1058/1229/1080
f 1072/1230/1081 1675/1208/1081 1058/1229/1081 910/1231/1081
f 1071/1232/1082 1668/1201/1082 1675/1208/1082 1072/1230/1082
f 1070/1233/1083 1661/1194/1083 1668/1201/1083 1071/1232/1083
f 1069/1234/1084 1654/1187/1084 1661/1194/1084 1070/1233/1084
f 1068/1235/1085 1647/1180/1085 1654/1187/1085 1069/1234/1085
f 1067/1236/1086 1640/1168/1086 1647/1180/1086 1068/1235/1086
f 1066/1214/1087 1633/1165/1087 1640/1168/1087 1067/1236/1087
f 1682/1237/1088 1683/1238/1088 1690/1239/1088 1689/1240/1088
f 1683/1238/1089 1684/1241/1089 1691/1242/1089 1690/1239/1089
f 1684/1241/1090 1685/1243/1090 1692/1244/1090 1691/1242/1090
f 1685/1243/1091 1686/1245/1091 1693/1246/1091 1692/1244/1091
f 1686/1245/1092 1687/1247/1092 1694/1248/1092 1693/1246/1092
f 1687/1247/1093 1688/1249/1093 1695/1250/1093 1694/1248/1093
f 1689/1240/1094 1690/1239/1094 1697/1251/1094 1696/1252/1094
f 1690/1239/1095 1691/1242/1095 1698/1253/1095 1697/1251/1095
f 1691/1242/1096 1692/1244/1096 1699/1254/1096 1698/1253/1096
f 1692/1244/1097 1693/1246/1097 1700/1255/1097 1699/1254/1097
f 1693/1246/1098 1694/1248/1098 1701/1256/1098 1700/1255/1098
f 1694/1248/1099 1695/1250/1099 1702/1257/1099 1701/1256/1099
f 1696/1252/1100 1697/1251/1100 1704/1258/1100 1703/1259/1100
f 1697/1251/1101 1698/1253/1101 1705/1260/1101 1704/1258/1101
f 1698/1253/1102 1699/1254/1102 1706/1261/1102 1705/1260/1102
f 1699/1254/1103 1700/1255/1103 1707/1262/1103 1706/1261/1103
f 1700/1255/1104 1701/1256/1104 1708/1263/1104 1707/1262/1104
f 1701/1256/1105 1702/1257/1105 1709/1264/1105 1708/1263/1105
f 1703/1259/1106 1704/1258/1106 1711/1265/1106 1710/1266/1106
f 1704/1258/1107 1705/1260/1107 1712/1267/1107 1711/1265/1107
f 1705/1260/1108 1706/1261/1108 1713/1268/1108 1712/1267/1108
f 1706/1261/1109 1707/1262/1109 1714/1269/1109 1713/1268/1109
f 1707/1262/1110 1708/1263/1110 1715/1270/1110 1714/1269/1110
f 1708/1263/1111 1709/1264/1111 1716/1271/1111 1715/1270/1111
f 1710/1266/1112 1711/1265/1112 1718/1272/1112 1717/1273/1112
f 1711/1265/1113 1712/1267/1113 1719/1274/1113 1718/1272/1113
f 1712/1267/1114 1713/1268/1114 1720/1275/1114 1719/1274/1114
f 1713/1268/1115 1714/1269/1115 1721/1276/1115 1720/1275/1115
f 1714/1269/1116 1715/1270/1116 1722/1277/1116 1721/1276/1116
f 1715/1270/1117 1716/1271/1117 1723/1278/1117 1722/1277/1117
f 1717/1273/1118 1718/1272/1118 1725/1279/1118 1724/1280/1118
f 1718/1272/1119 1719/1274/1119 1726/1281/1119 1725/1279/1119
f 1719/1274/1120 1720/1275/1120 1727/1282/1120 1726/1281/1120
f 1720/1275/1121 1721/1276/1121 1728/1283/1121 1727/1282/1121
f 1721/1276/1122 1722/1277/1122 1729/1284/1122 1728/1283/1122
f 1722/1277/1123 1723/1278/1123 1730/1285/1123 1729/1284/1123
f 910/1231/1124 1058/1229/1124 1682/1237/1124 1059/1286/1124
f 1058/1229/1125 1057/1228/1125 1683/1238/1125 1682/1237/1125
f 1057/1228/1126 1056/1227/1126 1684/1241/1126 1683/1238/1126
f 1056/1227/1127 1055/1226/1127 1685/1243/1127 1684/1241/1127
f 1055/1226/1128 1054/1225/1128 1686/1245/1128 1685/1243/1128
f 1054/1225/1129 1053/1224/1129 1687/1247/1129 1686/1245/1129
f 1053/1224/1130 1052/1223/1130 1688/1249/1130 1687/1247/1130
f 1052/1223/1131 904/1222/1131 1024/1287/1131 1688/1249/1131
f 1688/1249/1132 1024/1287/1132 1025/1288/1132 1695/1250/1132
f 1695/1250/1133 1025/1288/1133 1026/1289/1133 1702/1257/1133
f 1702/1257/1134 1026/1289/1134 1027/1290/1134 1709/1264/1134
f 1709/1264/1135 1027/1290/1135 1028/1291/1135 1716/1271/1135
f 1716/1271/1136 1028/1291/1136 1029/1292/1136 1723/1278/1136
f 1723/1278/1137 1029/1292/1137 1030/1293/1137 1730/1285/1137
f 1730/1285/1138 1030/1293/1138 900/1294/1138 960/1295/1138
f 1729/1284/1139 1730/1285/1139 960/1295/1139 959/1296/1139
f 1728/1283/1140 1729/1284/1140 959/1296/1140 958/1297/1140
f 1727/1282/1141 1728/1283/1141 958/1297/1141 957/1298/1141
f 1726/1281/1142 1727/1282/1142 957/1298/1142 956/1299/1142
f 1725/1279/1143 1726/1281/1143 956/1299/1143 955/1300/1143
f 1724/1280/1144 1725/1279/1144 955/1300/1144 954/1301/1144
f 1065/1302/1145 1724/1280/1145 954/1301/1145 907/1303/1145
f 1064/1304/1146 1717/1273/1146 1724/1280/1146 1065/1302/1146
f 1063/1305/1147 1710/1266/1147 1717/1273/1147 1064/1304/1147
f 1062/1306/1148 1703/1259/1148 1710/1266/1148 1063/1305/1148
f 1061/1307/1149 1696/1252/1149 1703/1259/1149 1062/1306/1149
f 1060/1308/1150 1689/1240/1150 1696/1252/1150 1061/1307/1150
f 1059/1286/1151 1682/1237/1151 1689/1240/1151 1060/1308/1151
f 1731/1309/1152 1732/1310/1152 1739/1311/1152 1738/1312/1152
f 1732/1310/1153 1733/1313/1153 1740/1314/1153 1739/1311/1153
f 1733/1313/1154 1734/1315/1154 1741/1316/1154 1740/1314/1154
f 1734/1315/1155 1735/1317/1155 1742/1318/1155 1741/1316/1155
f 1735/1317/1156 1736/1319/1156 1743/1320/1156 1742/1318/1156
f 1736/1319/1157 1737/1321/1157 1744/1322/1157 1743/1320/1157
f 1738/1312/1158 1739/1311/1158 1746/1323/1158 1745/1324/1158
f 1739/1311/1159 1740/1314/1159 1747/1325/1159 1746/1323/1159
f 1740/1314/1160 1741/1316/1160 1748/1326/1160 1747/1325/1160
f 1741/1316/1161 1742/1318/1161 1749/1327/1161 1748/1326/1161
f 1742/1318/1162 1743/1320/1162 1750/1328/1162 1749/1327/1162
f 1743/1320/1163 1744/1322/1163 1751/1329/1163 1750/1328/1163
f 1745/1324/1164 1746/1323/1164 1753/1330/1164 1752/1331/1164
f 1746/1323/1165 1747/1325/1165 1754/1332/1165 1753/1330/1165
f 1747/1325/1166 1748/1326/1166 1755/1333/1166 1754/1332/1166
f 1748/1326/1167 1749/1327/1167 1756/1334/1167 1755/1333/1167
f 1749/1327/1168 1750/1328/1168 1757/1335/1168 1756/1334/1168
f 1750/1328/1169 1751/1329/1169 1758/1336/1169 1757/1335/1169
f 1752/1331/1170 1753/1330/1170 1760/1337/1170 1759/1338/1170
f 1753/1330/1171 1754/1332/1171 1761/1339/1171 1760/1337/1171
f 1754/1332/1172 1755/1333/1172 1762/1340/1172 1761/1339/1172
f 1755/1333/1173 1756/1334/1173 1763/1341/1173 1762/1340/1173
f 1756/1334/1174 1757/1335/1174 1764/1342/1174 1763/1341/1174
f 1757/1335/1175 1758/1336/1175 1765/1343/1175 1764/1342/1175
f 1759/1338/1176 1760/1337/1176 1767/1344/1176 1766/1345/1176
f 1760/1337/1177 1761/1339/1177 1768/1346/1177 1767/1344/1177
f 1761/1339/1178 1762/1340/1178 1769/1347/1178 1768/1346/1178
f 1762/1340/1179 1763/1341/1179 1770/1348/1179 1769/1347/1179
f 1763/1341/1180 1764/1342/1180 1771/1349/1180 1770/1348/1180
f 1764/1342/1181 1765/1343/1181 1772/1350/1181 1771/1349/1181
f 1766/1345/1182 1767/1344/1182 1774/1351/1182 1773/1352/1182
f 1767/1344/1183 1768/1346/1183 1775/1353/1183 1774/1351/1183
f 1768/1346/1184 1769/1347/1184 1776/1354/1184 1775/1353/1184
f 1769/1347/1185 1770/1348/1185 1777/1355/1185 1776/1354/1185
f 1770/1348/1186 1771/1349/1186 1778/1356/1186 1777/1355/1186
f 1771/1349/1187 1772/1350/1187 1779/1357/1187 1778/1356/1187
f 901/1358/1188 981/1359/1188 1731/1309/1188 947/1360/1188
f 981/1359/1189 980/1361/1189 1732/1310/1189 1731/1309/1189
f 980/1361/1190 979/1362/1190 1733/1313/1190 1732/1310/1190
f 979/1362/1191 978/1363/1191 1734/1315/1191 1733/1313/1191
f 978/1363/1192 977/1364/1192 1735/1317/1192 1734/1315/1192
f 977/1364/1193 976/1365/1193 1736/1319/1193 1735/1317/1193
f 976/1365/1194 975/1366/1194 1737/1321/1194 1736/1319/1194
f 975/1366/1195 905/1367/1195 1002/1368/1195 1737/1321/1195
f 1737/1321/1196 1002/1368/1196 1001/1369/1196 1744/1322/1196
f 1744/1322/1197 1001/1369/1197 1000/1370/1197 1751/1329/1197
f 1751/1329/1198 1000/1370/1198 999/1371/1198 1758/1336/1198
f 1758/1336/1199 999/1371/1199 998/1372/1199 1765/1343/1199
f 1765/1343/1200 998/1372/1200 997/1373/1200 1772/1350/1200
f 1772/1350/1201 997/1373/1201 996/1374/1201 1779/1357/1201
f 1779/1357/1202 996/1374/1202 903/1375/1202 1023/1376/1202
f 1778/1356/1203 1779/1357/1203 1023/1376/1203 1022/1377/1203
f 1777/1355/1204 1778/1356/1204 1022/1377/1204 1021/1378/1204
f 1776/1354/1205 1777/1355/1205 1021/1378/1205 1020/1379/1205
f 1775/1353/1206 1776/1354/1206 1020/1379/1206 1019/1380/1206
f 1774/1351/1207 1775/1353/1207 1019/1380/1207 1018/1381/1207
f 1773/1352/1208 1774/1351/1208 1018/1381/1208 1017/1382/1208
f 953/1383/1209 1773/1352/1209 1017/1382/1209 899/1384/1209
f 952/1385/1210 1766/1345/1210 1773/1352/1210 953/1383/1210
f 951/1386/1211 1759/1338/1211 1766/1345/1211 952/1385/1211
f 950/1387/1212 1752/1331/1212 1759/1338/1212 951/1386/1212
f 949/1388/1213 1745/1324/1213 1752/1331/1213 950/1387/1213
f 948/1389/1214 1738/1312/1214 1745/1324/1214 949/1388/1214
f 947/1360/1215 1731/1309/1215 1738/1312/1215 948/1389/1215
f 1780/1390/1216 1781/1391/1216 1788/1392/1216 1787/1393/1216
f 1781/1391/1217 1782/1394/1217 1789/1395/1217 1788/1392/1217
f 1782/1394/1218 1783/1396/1218 1790/1397/1218 1789/1395/1218
f 1783/1396/1219 1784/1398/1219 1791/1399/1219 1790/1397/1219
f 1784/1398/1220 1785/1400/1220 1792/1401/1220 1791/1399/1220
f 1785/1400/1221 1786/1402/1221 1793/1403/1221 1792/1401/1221
f 1787/1393/1222 1788/1392/1222 1795/1404/1222 1794/1405/1222
f 1788/1392/1223 1789/1395/1223 1796/1406/1223 1795/1404/1223
f 1789/1395/1224 1790/1397/1224 1797/1407/1224 1796/1406/1224
f 1790/1397/1225 1791/1399/1225 1798/1408/1225 1797/1407/1225
f 1791/1399/1226 1792/1401/1226 1799/1409/1226 1798/1408/1226
f 1792/1401/1227 1793/1403/1227 1800/1410/1227 1799/1409/1227
f 1794/1405/1228 1795/1404/1228 1802/1411/1228 1801/1412/1228
f 1795/1404/1229 1796/1406/1229 1803/1413/1229 1802/1411/1229
f 1796/1406/1230 1797/1407/1230 1804/1414/1230 1803/1413/1230
f 1797/1407/1231 1798/1408/1231 1805/1415/1231 1804/1414/1231
f 1798/1408/1232 1799/1409/1232 1806/1416/1232 1805/1415/1232
f 1799/1409/1233 1800/1410/1233 1807/1417/1233 1806/1416/1233
f 1801/1412/1234 1802/1411/1234 1809/1418/1234 1808/1419/1234
f 1802/1411/1235 1803/1413/1235 1810/1420/1235 1809/1418/1235
f 1803/1413/1236 1804/1414/1236 1811/1421/1236 1810/1420/1236
f 1804/1414/1237 1805/1415/1237 1812/1422/1237 1811/1421/1237
f 1805/1415/1238 1806/1416/1238 1813/1423/1238 1812/1422/1238
f 1806/1416/1239 1807/1417/1239 1814/1424/1239 1813/1423/1239
f 1808/1419/1240 1809/1418/1240 1816/1425/1240 1815/1426/1240
f 1809/1418/1241 1810/1420/1241 1817/1427/1241 1816/1425/1241
f 1810/1420/1242 1811/1421/1242 1818/1428/1242 1817/1427/1242
f 1811/1421/1243 1812/1422/1243 1819/1429/1243 1818/1428/1243
f 1812/1422/1244 1813/1423/1244 1820/1430/1244 1819/1429/1244
f 1813/1423/1245 1814/1424/1245 1821/1431/1245 1820/1430/1245
f 1815/1426/1246 1816/1425/1246 1823/1432/1246 1822/1433/1246
f 1816/1425/1247 1817/1427/1247 1824/1434/1247 1823/1432/1247
f 1817/1427/1248 1818/1428/1248 1825/1435/1248 1824/1434/1248
f 1818/1428/1249 1819/1429/1249 1826/1436/1249 1825/1435/1249
f 1819/1429/1250 1820/1430/1250 1827/1437/1250 1826/1436/1250
f 1820/1430/1251 1821/1431/1251 1828/1438/1251 1827/1437/1251
f 906/1150/1252 988/1439/1252 1780/1390/1252 1003/1215/1252
f 988/1439/1253 987/1440/1253 1781/1391/1253 1780/1390/1253
f 987/1440/1254 986/1441/1254 1782/1394/1254 1781/1391/1254
f 986/1441/1255 985/1442/1255 1783/1396/1255 1782/1394/1255
f 985/1442/1256 984/1443/1256 1784/1398/1256 1783/1396/1256
f 984/1443/1257 983/1444/1257 1785/1400/1257 1784/1398/1257
f 983/1444/1258 982/1445/1258 1786/1402/1258 1785/1400/1258
f 982/1445/1259 902/1446/1259 967/1447/1259 1786/1402/1259
f 1786/1402/1260 967/1447/1260 966/1448/1260 1793/1403/1260
f 1793/1403/1261 966/1448/1261 965/1449/1261 1800/1410/1261
f 1800/1410/1262 965/1449/1262 964/1450/1262 1807/1417/1262
f 1807/1417/1263 964/1450/1263 963/1451/1263 1814/1424/1263
f 1814/1424/1264 963/1451/1264 962/1452/1264 1821/1431/1264
f 1821/1431/1265 962/1452/1265 961/1453/1265 1828/1438/1265
f 1828/1438/1266 961/1453/1266 900/1454/1266 1030/1455/1266
f 1827/1437/1267 1828/1438/1267 1030/1455/1267 1029/1456/1267
f 1826/1436/1268 1827/1437/1268 1029/1456/1268 1028/1457/1268
f 1825/1435/1269 1826/1436/1269 1028/1457/1269 1027/1458/1269
f 1824/1434/1270 1825/1435/1270 1027/1458/1270 1026/1459/1270
f 1823/1432/1271 1824/1434/1271 1026/1459/1271 1025/1460/1271
f 1822/1433/1272 1823/1432/1272 1025/1460/1272 1024/1461/1272
f 1009/1221/1273 1822/1433/1273 1024/1461/1273 904/1222/1273
f 1008/1220/1274 1815/1426/1274 1822/1433/1274 1009/1221/1274
f 1007/1219/1275 1808/1419/1275 1815/1426/1275 1008/1220/1275
f 1006/1218/1276 1801/1412/1276 1808/1419/1276 1007/1219/1276
f 1005/1217/1277 1794/1405/1277 1801/1412/1277 1006/1218/1277
f 1004/1216/1278 1787/1393/1278 1794/1405/1278 1005/1217/1278
f 1003/1215/1279 1780/1390/1279 1787/1393/1279 1004/1216/1279
f 1829/1462/1280 1830/1463/1280 1837/1464/1280 1836/1465/1280
f 1830/1463/1281 1831/1466/1281 1838/1467/1281 1837/1464/1281
f 1831/1466/1282 1832/1468/1282 1839/1469/1282 1838/1467/1282
f 1832/1468/1283 1833/1470/1283 1840/1471/1283 1839/1469/1283
f 1833/1470/1284 1834/1472/1284 1841/1473/1284 1840/1471/1284
f 1834/1472/1285 1835/1474/1285 1842/1475/1285 1841/1473/1285
f 1836/1465/1286 1837/1464/1286 1844/1476/1286 1843/1477/1286
f 1837/1464/1287 1838/1467/1287 1845/1478/1287 1844/1476/1287
f 1838/1467/1288 1839/1469/1288 1846/1479/1288 1845/1478/1288
f 1839/1469/1289 1840/1471/1289 1847/1480/1289 1846/1479/1289
f 1840/1471/1290 1841/1473/1290 1848/1481/1290 1847/1480/1290
f 1841/1473/1291 1842/1475/1291 1849/1482/1291 1848/1481/1291
f 1843/1477/1292 1844/1476/1292 1851/1483/1292 1850/1484/1292
f 1844/1476/1293 1845/1478/1293 1852/1485/1293 1851/1483/1293
f 1845/1478/1294 1846/1479/1294 1853/1486/1294 1852/1485/1294
f 1846/1479/1295 1847/1480/1295 1854/1487/1295 1853/1486/1295
f 1847/1480/1296 1848/1481/1296 1855/1488/1296 1854/1487/1296
f 1848/1481/1297 1849/1482/1297 1856/1489/1297 1855/1488/1297
f 1850/1484/1298 1851/1483/1298 1858/1490/1298 1857/1491/1298
f 1851/1483/1299 1852/1485/1299 1859/1492/1299 1858/1490/1299
f 1852/1485/1300 1853/1486/1300 1860/1493/1300 1859/1492/1300
f 1853/1486/1301 1854/1487/1301 1861/1494/1301 1860/1493/1301
f 1854/1487/1302 1855/1488/1302 1862/1495/1302 1861/1494/1302
f 1855/1488/1303 1856/1489/1303 1863/1496/1303 1862/1495/1303
f 1857/1491/1304 1858/1490/1304 1865/1497/1304 1864/1498/1304
f 1858/1490/1305 1859/1492/1305 1866/1499/1305 1865/1497/1305
f 1859/1492/1306 1860/1493/1306 1867/1500/1306 1866/1499/1306
f 1860/1493/1307 1861/1494/1307 1868/1501/1307 1867/1500/1307
f 1861/1494/1308 1862/1495/1308 1869/1502/1308 1868/1501/1308
f 1862/1495/1309 1863/1496/1309 1870/1503/1309 1869/1502/1309
f 1864/1498/1310 1865/1497/1310 1872/1504/1310 1871/1505/1310
f 1865/1497/1311 1866/1499/1311 1873/1506/1311 1872/1504/1311
f 1866/1499/1312 1867/1500/1312 1874/1507/1312 1873/1506/1312
f 1867/1500/1313 1868/1501/1313 1875/1508/1313 1874/1507/1313
f 1868/1501/1314 1869/1502/1314 1876/1509/1314 1875/1508/1314
f 1869/1502/1315 1870/1503/1315 1877/1510/1315 1876/1509/1315
f 913/1511/1316 1107/1512/1316 1829/1462/1316 1136/1513/1316
f 1107/1512/1317 1106/1514/1317 1830/1463/1317 1829/1462/1317
f 1106/1514/1318 1105/1515/1318 1831/1466/1318 1830/1463/1318
f 1105/1515/1319 1104/1516/1319 1832/1468/1319 1831/1466/1319
f 1104/1516/1320 1103/1517/1320 1833/1470/1320 1832/1468/1320
f 1103/1517/1321 1102/1518/1321 1834/1472/1321 1833/1470/1321
f 1102/1518/1322 1101/1519/1322 1835/1474/1322 1834/1472/1322
f 1101/1519/1323 910/1231/1323 1059/1286/1323 1835/1474/1323
f 1835/1474/1324 1059/1286/1324 1060/1308/1324 1842/1475/1324
f 1842/1475/1325 1060/1308/1325 1061/1307/1325 1849/1482/1325
f 1849/1482/1326 1061/1307/1326 1062/1306/1326 1856/1489/1326
f 1856/1489/1327 1062/1306/1327 1063/1305/1327 1863/1496/1327
f 1863/1496/1328 1063/1305/1328 1064/1304/1328 1870/1503/1328
f 1870/1503/1329 1064/1304/1329 1065/1302/1329 1877/1510/1329
f 1877/1510/1330 1065/1302/1330 907/1303/1330 1037/1520/1330
f 1876/1509/1331 1877/1510/1331 1037/1520/1331 1036/1521/1331
f 1875/1508/1332 1876/1509/1332 1036/1521/1332 1035/1522/1332
f 1874/1507/1333 1875/1508/1333 1035/1522/1333 1034/1523/1333
f 1873/1506/1334 1874/1507/1334 1034/1523/1334 1033/1524/1334
f 1872/1504/1335 1873/1506/1335 1033/1524/1335 1032/1525/1335
f 1871/1505/1336 1872/1504/1336 1032/1525/1336 1031/1526/1336
f 1142/1527/1337 1871/1505/1337 1031/1526/1337 914/1528/1337
f 1141/1529/1338 1864/1498/1338 1871/1505/1338 1142/1527/1338
f 1140/1530/1339 1857/1491/1339 1864/1498/1339 1141/1529/1339
f 1139/1531/1340 1850/1484/1340 1857/1491/1340 1140/1530/1340
f 1138/1532/1341 1843/1477/1341 1850/1484/1341 1139/1531/1341
f 1137/1533/1342 1836/1465/1342 1843/1477/1342 1138/1532/1342
f 1136/1513/1343 1829/1462/1343 1836/1465/1343 1137/1533/1343
f 1878/1534/1344 1879/1535/1344 1886/1536/1344 1885/1537/1344
f 1879/1535/1345 1880/1538/1345 1887/1539/1345 1886/1536/1345
f 1880/1538/1346 1881/1540/1346 1888/1541/1346 1887/1539/1346
f 1881/1540/1347 1882/1542/1347 1889/1543/1347 1888/1541/1347
f 1882/1542/1348 1883/1544/1348 1890/1545/1348 1889/1543/1348
f 1883/1544/1349 1884/1546/1349 1891/1547/1349 1890/1545/1349
f 1885/1537/1350 1886/1536/1350 1893/1548/1350 1892/1549/1350
f 1886/1536/1351 1887/1539/1351 1894/1550/1351 1893/1548/1351
f 1887/1539/1352 1888/1541/1352 1895/1551/1352 1894/1550/1352
f 1888/1541/1353 1889/1543/1353 1896/1552/1353 1895/1551/1353
f 1889/1543/1354 1890/1545/1354 1897/1553/1354 1896/1552/1354
f 1890/1545/1355 1891/1547/1355 1898/1554/1355 1897/1553/1355
f 1892/1549/1356 1893/1548/1356 1900/1555/1356 1899/1556/1356
f 1893/1548/1357 1894/1550/1357 1901/1557/1357 1900/1555/1357
f 1894/1550/1358 1895/1551/1358 1902/1558/1358 1901/1557/1358
f 1895/1551/1359 1896/1552/1359 1903/1559/1359 1902/1558/1359
f 1896/1552/1360 1897/1553/1360 1904/1560/1360 1903/1559/1360
f 1897/1553/1361 1898/1554/1361 1905/1561/1361 1904/1560/1361
f 1899/1556/1362 1900/1555/1362 1907/1562/1362 1906/1563/1362
f 1900/1555/1363 1901/1557/1363 1908/1564/1363 1907/1562/1363
f 1901/1557/1364 1902/1558/1364 1909/1565/1364 1908/1564/1364
f 1902/1558/1365 1903/1559/1365 1910/1566/1365 1909/1565/1365
f 1903/1559/1366 1904/1560/1366 1911/1567/1366 1910/1566/1366
f 1904/1560/1367 1905/1561/1367 1912/1568/1367 1911/1567/1367
f 1906/1563/1368 1907/1562/1368 1914/1569/1368 1913/1570/1368
f 1907/1562/1369 1908/1564/1369 1915/1571/1369 1914/1569/1369
f 1908/1564/1370 1909/1565/1370 1916/1572/1370 1915/1571/1370
f 1909/1565/1371 1910/1566/1371 1917/1573/1371 1916/1572/1371
f 1910/1566/1372 1911/1567/1372 1918/1574/1372 1917/1573/1372
f 1911/1567/1373 1912/1568/1373 1919/1575/1373 1918/1574/1373
f 1913/1570/1374 1914/1569/1374 1921/1576/1374 1920/1577/1374
f 1914/1569/1375 1915/1571/1375 1922/1578/1375 1921/1576/1375
f 1915/1571/1376 1916/1572/1376 1923/1579/1376 1922/1578/1376
f 1916/1572/1377 1917/1573/1377 1924/1580/1377 1923/1579/1377
f 1917/1573/1378 1918/1574/1378 1925/1581/1378 1924/1580/1378
f 1918/1574/1379 1919/1575/1379 1926/1582/1379 1925/1581/1379
f 912/1583/1380 1100/1584/1380 1878/1534/1380 1129/1585/1380
f 1100/1584/1381 1099/1586/1381 1879/1535/1381 1878/1534/1381
f 1099/1586/1382 1098/1587/1382 1880/1538/1382 1879/1535/1382
f 1098/1587/1383 1097/1588/1383 1881/1540/1383 1880/1538/1383
f 1097/1588/1384 1096/1589/1384 1882/1542/1384 1881/1540/1384
f 1096/1589/1385 1095/1590/1385 1883/1544/1385 1882/1542/1385
f 1095/1590/1386 1094/1591/1386 1884/1546/1386 1883/1544/1386
f 1094/1591/1387 909/1592/1387 1066/1593/1387 1884/1546/1387
f 1884/1546/1388 1066/1593/1388 1067/1236/1388 1891/1547/1388
f 1891/1547/1389 1067/1236/1389 1068/1594/1389 1898/1554/1389
f 1898/1554/1390 1068/1594/1390 1069/1595/1390 1905/1561/1390
f 1905/1561/1391 1069/1595/1391 1070/1233/1391 1912/1568/1391
f 1912/1568/1392 1070/1233/1392 1071/1596/1392 1919/1575/1392
f 1919/1575/1393 1071/1596/1393 1072/1597/1393 1926/1582/1393
f 1926/1582/1394 1072/1597/1394 910/1598/1394 1101/1519/1394
f 1925/1581/1395 1926/1582/1395 1101/1519/1395 1102/1599/1395
f 1924/1580/1396 1925/1581/1396 1102/1599/1396 1103/1600/1396
f 1923/1579/1397 1924/1580/1397 1103/1600/1397 1104/1601/1397
f 1922/1578/1398 1923/1579/1398 1104/1601/1398 1105/1602/1398
f 1921/1576/1399 1922/1578/1399 1105/1602/1399 1106/1603/1399
f 1920/1577/1400 1921/1576/1400 1106/1603/1400 1107/1604/1400
f 1135/1605/1401 1920/1577/1401 1107/1604/1401 913/1606/1401
f 1134/1607/1402 1913/1570/1402 1920/1577/1402 1135/1605/1402
f 1133/1608/1403 1906/1563/1403 1913/1570/1403 1134/1607/1403
f 1132/1609/1404 1899/1556/1404 1906/1563/1404 1133/1608/1404
f 1131/1610/1405 1892/1549/1405 1899/1556/1405 1132/1609/1405
f 1130/1611/1406 1885/1537/1406 1892/1549/1406 1131/1610/1406
f 1129/1585/1407 1878/1534/1407 1885/1537/1407 1130/1611/1407
f 1927/1612/1408 1928/1613/1408 1935/1614/1408 1934/1615/1408
f 1928/1613/1409 1929/1616/1409 1936/1617/1409 1935/1614/1409
f 1929/1616/1410 1930/1618/1410 1937/1619/1410 1936/1617/1410
f 1930/1618/1411 1931/1620/1411 1938/1621/1411 1937/1619/1411
f 1931/1620/1412 1932/1622/1412 1939/1623/1412 1938/1621/1412
f 1932/1622/1413 1933/1624/1413 1940/1625/1413 1939/1623/1413
f 1934/1615/1414 1935/1614/1414 1942/1626/1414 1941/1627/1414
f 1935/1614/1415 1936/1617/1415 1943/1628/1415 1942/1626/1415
f 1936/1617/1416 1937/1619/1416 1944/1629/1416 1943/1628/1416
f 1937/1619/1417 1938/1621/1417 1945/1630/1417 1944/1629/1417
f 1938/1621/1418 1939/1623/1418 1946/1631/1418 1945/1630/1418
f 1939/1623/1419 1940/1625/1419 1947/1632/1419 1946/1631/1419
f 1941/1627/1420 1942/1626/1420 1949/1633/1420 1948/1634/1420
f 1942/1626/1421 1943/1628/1421 1950/1635/1421 1949/1633/1421
f 1943/1628/1422 1944/1629/1422 1951/1636/1422 1950/1635/1422
f 1944/1629/1423 1945/1630/1423 1952/1637/1423 1951/1636/1423
f 1945/1630/1424 1946/1631/1424 1953/1638/1424 1952/1637/1424
f 1946/1631/1425 1947/1632/1425 1954/1639/1425 1953/1638/1425
f 1948/1634/1426 1949/1633/1426 1956/1640/1426 1955/1641/1426
f 1949/1633/1427 1950/1635/1427 1957/1642/1427 1956/1640/1427
f 1950/1635/1428 1951/1636/1428 1958/1643/1428 1957/1642/1428
f 1951/1636/1429 1952/1637/1429 1959/1644/1429 1958/1643/1429
f 1952/1637/1430 1953/1638/1430 1960/1645/1430 1959/1644/1430
f 1953/1638/1431 1954/1639/1431 1961/1646/1431 1960/1645/1431
f 1955/1641/1432 1956/1640/1432 1963/1647/1432 1962/1648/1432
f 1956/1640/1433 1957/1642/1433 1964/1649/1433 1963/1647/1433
f 1957/1642/1434 1958/1643/1434 1965/1650/1434 1964/1649/1434
f 1958/1643/1435 1959/1644/1435 1966/1651/1435 1965/1650/1435
f 1959/1644/1436 1960/1645/1436 1967/1652/1436 1966/1651/1436
f 1960/1645/1437 1961/1646/1437 1968/1653/1437 1967/1652/1437
f 1962/1648/1438 1963/1647/1438 1970/1654/1438 1969/1655/1438
f 1963/1647/1439 1964/1649/1439 1971/1656/1439 1970/1654/1439
f 1964/1649/1440 1965/1650/1440 1972/1657/1440 1971/1656/1440
f 1965/1650/1441 1966/1651/1441 1973/1658/1441 1972/1657/1441
f 1966/1651/1442 1967/1652/1442 1974/1659/1442 1973/1658/1442
f 1967/1652/1443 1968/1653/1443 1975/1660/1443 1974/1659/1443
f 911/1661/1444 1093/1662/1444 1927/1612/1444 1122/1663/1444
f 1093/1662/1445 1092/1664/1445 1928/1613/1445 1927/1612/1445
f 1092/1664/1446 1091/1665/1446 1929/1616/1446 1928/1613/1446
f 1091/1665/1447 1090/1666/1447 1930/1618/1447 1929/1616/1447
f 1090/1666/1448 1089/1667/1448 1931/1620/1448 1930/1618/1448
f 1089/1667/1449 1088/1668/1449 1932/1622/1449 1931/1620/1449
f 1088/1668/1450 1087/1669/1450 1933/1624/1450 1932/1622/1450
f 1087/1669/1451 908/1670/1451 1073/1671/1451 1933/1624/1451
f 1933/1624/1452 1073/1671/1452 1074/1672/1452 1940/1625/1452
f 1940/1625/1453 1074/1672/1453 1075/1673/1453 1947/1632/1453
f 1947/1632/1454 1075/1673/1454 1076/1674/1454 1954/1639/1454
f 1954/1639/1455 1076/1674/1455 1077/1675/1455 1961/1646/1455
f 1961/1646/1456 1077/1675/1456 1078/1676/1456 1968/1653/1456
f 1968/1653/1457 1078/1676/1457 1079/1677/1457 1975/1660/1457
f 1975/1660/1458 1079/1677/1458 909/1592/1458 1094/1591/1458
f 1974/1659/1459 1975/1660/1459 1094/1591/1459 1095/1590/1459
f 1973/1658/1460 1974/1659/1460 1095/1590/1460 1096/1589/1460
f 1972/1657/1461 1973/1658/1461 1096/1589/1461 1097/1588/1461
f 1971/1656/1462 1972/1657/1462 1097/1588/1462 1098/1587/1462
f 1970/1654/1463 1971/1656/1463 1098/1587/1463 1099/1586/1463
f 1969/1655/1464 1970/1654/1464 1099/1586/1464 1100/1584/1464
f 1128/1678/1465 1969/1655/1465 1100/1584/1465 912/1583/1465
f 1127/1679/1466 1962/1648/1466 1969/1655/1466 1128/1678/1466
f 1126/1680/1467 1955/1641/1467 1962/1648/1467 1127/1679/1467
f 1125/1681/1468 1948/1634/1468 1955/1641/1468 1126/1680/1468
f 1124/1682/1469 1941/1627/1469 1948/1634/1469 1125/1681/1469
f 1123/1683/1470 1934/1615/1470 1941/1627/1470 1124/1682/1470
f 1122/1663/1471 1927/1612/1471 1934/1615/1471 1123/1683/1471
f 1976/1684/1472 1977/1685/1472 1984/1686/1472 1983/1687/1472
f 1977/1685/1473 1978/1688/1473 1985/1689/1473 1984/1686/1473
f 1978/1688/1474 1979/1690/1474 1986/1691/1474 1985/1689/1474
f 1979/1690/1475 1980/1692/1475 1987/1693/1475 1986/1691/1475
f 1980/1692/1476 1981/1694/1476 1988/1695/1476 1987/1693/1476
f 1981/1694/1477 1982/1696/1477 1989/1697/1477 1988/1695/1477
f 1983/1687/1478 1984/1686/1478 1991/1698/1478 1990/1699/1478
f 1984/1686/1479 1985/1689/1479 1992/1700/1479 1991/1698/1479
f 1985/1689/1480 1986/1691/1480 1993/1701/1480 1992/1700/1480
f 1986/1691/1481 1987/1693/1481 1994/1702/1481 1993/1701/1481
f 1987/1693/1482 1988/1695/1482 1995/1703/1482 1994/1702/1482
f 1988/1695/1483 1989/1697/1483 1996/1704/1483 1995/1703/1483
f 1990/1699/1484 1991/1698/1484 1998/1705/1484 1997/1706/1484
f 1991/1698/1485 1992/1700/1485 1999/1707/1485 1998/1705/1485
f 1992/1700/1486 1993/1701/1486 2000/1708/1486 1999/1707/1486
f 1993/1701/1487 1994/1702/1487 2001/1709/1487 2000/1708/1487
f 1994/1702/1488 1995/1703/1488 2002/1710/1488 2001/1709/1488
f 1995/1703/1489 1996/1704/1489 2003/1711/1489 2002/1710/1489
f 1997/1706/1490 1998/1705/1490 2005/1712/1490 2004/1713/1490
f 1998/1705/1491 1999/1707/1491 2006/1714/1491 2005/1712/1491
f 1999/1707/1492 2000/1708/1492 2007/1715/1492 2006/1714/1492
f 2000/1708/1493 2001/1709/1493 2008/1716/1493 2007/1715/1493
f 2001/1709/1494 2002/1710/1494 2009/1717/1494 2008/1716/1494
f 2002/1710/1495 2003/1711/1495 2010/1718/1495 2009/1717/1495
f 2004/1713/1496 2005/1712/1496 2012/1719/1496 2011/1720/1496
f 2005/1712/1497 2006/1714/1497 2013/1721/1497 2012/1719/1497
f 2006/1714/1498 2007/1715/1498 2014/1722/1498 2013/1721/1498
f 2007/1715/1499 2008/1716/1499 2015/1723/1499 2014/1722/1499
f 2008/1716/1500 2009/1717/1500 2016/1724/1500 2015/1723/1500
f 2009/1717/1501 2010/1718/1501 2017/1725/1501 2016/1724/1501
f 2011/1720/1502 2012/1719/1502 2019/1726/1502 2018/1727/1502
f 2012/1719/1503 2013/1721/1503 2020/1728/1503 2019/1726/1503
f 2013/1721/1504 2014/1722/1504 2021/1729/1504 2020/1728/1504
f 2014/1722/1505 2015/1723/1505 2022/1730/1505 2021/1729/1505
f 2015/1723/1506 2016/1724/1506 2023/1731/1506 2022/1730/1506
f 2016/1724/1507 2017/1725/1507 2024/1732/1507 2023/1731/1507
f 914/1733/1508 1031/1734/1508 1976/1684/1508 1115/1735/1508
f 1031/1734/1509 1032/1736/1509 1977/1685/1509 1976/1684/1509
f 1032/1736/1510 1033/1737/1510 1978/1688/1510 1977/1685/1510
f 1033/1737/1511 1034/1738/1511 1979/1690/1511 1978/1688/1511
f 1034/1738/1512 1035/1739/1512 1980/1692/1512 1979/1690/1512
f 1035/1739/1513 1036/1740/1513 1981/1694/1513 1980/1692/1513
f 1036/1740/1514 1037/1741/1514 1982/1696/1514 1981/1694/1514
f 1037/1741/1515 907/1061/1515 1080/1063/1515 1982/1696/1515
f 1982/1696/1516 1080/1063/1516 1081/1092/1516 1989/1697/1516
f 1989/1697/1517 1081/1092/1517 1082/1091/1517 1996/1704/1517
f 1996/1704/1518 1082/1091/1518 1083/1090/1518 2003/1711/1518
f 2003/1711/1519 1083/1090/1519 1084/1089/1519 2010/1718/1519
f 2010/1718/1520 1084/1089/1520 1085/1088/1520 2017/1725/1520
f 2017/1725/1521 1085/1088/1521 1086/1086/1521 2024/1732/1521
f 2024/1732/1522 1086/1086/1522 908/1087/1522 1087/1669/1522
f 2023/1731/1523 2024/1732/1523 1087/1669/1523 1088/1742/1523
f 2022/1730/1524 2023/1731/1524 1088/1742/1524 1089/1743/1524
f 2021/1729/1525 2022/1730/1525 1089/1743/1525 1090/1744/1525
f 2020/1728/1526 2021/1729/1526 1090/1744/1526 1091/1745/1526
f 2019/1726/1527 2020/1728/1527 1091/1745/1527 1092/1746/1527
f 2018/1727/1528 2019/1726/1528 1092/1746/1528 1093/1747/1528
f 1121/1748/1529 2018/1727/1529 1093/1747/1529 911/1749/1529
f 1120/1750/1530 2011/1720/1530 2018/1727/1530 1121/1748/1530
f 1119/1751/1531 2004/1713/1531 2011/1720/1531 1120/1750/1531
f 1118/1752/1532 1997/1706/1532 2004/1713/1532 1119/1751/1532
f 1117/1753/1533 1990/1699/1533 1997/1706/1533 1118/1752/1533
f 1116/1754/1534 1983/1687/1534 1990/1699/1534 1117/1753/1534
f 1115/1735/1535 1976/1684/1535 1983/1687/1535 1116/1754/1535
f 2025/1755/1536 2026/1756/1536 2033/1757/1536 2032/1758/1536
f 2026/1756/1537 2027/1759/1537 2034/1760/1537 2033/1757/1537
f 2027/1759/1538 2028/1761/1538 2035/1762/1538 2034/1760/1538
f 2028/1761/1539 2029/1763/1539 2036/1764/1539 2035/1762/1539
f 2029/1763/1540 2030/1765/1540 2037/1766/1540 2036/1764/1540
f 2030/1765/1541 2031/1767/1541 2038/1768/1541 2037/1766/1541
f 2032/1758/1542 2033/1757/1542 2040/1769/1542 2039/1770/1542
f 2033/1757/1543 2034/1760/1543 2041/1771/1543 2040/1769/1543
f 2034/1760/1544 2035/1762/1544 2042/1772/1544 2041/1771/1544
f 2035/1762/1545 2036/1764/1545 2043/1773/1545 2042/1772/1545
f 2036/1764/1546 2037/1766/1546 2044/1774/1546 2043/1773/1546
f 2037/1766/1547 2038/1768/1547 2045/1775/1547 2044/1774/1547
f 2039/1770/1548 2040/1769/1548 2047/1776/1548 2046/1777/1548
f 2040/1769/1549 2041/1771/1549 2048/1778/1549 2047/1776/1549
f 2041/1771/1550 2042/1772/1550 2049/1779/1550 2048/1778/1550
f 2042/1772/1551 2043/1773/1551 2050/1780/1551 2049/1779/1551
f 2043/1773/1552 2044/1774/1552 2051/1781/1552 2050/1780/1552
f 2044/1774/1553 2045/1775/1553 2052/1782/1553 2051/1781/1553
f 2046/1777/1554 2047/1776/1554 2054/1783/1554 2053/1784/1554
f 2047/1776/1555 2048/1778/1555 2055/1785/1555 2054/1783/1555
f 2048/1778/1556 2049/1779/1556 2056/1786/1556 2055/1785/1556
f 2049/1779/1557 2050/1780/1557 2057/1787/1557 2056/1786/1557
f 2050/1780/1558 2051/1781/1558 2058/1788/1558 2057/1787/1558
f 2051/1781/1559 2052/1782/1559 2059/1789/1559 2058/1788/1559
f 2053/1784/1560 2054/1783/1560 2061/1790/1560 2060/1791/1560
f 2054/1783/1561 2055/1785/1561 2062/1792/1561 2061/1790/1561
f 2055/1785/1562 2056/1786/1562 2063/1793/1562 2062/1792/1562
f 2056/1786/1563 2057/1787/1563 2064/1794/1563 2063/1793/1563
f 2057/1787/1564 2058/1788/1564 2065/1795/1564 2064/1794/1564
f 2058/1788/1565 2059/1789/1565 2066/1796/1565 2065/1795/1565
f 2060/1791/1566 2061/1790/1566 2068/1797/1566 2067/1798/1566
f 2061/1790/1567 2062/1792/1567 2069/1799/1567 2068/1797/1567
f 2062/1792/1568 2063/1793/1568 2070/1800/1568 2069/1799/1568
f 2063/1793/1569 2064/1794/1569 2071/1801/1569 2070/1800/1569
f 2064/1794/1570 2065/1795/1570 2072/1802/1570 2071/1801/1570
f 2065/1795/1571 2066/1796/1571 2073/1803/1571 2072/1802/1571
f 899/1804/1572 1108/1805/1572 2025/1755/1572 953/1806/1572
f 1108/1805/1573 1109/1807/1573 2026/1756/1573 2025/1755/1573
f 1109/1807/1574 1110/1808/1574 2027/1759/1574 2026/1756/1574
f 1110/1808/1575 1111/1809/1575 2028/1761/1575 2027/1759/1575
f 1111/1809/1576 1112/1810/1576 2029/1763/1576 2028/1761/1576
f 1112/1810/1577 1113/1811/1577 2030/1765/1577 2029/1763/1577
f 1113/1811/1578 1114/1812/1578 2031/1767/1578 2030/1765/1578
f 1114/1812/1579 914/1733/1579 1115/1735/1579 2031/1767/1579
f 2031/1767/1580 1115/1735/1580 1116/1754/1580 2038/1768/1580
f 2038/1768/1581 1116/1754/1581 1117/1753/1581 2045/1775/1581
f 2045/1775/1582 1117/1753/1582 1118/1752/1582 2052/1782/1582
f 2052/1782/1583 1118/1752/1583 1119/1751/1583 2059/1789/1583
f 2059/1789/1584 1119/1751/1584 1120/1750/1584 2066/1796/1584
f 2066/1796/1585 1120/1750/1585 1121/1748/1585 2073/1803/1585
f 2073/1803/1586 1121/1748/1586 911/1749/1586 968/1813/1586
f 2072/1802/1587 2073/1803/1587 968/1813/1587 969/1814/1587
f 2071/1801/1588 2072/1802/1588 969/1814/1588 970/1815/1588
f 2070/1800/1589 2071/1801/1589 970/1815/1589 971/1816/1589
f 2069/1799/1590 2070/1800/1590 971/1816/1590 972/1817/1590
f 2068/1797/1591 2069/1799/1591 972/1817/1591 973/1818/1591
f 2067/1798/1592 2068/1797/1592 973/1818/1592 974/1819/1592
f 947/1820/1593 2067/1798/1593 974/1819/1593 901/1821/1593
f 948/1822/1594 2060/1791/1594 2067/1798/1594 947/1820/1594
f 949/1823/1595 2053/1784/1595 2060/1791/1595 948/1822/1595
f 950/1824/1596 2046/1777/1596 2053/1784/1596 949/1823/1596
f 951/1825/1597 2039/1770/1597 2046/1777/1597 950/1824/1597
f 952/1826/1598 2032/1758/1598 2039/1770/1598 951/1825/1598
f 953/1806/1599 2025/1755/1599 2032/1758/1599 952/1826/1599
f 2074/1827/1600 2075/1828/1600 2082/1829/1600 2081/1830/1600
f 2075/1828/1601 2076/1831/1601 2083/1832/1601 2082/1829/1601
f 2076/1831/1602 2077/1833/1602 2084/1834/1602 2083/1832/1602
f 2077/1833/1603 2078/1835/1603 2085/1836/1603 2084/1834/1603
f 2078/1835/1604 2079/1837/1604 2086/1838/1604 2085/1836/1604
f 2079/1837/1605 2080/1839/1605 2087/1840/1605 2086/1838/1605
f 2081/1830/1606 2082/1829/1606 2089/1841/1606 2088/1842/1606
f 2082/1829/1607 2083/1832/1607 2090/1843/1607 2089/1841/1607
f 2083/1832/1608 2084/1834/1608 2091/1844/1608 2090/1843/1608
f 2084/1834/1609 2085/1836/1609 2092/1845/1609 2091/1844/1609
f 2085/1836/1610 2086/1838/1610 2093/1846/1610 2092/1845/1610
f 2086/1838/1611 2087/1840/1611 2094/1847/1611 2093/1846/1611
f 2088/1842/1612 2089/1841/1612 2096/1848/1612 2095/1849/1612
f 2089/1841/1613 2090/1843/1613 2097/1850/1613 2096/1848/1613
f 2090/1843/1614 2091/1844/1614 2098/1851/1614 2097/1850/1614
f 2091/1844/1615 2092/1845/1615 2099/1852/1615 2098/1851/1615
f 2092/1845/1616 2093/1846/1616 2100/1853/1616 2099/1852/1616
f 2093/1846/1617 2094/1847/1617 2101/1854/1617 2100/1853/1617
f 2095/1849/1618 2096/1848/1618 2103/1855/1618 2102/1856/1618
f 2096/1848/1619 2097/1850/1619 2104/1857/1619 2103/1855/1619
f 2097/1850/1620 2098/1851/1620 2105/1858/1620 2104/1857/1620
f 2098/1851/1621 2099/1852/1621 2106/1859/1621 2105/1858/1621
f 2099/1852/1622 2100/1853/1622 2107/1860/1622 2106/1859/1622
f 2100/1853/1623 2101/1854/1623 2108/1861/1623 2107/1860/1623
f 2102/1856/1624 2103/1855/1624 2110/1862/1624 2109/1863/1624
f 2103/1855/1625 2104/1857/1625 2111/1864/1625 2110/1862/1625
f 2104/1857/1626 2105/1858/1626 2112/1865/1626 2111/1864/1626
f 2105/1858/1627 2106/1859/1627 2113/1866/1627 2112/1865/1627
f 2106/1859/1628 2107/1860/1628 2114/1867/1628 2113/1866/1628
f 2107/1860/1629 2108/1861/1629 2115/1868/1629 2114/1867/1629
f 2109/1863/1630 2110/1862/1630 2117/1869/1630 2116/1870/1630
f 2110/1862/1631 2111/1864/1631 2118/1871/1631 2117/1869/1631
f 2111/1864/1632 2112/1865/1632 2119/1872/1632 2118/1871/1632
f 2112/1865/1633 2113/1866/1633 2120/1873/1633 2119/1872/1633
f 2113/1866/1634 2114/1867/1634 2121/1874/1634 2120/1873/1634
f 2114/1867/1635 2115/1868/1635 2122/1875/1635 2121/1874/1635
f 901/1821/1636 974/1819/1636 2074/1827/1636 981/1876/1636
f 974/1819/1637 973/1818/1637 2075/1828/1637 2074/1827/1637
f 973/1818/1638 972/1817/1638 2076/1831/1638 2075/1828/1638
f 972/1817/1639 971/1816/1639 2077/1833/1639 2076/1831/1639
f 971/1816/1640 970/1815/1640 2078/1835/1640 2077/1833/1640
f 970/1815/1641 969/1814/1641 2079/1837/1641 2078/1835/1641
f 969/1814/1642 968/1813/1642 2080/1839/1642 2079/1837/1642
f 968/1813/1643 911/1749/1643 1122/1877/1643 2080/1839/1643
f 2080/1839/1644 1122/1877/1644 1123/1878/1644 2087/1840/1644
f 2087/1840/1645 1123/1878/1645 1124/1879/1645 2094/1847/1645
f 2094/1847/1646 1124/1879/1646 1125/1880/1646 2101/1854/1646
f 2101/1854/1647 1125/1880/1647 1126/1881/1647 2108/1861/1647
f 2108/1861/1648 1126/1881/1648 1127/1882/1648 2115/1868/1648
f 2115/1868/1649 1127/1882/1649 1128/1678/1649 2122/1875/1649
f 2122/1875/1650 1128/1678/1650 912/1883/1650 989/1884/1650
f 2121/1874/1651 2122/1875/1651 989/1884/1651 990/1885/1651
f 2120/1873/1652 2121/1874/1652 990/1885/1652 991/1886/1652
f 2119/1872/1653 2120/1873/1653 991/1886/1653 992/1887/1653
f 2118/1871/1654 2119/1872/1654 992/1887/1654 993/1888/1654
f 2117/1869/1655 2118/1871/1655 993/1888/1655 994/1889/1655
f 2116/1870/1656 2117/1869/1656 994/1889/1656 995/1890/1656
f 975/1891/1657 2116/1870/1657 995/1890/1657 905/1367/1657
f 976/1892/1658 2109/1863/1658 2116/1870/1658 975/1891/1658
f 977/1893/1659 2102/1856/1659 2109/1863/1659 976/1892/1659
f 978/1894/1660 2095/1849/1660 2102/1856/1660 977/1893/1660
f 979/1895/1661 2088/1842/1661 2095/1849/1661 978/1894/1661
f 980/1896/1662 2081/1830/1662 2088/1842/1662 979/1895/1662
f 981/1876/1663 2074/1827/1663 2081/1830/1663 980/1896/1663
f 2123/1897/1664 2124/1898/1664 2131/1899/1664 2130/1900/1664
f 2124/1898/1665 2125/1901/1665 2132/1902/1665 2131/1899/1665
f 2125/1901/1666 2126/1903/1666 2133/1904/1666 2132/1902/1666
f 2126/1903/1667 2127/1905/1667 2134/1906/1667 2133/1904/1667
f 2127/1905/1668 2128/1907/1668 2135/1908/1668 2134/1906/1668
f 2128/1907/1669 2129/1909/1669 2136/1910/1669 2135/1908/1669
f 2130/1900/1670 2131/1899/1670 2138/1911/1670 2137/1912/1670
f 2131/1899/1671 2132/1902/1671 2139/1913/1671 2138/1911/1671
f 2132/1902/1672 2133/1904/1672 2140/1914/1672 2139/1913/1672
f 2133/1904/1673 2134/1906/1673 2141/1915/1673 2140/1914/1673
f 2134/1906/1674 2135/1908/1674 2142/1916/1674 2141/1915/1674
f 2135/1908/1675 2136/1910/1675 2143/1917/1675 2142/1916/1675
f 2137/1912/1676 2138/1911/1676 2145/1918/1676 2144/1919/1676
f 2138/1911/1677 2139/1913/1677 2146/1920/1677 2145/1918/1677
f 2139/1913/1678 2140/1914/1678 2147/1921/1678 2146/1920/1678
f 2140/1914/1679 2141/1915/1679 2148/1922/1679 2147/1921/1679
f 2141/1915/1680 2142/1916/1680 2149/1923/1680 2148/1922/1680
f 2142/1916/1681 2143/1917/1681 2150/1924/1681 2149/1923/1681
f 2144/1919/1682 2145/1918/1682 2152/1925/1682 2151/1926/1682
f 2145/1918/1683 2146/1920/1683 2153/1927/1683 2152/1925/1683
f 2146/1920/1684 2147/1921/1684 2154/1928/1684 2153/1927/1684
f 2147/1921/1685 2148/1922/1685 2155/1929/1685 2154/1928/1685
f 2148/1922/1686 2149/1923/1686 2156/1930/1686 2155/1929/1686
f 2149/1923/1687 2150/1924/1687 2157/1931/1687 2156/1930/1687
f 2151/1926/1688 2152/1925/1688 2159/1932/1688 2158/1933/1688
f 2152/1925/1689 2153/1927/1689 2160/1934/1689 2159/1932/1689
f 2153/1927/1690 2154/1928/1690 2161/1935/1690 2160/1934/1690
f 2154/1928/1691 2155/1929/1691 2162/1936/1691 2161/1935/1691
f 2155/1929/1692 2156/1930/1692 2163/1937/1692 2162/1936/1692
f 2156/1930/1693 2157/1931/1693 2164/1938/1693 2163/1937/1693
f 2158/1933/1694 2159/1932/1694 2166/1939/1694 2165/1940/1694
f 2159/1932/1695 2160/1934/1695 2167/1941/1695 2166/1939/1695
f 2160/1934/1696 2161/1935/1696 2168/1942/1696 2167/1941/1696
f 2161/1935/1697 2162/1936/1697 2169/1943/1697 2168/1942/1697
f 2162/1936/1698 2163/1937/1698 2170/1944/1698 2169/1943/1698
f 2163/1937/1699 2164/1938/1699 2171/1945/1699 2170/1944/1699
f 905/1367/1700 995/1890/1700 2123/1897/1700 1002/1368/1700
f 995/1890/1701 994/1889/1701 2124/1898/1701 2123/1897/1701
f 994/1889/1702 993/1888/1702 2125/1901/1702 2124/1898/1702
f 993/1888/1703 992/1887/1703 2126/1903/1703 2125/1901/1703
f 992/1887/1704 991/1886/1704 2127/1905/1704 2126/1903/1704
f 991/1886/1705 990/1885/1705 2128/1907/1705 2127/1905/1705
f 990/1885/1706 989/1884/1706 2129/1909/1706 2128/1907/1706
f 989/1884/1707 912/1883/1707 1129/1946/1707 2129/1909/1707
f 2129/1909/1708 1129/1946/1708 1130/1611/1708 2136/1910/1708
f 2136/1910/1709 1130/1611/1709 1131/1947/1709 2143/1917/1709
f 2143/1917/1710 1131/1947/1710 1132/1948/1710 2150/1924/1710
f 2150/1924/1711 1132/1948/1711 1133/1949/1711 2157/1931/1711
f 2157/1931/1712 1133/1949/1712 1134/1950/1712 2164/1938/1712
f 2164/1938/1713 1134/1950/1713 1135/1951/1713 2171/1945/1713
f 2171/1945/1714 1135/1951/1714 913/1511/1714 1010/1952/1714
f 2170/1944/1715 2171/1945/1715 1010/1952/1715 1011/1953/1715
f 2169/1943/1716 2170/1944/1716 1011/1953/1716 1012/1954/1716
f 2168/1942/1717 2169/1943/1717 1012/1954/1717 1013/1955/1717
f 2167/1941/1718 2168/1942/1718 1013/1955/1718 1014/1956/1718
f 2166/1939/1719 2167/1941/1719 1014/1956/1719 1015/1957/1719
f 2165/1940/1720 2166/1939/1720 1015/1957/1720 1016/1958/1720
f 996/1374/1721 2165/1940/1721 1016/1958/1721 903/1375/1721
f 997/1373/1722 2158/1933/1722 2165/1940/1722 996/1374/1722
f 998/1372/1723 2151/1926/1723 2158/1933/1723 997/1373/1723
f 999/1371/1724 2144/1919/1724 2151/1926/1724 998/1372/1724
f 1000/1370/1725 2137/1912/1725 2144/1919/1725 999/1371/1725
f 1001/1369/1726 2130/1900/1726 2137/1912/1726 1000/1370/1726
f 1002/1368/1727 2123/1897/1727 2130/1900/1727 1001/1369/1727
f 2172/1959/1728 2173/1960/1728 2180/1961/1728 2179/1962/1728
f 2173/1960/1729 2174/1963/1729 2181/1964/1729 2180/1961/1729
f 2174/1963/1730 2175/1965/1730 2182/1966/1730 2181/1964/1730
f 2175/1965/1731 2176/1967/1731 2183/1968/1731 2182/1966/1731
f 2176/1967/1732 2177/1969/1732 2184/1970/1732 2183/1968/1732
f 2177/1969/1733 2178/1971/1733 2185/1972/1733 2184/1970/1733
f 2179/1962/1734 2180/1961/1734 2187/1973/1734 2186/1974/1734
f 2180/1961/1735 2181/1964/1735 2188/1975/1735 2187/1973/1735
f 2181/1964/1736 2182/1966/1736 2189/1976/1736 2188/1975/1736
f 2182/1966/1737 2183/1968/1737 2190/1977/1737 2189/1976/1737
f 2183/1968/1738 2184/1970/1738 2191/1978/1738 2190/1977/1738
f 2184/1970/1739 2185/1972/1739 2192/1979/1739 2191/1978/1739
f 2186/1974/1740 2187/1973/1740 2194/1980/1740 2193/1981/1740
f 2187/1973/1741 2188/1975/1741 2195/1982/1741 2194/1980/1741
f 2188/1975/1742 2189/1976/1742 2196/1983/1742 2195/1982/1742
f 2189/1976/1743 2190/1977/1743 2197/1984/1743 2196/1983/1743
f 2190/1977/1744 2191/1978/1744 2198/1985/1744 2197/1984/1744
f 2191/1978/1745 2192/1979/1745 2199/1986/1745 2198/1985/1745
f 2193/1981/1746 2194/1980/1746 2201/1987/1746 2200/1988/1746
f 2194/1980/1747 2195/1982/1747 2202/1989/1747 2201/1987/1747
f 2195/1982/1748 2196/1983/1748 2203/1990/1748 2202/1989/1748
f 2196/1983/1749 2197/1984/1749 2204/1991/1749 2203/1990/1749
f 2197/1984/1750 2198/1985/1750 2205/1992/1750 2204/1991/1750
f 2198/1985/1751 2199/1986/1751 2206/1993/1751 2205/1992/1751
f 2200/1988/1752 2201/1987/1752 2208/1994/1752 2207/1995/1752
f 2201/1987/1753 2202/1989/1753 2209/1996/1753 2208/1994/1753
f 2202/1989/1754 2203/1990/1754 2210/1997/1754 2209/1996/1754
f 2203/1990/1755 2204/1991/1755 2211/1998/1755 2210/1997/1755
f 2204/1991/1756 2205/1992/1756 2212/1999/1756 2211/1998/1756
f 2205/1992/1757 2206/1993/1757 2213/2000/1757 2212/1999/1757
f 2207/1995/1758 2208/1994/1758 2215/2001/1758 2214/2002/1758
f 2208/1994/1759 2209/1996/1759 2216/2003/1759 2215/2001/1759
f 2209/1996/1760 2210/1997/1760 2217/2004/1760 2216/2003/1760
f 2210/1997/1761 2211/1998/1761 2218/2005/1761 2217/2004/1761
f 2211/1998/1762 2212/1999/1762 2219/2006/1762 2218/2005/1762
f 2212/1999/1763 2213/2000/1763 2220/2007/1763 2219/2006/1763
f 903/1375/1764 1016/1958/1764 2172/1959/1764 1023/2008/1764
f 1016/1958/1765 1015/1957/1765 2173/1960/1765 2172/1959/1765
f 1015/1957/1766 1014/1956/1766 2174/1963/1766 2173/1960/1766
f 1014/1956/1767 1013/1955/1767 2175/1965/1767 2174/1963/1767
f 1013/1955/1768 1012/1954/1768 2176/1967/1768 2175/1965/1768
f 1012/1954/1769 1011/1953/1769 2177/1969/1769 2176/1967/1769
f 1011/1953/1770 1010/1952/1770 2178/1971/1770 2177/1969/1770
f 1010/1952/1771 913/1511/1771 1136/1513/1771 2178/1971/1771
f 2178/1971/1772 1136/1513/1772 1137/1533/1772 2185/1972/1772
f 2185/1972/1773 1137/1533/1773 1138/1532/1773 2192/1979/1773
f 2192/1979/1774 1138/1532/1774 1139/1531/1774 2199/1986/1774
f 2199/1986/1775 1139/1531/1775 1140/1530/1775 2206/1993/1775
f 2206/1993/1776 1140/1530/1776 1141/1529/1776 2213/2000/1776
f 2213/2000/1777 1141/1529/1777 1142/1527/1777 2220/2007/1777
f 2220/2007/1778 1142/1527/1778 914/1528/1778 1114/2009/1778
f 2219/2006/1779 2220/2007/1779 1114/2009/1779 1113/2010/1779
f 2218/2005/1780 2219/2006/1780 1113/2010/1780 1112/2011/1780
f 2217/2004/1781 2218/2005/1781 1112/2011/1781 1111/2012/1781
f 2216/2003/1782 2217/2004/1782 1111/2012/1782 1110/2013/1782
f 2215/2001/1783 2216/2003/1783 1110/2013/1783 1109/2014/1783
f 2214/2002/1784 2215/2001/1784 1109/2014/1784 1108/2015/1784
f 1017/2016/1785 2214/2002/1785 1108/2015/1785 899/2017/1785
f 1018/2018/1786 2207/1995/1786 2214/2002/1786 1017/2016/1786
f 1019/2019/1787 2200/1988/1787 2207/1995/1787 1018/2018/1787
f 1020/2020/1788 2193/1981/1788 2200/1988/1788 1019/2019/1788
f 1021/2021/1789 2186/1974/1789 2193/1981/1789 1020/2020/1789
f 1022/2022/1790 2179/1962/1790 2186/1974/1790 1021/2021/1790
f 1023/2008/1791 2172/1959/1791 2179/1962/1791 1022/2022/1791
f 2221/1012/896 2222/1013/896 2229/1014/896 2228/1015/896
f 2222/1013/897 2223/1016/897 2230/1017/897 2229/1014/897
f 2223/1016/898 2224/1018/898 2231/1019/898 2230/1017/898
f 2224/1018/899 2225/1020/899 2232/1021/899 2231/1019/899
f 2225/1020/900 2226/1022/900 2233/1023/900 2232/1021/900
f 2226/1022/901 2227/1024/901 2234/1025/901 2233/1023/901
f 2228/1015/902 2229/1014/902 2236/1026/902 2235/1027/902
f 2229/1014/903 2230/1017/903 2237/1028/903 2236/1026/903
f 2230/1017/904 2231/1019/904 2238/1029/904 2237/1028/904
f 2231/1019/905 2232/1021/905 2239/1030/905 2238/1029/905
f 2232/1021/906 2233/1023/906 2240/1031/906 2239/1030/906
f 2233/1023/907 2234/1025/907 2241/1032/907 2240/1031/907
f 2235/1027/908 2236/1026/908 2243/1033/908 2242/1034/908
f 2236/1026/909 2237/1028/909 2244/1035/909 2243/1033/909
f 2237/1028/910 2238/1029/910 2245/1036/910 2244/1035/910
f 2238/1029/911 2239/1030/911 2246/1037/911 2245/1036/911
f 2239/1030/912 2240/1031/912 2247/1038/912 2246/1037/912
f 2240/1031/913 2241/1032/913 2248/1039/913 2247/1038/913
f 2242/1034/914 2243/1033/914 2250/1040/914 2249/1041/914
f 2243/1033/915 2244/1035/915 2251/1042/915 2250/1040/915
f 2244/1035/916 2245/1036/916 2252/1043/916 2251/1042/916
f 2245/1036/917 2246/1037/917 2253/1044/917 2252/1043/917
f 2246/1037/918 2247/1038/918 2254/1045/918 2253/1044/918
f 2247/1038/919 2248/1039/919 2255/1046/919 2254/1045/919
f 2249/1041/920 2250/1040/920 2257/1047/920 2256/1048/920
f 2250/1040/921 2251/1042/921 2258/1049/921 2257/1047/921
f 2251/1042/922 2252/1043/922 2259/1050/922 2258/1049/922
f 2252/1043/1792 2253/1044/1792 2260/1051/1792 2259/1050/1792
f 2253/1044/924 2254/1045/924 2261/1052/924 2260/1051/924
f 2254/1045/925 2255/1046/925 2262/1053/925 2261/1052/925
f 2256/1048/926 2257/1047/926 2264/1054/926 2263/1055/926
f 2257/1047/927 2258/1049/927 2265/1056/927 2264/1054/927
f 2258/1049/928 2259/1050/928 2266/1057/928 2265/1056/928
f 2259/1050/929 2260/1051/929 2267/1058/929 2266/1057/929
f 2260/1051/930 2261/1052/930 2268/1059/930 2267/1058/930
f 2261/1052/931 2262/1053/931 2269/1060/931 2268/1059/931
f 923/1061/932 1150/1062/932 2221/1012/932 1276/1063/932
f 1150/1062/933 1151/1064/933 2222/1013/933 2221/1012/933
f 1151/1064/934 1152/1065/934 2223/1016/934 2222/1013/934
f 1152/1065/935 1153/1066/935 2224/1018/935 2223/1016/935
f 1153/1066/936 1154/1067/936 2225/1020/936 2224/1018/936
f 1154/1067/937 1155/1068/937 2226/1022/937 2225/1020/937
f 1155/1068/938 1156/1069/938 2227/1024/938 2226/1022/938
f 1156/1069/939 916/1070/939 1157/1071/939 2227/1024/939
f 2227/1024/1793 1157/1071/1793 1158/1072/1793 2234/1025/1793
f 2234/1025/941 1158/1072/941 1159/1073/941 2241/1032/941
f 2241/1032/942 1159/1073/942 1160/1074/942 2248/1039/942
f 2248/1039/943 1160/1074/943 1161/1075/943 2255/1046/943
f 2255/1046/944 1161/1075/944 1162/1076/944 2262/1053/944
f 2262/1053/945 1162/1076/945 1163/1077/945 2269/1060/945
f 2269/1060/946 1163/1077/946 918/1078/946 1234/1079/946
f 2268/1059/947 2269/1060/947 1234/1079/947 1235/1080/947
f 2267/1058/948 2268/1059/948 1235/1080/948 1236/1081/948
f 2266/1057/1794 2267/1058/1794 1236/1081/1794 1237/1082/1794
f 2265/1056/950 2266/1057/950 1237/1082/950 1238/1083/950
f 2264/1054/951 2265/1056/951 1238/1083/951 1239/1084/951
f 2263/1055/952 2264/1054/952 1239/1084/952 1240/1085/952
f 1282/1086/953 2263/1055/953 1240/1085/953 924/1087/953
f 1281/1088/954 2256/1048/954 2263/1055/954 1282/1086/954
f 1280/1089/955 2249/1041/955 2256/1048/955 1281/1088/955
f 1279/1090/956 2242/1034/956 2249/1041/956 1280/1089/956
f 1278/1091/957 2235/1027/957 2242/1034/957 1279/1090/957
f 1277/1092/958 2228/1015/958 2235/1027/958 1278/1091/958
f 1276/1063/959 2221/1012/959 2228/1015/959 1277/1092/959
f 2270/1093/960 2271/1094/960 2278/1095/960 2277/1096/960
f 2271/1094/961 2272/1097/961 2279/1098/961 2278/1095/961
f 2272/1097/962 2273/1099/962 2280/1100/962 2279/1098/962
f 2273/1099/963 2274/1101/963 2281/1102/963 2280/1100/963
f 2274/1101/964 2275/1103/964 2282/1104/964 2281/1102/964
f 2275/1103/965 2276/1105/965 2283/1106/965 2282/1104/965
f 2277/1096/966 2278/1095/966 2285/1107/966 2284/1108/966
f 2278/1095/967 2279/1098/967 2286/1109/967 2285/1107/967
f 2279/1098/968 2280/1100/968 2287/1110/968 2286/1109/968
f 2280/1100/969 2281/1102/969 2288/1111/969 2287/1110/969
f 2281/1102/970 2282/1104/970 2289/1112/970 2288/1111/970
f 2282/1104/971 2283/1106/971 2290/1113/971 2289/1112/971
f 2284/1108/972 2285/1107/972 2292/1114/972 2291/1115/972
f 2285/1107/973 2286/1109/973 2293/1116/973 2292/1114/973
f 2286/1109/974 2287/1110/974 2294/1117/974 2293/1116/974
f 2287/1110/975 2288/1111/975 2295/1118/975 2294/1117/975
f 2288/1111/976 2289/1112/976 2296/1119/976 2295/1118/976
f 2289/1112/977 2290/1113/977 2297/1120/977 2296/1119/977
f 2291/1115/978 2292/1114/978 2299/1121/978 2298/1122/978
f 2292/1114/979 2293/1116/979 2300/1123/979 2299/1121/979
f 2293/1116/980 2294/1117/980 2301/1124/980 2300/1123/980
f 2294/1117/981 2295/1118/981 2302/1125/981 2301/1124/981
f 2295/1118/982 2296/1119/982 2303/1126/982 2302/1125/982
f 2296/1119/983 2297/1120/983 2304/1127/983 2303/1126/983
f 2298/1122/984 2299/1121/984 2306/1128/984 2305/1129/984
f 2299/1121/985 2300/1123/985 2307/1130/985 2306/1128/985
f 2300/1123/986 2301/1124/986 2308/1131/986 2307/1130/986
f 2301/1124/987 2302/1125/987 2309/1132/987 2308/1131/987
f 2302/1125/988 2303/1126/988 2310/1133/988 2309/1132/988
f 2303/1126/989 2304/1127/989 2311/1134/989 2310/1133/989
f 2305/1129/990 2306/1128/990 2313/1135/990 2312/1136/990
f 2306/1128/991 2307/1130/991 2314/1137/991 2313/1135/991
f 2307/1130/992 2308/1131/992 2315/1138/992 2314/1137/992
f 2308/1131/993 2309/1132/993 2316/1139/993 2315/1138/993
f 2309/1132/1795 2310/1133/1795 2317/1140/1795 2316/1139/1795
f 2310/1133/995 2311/1134/995 2318/1141/995 2317/1140/995
f 924/1087/996 1240/1085/996 2270/1093/996 1269/1142/996
f 1240/1085/997 1239/1084/997 2271/1094/997 2270/1093/997
f 1239/1084/998 1238/1083/998 2272/1097/998 2271/1094/998
f 1238/1083/999 1237/1082/999 2273/1099/999 2272/1097/999
f 1237/1082/1000 1236/1081/1000 2274/1101/1000 2273/1099/1000
f 1236/1081/1001 1235/1080/1001 2275/1103/1001 2274/1101/1001
f 1235/1080/1002 1234/1079/1002 2276/1105/1002 2275/1103/1002
f 1234/1079/1003 918/1078/1003 1178/1143/1003 2276/1105/1003
f 2276/1105/1004 1178/1143/1004 1179/1144/1004 2283/1106/1004
f 2283/1106/1796 1179/1144/1796 1180/1145/1796 2290/1113/1796
f 2290/1113/1006 1180/1145/1006 1181/1146/1006 2297/1120/1006
f 2297/1120/1007 1181/1146/1007 1182/1147/1007 2304/1127/1007
f 2304/1127/1008 1182/1147/1008 1183/1148/1008 2311/1134/1008
f 2311/1134/1009 1183/1148/1009 1184/1149/1009 2318/1141/1009
f 2318/1141/1010 1184/1149/1010 922/1150/1010 1241/1151/1010
f 2317/1140/1011 2318/1141/1011 1241/1151/1011 1242/1152/1011
f 2316/1139/1012 2317/1140/1012 1242/1152/1012 1243/1153/1012
f 2315/1138/1013 2316/1139/1013 1243/1153/1013 1244/1154/1013
f 2314/1137/1014 2315/1138/1014 1244/1154/1014 1245/1155/1014
f 2313/1135/1015 2314/1137/1015 1245/1155/1015 1246/1156/1015
f 2312/1136/1016 2313/1135/1016 1246/1156/1016 1247/1157/1016
f 1275/1158/1017 2312/1136/1017 1247/1157/1017 925/1159/1017
f 1274/1160/1018 2305/1129/1018 2312/1136/1018 1275/1158/1018
f 1273/1161/1019 2298/1122/1019 2305/1129/1019 1274/1160/1019
f 1272/1162/1020 2291/1115/1020 2298/1122/1020 1273/1161/1020
f 1271/1163/1021 2284/1108/1021 2291/1115/1021 1272/1162/1021
f 1270/1164/1022 2277/1096/1022 2284/1108/1022 1271/1163/1022
f 1269/1142/1023 2270/1093/1023 2277/1096/1023 1270/1164/1023
f 2319/1165/1024 2320/1166/1024 2327/1167/1024 2326/1168/1024
f 2320/1166/1025 2321/1169/1025 2328/1170/1025 2327/1167/1025
f 2321/1169/1026 2322/1171/1026 2329/1172/1026 2328/1170/1026
f 2322/1171/1027 2323/1173/1027 2330/1174/1027 2329/1172/1027
f 2323/1173/1028 2324/1175/1028 2331/1176/1028 2330/1174/1028
f 2324/1175/1029 2325/1177/1029 2332/1178/1029 2331/1176/1029
f 2326/1168/1030 2327/1167/1030 2334/1179/1030 2333/1180/1030
f 2327/1167/1031 2328/1170/1031 2335/1181/1031 2334/1179/1031
f 2328/1170/1032 2329/1172/1032 2336/1182/1032 2335/1181/1032
f 2329/1172/1033 2330/1174/1033 2337/1183/1033 2336/1182/1033
f 2330/1174/1034 2331/1176/1034 2338/1184/1034 2337/1183/1034
f 2331/1176/1797 2332/1178/1797 2339/1185/1797 2338/1184/1797
f 2333/1180/1036 2334/1179/1036 2341/1186/1036 2340/1187/1036
f 2334/1179/1037 2335/1181/1037 2342/1188/1037 2341/1186/1037
f 2335/1181/1038 2336/1182/1038 2343/1189/1038 2342/1188/1038
f 2336/1182/1039 2337/1183/1039 2344/1190/1039 2343/1189/1039
f 2337/1183/1040 2338/1184/1040 2345/1191/1040 2344/1190/1040
f 2338/1184/1041 2339/1185/1041 2346/1192/1041 2345/1191/1041
f 2340/1187/1042 2341/1186/1042 2348/1193/1042 2347/1194/1042
f 2341/1186/1043 2342/1188/1043 2349/1195/1043 2348/1193/1043
f 2342/1188/1044 2343/1189/1044 2350/1196/1044 2349/1195/1044
f 2343/1189/1045 2344/1190/1045 2351/1197/1045 2350/1196/1045
f 2344/1190/1046 2345/1191/1046 2352/1198/1046 2351/1197/1046
f 2345/1191/1047 2346/1192/1047 2353/1199/1047 2352/1198/1047
f 2347/1194/1048 2348/1193/1048 2355/1200/1048 2354/1201/1048
f 2348/1193/1049 2349/1195/1049 2356/1202/1049 2355/1200/1049
f 2349/1195/1050 2350/1196/1050 2357/1203/1050 2356/1202/1050
f 2350/1196/1051 2351/1197/1051 2358/1204/1051 2357/1203/1051
f 2351/1197/1052 2352/1198/1052 2359/1205/1052 2358/1204/1052
f 2352/1198/1053 2353/1199/1053 2360/1206/1053 2359/1205/1053
f 2354/1201/1054 2355/1200/1054 2362/1207/1054 2361/1208/1054
f 2355/1200/1055 2356/1202/1055 2363/1209/1055 2362/1207/1055
f 2356/1202/1056 2357/1203/1056 2364/1210/1056 2363/1209/1056
f 2357/1203/1057 2358/1204/1057 2365/1211/1057 2364/1210/1057
f 2358/1204/1058 2359/1205/1058 2366/1212/1058 2365/1211/1058
f 2359/1205/1059 2360/1206/1059 2367/1213/1059 2366/1212/1059
f 925/1159/1060 1247/1157/1060 2319/1165/1060 1262/1214/1060
f 1247/1157/1061 1246/1156/1061 2320/1166/1061 2319/1165/1061
f 1246/1156/1062 1245/1155/1062 2321/1169/1062 2320/1166/1062
f 1245/1155/1063 1244/1154/1063 2322/1171/1063 2321/1169/1063
f 1244/1154/1064 1243/1153/1064 2323/1173/1064 2322/1171/1064
f 1243/1153/1065 1242/1152/1065 2324/1175/1065 2323/1173/1065
f 1242/1152/1066 1241/1151/1066 2325/1177/1066 2324/1175/1066
f 1241/1151/1067 922/1150/1067 1199/1215/1067 2325/1177/1067
f 2325/1177/1068 1199/1215/1068 1200/1216/1068 2332/1178/1068
f 2332/1178/1069 1200/1216/1069 1201/1217/1069 2339/1185/1069
f 2339/1185/1070 1201/1217/1070 1202/1218/1070 2346/1192/1070
f 2346/1192/1071 1202/1218/1071 1203/1219/1071 2353/1199/1071
f 2353/1199/1072 1203/1219/1072 1204/1220/1072 2360/1206/1072
f 2360/1206/1073 1204/1220/1073 1205/1221/1073 2367/1213/1073
f 2367/1213/1074 1205/1221/1074 920/1222/1074 1248/1223/1074
f 2366/1212/1075 2367/1213/1075 1248/1223/1075 1249/1224/1075
f 2365/1211/1076 2366/1212/1076 1249/1224/1076 1250/1225/1076
f 2364/1210/1077 2365/1211/1077 1250/1225/1077 1251/1226/1077
f 2363/1209/1078 2364/1210/1078 1251/1226/1078 1252/1227/1078
f 2362/1207/1079 2363/1209/1079 1252/1227/1079 1253/1228/1079
f 2361/1208/1080 2362/1207/1080 1253/1228/1080 1254/1229/1080
f 1268/1230/1081 2361/1208/1081 1254/1229/1081 926/1231/1081
f 1267/1232/1082 2354/1201/1082 2361/1208/1082 1268/1230/1082
f 1266/1233/1083 2347/1194/1083 2354/1201/1083 1267/1232/1083
f 1265/1234/1084 2340/1187/1084 2347/1194/1084 1266/1233/1084
f 1264/1235/1085 2333/1180/1085 2340/1187/1085 1265/1234/1085
f 1263/1236/1086 2326/1168/1086 2333/1180/1086 1264/1235/1086
f 1262/1214/1087 2319/1165/1087 2326/1168/1087 1263/1236/1087
f 2368/1237/1088 2369/1238/1088 2376/1239/1088 2375/1240/1088
f 2369/1238/1089 2370/1241/1089 2377/1242/1089 2376/1239/1089
f 2370/1241/1090 2371/1243/1090 2378/1244/1090 2377/1242/1090
f 2371/1243/1091 2372/1245/1091 2379/1246/1091 2378/1244/1091
f 2372/1245/1092 2373/1247/1092 2380/1248/1092 2379/1246/1092
f 2373/1247/1093 2374/1249/1093 2381/1250/1093 2380/1248/1093
f 2375/1240/1094 2376/1239/1094 2383/1251/1094 2382/1252/1094
f 2376/1239/1095 2377/1242/1095 2384/1253/1095 2383/1251/1095
f 2377/1242/1096 2378/1244/1096 2385/1254/1096 2384/1253/1096
f 2378/1244/1097 2379/1246/1097 2386/1255/1097 2385/1254/1097
f 2379/1246/1098 2380/1248/1098 2387/1256/1098 2386/1255/1098
f 2380/1248/1099 2381/1250/1099 2388/1257/1099 2387/1256/1099
f 2382/1252/1100 2383/1251/1100 2390/1258/1100 2389/1259/1100
f 2383/1251/1798 2384/1253/1798 2391/1260/1798 2390/1258/1798
f 2384/1253/1102 2385/1254/1102 2392/1261/1102 2391/1260/1102
f 2385/1254/1103 2386/1255/1103 2393/1262/1103 2392/1261/1103
f 2386/1255/1104 2387/1256/1104 2394/1263/1104 2393/1262/1104
f 2387/1256/1105 2388/1257/1105 2395/1264/1105 2394/1263/1105
f 2389/1259/1106 2390/1258/1106 2397/1265/1106 2396/1266/1106
f 2390/1258/1107 2391/1260/1107 2398/1267/1107 2397/1265/1107
f 2391/1260/1108 2392/1261/1108 2399/1268/1108 2398/1267/1108
f 2392/1261/1109 2393/1262/1109 2400/1269/1109 2399/1268/1109
f 2393/1262/1110 2394/1263/1110 2401/1270/1110 2400/1269/1110
f 2394/1263/1799 2395/1264/1799 2402/1271/1799 2401/1270/1799
f 2396/1266/1112 2397/1265/1112 2404/1272/1112 2403/1273/1112
f 2397/1265/1113 2398/1267/1113 2405/1274/1113 2404/1272/1113
f 2398/1267/1114 2399/1268/1114 2406/1275/1114 2405/1274/1114
f 2399/1268/1115 2400/1269/1115 2407/1276/1115 2406/1275/1115
f 2400/1269/1116 2401/1270/1116 2408/1277/1116 2407/1276/1116
f 2401/1270/1117 2402/1271/1117 2409/1278/1117 2408/1277/1117
f 2403/1273/1118 2404/1272/1118 2411/1279/1118 2410/1280/1118
f 2404/1272/1119 2405/1274/1119 2412/1281/1119 2411/1279/1119
f 2405/1274/1120 2406/1275/1120 2413/1282/1120 2412/1281/1120
f 2406/1275/1121 2407/1276/1121 2414/1283/1121 2413/1282/1121
f 2407/1276/1122 2408/1277/1122 2415/1284/1122 2414/1283/1122
f 2408/1277/1123 2409/1278/1123 2416/1285/1123 2415/1284/1123
f 926/1231/1124 1254/1229/1124 2368/1237/1124 1255/1286/1124
f 1254/1229/1125 1253/1228/1125 2369/1238/1125 2368/1237/1125
f 1253/1228/1126 1252/1227/1126 2370/1241/1126 2369/1238/1126
f 1252/1227/1127 1251/1226/1127 2371/1243/1127 2370/1241/1127
f 1251/1226/1128 1250/1225/1128 2372/1245/1128 2371/1243/1128
f 1250/1225/1129 1249/1224/1129 2373/1247/1129 2372/1245/1129
f 1249/1224/1130 1248/1223/1130 2374/1249/1130 2373/1247/1130
f 1248/1223/1131 920/1222/1131 1220/1287/1131 2374/1249/1131
f 2374/1249/1132 1220/1287/1132 1221/1288/1132 2381/1250/1132
f 2381/1250/1133 1221/1288/1133 1222/1289/1133 2388/1257/1133
f 2388/1257/1134 1222/1289/1134 1223/1290/1134 2395/1264/1134
f 2395/1264/1135 1223/1290/1135 1224/1291/1135 2402/1271/1135
f 2402/1271/1136 1224/1291/1136 1225/1292/1136 2409/1278/1136
f 2409/1278/1137 1225/1292/1137 1226/1293/1137 2416/1285/1137
f 2416/1285/1138 1226/1293/1138 916/1294/1138 1156/1295/1138
f 2415/1284/1139 2416/1285/1139 1156/1295/1139 1155/1296/1139
f 2414/1283/1140 2415/1284/1140 1155/1296/1140 1154/1297/1140
f 2413/1282/1141 2414/1283/1141 1154/1297/1141 1153/1298/1141
f 2412/1281/1142 2413/1282/1142 1153/1298/1142 1152/1299/1142
f 2411/1279/1143 2412/1281/1143 1152/1299/1143 1151/1300/1143
f 2410/1280/1144 2411/1279/1144 1151/1300/1144 1150/1301/1144
f 1261/1302/1145 2410/1280/1145 1150/1301/1145 923/1303/1145
f 1260/1304/1146 2403/1273/1146 2410/1280/1146 1261/1302/1146
f 1259/1305/1147 2396/1266/1147 2403/1273/1147 1260/1304/1147
f 1258/1306/1148 2389/1259/1148 2396/1266/1148 1259/1305/1148
f 1257/1307/1149 2382/1252/1149 2389/1259/1149 1258/1306/1149
f 1256/1308/1150 2375/1240/1150 2382/1252/1150 1257/1307/1150
f 1255/1286/1151 2368/1237/1151 2375/1240/1151 1256/1308/1151
f 2417/1309/1152 2418/1310/1152 2425/1311/1152 2424/1312/1152
f 2418/1310/1153 2419/1313/1153 2426/1314/1153 2425/1311/1153
f 2419/1313/1154 2420/1315/1154 2427/1316/1154 2426/1314/1154
f 2420/1315/1155 2421/1317/1155 2428/1318/1155 2427/1316/1155
f 2421/1317/1156 2422/1319/1156 2429/1320/1156 2428/1318/1156
f 2422/1319/1157 2423/1321/1157 2430/1322/1157 2429/1320/1157
f 2424/1312/1158 2425/1311/1158 2432/1323/1158 2431/1324/1158
f 2425/1311/1159 2426/1314/1159 2433/1325/1159 2432/1323/1159
f 2426/1314/1160 2427/1316/1160 2434/1326/1160 2433/1325/1160
f 2427/1316/1161 2428/1318/1161 2435/1327/1161 2434/1326/1161
f 2428/1318/1162 2429/1320/1162 2436/1328/1162 2435/1327/1162
f 2429/1320/1163 2430/1322/1163 2437/1329/1163 2436/1328/1163
f 2431/1324/1164 2432/1323/1164 2439/1330/1164 2438/1331/1164
f 2432/1323/1165 2433/1325/1165 2440/1332/1165 2439/1330/1165
f 2433/1325/1166 2434/1326/1166 2441/1333/1166 2440/1332/1166
f 2434/1326/1167 2435/1327/1167 2442/1334/1167 2441/1333/1167
f 2435/1327/1168 2436/1328/1168 2443/1335/1168 2442/1334/1168
f 2436/1328/1169 2437/1329/1169 2444/1336/1169 2443/1335/1169
f 2438/1331/1170 2439/1330/1170 2446/1337/1170 2445/1338/1170
f 2439/1330/1171 2440/1332/1171 2447/1339/1171 2446/1337/1171
f 2440/1332/1172 2441/1333/1172 2448/1340/1172 2447/1339/1172
f 2441/1333/1173 2442/1334/1173 2449/1341/1173 2448/1340/1173
f 2442/1334/1174 2443/1335/1174 2450/1342/1174 2449/1341/1174
f 2443/1335/1175 2444/1336/1175 2451/1343/1175 2450/1342/1175
f 2445/1338/1176 2446/1337/1176 2453/1344/1176 2452/1345/1176
f 2446/1337/1177 2447/1339/1177 2454/1346/1177 2453/1344/1177
f 2447/1339/1178 2448/1340/1178 2455/1347/1178 2454/1346/1178
f 2448/1340/1179 2449/1341/1179 2456/1348/1179 2455/1347/1179
f 2449/1341/1180 2450/1342/1180 2457/1349/1180 2456/1348/1180
f 2450/1342/1181 2451/1343/1181 2458/1350/1181 2457/1349/1181
f 2452/1345/1182 2453/1344/1182 2460/1351/1182 2459/1352/1182
f 2453/1344/1183 2454/1346/1183 2461/1353/1183 2460/1351/1183
f 2454/1346/1184 2455/1347/1184 2462/1354/1184 2461/1353/1184
f 2455/1347/1185 2456/1348/1185 2463/1355/1185 2462/1354/1185
f 2456/1348/1186 2457/1349/1186 2464/1356/1186 2463/1355/1186
f 2457/1349/1187 2458/1350/1187 2465/1357/1187 2464/1356/1187
f 917/1358/1188 1177/1359/1188 2417/1309/1188 1143/1360/1188
f 1177/1359/1189 1176/1361/1189 2418/1310/1189 2417/1309/1189
f 1176/1361/1190 1175/1362/1190 2419/1313/1190 2418/1310/1190
f 1175/1362/1191 1174/1363/1191 2420/1315/1191 2419/1313/1191
f 1174/1363/1192 1173/1364/1192 2421/1317/1192 2420/1315/1192
f 1173/1364/1193 1172/1365/1193 2422/1319/1193 2421/1317/1193
f 1172/1365/1194 1171/1366/1194 2423/1321/1194 2422/1319/1194
f 1171/1366/1195 921/1367/1195 1198/1368/1195 2423/1321/1195
f 2423/1321/1196 1198/1368/1196 1197/1369/1196 2430/1322/1196
f 2430/1322/1197 1197/1369/1197 1196/1370/1197 2437/1329/1197
f 2437/1329/1198 1196/1370/1198 1195/1371/1198 2444/1336/1198
f 2444/1336/1199 1195/1371/1199 1194/1372/1199 2451/1343/1199
f 2451/1343/1200 1194/1372/1200 1193/1373/1200 2458/1350/1200
f 2458/1350/1201 1193/1373/1201 1192/1374/1201 2465/1357/1201
f 2465/1357/1202 1192/1374/1202 919/1375/1202 1219/1376/1202
f 2464/1356/1203 2465/1357/1203 1219/1376/1203 1218/1377/1203
f 2463/1355/1204 2464/1356/1204 1218/1377/1204 1217/1378/1204
f 2462/1354/1205 2463/1355/1205 1217/1378/1205 1216/1379/1205
f 2461/1353/1206 2462/1354/1206 1216/1379/1206 1215/1380/1206
f 2460/1351/1207 2461/1353/1207 1215/1380/1207 1214/1381/1207
f 2459/1352/1208 2460/1351/1208 1214/1381/1208 1213/1382/1208
f 1149/1383/1209 2459/1352/1209 1213/1382/1209 915/1384/1209
f 1148/1385/1210 2452/1345/1210 2459/1352/1210 1149/1383/1210
f 1147/1386/1211 2445/1338/1211 2452/1345/1211 1148/1385/1211
f 1146/1387/1212 2438/1331/1212 2445/1338/1212 1147/1386/1212
f 1145/1388/1213 2431/1324/1213 2438/1331/1213 1146/1387/1213
f 1144/1389/1214 2424/1312/1214 2431/1324/1214 1145/1388/1214
f 1143/1360/1215 2417/1309/1215 2424/1312/1215 1144/1389/1215
f 2466/1390/1216 2467/1391/1216 2474/1392/1216 2473/1393/1216
f 2467/1391/1217 2468/1394/1217 2475/1395/1217 2474/1392/1217
f 2468/1394/1218 2469/1396/1218 2476/1397/1218 2475/1395/1218
f 2469/1396/1219 2470/1398/1219 2477/1399/1219 2476/1397/1219
f 2470/1398/1220 2471/1400/1220 2478/1401/1220 2477/1399/1220
f 2471/1400/1221 2472/1402/1221 2479/1403/1221 2478/1401/1221
f 2473/1393/1222 2474/1392/1222 2481/1404/1222 2480/1405/1222
f 2474/1392/1223 2475/1395/1223 2482/1406/1223 2481/1404/1223
f 2475/1395/1224 2476/1397/1224 2483/1407/1224 2482/1406/1224
f 2476/1397/1225 2477/1399/1225 2484/1408/1225 2483/1407/1225
f 2477/1399/1226 2478/1401/1226 2485/1409/1226 2484/1408/1226
f 2478/1401/1227 2479/1403/1227 2486/1410/1227 2485/1409/1227
f 2480/1405/1228 2481/1404/1228 2488/1411/1228 2487/1412/1228
f 2481/1404/1229 2482/1406/1229 2489/1413/1229 2488/1411/1229
f 2482/1406/1230 2483/1407/1230 2490/1414/1230 2489/1413/1230
f 2483/1407/1231 2484/1408/1231 2491/1415/1231 2490/1414/1231
f 2484/1408/1232 2485/1409/1232 2492/1416/1232 2491/1415/1232
f 2485/1409/1233 2486/1410/1233 2493/1417/1233 2492/1416/1233
f 2487/1412/1234 2488/1411/1234 2495/1418/1234 2494/1419/1234
f 2488/1411/1235 2489/1413/1235 2496/1420/1235 2495/1418/1235
f 2489/1413/1236 2490/1414/1236 2497/1421/1236 2496/1420/1236
f 2490/1414/1237 2491/1415/1237 2498/1422/1237 2497/1421/1237
f 2491/1415/1238 2492/1416/1238 2499/1423/1238 2498/1422/1238
f 2492/1416/1239 2493/1417/1239 2500/1424/1239 2499/1423/1239
f 2494/1419/1240 2495/1418/1240 2502/1425/1240 2501/1426/1240
f 2495/1418/1241 2496/1420/1241 2503/1427/1241 2502/1425/1241
f 2496/1420/1242 2497/1421/1242 2504/1428/1242 2503/1427/1242
f 2497/1421/1243 2498/1422/1243 2505/1429/1243 2504/1428/1243
f 2498/1422/1244 2499/1423/1244 2506/1430/1244 2505/1429/1244
f 2499/1423/1245 2500/1424/1245 2507/1431/1245 2506/1430/1245
f 2501/1426/1246 2502/1425/1246 2509/1432/1246 2508/1433/1246
f 2502/1425/1247 2503/1427/1247 2510/1434/1247 2509/1432/1247
f 2503/1427/1248 2504/1428/1248 2511/1435/1248 2510/1434/1248
f 2504/1428/1249 2505/1429/1249 2512/1436/1249 2511/1435/1249
f 2505/1429/1250 2506/1430/1250 2513/1437/1250 2512/1436/1250
f 2506/1430/1251 2507/1431/1251 2514/1438/1251 2513/1437/1251
f 922/1150/1252 1184/1439/1252 2466/1390/1252 1199/1215/1252
f 1184/1439/1253 1183/1440/1253 2467/1391/1253 2466/1390/1253
f 1183/1440/1254 1182/1441/1254 2468/1394/1254 2467/1391/1254
f 1182/1441/1255 1181/1442/1255 2469/1396/1255 2468/1394/1255
f 1181/1442/1256 1180/1443/1256 2470/1398/1256 2469/1396/1256
f 1180/1443/1257 1179/1444/1257 2471/1400/1257 2470/1398/1257
f 1179/1444/1258 1178/1445/1258 2472/1402/1258 2471/1400/1258
f 1178/1445/1259 918/1446/1259 1163/1447/1259 2472/1402/1259
f 2472/1402/1260 1163/1447/1260 1162/1448/1260 2479/1403/1260
f 2479/1403/1261 1162/1448/1261 1161/1449/1261 2486/1410/1261
f 2486/1410/1262 1161/1449/1262 1160/1450/1262 2493/1417/1262
f 2493/1417/1263 1160/1450/1263 1159/1451/1263 2500/1424/1263
f 2500/1424/1264 1159/1451/1264 1158/1452/1264 2507/1431/1264
f 2507/1431/1265 1158/1452/1265 1157/1453/1265 2514/1438/1265
f 2514/1438/1266 1157/1453/1266 916/1454/1266 1226/1455/1266
f 2513/1437/1267 2514/1438/1267 1226/1455/1267 1225/1456/1267
f 2512/1436/1268 2513/1437/1268 1225/1456/1268 1224/1457/1268
f 2511/1435/1269 2512/1436/1269 1224/1457/1269 1223/1458/1269
f 2510/1434/1270 2511/1435/1270 1223/1458/1270 1222/1459/1270
f 2509/1432/1800 2510/1434/1800 1222/1459/1800 1221/1460/1800
f 2508/1433/1272 2509/1432/1272 1221/1460/1272 1220/1461/1272
f 1205/1221/1273 2508/1433/1273 1220/1461/1273 920/1222/1273
f 1204/1220/1274 2501/1426/1274 2508/1433/1274 1205/1221/1274
f 1203/1219/1275 2494/1419/1275 2501/1426/1275 1204/1220/1275
f 1202/1218/1276 2487/1412/1276 2494/1419/1276 1203/1219/1276
f 1201/1217/1277 2480/1405/1277 2487/1412/1277 1202/1218/1277
f 1200/1216/1278 2473/1393/1278 2480/1405/1278 1201/1217/1278
f 1199/1215/1279 2466/1390/1279 2473/1393/1279 1200/1216/1279
f 2515/1462/1280 2516/1463/1280 2523/1464/1280 2522/1465/1280
f 2516/1463/1281 2517/1466/1281 2524/1467/1281 2523/1464/1281
f 2517/1466/1282 2518/1468/1282 2525/1469/1282 2524/1467/1282
f 2518/1468/1283 2519/1470/1283 2526/1471/1283 2525/1469/1283
f 2519/1470/1284 2520/1472/1284 2527/1473/1284 2526/1471/1284
f 2520/1472/1285 2521/1474/1285 2528/1475/1285 2527/1473/1285
f 2522/1465/1286 2523/1464/1286 2530/1476/1286 2529/1477/1286
f 2523/1464/1287 2524/1467/1287 2531/1478/1287 2530/1476/1287
f 2524/1467/1288 2525/1469/1288 2532/1479/1288 2531/1478/1288
f 2525/1469/1289 2526/1471/1289 2533/1480/1289 2532/1479/1289
f 2526/1471/1290 2527/1473/1290 2534/1481/1290 2533/1480/1290
f 2527/1473/1291 2528/1475/1291 2535/1482/1291 2534/1481/1291
f 2529/1477/1292 2530/1476/1292 2537/1483/1292 2536/1484/1292
f 2530/1476/1293 2531/1478/1293 2538/1485/1293 2537/1483/1293
f 2531/1478/1294 2532/1479/1294 2539/1486/1294 2538/1485/1294
f 2532/1479/1295 2533/1480/1295 2540/1487/1295 2539/1486/1295
f 2533/1480/1296 2534/1481/1296 2541/1488/1296 2540/1487/1296
f 2534/1481/1297 2535/1482/1297 2542/1489/1297 2541/1488/1297
f 2536/1484/1298 2537/1483/1298 2544/1490/1298 2543/1491/1298
f 2537/1483/1299 2538/1485/1299 2545/1492/1299 2544/1490/1299
f 2538/1485/1300 2539/1486/1300 2546/1493/1300 2545/1492/1300
f 2539/1486/1301 2540/1487/1301 2547/1494/1301 2546/1493/1301
f 2540/1487/1302 2541/1488/1302 2548/1495/1302 2547/1494/1302
f 2541/1488/1303 2542/1489/1303 2549/1496/1303 2548/1495/1303
f 2543/1491/1304 2544/1490/1304 2551/1497/1304 2550/1498/1304
f 2544/1490/1305 2545/1492/1305 2552/1499/1305 2551/1497/1305
f 2545/1492/1306 2546/1493/1306 2553/1500/1306 2552/1499/1306
f 2546/1493/1307 2547/1494/1307 2554/1501/1307 2553/1500/1307
f 2547/1494/1308 2548/1495/1308 2555/1502/1308 2554/1501/1308
f 2548/1495/1309 2549/1496/1309 2556/1503/1309 2555/1502/1309
f 2550/1498/1310 2551/1497/1310 2558/1504/1310 2557/1505/1310
f 2551/1497/1311 2552/1499/1311 2559/1506/1311 2558/1504/1311
f 2552/1499/1312 2553/1500/1312 2560/1507/1312 2559/1506/1312
f 2553/1500/1313 2554/1501/1313 2561/1508/1313 2560/1507/1313
f 2554/1501/1314 2555/1502/1314 2562/1509/1314 2561/1508/1314
f 2555/1502/1315 2556/1503/1315 2563/1510/1315 2562/1509/1315
f 929/1511/1316 1303/1512/1316 2515/1462/1316 1332/1513/1316
f 1303/1512/1317 1302/1514/1317 2516/1463/1317 2515/1462/1317
f 1302/1514/1318 1301/1515/1318 2517/1466/1318 2516/1463/1318
f 1301/1515/1319 1300/1516/1319 2518/1468/1319 2517/1466/1319
f 1300/1516/1320 1299/1517/1320 2519/1470/1320 2518/1468/1320
f 1299/1517/1321 1298/1518/1321 2520/1472/1321 2519/1470/1321
f 1298/1518/1322 1297/1519/1322 2521/1474/1322 2520/1472/1322
f 1297/1519/1323 926/1231/1323 1255/1286/1323 2521/1474/1323
f 2521/1474/1324 1255/1286/1324 1256/1308/1324 2528/1475/1324
f 2528/1475/1325 1256/1308/1325 1257/1307/1325 2535/1482/1325
f 2535/1482/1326 1257/1307/1326 1258/1306/1326 2542/1489/1326
f 2542/1489/1327 1258/1306/1327 1259/1305/1327 2549/1496/1327
f 2549/1496/1328 1259/1305/1328 1260/1304/1328 2556/1503/1328
f 2556/1503/1329 1260/1304/1329 1261/1302/1329 2563/1510/1329
f 2563/1510/1330 1261/1302/1330 923/1303/1330 1233/1520/1330
f 2562/1509/1331 2563/1510/1331 1233/1520/1331 1232/1521/1331
f 2561/1508/1332 2562/1509/1332 1232/1521/1332 1231/1522/1332
f 2560/1507/1333 2561/1508/1333 1231/1522/1333 1230/1523/1333
f 2559/1506/1334 2560/1507/1334 1230/1523/1334 1229/1524/1334
f 2558/1504/1335 2559/1506/1335 1229/1524/1335 1228/1525/1335
f 2557/1505/1336 2558/1504/1336 1228/1525/1336 1227/1526/1336
f 1338/1527/1337 2557/1505/1337 1227/1526/1337 930/1528/1337
f 1337/1529/1338 2550/1498/1338 2557/1505/1338 1338/1527/1338
f 1336/1530/1339 2543/1491/1339 2550/1498/1339 1337/1529/1339
f 1335/1531/1340 2536/1484/1340 2543/1491/1340 1336/1530/1340
f 1334/1532/1341 2529/1477/1341 2536/1484/1341 1335/1531/1341
f 1333/1533/1342 2522/1465/1342 2529/1477/1342 1334/1532/1342
f 1332/1513/1343 2515/1462/1343 2522/1465/1343 1333/1533/1343
f 2564/1534/1344 2565/1535/1344 2572/1536/1344 2571/1537/1344
f 2565/1535/1345 2566/1538/1345 2573/1539/1345 2572/1536/1345
f 2566/1538/1801 2567/1540/1801 2574/1541/1801 2573/1539/1801
f 2567/1540/1347 2568/1542/1347 2575/1543/1347 2574/1541/1347
f 2568/1542/1348 2569/1544/1348 2576/1545/1348 2575/1543/1348
f 2569/1544/1349 2570/1546/1349 2577/1547/1349 2576/1545/1349
f 2571/1537/1802 2572/1536/1802 2579/1548/1802 2578/1549/1802
f 2572/1536/1351 2573/1539/1351 2580/1550/1351 2579/1548/1351
f 2573/1539/1352 2574/1541/1352 2581/1551/1352 2580/1550/1352
f 2574/1541/1353 2575/1543/1353 2582/1552/1353 2581/1551/1353
f 2575/1543/1354 2576/1545/1354 2583/1553/1354 2582/1552/1354
f 2576/1545/1355 2577/1547/1355 2584/1554/1355 2583/1553/1355
f 2578/1549/1356 2579/1548/1356 2586/1555/1356 2585/1556/1356
f 2579/1548/1357 2580/1550/1357 2587/1557/1357 2586/1555/1357
f 2580/1550/1358 2581/1551/1358 2588/1558/1358 2587/1557/1358
f 2581/1551/1359 2582/1552/1359 2589/1559/1359 2588/1558/1359
f 2582/1552/1360 2583/1553/1360 2590/1560/1360 2589/1559/1360
f 2583/1553/1361 2584/1554/1361 2591/1561/1361 2590/1560/1361
f 2585/1556/1362 2586/1555/1362 2593/1562/1362 2592/1563/1362
f 2586/1555/1363 2587/1557/1363 2594/1564/1363 2593/1562/1363
f 2587/1557/1364 2588/1558/1364 2595/1565/1364 2594/1564/1364
f 2588/1558/1365 2589/1559/1365 2596/1566/1365 2595/1565/1365
f 2589/1559/1366 2590/1560/1366 2597/1567/1366 2596/1566/1366
f 2590/1560/1367 2591/1561/1367 2598/1568/1367 2597/1567/1367
f 2592/1563/1368 2593/1562/1368 2600/1569/1368 2599/1570/1368
f 2593/1562/1803 2594/1564/1803 2601/1571/1803 2600/1569/1803
f 2594/1564/1370 2595/1565/1370 2602/1572/1370 2601/1571/1370
f 2595/1565/1371 2596/1566/1371 2603/1573/1371 2602/1572/1371
f 2596/1566/1372 2597/1567/1372 2604/1574/1372 2603/1573/1372
f 2597/1567/1373 2598/1568/1373 2605/1575/1373 2604/1574/1373
f 2599/1570/1374 2600/1569/1374 2607/1576/1374 2606/1577/1374
f 2600/1569/1375 2601/1571/1375 2608/1578/1375 2607/1576/1375
f 2601/1571/1376 2602/1572/1376 2609/1579/1376 2608/1578/1376
f 2602/1572/1377 2603/1573/1377 2610/1580/1377 2609/1579/1377
f 2603/1573/1378 2604/1574/1378 2611/1581/1378 2610/1580/1378
f 2604/1574/1379 2605/1575/1379 2612/1582/1379 2611/1581/1379
f 928/1583/1380 1296/1584/1380 2564/1534/1380 1325/1585/1380
f 1296/1584/1381 1295/1586/1381 2565/1535/1381 2564/1534/1381
f 1295/1586/1382 1294/1587/1382 2566/1538/1382 2565/1535/1382
f 1294/1587/1383 1293/1588/1383 2567/1540/1383 2566/1538/1383
f 1293/1588/1384 1292/1589/1384 2568/1542/1384 2567/1540/1384
f 1292/1589/1385 1291/1590/1385 2569/1544/1385 2568/1542/1385
f 1291/1590/1386 1290/1591/1386 2570/1546/1386 2569/1544/1386
f 1290/1591/1387 925/1592/1387 1262/1593/1387 2570/1546/1387
f 2570/1546/1388 1262/1593/1388 1263/1236/1388 2577/1547/1388
f 2577/1547/1389 1263/1236/1389 1264/1594/1389 2584/1554/1389
f 2584/1554/1390 1264/1594/1390 1265/1595/1390 2591/1561/1390
f 2591/1561/1391 1265/1595/1391 1266/1233/1391 2598/1568/1391
f 2598/1568/1392 1266/1233/1392 1267/1596/1392 2605/1575/1392
f 2605/1575/1393 1267/1596/1393 1268/1597/1393 2612/1582/1393
f 2612/1582/1394 1268/1597/1394 926/1598/1394 1297/1519/1394
f 2611/1581/1395 2612/1582/1395 1297/1519/1395 1298/1599/1395
f 2610/1580/1396 2611/1581/1396 1298/1599/1396 1299/1600/1396
f 2609/1579/1397 2610/1580/1397 1299/1600/1397 1300/1601/1397
f 2608/1578/1398 2609/1579/1398 1300/1601/1398 1301/1602/1398
f 2607/1576/1399 2608/1578/1399 1301/1602/1399 1302/1603/1399
f 2606/1577/1400 2607/1576/1400 1302/1603/1400 1303/1604/1400
f 1331/1605/1401 2606/1577/1401 1303/1604/1401 929/1606/1401
f 1330/1607/1402 2599/1570/1402 2606/1577/1402 1331/1605/1402
f 1329/1608/1403 2592/1563/1403 2599/1570/1403 1330/1607/1403
f 1328/1609/1404 2585/1556/1404 2592/1563/1404 1329/1608/1404
f 1327/1610/1405 2578/1549/1405 2585/1556/1405 1328/1609/1405
f 1326/1611/1406 2571/1537/1406 2578/1549/1406 1327/1610/1406
f 1325/1585/1407 2564/1534/1407 2571/1537/1407 1326/1611/1407
f 2613/1612/1408 2614/1613/1408 2621/1614/1408 2620/1615/1408
f 2614/1613/1409 2615/1616/1409 2622/1617/1409 2621/1614/1409
f 2615/1616/1410 2616/1618/1410 2623/1619/1410 2622/1617/1410
f 2616/1618/1411 2617/1620/1411 2624/1621/1411 2623/1619/1411
f 2617/1620/1412 2618/1622/1412 2625/1623/1412 2624/1621/1412
f 2618/1622/1413 2619/1624/1413 2626/1625/1413 2625/1623/1413
f 2620/1615/1414 2621/1614/1414 2628/1626/1414 2627/1627/1414
f 2621/1614/1415 2622/1617/1415 2629/1628/1415 2628/1626/1415
f 2622/1617/1416 2623/1619/1416 2630/1629/1416 2629/1628/1416
f 2623/1619/1417 2624/1621/1417 2631/1630/1417 2630/1629/1417
f 2624/1621/1418 2625/1623/1418 2632/1631/1418 2631/1630/1418
f 2625/1623/1419 2626/1625/1419 2633/1632/1419 2632/1631/1419
f 2627/1627/1420 2628/1626/1420 2635/1633/1420 2634/1634/1420
f 2628/1626/1421 2629/1628/1421 2636/1635/1421 2635/1633/1421
f 2629/1628/1422 2630/1629/1422 2637/1636/1422 2636/1635/1422
f 2630/1629/1423 2631/1630/1423 2638/1637/1423 2637/1636/1423
f 2631/1630/1424 2632/1631/1424 2639/1638/1424 2638/1637/1424
f 2632/1631/1425 2633/1632/1425 2640/1639/1425 2639/1638/1425
f 2634/1634/1426 2635/1633/1426 2642/1640/1426 2641/1641/1426
f 2635/1633/1427 2636/1635/1427 2643/1642/1427 2642/1640/1427
f 2636/1635/1428 2637/1636/1428 2644/1643/1428 2643/1642/1428
f 2637/1636/1429 2638/1637/1429 2645/1644/1429 2644/1643/1429
f 2638/1637/1430 2639/1638/1430 2646/1645/1430 2645/1644/1430
f 2639/1638/1431 2640/1639/1431 2647/1646/1431 2646/1645/1431
f 2641/1641/1432 2642/1640/1432 2649/1647/1432 2648/1648/1432
f 2642/1640/1433 2643/1642/1433 2650/1649/1433 2649/1647/1433
f 2643/1642/1434 2644/1643/1434 2651/1650/1434 2650/1649/1434
f 2644/1643/1435 2645/1644/1435 2652/1651/1435 2651/1650/1435
f 2645/1644/1436 2646/1645/1436 2653/1652/1436 2652/1651/1436
f 2646/1645/1437 2647/1646/1437 2654/1653/1437 2653/1652/1437
f 2648/1648/1438 2649/1647/1438 2656/1654/1438 2655/1655/1438
f 2649/1647/1439 2650/1649/1439 2657/1656/1439 2656/1654/1439
f 2650/1649/1440 2651/1650/1440 2658/1657/1440 2657/1656/1440
f 2651/1650/1441 2652/1651/1441 2659/1658/1441 2658/1657/1441
f 2652/1651/1804 2653/1652/1804 2660/1659/1804 2659/1658/1804
f 2653/1652/1443 2654/1653/1443 2661/1660/1443 2660/1659/1443
f 927/1661/1444 1289/1662/1444 2613/1612/1444 1318/1663/1444
f 1289/1662/1445 1288/1664/1445 2614/1613/1445 2613/1612/1445
f 1288/1664/1446 1287/1665/1446 2615/1616/1446 2614/1613/1446
f 1287/1665/1447 1286/1666/1447 2616/1618/1447 2615/1616/1447
f 1286/1666/1448 1285/1667/1448 2617/1620/1448 2616/1618/1448
f 1285/1667/1449 1284/1668/1449 2618/1622/1449 2617/1620/1449
f 1284/1668/1450 1283/1669/1450 2619/1624/1450 2618/1622/1450
f 1283/1669/1451 924/1670/1451 1269/1671/1451 2619/1624/1451
f 2619/1624/1452 1269/1671/1452 1270/1672/1452 2626/1625/1452
f 2626/1625/1453 1270/1672/1453 1271/1673/1453 2633/1632/1453
f 2633/1632/1805 1271/1673/1805 1272/1674/1805 2640/1639/1805
f 2640/1639/1455 1272/1674/1455 1273/1675/1455 2647/1646/1455
f 2647/1646/1456 1273/1675/1456 1274/1676/1456 2654/1653/1456
f 2654/1653/1457 1274/1676/1457 1275/1677/1457 2661/1660/1457
f 2661/1660/1458 1275/1677/1458 925/1592/1458 1290/1591/1458
f 2660/1659/1459 2661/1660/1459 1290/1591/1459 1291/1590/1459
f 2659/1658/1460 2660/1659/1460 1291/1590/1460 1292/1589/1460
f 2658/1657/1461 2659/1658/1461 1292/1589/1461 1293/1588/1461
f 2657/1656/1462 2658/1657/1462 1293/1588/1462 1294/1587/1462
f 2656/1654/1463 2657/1656/1463 1294/1587/1463 1295/1586/1463
f 2655/1655/1464 2656/1654/1464 1295/1586/1464 1296/1584/1464
f 1324/1678/1465 2655/1655/1465 1296/1584/1465 928/1583/1465
f 1323/1679/1466 2648/1648/1466 2655/1655/1466 1324/1678/1466
f 1322/1680/1467 2641/1641/1467 2648/1648/1467 1323/1679/1467
f 1321/1681/1468 2634/1634/1468 2641/1641/1468 1322/1680/1468
f 1320/1682/1469 2627/1627/1469 2634/1634/1469 1321/1681/1469
f 1319/1683/1470 2620/1615/1470 2627/1627/1470 1320/1682/1470
f 1318/1663/1471 2613/1612/1471 2620/1615/1471 1319/1683/1471
f 2662/1684/1472 2663/1685/1472 2670/1686/1472 2669/1687/1472
f 2663/1685/1473 2664/1688/1473 2671/1689/1473 2670/1686/1473
f 2664/1688/1474 2665/1690/1474 2672/1691/1474 2671/1689/1474
f 2665/1690/1475 2666/1692/1475 2673/1693/1475 2672/1691/1475
f 2666/1692/1476 2667/1694/1476 2674/1695/1476 2673/1693/1476
f 2667/1694/1477 2668/1696/1477 2675/1697/1477 2674/1695/1477
f 2669/1687/1478 2670/1686/1478 2677/1698/1478 2676/1699/1478
f 2670/1686/1479 2671/1689/1479 2678/1700/1479 2677/1698/1479
f 2671/1689/1480 2672/1691/1480 2679/1701/1480 2678/1700/1480
f 2672/1691/1481 2673/1693/1481 2680/1702/1481 2679/1701/1481
f 2673/1693/1482 2674/1695/1482 2681/1703/1482 2680/1702/1482
f 2674/1695/1483 2675/1697/1483 2682/1704/1483 2681/1703/1483
f 2676/1699/1484 2677/1698/1484 2684/1705/1484 2683/1706/1484
f 2677/1698/1806 2678/1700/1806 2685/1707/1806 2684/1705/1806
f 2678/1700/1486 2679/1701/1486 2686/1708/1486 2685/1707/1486
f 2679/1701/1487 2680/1702/1487 2687/1709/1487 2686/1708/1487
f 2680/1702/1488 2681/1703/1488 2688/1710/1488 2687/1709/1488
f 2681/1703/1489 2682/1704/1489 2689/1711/1489 2688/1710/1489
f 2683/1706/1490 2684/1705/1490 2691/1712/1490 2690/1713/1490
f 2684/1705/1491 2685/1707/1491 2692/1714/1491 2691/1712/1491
f 2685/1707/1492 2686/1708/1492 2693/1715/1492 2692/1714/1492
f 2686/1708/1493 2687/1709/1493 2694/1716/1493 2693/1715/1493
f 2687/1709/1494 2688/1710/1494 2695/1717/1494 2694/1716/1494
f 2688/1710/1495 2689/1711/1495 2696/1718/1495 2695/1717/1495
f 2690/1713/1496 2691/1712/1496 2698/1719/1496 2697/1720/1496
f 2691/1712/1497 2692/1714/1497 2699/1721/1497 2698/1719/1497
f 2692/1714/1498 2693/1715/1498 2700/1722/1498 2699/1721/1498
f 2693/1715/1499 2694/1716/1499 2701/1723/1499 2700/1722/1499
f 2694/1716/1500 2695/1717/1500 2702/1724/1500 2701/1723/1500
f 2695/1717/1501 2696/1718/1501 2703/1725/1501 2702/1724/1501
f 2697/1720/1502 2698/1719/1502 2705/1726/1502 2704/1727/1502
f 2698/1719/1503 2699/1721/1503 2706/1728/1503 2705/1726/1503
f 2699/1721/1504 2700/1722/1504 2707/1729/1504 2706/1728/1504
f 2700/1722/1505 2701/1723/1505 2708/1730/1505 2707/1729/1505
f 2701/1723/1506 2702/1724/1506 2709/1731/1506 2708/1730/1506
f 2702/1724/1507 2703/1725/1507 2710/1732/1507 2709/1731/1507
f 930/1733/1508 1227/1734/1508 2662/1684/1508 1311/1735/1508
f 1227/1734/1509 1228/1736/1509 2663/1685/1509 2662/1684/1509
f 1228/1736/1510 1229/1737/1510 2664/1688/1510 2663/1685/1510
f 1229/1737/1511 1230/1738/1511 2665/1690/1511 2664/1688/1511
f 1230/1738/1512 1231/1739/1512 2666/1692/1512 2665/1690/1512
f 1231/1739/1513 1232/1740/1513 2667/1694/1513 2666/1692/1513
f 1232/1740/1514 1233/1741/1514 2668/1696/1514 2667/1694/1514
f 1233/1741/1515 923/1061/1515 1276/1063/1515 2668/1696/1515
f 2668/1696/1516 1276/1063/1516 1277/1092/1516 2675/1697/1516
f 2675/1697/1517 1277/1092/1517 1278/1091/1517 2682/1704/1517
f 2682/1704/1518 1278/1091/1518 1279/1090/1518 2689/1711/1518
f 2689/1711/1519 1279/1090/1519 1280/1089/1519 2696/1718/1519
f 2696/1718/1520 1280/1089/1520 1281/1088/1520 2703/1725/1520
f 2703/1725/1521 1281/1088/1521 1282/1086/1521 2710/1732/1521
f 2710/1732/1522 1282/1086/1522 924/1087/1522 1283/1669/1522
f 2709/1731/1523 2710/1732/1523 1283/1669/1523 1284/1742/1523
f 2708/1730/1524 2709/1731/1524 1284/1742/1524 1285/1743/1524
f 2707/1729/1525 2708/1730/1525 1285/1743/1525 1286/1744/1525
f 2706/1728/1526 2707/1729/1526 1286/1744/1526 1287/1745/1526
f 2705/1726/1527 2706/1728/1527 1287/1745/1527 1288/1746/1527
f 2704/1727/1528 2705/1726/1528 1288/1746/1528 1289/1747/1528
f 1317/1748/1529 2704/1727/1529 1289/1747/1529 927/1749/1529
f 1316/1750/1530 2697/1720/1530 2704/1727/1530 1317/1748/1530
f 1315/1751/1531 2690/1713/1531 2697/1720/1531 1316/1750/1531
f 1314/1752/1532 2683/1706/1532 2690/1713/1532 1315/1751/1532
f 1313/1753/1533 2676/1699/1533 2683/1706/1533 1314/1752/1533
f 1312/1754/1534 2669/1687/1534 2676/1699/1534 1313/1753/1534
f 1311/1735/1535 2662/1684/1535 2669/1687/1535 1312/1754/1535
f 2711/1755/1536 2712/1756/1536 2719/1757/1536 2718/1758/1536
f 2712/1756/1537 2713/1759/1537 2720/1760/1537 2719/1757/1537
f 2713/1759/1538 2714/1761/1538 2721/1762/1538 2720/1760/1538
f 2714/1761/1539 2715/1763/1539 2722/1764/1539 2721/1762/1539
f 2715/1763/1540 2716/1765/1540 2723/1766/1540 2722/1764/1540
f 2716/1765/1541 2717/1767/1541 2724/1768/1541 2723/1766/1541
f 2718/1758/1542 2719/1757/1542 2726/1769/1542 2725/1770/1542
f 2719/1757/1543 2720/1760/1543 2727/1771/1543 2726/1769/1543
f 2720/1760/1544 2721/1762/1544 2728/1772/1544 2727/1771/1544
f 2721/1762/1545 2722/1764/1545 2729/1773/1545 2728/1772/1545
f 2722/1764/1546 2723/1766/1546 2730/1774/1546 2729/1773/1546
f 2723/1766/1547 2724/1768/1547 2731/1775/1547 2730/1774/1547
f 2725/1770/1548 2726/1769/1548 2733/1776/1548 2732/1777/1548
f 2726/1769/1549 2727/1771/1549 2734/1778/1549 2733/1776/1549
f 2727/1771/1550 2728/1772/1550 2735/1779/1550 2734/1778/1550
f 2728/1772/1551 2729/1773/1551 2736/1780/1551 2735/1779/1551
f 2729/1773/1552 2730/1774/1552 2737/1781/1552 2736/1780/1552
f 2730/1774/1553 2731/1775/1553 2738/1782/1553 2737/1781/1553
f 2732/1777/1554 2733/1776/1554 2740/1783/1554 2739/1784/1554
f 2733/1776/1555 2734/1778/1555 2741/1785/1555 2740/1783/1555
f 2734/1778/1556 2735/1779/1556 2742/1786/1556 2741/1785/1556
f 2735/1779/1807 2736/1780/1807 2743/1787/1807 2742/1786/1807
f 2736/1780/1558 2737/1781/1558 2744/1788/1558 2743/1787/1558
f 2737/1781/1559 2738/1782/1559 2745/1789/1559 2744/1788/1559
f 2739/1784/1560 2740/1783/1560 2747/1790/1560 2746/1791/1560
f 2740/1783/1561 2741/1785/1561 2748/1792/1561 2747/1790/1561
f 2741/1785/1562 2742/1786/1562 2749/1793/1562 2748/1792/1562
f 2742/1786/1563 2743/1787/1563 2750/1794/1563 2749/1793/1563
f 2743/1787/1564 2744/1788/1564 2751/1795/1564 2750/1794/1564
f 2744/1788/1565 2745/1789/1565 2752/1796/1565 2751/1795/1565
f 2746/1791/1566 2747/1790/1566 2754/1797/1566 2753/1798/1566
f 2747/1790/1567 2748/1792/1567 2755/1799/1567 2754/1797/1567
f 2748/1792/1568 2749/1793/1568 2756/1800/1568 2755/1799/1568
f 2749/1793/1569 2750/1794/1569 2757/1801/1569 2756/1800/1569
f 2750/1794/1570 2751/1795/1570 2758/1802/1570 2757/1801/1570
f 2751/1795/1571 2752/1796/1571 2759/1803/1571 2758/1802/1571
f 915/1804/1572 1304/1805/1572 2711/1755/1572 1149/1806/1572
f 1304/1805/1573 1305/1807/1573 2712/1756/1573 2711/1755/1573
f 1305/1807/1574 1306/1808/1574 2713/1759/1574 2712/1756/1574
f 1306/1808/1575 1307/1809/1575 2714/1761/1575 2713/1759/1575
f 1307/1809/1576 1308/1810/1576 2715/1763/1576 2714/1761/1576
f 1308/1810/1577 1309/1811/1577 2716/1765/1577 2715/1763/1577
f 1309/1811/1578 1310/1812/1578 2717/1767/1578 2716/1765/1578
f 1310/1812/1579 930/1733/1579 1311/1735/1579 2717/1767/1579
f 2717/1767/1580 1311/1735/1580 1312/1754/1580 2724/1768/1580
f 2724/1768/1581 1312/1754/1581 1313/1753/1581 2731/1775/1581
f 2731/1775/1582 1313/1753/1582 1314/1752/1582 2738/1782/1582
f 2738/1782/1583 1314/1752/1583 1315/1751/1583 2745/1789/1583
f 2745/1789/1584 1315/1751/1584 1316/1750/1584 2752/1796/1584
f 2752/1796/1585 1316/1750/1585 1317/1748/1585 2759/1803/1585
f 2759/1803/1586 1317/1748/1586 927/1749/1586 1164/1813/1586
f 2758/1802/1587 2759/1803/1587 1164/1813/1587 1165/1814/1587
f 2757/1801/1588 2758/1802/1588 1165/1814/1588 1166/1815/1588
f 2756/1800/1589 2757/1801/1589 1166/1815/1589 1167/1816/1589
f 2755/1799/1590 2756/1800/1590 1167/1816/1590 1168/1817/1590
f 2754/1797/1591 2755/1799/1591 1168/1817/1591 1169/1818/1591
f 2753/1798/1592 2754/1797/1592 1169/1818/1592 1170/1819/1592
f 1143/1820/1593 2753/1798/1593 1170/1819/1593 917/1821/1593
f 1144/1822/1594 2746/1791/1594 2753/1798/1594 1143/1820/1594
f 1145/1823/1595 2739/1784/1595 2746/1791/1595 1144/1822/1595
f 1146/1824/1596 2732/1777/1596 2739/1784/1596 1145/1823/1596
f 1147/1825/1597 2725/1770/1597 2732/1777/1597 1146/1824/1597
f 1148/1826/1598 2718/1758/1598 2725/1770/1598 1147/1825/1598
f 1149/1806/1599 2711/1755/1599 2718/1758/1599 1148/1826/1599
f 2760/1827/1600 2761/1828/1600 2768/1829/1600 2767/1830/1600
f 2761/1828/1601 2762/1831/1601 2769/1832/1601 2768/1829/1601
f 2762/1831/1602 2763/1833/1602 2770/1834/1602 2769/1832/1602
f 2763/1833/1603 2764/1835/1603 2771/1836/1603 2770/1834/1603
f 2764/1835/1604 2765/1837/1604 2772/1838/1604 2771/1836/1604
f 2765/1837/1605 2766/1839/1605 2773/1840/1605 2772/1838/1605
f 2767/1830/1606 2768/1829/1606 2775/1841/1606 2774/1842/1606
f 2768/1829/1607 2769/1832/1607 2776/1843/1607 2775/1841/1607
f 2769/1832/1608 2770/1834/1608 2777/1844/1608 2776/1843/1608
f 2770/1834/1609 2771/1836/1609 2778/1845/1609 2777/1844/1609
f 2771/1836/1610 2772/1838/1610 2779/1846/1610 2778/1845/1610
f 2772/1838/1611 2773/1840/1611 2780/1847/1611 2779/1846/1611
f 2774/1842/1612 2775/1841/1612 2782/1848/1612 2781/1849/1612
f 2775/1841/1613 2776/1843/1613 2783/1850/1613 2782/1848/1613
f 2776/1843/1614 2777/1844/1614 2784/1851/1614 2783/1850/1614
f 2777/1844/1615 2778/1845/1615 2785/1852/1615 2784/1851/1615
f 2778/1845/1616 2779/1846/1616 2786/1853/1616 2785/1852/1616
f 2779/1846/1617 2780/1847/1617 2787/1854/1617 2786/1853/1617
f 2781/1849/1618 2782/1848/1618 2789/1855/1618 2788/1856/1618
f 2782/1848/1619 2783/1850/1619 2790/1857/1619 2789/1855/1619
f 2783/1850/1620 2784/1851/1620 2791/1858/1620 2790/1857/1620
f 2784/1851/1621 2785/1852/1621 2792/1859/1621 2791/1858/1621
f 2785/1852/1622 2786/1853/1622 2793/1860/1622 2792/1859/1622
f 2786/1853/1623 2787/1854/1623 2794/1861/1623 2793/1860/1623
f 2788/1856/1624 2789/1855/1624 2796/1862/1624 2795/1863/1624
f 2789/1855/1625 2790/1857/1625 2797/1864/1625 2796/1862/1625
f 2790/1857/1626 2791/1858/1626 2798/1865/1626 2797/1864/1626
f 2791/1858/1627 2792/1859/1627 2799/1866/1627 2798/1865/1627
f 2792/1859/1628 2793/1860/1628 2800/1867/1628 2799/1866/1628
f 2793/1860/1629 2794/1861/1629 2801/1868/1629 2800/1867/1629
f 2795/1863/1630 2796/1862/1630 2803/1869/1630 2802/1870/1630
f 2796/1862/1631 2797/1864/1631 2804/1871/1631 2803/1869/1631
f 2797/1864/1632 2798/1865/1632 2805/1872/1632 2804/1871/1632
f 2798/1865/1633 2799/1866/1633 2806/1873/1633 2805/1872/1633
f 2799/1866/1634 2800/1867/1634 2807/1874/1634 2806/1873/1634
f 2800/1867/1635 2801/1868/1635 2808/1875/1635 2807/1874/1635
f 917/1821/1636 1170/1819/1636 2760/1827/1636 1177/1876/1636
f 1170/1819/1637 1169/1818/1637 2761/1828/1637 2760/1827/1637
f 1169/1818/1638 1168/1817/1638 2762/1831/1638 2761/1828/1638
f 1168/1817/1639 1167/1816/1639 2763/1833/1639 2762/1831/1639
f 1167/1816/1640 1166/1815/1640 2764/1835/1640 2763/1833/1640
f 1166/1815/1641 1165/1814/1641 2765/1837/1641 2764/1835/1641
f 1165/1814/1642 1164/1813/1642 2766/1839/1642 2765/1837/1642
f 1164/1813/1643 927/1749/1643 1318/1877/1643 2766/1839/1643
f 2766/1839/1644 1318/1877/1644 1319/1878/1644 2773/1840/1644
f 2773/1840/1645 1319/1878/1645 1320/1879/1645 2780/1847/1645
f 2780/1847/1646 1320/1879/1646 1321/1880/1646 2787/1854/1646
f 2787/1854/1647 1321/1880/1647 1322/1881/1647 2794/1861/1647
f 2794/1861/1648 1322/1881/1648 1323/1882/1648 2801/1868/1648
f 2801/1868/1649 1323/1882/1649 1324/1678/1649 2808/1875/1649
f 2808/1875/1650 1324/1678/1650 928/1883/1650 1185/1884/1650
f 2807/1874/1651 2808/1875/1651 1185/1884/1651 1186/1885/1651
f 2806/1873/1652 2807/1874/1652 1186/1885/1652 1187/1886/1652
f 2805/1872/1653 2806/1873/1653 1187/1886/1653 1188/1887/1653
f 2804/1871/1654 2805/1872/1654 1188/1887/1654 1189/1888/1654
f 2803/1869/1655 2804/1871/1655 1189/1888/1655 1190/1889/1655
f 2802/1870/1656 2803/1869/1656 1190/1889/1656 1191/1890/1656
f 1171/1891/1657 2802/1870/1657 1191/1890/1657 921/1367/1657
f 1172/1892/1658 2795/1863/1658 2802/1870/1658 1171/1891/1658
f 1173/1893/1659 2788/1856/1659 2795/1863/1659 1172/1892/1659
f 1174/1894/1660 2781/1849/1660 2788/1856/1660 1173/1893/1660
f 1175/1895/1661 2774/1842/1661 2781/1849/1661 1174/1894/1661
f 1176/1896/1662 2767/1830/1662 2774/1842/1662 1175/1895/1662
f 1177/1876/1663 2760/1827/1663 2767/1830/1663 1176/1896/1663
f 2809/1897/1664 2810/1898/1664 2817/1899/1664 2816/1900/1664
f 2810/1898/1665 2811/1901/1665 2818/1902/1665 2817/1899/1665
f 2811/1901/1666 2812/1903/1666 2819/1904/1666 2818/1902/1666
f 2812/1903/1667 2813/1905/1667 2820/1906/1667 2819/1904/1667
f 2813/1905/1668 2814/1907/1668 2821/1908/1668 2820/1906/1668
f 2814/1907/1808 2815/1909/1808 2822/1910/1808 2821/1908/1808
f 2816/1900/1670 2817/1899/1670 2824/1911/1670 2823/1912/1670
f 2817/1899/1671 2818/1902/1671 2825/1913/1671 2824/1911/1671
f 2818/1902/1672 2819/1904/1672 2826/1914/1672 2825/1913/1672
f 2819/1904/1673 2820/1906/1673 2827/1915/1673 2826/1914/1673
f 2820/1906/1674 2821/1908/1674 2828/1916/1674 2827/1915/1674
f 2821/1908/1675 2822/1910/1675 2829/1917/1675 2828/1916/1675
f 2823/1912/1676 2824/1911/1676 2831/1918/1676 2830/1919/1676
f 2824/1911/1677 2825/1913/1677 2832/1920/1677 2831/1918/1677
f 2825/1913/1678 2826/1914/1678 2833/1921/1678 2832/1920/1678
f 2826/1914/1679 2827/1915/1679 2834/1922/1679 2833/1921/1679
f 2827/1915/1680 2828/1916/1680 2835/1923/1680 2834/1922/1680
f 2828/1916/1681 2829/1917/1681 2836/1924/1681 2835/1923/1681
f 2830/1919/1682 2831/1918/1682 2838/1925/1682 2837/1926/1682
f 2831/1918/1683 2832/1920/1683 2839/1927/1683 2838/1925/1683
f 2832/1920/1684 2833/1921/1684 2840/1928/1684 2839/1927/1684
f 2833/1921/1685 2834/1922/1685 2841/1929/1685 2840/1928/1685
f 2834/1922/1686 2835/1923/1686 2842/1930/1686 2841/1929/1686
f 2835/1923/1687 2836/1924/1687 2843/1931/1687 2842/1930/1687
f 2837/1926/1688 2838/1925/1688 2845/1932/1688 2844/1933/1688
f 2838/1925/1689 2839/1927/1689 2846/1934/1689 2845/1932/1689
f 2839/1927/1690 2840/1928/1690 2847/1935/1690 2846/1934/1690
f 2840/1928/1691 2841/1929/1691 2848/1936/1691 2847/1935/1691
f 2841/1929/1692 2842/1930/1692 2849/1937/1692 2848/1936/1692
f 2842/1930/1693 2843/1931/1693 2850/1938/1693 2849/1937/1693
f 2844/1933/1694 2845/1932/1694 2852/1939/1694 2851/1940/1694
f 2845/1932/1695 2846/1934/1695 2853/1941/1695 2852/1939/1695
f 2846/1934/1696 2847/1935/1696 2854/1942/1696 2853/1941/1696
f 2847/1935/1697 2848/1936/1697 2855/1943/1697 2854/1942/1697
f 2848/1936/1698 2849/1937/1698 2856/1944/1698 2855/1943/1698
f 2849/1937/1699 2850/1938/1699 2857/1945/1699 2856/1944/1699
f 921/1367/1700 1191/1890/1700 2809/1897/1700 1198/1368/1700
f 1191/1890/1701 1190/1889/1701 2810/1898/1701 2809/1897/1701
f 1190/1889/1702 1189/1888/1702 2811/1901/1702 2810/1898/1702
f 1189/1888/1703 1188/1887/1703 2812/1903/1703 2811/1901/1703
f 1188/1887/1704 1187/1886/1704 2813/1905/1704 2812/1903/1704
f 1187/1886/1705 1186/1885/1705 2814/1907/1705 2813/1905/1705
f 1186/1885/1706 1185/1884/1706 2815/1909/1706 2814/1907/1706
f 1185/1884/1707 928/1883/1707 1325/1946/1707 2815/1909/1707
f 2815/1909/1708 1325/1946/1708 1326/1611/1708 2822/1910/1708
f 2822/1910/1709 1326/1611/1709 1327/1947/1709 2829/1917/1709
f 2829/1917/1710 1327/1947/1710 1328/1948/1710 2836/1924/1710
f 2836/1924/1711 1328/1948/1711 1329/1949/1711 2843/1931/1711
f 2843/1931/1712 1329/1949/1712 1330/1950/1712 2850/1938/1712
f 2850/1938/1713 1330/1950/1713 1331/1951/1713 2857/1945/1713
f 2857/1945/1714 1331/1951/1714 929/1511/1714 1206/1952/1714
f 2856/1944/1715 2857/1945/1715 1206/1952/1715 1207/1953/1715
f 2855/1943/1716 2856/1944/1716 1207/1953/1716 1208/1954/1716
f 2854/1942/1717 2855/1943/1717 1208/1954/1717 1209/1955/1717
f 2853/1941/1718 2854/1942/1718 1209/1955/1718 1210/1956/1718
f 2852/1939/1719 2853/1941/1719 1210/1956/1719 1211/1957/1719
f 2851/1940/1720 2852/1939/1720 1211/1957/1720 1212/1958/1720
f 1192/1374/1721 2851/1940/1721 1212/1958/1721 919/1375/1721
f 1193/1373/1722 2844/1933/1722 2851/1940/1722 1192/1374/1722
f 1194/1372/1723 2837/1926/1723 2844/1933/1723 1193/1373/1723
f 1195/1371/1724 2830/1919/1724 2837/1926/1724 1194/1372/1724
f 1196/1370/1725 2823/1912/1725 2830/1919/1725 1195/1371/1725
f 1197/1369/1726 2816/1900/1726 2823/1912/1726 1196/1370/1726
f 1198/1368/1727 2809/1897/1727 2816/1900/1727 1197/1369/1727
f 2858/1959/1728 2859/1960/1728 2866/1961/1728 2865/1962/1728
f 2859/1960/1729 2860/1963/1729 2867/1964/1729 2866/1961/1729
f 2860/1963/1730 2861/1965/1730 2868/1966/1730 2867/1964/1730
f 2861/1965/1731 2862/1967/1731 2869/1968/1731 2868/1966/1731
f 2862/1967/1732 2863/1969/1732 2870/1970/1732 2869/1968/1732
f 2863/1969/1733 2864/1971/1733 2871/1972/1733 2870/1970/1733
f 2865/1962/1734 2866/1961/1734 2873/1973/1734 2872/1974/1734
f 2866/1961/1735 2867/1964/1735 2874/1975/1735 2873/1973/1735
f 2867/1964/1736 2868/1966/1736 2875/1976/1736 2874/1975/1736
f 2868/1966/1737 2869/1968/1737 2876/1977/1737 2875/1976/1737
f 2869/1968/1738 2870/1970/1738 2877/1978/1738 2876/1977/1738
f 2870/1970/1739 2871/1972/1739 2878/1979/1739 2877/1978/1739
f 2872/1974/1740 2873/1973/1740 2880/1980/1740 2879/1981/1740
f 2873/1973/1741 2874/1975/1741 2881/1982/1741 2880/1980/1741
f 2874/1975/1742 2875/1976/1742 2882/1983/1742 2881/1982/1742
f 2875/1976/1743 2876/1977/1743 2883/1984/1743 2882/1983/1743
f 2876/1977/1744 2877/1978/1744 2884/1985/1744 2883/1984/1744
f 2877/1978/1745 2878/1979/1745 2885/1986/1745 2884/1985/1745
f 2879/1981/1746 2880/1980/1746 2887/1987/1746 2886/1988/1746
f 2880/1980/1747 2881/1982/1747 2888/1989/1747 2887/1987/1747
f 2881/1982/1748 2882/1983/1748 2889/1990/1748 2888/1989/1748
f 2882/1983/1749 2883/1984/1749 2890/1991/1749 2889/1990/1749
f 2883/1984/1750 2884/1985/1750 2891/1992/1750 2890/1991/1750
f 2884/1985/1751 2885/1986/1751 2892/1993/1751 2891/1992/1751
f 2886/1988/1752 2887/1987/1752 2894/1994/1752 2893/1995/1752
f 2887/1987/1753 2888/1989/1753 2895/1996/1753 2894/1994/1753
f 2888/1989/1754 2889/1990/1754 2896/1997/1754 2895/1996/1754
f 2889/1990/1755 2890/1991/1755 2897/1998/1755 2896/1997/1755
f 2890/1991/1756 2891/1992/1756 2898/1999/1756 2897/1998/1756
f 2891/1992/1757 2892/1993/1757 2899/2000/1757 2898/1999/1757
f 2893/1995/1758 2894/1994/1758 2901/2001/1758 2900/2002/1758
f 2894/1994/1759 2895/1996/1759 2902/2003/1759 2901/2001/1759
f 2895/1996/1760 2896/1997/1760 2903/2004/1760 2902/2003/1760
f 2896/1997/1761 2897/1998/1761 2904/2005/1761 2903/2004/1761
f 2897/1998/1762 2898/1999/1762 2905/2006/1762 2904/2005/1762
f 2898/1999/1763 2899/2000/1763 2906/2007/1763 2905/2006/1763
f 919/1375/1764 1212/1958/1764 2858/1959/1764 1219/2008/1764
f 1212/1958/1765 1211/1957/1765 2859/1960/1765 2858/1959/1765
f 1211/1957/1766 1210/1956/1766 2860/1963/1766 2859/1960/1766
f 1210/1956/1767 1209/1955/1767 2861/1965/1767 2860/1963/1767
f 1209/1955/1768 1208/1954/1768 2862/1967/1768 2861/1965/1768
f 1208/1954/1769 1207/1953/1769 2863/1969/1769 2862/1967/1769
f 1207/1953/1770 1206/1952/1770 2864/1971/1770 2863/1969/1770
f 1206/1952/1771 929/1511/1771 1332/1513/1771 2864/1971/1771
f 2864/1971/1772 1332/1513/1772 1333/1533/1772 2871/1972/1772
f 2871/1972/1773 1333/1533/1773 1334/1532/1773 2878/1979/1773
f 2878/1979/1774 1334/1532/1774 1335/1531/1774 2885/1986/1774
f 2885/1986/1775 1335/1531/1775 1336/1530/1775 2892/1993/1775
f 2892/1993/1776 1336/1530/1776 1337/1529/1776 2899/2000/1776
f 2899/2000/1777 1337/1529/1777 1338/1527/1777 2906/2007/1777
f 2906/2007/1778 1338/1527/1778 930/1528/1778 1310/2009/1778
f 2905/2006/1779 2906/2007/1779 1310/2009/1779 1309/2010/1779
f 2904/2005/1780 2905/2006/1780 1309/2010/1780 1308/2011/1780
f 2903/2004/1781 2904/2005/1781 1308/2011/1781 1307/2012/1781
f 2902/2003/1782 2903/2004/1782 1307/2012/1782 1306/2013/1782
f 2901/2001/1783 2902/2003/1783 1306/2013/1783 1305/2014/1783
f 2900/2002/1784 2901/2001/1784 1305/2014/1784 1304/2015/1784
f 1213/2016/1785 2900/2002/1785 1304/2015/1785 915/2017/1785
f 1214/2018/1786 2893/1995/1786 2900/2002/1786 1213/2016/1786
f 1215/2019/1787 2886/1988/1787 2893/1995/1787 1214/2018/1787
f 1216/2020/1788 2879/1981/1788 2886/1988/1788 1215/2019/1788
f 1217/2021/1789 2872/1974/1789 2879/1981/1789 1216/2020/1789
f 1218/2022/1790 2865/1962/1790 2872/1974/1790 1217/2021/1790
f 1219/2008/1791 2858/1959/1791 2865/1962/1791 1218/2022/1791
f 2907/1012/896 2908/1013/896 2915/1014/896 2914/1015/896
f 2908/1013/897 2909/1016/897 2916/1017/897 2915/1014/897
f 2909/1016/898 2910/1018/898 2917/1019/898 2916/1017/898
f 2910/1018/899 2911/1020/899 2918/1021/899 2917/1019/899
f 2911/1020/900 2912/1022/900 2919/1023/900 2918/1021/900
f 2912/1022/901 2913/1024/901 2920/1025/901 2919/1023/901
f 2914/1015/902 2915/1014/902 2922/1026/902 2921/1027/902
f 2915/1014/903 2916/1017/903 2923/1028/903 2922/1026/903
f 2916/1017/904 2917/1019/904 2924/1029/904 2923/1028/904
f 2917/1019/905 2918/1021/905 2925/1030/905 2924/1029/905
f 2918/1021/906 2919/1023/906 2926/1031/906 2925/1030/906
f 2919/1023/907 2920/1025/907 2927/1032/907 2926/1031/907
f 2921/1027/908 2922/1026/908 2929/1033/908 2928/1034/908
f 2922/1026/909 2923/1028/909 2930/1035/909 2929/1033/909
f 2923/1028/910 2924/1029/910 2931/1036/910 2930/1035/910
f 2924/1029/911 2925/1030/911 2932/1037/911 2931/1036/911
f 2925/1030/912 2926/1031/912 2933/1038/912 2932/1037/912
f 2926/1031/913 2927/1032/913 2934/1039/913 2933/1038/913
f 2928/1034/914 2929/1033/914 2936/1040/914 2935/1041/914
f 2929/1033/915 2930/1035/915 2937/1042/915 2936/1040/915
f 2930/1035/916 2931/1036/916 2938/1043/916 2937/1042/916
f 2931/1036/917 2932/1037/917 2939/1044/917 2938/1043/917
f 2932/1037/918 2933/1038/918 2940/1045/918 2939/1044/918
f 2933/1038/919 2934/1039/919 2941/1046/919 2940/1045/919
f 2935/1041/920 2936/1040/920 2943/1047/920 2942/1048/920
f 2936/1040/921 2937/1042/921 2944/1049/921 2943/1047/921
f 2937/1042/922 2938/1043/922 2945/1050/922 2944/1049/922
f 2938/1043/923 2939/1044/923 2946/1051/923 2945/1050/923
f 2939/1044/924 2940/1045/924 2947/1052/924 2946/1051/924
f 2940/1045/925 2941/1046/925 2948/1053/925 2947/1052/925
f 2942/1048/926 2943/1047/926 2950/1054/926 2949/1055/926
f 2943/1047/927 2944/1049/927 2951/1056/927 2950/1054/927
f 2944/1049/928 2945/1050/928 2952/1057/928 2951/1056/928
f 2945/1050/929 2946/1051/929 2953/1058/929 2952/1057/929
f 2946/1051/930 2947/1052/930 2954/1059/930 2953/1058/930
f 2947/1052/931 2948/1053/931 2955/1060/931 2954/1059/931
f 939/1061/932 1346/1062/932 2907/1012/932 1472/1063/932
f 1346/1062/933 1347/1064/933 2908/1013/933 2907/1012/933
f 1347/1064/934 1348/1065/934 2909/1016/934 2908/1013/934
f 1348/1065/935 1349/1066/935 2910/1018/935 2909/1016/935
f 1349/1066/936 1350/1067/936 2911/1020/936 2910/1018/936
f 1350/1067/1809 1351/1068/1809 2912/1022/1809 2911/1020/1809
f 1351/1068/938 1352/1069/938 2913/1024/938 2912/1022/938
f 1352/1069/939 932/1070/939 1353/1071/939 2913/1024/939
f 2913/1024/940 1353/1071/940 1354/1072/940 2920/1025/940
f 2920/1025/941 1354/1072/941 1355/1073/941 2927/1032/941
f 2927/1032/942 1355/1073/942 1356/1074/942 2934/1039/942
f 2934/1039/943 1356/1074/943 1357/1075/943 2941/1046/943
f 2941/1046/944 1357/1075/944 1358/1076/944 2948/1053/944
f 2948/1053/945 1358/1076/945 1359/1077/945 2955/1060/945
f 2955/1060/946 1359/1077/946 934/1078/946 1430/1079/946
f 2954/1059/947 2955/1060/947 1430/1079/947 1431/1080/947
f 2953/1058/948 2954/1059/948 1431/1080/948 1432/1081/948
f 2952/1057/1794 2953/1058/1794 1432/1081/1794 1433/1082/1794
f 2951/1056/950 2952/1057/950 1433/1082/950 1434/1083/950
f 2950/1054/951 2951/1056/951 1434/1083/951 1435/1084/951
f 2949/1055/952 2950/1054/952 1435/1084/952 1436/1085/952
f 1478/1086/953 2949/1055/953 1436/1085/953 940/1087/953
f 1477/1088/954 2942/1048/954 2949/1055/954 1478/1086/954
f 1476/1089/955 2935/1041/955 2942/1048/955 1477/1088/955
f 1475/1090/956 2928/1034/956 2935/1041/956 1476/1089/956
f 1474/1091/957 2921/1027/957 2928/1034/957 1475/1090/957
f 1473/1092/958 2914/1015/958 2921/1027/958 1474/1091/958
f 1472/1063/959 2907/1012/959 2914/1015/959 1473/1092/959
f 2956/1093/960 2957/1094/960 2964/1095/960 2963/1096/960
f 2957/1094/1810 2958/1097/1810 2965/1098/1810 2964/1095/1810
f 2958/1097/962 2959/1099/962 2966/1100/962 2965/1098/962
f 2959/1099/963 2960/1101/963 2967/1102/963 2966/1100/963
f 2960/1101/964 2961/1103/964 2968/1104/964 2967/1102/964
f 2961/1103/965 2962/1105/965 2969/1106/965 2968/1104/965
f 2963/1096/966 2964/1095/966 2971/1107/966 2970/1108/966
f 2964/1095/967 2965/1098/967 2972/1109/967 2971/1107/967
f 2965/1098/968 2966/1100/968 2973/1110/968 2972/1109/968
f 2966/1100/969 2967/1102/969 2974/1111/969 2973/1110/969
f 2967/1102/970 2968/1104/970 2975/1112/970 2974/1111/970
f 2968/1104/971 2969/1106/971 2976/1113/971 2975/1112/971
f 2970/1108/972 2971/1107/972 2978/1114/972 2977/1115/972
f 2971/1107/973 2972/1109/973 2979/1116/973 2978/1114/973
f 2972/1109/974 2973/1110/974 2980/1117/974 2979/1116/974
f 2973/1110/975 2974/1111/975 2981/1118/975 2980/1117/975
f 2974/1111/976 2975/1112/976 2982/1119/976 2981/1118/976
f 2975/1112/977 2976/1113/977 2983/1120/977 2982/1119/977
f 2977/1115/978 2978/1114/978 2985/1121/978 2984/1122/978
f 2978/1114/979 2979/1116/979 2986/1123/979 2985/1121/979
f 2979/1116/980 2980/1117/980 2987/1124/980 2986/1123/980
f 2980/1117/981 2981/1118/981 2988/1125/981 2987/1124/981
f 2981/1118/982 2982/1119/982 2989/1126/982 2988/1125/982
f 2982/1119/983 2983/1120/983 2990/1127/983 2989/1126/983
f 2984/1122/984 2985/1121/984 2992/1128/984 2991/1129/984
f 2985/1121/985 2986/1123/985 2993/1130/985 2992/1128/985
f 2986/1123/986 2987/1124/986 2994/1131/986 2993/1130/986
f 2987/1124/987 2988/1125/987 2995/1132/987 2994/1131/987
f 2988/1125/988 2989/1126/988 2996/1133/988 2995/1132/988
f 2989/1126/989 2990/1127/989 2997/1134/989 2996/1133/989
f 2991/1129/990 2992/1128/990 2999/1135/990 2998/1136/990
f 2992/1128/991 2993/1130/991 3000/1137/991 2999/1135/991
f 2993/1130/992 2994/1131/992 3001/1138/992 3000/1137/992
f 2994/1131/993 2995/1132/993 3002/1139/993 3001/1138/993
f 2995/1132/1811 2996/1133/1811 3003/1140/1811 3002/1139/1811
f 2996/1133/995 2997/1134/995 3004/1141/995 3003/1140/995
f 940/1087/996 1436/1085/996 2956/1093/996 1465/1142/996
f 1436/1085/997 1435/1084/997 2957/1094/997 2956/1093/997
f 1435/1084/998 1434/1083/998 2958/1097/998 2957/1094/998
f 1434/1083/999 1433/1082/999 2959/1099/999 2958/1097/999
f 1433/1082/1000 1432/1081/1000 2960/1101/1000 2959/1099/1000
f 1432/1081/1001 1431/1080/1001 2961/1103/1001 2960/1101/1001
f 1431/1080/1002 1430/1079/1002 2962/1105/1002 2961/1103/1002
f 1430/1079/1812 934/1078/1812 1374/1143/1812 2962/1105/1812
f 2962/1105/1004 1374/1143/1004 1375/1144/1004 2969/1106/1004
f 2969/1106/1796 1375/1144/1796 1376/1145/1796 2976/1113/1796
f 2976/1113/1006 1376/1145/1006 1377/1146/1006 2983/1120/1006
f 2983/1120/1007 1377/1146/1007 1378/1147/1007 2990/1127/1007
f 2990/1127/1008 1378/1147/1008 1379/1148/1008 2997/1134/1008
f 2997/1134/1009 1379/1148/1009 1380/1149/1009 3004/1141/1009
f 3004/1141/1010 1380/1149/1010 938/1150/1010 1437/1151/1010
f 3003/1140/1011 3004/1141/1011 1437/1151/1011 1438/1152/1011
f 3002/1139/1012 3003/1140/1012 1438/1152/1012 1439/1153/1012
f 3001/1138/1013 3002/1139/1013 1439/1153/1013 1440/1154/1013
f 3000/1137/1014 3001/1138/1014 1440/1154/1014 1441/1155/1014
f 2999/1135/1015 3000/1137/1015 1441/1155/1015 1442/1156/1015
f 2998/1136/1016 2999/1135/1016 1442/1156/1016 1443/1157/1016
f 1471/1158/1017 2998/1136/1017 1443/1157/1017 941/1159/1017
f 1470/1160/1018 2991/1129/1018 2998/1136/1018 1471/1158/1018
f 1469/1161/1019 2984/1122/1019 2991/1129/1019 1470/1160/1019
f 1468/1162/1020 2977/1115/1020 2984/1122/1020 1469/1161/1020
f 1467/1163/1021 2970/1108/1021 2977/1115/1021 1468/1162/1021
f 1466/1164/1022 2963/1096/1022 2970/1108/1022 1467/1163/1022
f 1465/1142/1023 2956/1093/1023 2963/1096/1023 1466/1164/1023
f 3005/1165/1024 3006/1166/1024 3013/1167/1024 3012/1168/1024
f 3006/1166/1025 3007/1169/1025 3014/1170/1025 3013/1167/1025
f 3007/1169/1026 3008/1171/1026 3015/1172/1026 3014/1170/1026
f 3008/1171/1027 3009/1173/1027 3016/1174/1027 3015/1172/1027
f 3009/1173/1028 3010/1175/1028 3017/1176/1028 3016/1174/1028
f 3010/1175/1029 3011/1177/1029 3018/1178/1029 3017/1176/1029
f 3012/1168/1030 3013/1167/1030 3020/1179/1030 3019/1180/1030
f 3013/1167/1031 3014/1170/1031 3021/1181/1031 3020/1179/1031
f 3014/1170/1032 3015/1172/1032 3022/1182/1032 3021/1181/1032
f 3015/1172/1033 3016/1174/1033 3023/1183/1033 3022/1182/1033
f 3016/1174/1034 3017/1176/1034 3024/1184/1034 3023/1183/1034
f 3017/1176/1797 3018/1178/1797 3025/1185/1797 3024/1184/1797
f 3019/1180/1036 3020/1179/1036 3027/1186/1036 3026/1187/1036
f 3020/1179/1037 3021/1181/1037 3028/1188/1037 3027/1186/1037
f 3021/1181/1038 3022/1182/1038 3029/1189/1038 3028/1188/1038
f 3022/1182/1039 3023/1183/1039 3030/1190/1039 3029/1189/1039
f 3023/1183/1040 3024/1184/1040 3031/1191/1040 3030/1190/1040
f 3024/1184/1041 3025/1185/1041 3032/1192/1041 3031/1191/1041
f 3026/1187/1042 3027/1186/1042 3034/1193/1042 3033/1194/1042
f 3027/1186/1043 3028/1188/1043 3035/1195/1043 3034/1193/1043
f 3028/1188/1044 3029/1189/1044 3036/1196/1044 3035/1195/1044
f 3029/1189/1045 3030/1190/1045 3037/1197/1045 3036/1196/1045
f 3030/1190/1046 3031/1191/1046 3038/1198/1046 3037/1197/1046
f 3031/1191/1047 3032/1192/1047 3039/1199/1047 3038/1198/1047
f 3033/1194/1048 3034/1193/1048 3041/1200/1048 3040/1201/1048
f 3034/1193/1049 3035/1195/1049 3042/1202/1049 3041/1200/1049
f 3035/1195/1050 3036/1196/1050 3043/1203/1050 3042/1202/1050
f 3036/1196/1051 3037/1197/1051 3044/1204/1051 3043/1203/1051
f 3037/1197/1052 3038/1198/1052 3045/1205/1052 3044/1204/1052
f 3038/1198/1053 3039/1199/1053 3046/1206/1053 3045/1205/1053
f 3040/1201/1054 3041/1200/1054 3048/1207/1054 3047/1208/1054
f 3041/1200/1055 3042/1202/1055 3049/1209/1055 3048/1207/1055
f 3042/1202/1056 3043/1203/1056 3050/1210/1056 3049/1209/1056
f 3043/1203/1057 3044/1204/1057 3051/1211/1057 3050/1210/1057
f 3044/1204/1058 3045/1205/1058 3052/1212/1058 3051/1211/1058
f 3045/1205/1059 3046/1206/1059 3053/1213/1059 3052/1212/1059
f 941/1159/1060 1443/1157/1060 3005/1165/1060 1458/1214/1060
f 1443/1157/1061 1442/1156/1061 3006/1166/1061 3005/1165/1061
f 1442/1156/1062 1441/1155/1062 3007/1169/1062 3006/1166/1062
f 1441/1155/1063 1440/1154/1063 3008/1171/1063 3007/1169/1063
f 1440/1154/1064 1439/1153/1064 3009/1173/1064 3008/1171/1064
f 1439/1153/1065 1438/1152/1065 3010/1175/1065 3009/1173/1065
f 1438/1152/1066 1437/1151/1066 3011/1177/1066 3010/1175/1066
f 1437/1151/1067 938/1150/1067 1395/1215/1067 3011/1177/1067
f 3011/1177/1068 1395/1215/1068 1396/1216/1068 3018/1178/1068
f 3018/1178/1813 1396/1216/1813 1397/1217/1813 3025/1185/1813
f 3025/1185/1070 1397/1217/1070 1398/1218/1070 3032/1192/1070
f 3032/1192/1071 1398/1218/1071 1399/1219/1071 3039/1199/1071
f 3039/1199/1072 1399/1219/1072 1400/1220/1072 3046/1206/1072
f 3046/1206/1073 1400/1220/1073 1401/1221/1073 3053/1213/1073
f 3053/1213/1074 1401/1221/1074 936/1222/1074 1444/1223/1074
f 3052/1212/1075 3053/1213/1075 1444/1223/1075 1445/1224/1075
f 3051/1211/1076 3052/1212/1076 1445/1224/1076 1446/1225/1076
f 3050/1210/1077 3051/1211/1077 1446/1225/1077 1447/1226/1077
f 3049/1209/1078 3050/1210/1078 1447/1226/1078 1448/1227/1078
f 3048/1207/1079 3049/1209/1079 1448/1227/1079 1449/1228/1079
f 3047/1208/1080 3048/1207/1080 1449/1228/1080 1450/1229/1080
f 1464/1230/1081 3047/1208/1081 1450/1229/1081 942/1231/1081
f 1463/1232/1082 3040/1201/1082 3047/1208/1082 1464/1230/1082
f 1462/1233/1083 3033/1194/1083 3040/1201/1083 1463/1232/1083
f 1461/1234/1084 3026/1187/1084 3033/1194/1084 1462/1233/1084
f 1460/1235/1085 3019/1180/1085 3026/1187/1085 1461/1234/1085
f 1459/1236/1086 3012/1168/1086 3019/1180/1086 1460/1235/1086
f 1458/1214/1087 3005/1165/1087 3012/1168/1087 1459/1236/1087
f 3054/1237/1088 3055/1238/1088 3062/1239/1088 3061/1240/1088
f 3055/1238/1089 3056/1241/1089 3063/1242/1089 3062/1239/1089
f 3056/1241/1090 3057/1243/1090 3064/1244/1090 3063/1242/1090
f 3057/1243/1091 3058/1245/1091 3065/1246/1091 3064/1244/1091
f 3058/1245/1092 3059/1247/1092 3066/1248/1092 3065/1246/1092
f 3059/1247/1093 3060/1249/1093 3067/1250/1093 3066/1248/1093
f 3061/1240/1094 3062/1239/1094 3069/1251/1094 3068/1252/1094
f 3062/1239/1095 3063/1242/1095 3070/1253/1095 3069/1251/1095
f 3063/1242/1096 3064/1244/1096 3071/1254/1096 3070/1253/1096
f 3064/1244/1097 3065/1246/1097 3072/1255/1097 3071/1254/1097
f 3065/1246/1098 3066/1248/1098 3073/1256/1098 3072/1255/1098
f 3066/1248/1099 3067/1250/1099 3074/1257/1099 3073/1256/1099
f 3068/1252/1100 3069/1251/1100 3076/1258/1100 3075/1259/1100
f 3069/1251/1798 3070/1253/1798 3077/1260/1798 3076/1258/1798
f 3070/1253/1102 3071/1254/1102 3078/1261/1102 3077/1260/1102
f 3071/1254/1103 3072/1255/1103 3079/1262/1103 3078/1261/1103
f 3072/1255/1104 3073/1256/1104 3080/1263/1104 3079/1262/1104
f 3073/1256/1105 3074/1257/1105 3081/1264/1105 3080/1263/1105
f 3075/1259/1106 3076/1258/1106 3083/1265/1106 3082/1266/1106
f 3076/1258/1107 3077/1260/1107 3084/1267/1107 3083/1265/1107
f 3077/1260/1108 3078/1261/1108 3085/1268/1108 3084/1267/1108
f 3078/1261/1109 3079/1262/1109 3086/1269/1109 3085/1268/1109
f 3079/1262/1110 3080/1263/1110 3087/1270/1110 3086/1269/1110
f 3080/1263/1799 3081/1264/1799 3088/1271/1799 3087/1270/1799
f 3082/1266/1112 3083/1265/1112 3090/1272/1112 3089/1273/1112
f 3083/1265/1113 3084/1267/1113 3091/1274/1113 3090/1272/1113
f 3084/1267/1114 3085/1268/1114 3092/1275/1114 3091/1274/1114
f 3085/1268/1115 3086/1269/1115 3093/1276/1115 3092/1275/1115
f 3086/1269/1116 3087/1270/1116 3094/1277/1116 3093/1276/1116
f 3087/1270/1117 3088/1271/1117 3095/1278/1117 3094/1277/1117
f 3089/1273/1118 3090/1272/1118 3097/1279/1118 3096/1280/1118
f 3090/1272/1119 3091/1274/1119 3098/1281/1119 3097/1279/1119
f 3091/1274/1120 3092/1275/1120 3099/1282/1120 3098/1281/1120
f 3092/1275/1121 3093/1276/1121 3100/1283/1121 3099/1282/1121
f 3093/1276/1122 3094/1277/1122 3101/1284/1122 3100/1283/1122
f 3094/1277/1123 3095/1278/1123 3102/1285/1123 3101/1284/1123
f 942/1231/1124 1450/1229/1124 3054/1237/1124 1451/1286/1124
f 1450/1229/1125 1449/1228/1125 3055/1238/1125 3054/1237/1125
f 1449/1228/1126 1448/1227/1126 3056/1241/1126 3055/1238/1126
f 1448/1227/1127 1447/1226/1127 3057/1243/1127 3056/1241/1127
f 1447/1226/1128 1446/1225/1128 3058/1245/1128 3057/1243/1128
f 1446/1225/1129 1445/1224/1129 3059/1247/1129 3058/1245/1129
f 1445/1224/1130 1444/1223/1130 3060/1249/1130 3059/1247/1130
f 1444/1223/1131 936/1222/1131 1416/1287/1131 3060/1249/1131
f 3060/1249/1132 1416/1287/1132 1417/1288/1132 3067/1250/1132
f 3067/1250/1133 1417/1288/1133 1418/1289/1133 3074/1257/1133
f 3074/1257/1134 1418/1289/1134 1419/1290/1134 3081/1264/1134
f 3081/1264/1135 1419/1290/1135 1420/1291/1135 3088/1271/1135
f 3088/1271/1136 1420/1291/1136 1421/1292/1136 3095/1278/1136
f 3095/1278/1137 1421/1292/1137 1422/1293/1137 3102/1285/1137
f 3102/1285/1138 1422/1293/1138 932/1294/1138 1352/1295/1138
f 3101/1284/1139 3102/1285/1139 1352/1295/1139 1351/1296/1139
f 3100/1283/1140 3101/1284/1140 1351/1296/1140 1350/1297/1140
f 3099/1282/1141 3100/1283/1141 1350/1297/1141 1349/1298/1141
f 3098/1281/1142 3099/1282/1142 1349/1298/1142 1348/1299/1142
f 3097/1279/1143 3098/1281/1143 1348/1299/1143 1347/1300/1143
f 3096/1280/1144 3097/1279/1144 1347/1300/1144 1346/1301/1144
f 1457/1302/1814 3096/1280/1814 1346/1301/1814 939/1303/1814
f 1456/1304/1146 3089/1273/1146 3096/1280/1146 1457/1302/1146
f 1455/1305/1147 3082/1266/1147 3089/1273/1147 1456/1304/1147
f 1454/1306/1148 3075/1259/1148 3082/1266/1148 1455/1305/1148
f 1453/1307/1149 3068/1252/1149 3075/1259/1149 1454/1306/1149
f 1452/1308/1150 3061/1240/1150 3068/1252/1150 1453/1307/1150
f 1451/1286/1151 3054/1237/1151 3061/1240/1151 1452/1308/1151
f 3103/1309/1152 3104/1310/1152 3111/1311/1152 3110/1312/1152
f 3104/1310/1153 3105/1313/1153 3112/1314/1153 3111/1311/1153
f 3105/1313/1154 3106/1315/1154 3113/1316/1154 3112/1314/1154
f 3106/1315/1155 3107/1317/1155 3114/1318/1155 3113/1316/1155
f 3107/1317/1156 3108/1319/1156 3115/1320/1156 3114/1318/1156
f 3108/1319/1157 3109/1321/1157 3116/1322/1157 3115/1320/1157
f 3110/1312/1158 3111/1311/1158 3118/1323/1158 3117/1324/1158
f 3111/1311/1159 3112/1314/1159 3119/1325/1159 3118/1323/1159
f 3112/1314/1160 3113/1316/1160 3120/1326/1160 3119/1325/1160
f 3113/1316/1161 3114/1318/1161 3121/1327/1161 3120/1326/1161
f 3114/1318/1162 3115/1320/1162 3122/1328/1162 3121/1327/1162
f 3115/1320/1163 3116/1322/1163 3123/1329/1163 3122/1328/1163
f 3117/1324/1815 3118/1323/1815 3125/1330/1815 3124/1331/1815
f 3118/1323/1165 3119/1325/1165 3126/1332/1165 3125/1330/1165
f 3119/1325/1816 3120/1326/1816 3127/1333/1816 3126/1332/1816
f 3120/1326/1817 3121/1327/1817 3128/1334/1817 3127/1333/1817
f 3121/1327/1168 3122/1328/1168 3129/1335/1168 3128/1334/1168
f 3122/1328/1169 3123/1329/1169 3130/1336/1169 3129/1335/1169
f 3124/1331/1170 3125/1330/1170 3132/1337/1170 3131/1338/1170
f 3125/1330/1171 3126/1332/1171 3133/1339/1171 3132/1337/1171
f 3126/1332/1172 3127/1333/1172 3134/1340/1172 3133/1339/1172
f 3127/1333/1173 3128/1334/1173 3135/1341/1173 3134/1340/1173
f 3128/1334/1174 3129/1335/1174 3136/1342/1174 3135/1341/1174
f 3129/1335/1175 3130/1336/1175 3137/1343/1175 3136/1342/1175
f 3131/1338/1176 3132/1337/1176 3139/1344/1176 3138/1345/1176
f 3132/1337/1177 3133/1339/1177 3140/1346/1177 3139/1344/1177
f 3133/1339/1178 3134/1340/1178 3141/1347/1178 3140/1346/1178
f 3134/1340/1179 3135/1341/1179 3142/1348/1179 3141/1347/1179
f 3135/1341/1180 3136/1342/1180 3143/1349/1180 3142/1348/1180
f 3136/1342/1181 3137/1343/1181 3144/1350/1181 3143/1349/1181
f 3138/1345/1182 3139/1344/1182 3146/1351/1182 3145/1352/1182
f 3139/1344/1183 3140/1346/1183 3147/1353/1183 3146/1351/1183
f 3140/1346/1184 3141/1347/1184 3148/1354/1184 3147/1353/1184
f 3141/1347/1185 3142/1348/1185 3149/1355/1185 3148/1354/1185
f 3142/1348/1186 3143/1349/1186 3150/1356/1186 3149/1355/1186
f 3143/1349/1187 3144/1350/1187 3151/1357/1187 3150/1356/1187
f 933/1358/1188 1373/1359/1188 3103/1309/1188 1339/1360/1188
f 1373/1359/1189 1372/1361/1189 3104/1310/1189 3103/1309/1189
f 1372/1361/1190 1371/1362/1190 3105/1313/1190 3104/1310/1190
f 1371/1362/1191 1370/1363/1191 3106/1315/1191 3105/1313/1191
f 1370/1363/1818 1369/1364/1818 3107/1317/1818 3106/1315/1818
f 1369/1364/1193 1368/1365/1193 3108/1319/1193 3107/1317/1193
f 1368/1365/1194 1367/1366/1194 3109/1321/1194 3108/1319/1194
f 1367/1366/1195 937/1367/1195 1394/1368/1195 3109/1321/1195
f 3109/1321/1196 1394/1368/1196 1393/1369/1196 3116/1322/1196
f 3116/1322/1819 1393/1369/1819 1392/1370/1819 3123/1329/1819
f 3123/1329/1198 1392/1370/1198 1391/1371/1198 3130/1336/1198
f 3130/1336/1199 1391/1371/1199 1390/1372/1199 3137/1343/1199
f 3137/1343/1200 1390/1372/1200 1389/1373/1200 3144/1350/1200
f 3144/1350/1201 1389/1373/1201 1388/1374/1201 3151/1357/1201
f 3151/1357/1202 1388/1374/1202 935/1375/1202 1415/1376/1202
f 3150/1356/1203 3151/1357/1203 1415/1376/1203 1414/1377/1203
f 3149/1355/1204 3150/1356/1204 1414/1377/1204 1413/1378/1204
f 3148/1354/1205 3149/1355/1205 1413/1378/1205 1412/1379/1205
f 3147/1353/1206 3148/1354/1206 1412/1379/1206 1411/1380/1206
f 3146/1351/1207 3147/1353/1207 1411/1380/1207 1410/1381/1207
f 3145/1352/1208 3146/1351/1208 1410/1381/1208 1409/1382/1208
f 1345/1383/1209 3145/1352/1209 1409/1382/1209 931/1384/1209
f 1344/1385/1210 3138/1345/1210 3145/1352/1210 1345/1383/1210
f 1343/1386/1211 3131/1338/1211 3138/1345/1211 1344/1385/1211
f 1342/1387/1212 3124/1331/1212 3131/1338/1212 1343/1386/1212
f 1341/1388/1213 3117/1324/1213 3124/1331/1213 1342/1387/1213
f 1340/1389/1214 3110/1312/1214 3117/1324/1214 1341/1388/1214
f 1339/1360/1215 3103/1309/1215 3110/1312/1215 1340/1389/1215
f 3152/1390/1216 3153/1391/1216 3160/1392/1216 3159/1393/1216
f 3153/1391/1217 3154/1394/1217 3161/1395/1217 3160/1392/1217
f 3154/1394/1218 3155/1396/1218 3162/1397/1218 3161/1395/1218
f 3155/1396/1219 3156/1398/1219 3163/1399/1219 3162/1397/1219
f 3156/1398/1220 3157/1400/1220 3164/1401/1220 3163/1399/1220
f 3157/1400/1221 3158/1402/1221 3165/1403/1221 3164/1401/1221
f 3159/1393/1222 3160/1392/1222 3167/1404/1222 3166/1405/1222
f 3160/1392/1223 3161/1395/1223 3168/1406/1223 3167/1404/1223
f 3161/1395/1224 3162/1397/1224 3169/1407/1224 3168/1406/1224
f 3162/1397/1225 3163/1399/1225 3170/1408/1225 3169/1407/1225
f 3163/1399/1226 3164/1401/1226 3171/1409/1226 3170/1408/1226
f 3164/1401/1227 3165/1403/1227 3172/1410/1227 3171/1409/1227
f 3166/1405/1228 3167/1404/1228 3174/1411/1228 3173/1412/1228
f 3167/1404/1229 3168/1406/1229 3175/1413/1229 3174/1411/1229
f 3168/1406/1230 3169/1407/1230 3176/1414/1230 3175/1413/1230
f 3169/1407/1820 3170/1408/1820 3177/1415/1820 3176/1414/1820
f 3170/1408/1232 3171/1409/1232 3178/1416/1232 3177/1415/1232
f 3171/1409/1233 3172/1410/1233 3179/1417/1233 3178/1416/1233
f 3173/1412/1234 3174/1411/1234 3181/1418/1234 3180/1419/1234
f 3174/1411/1235 3175/1413/1235 3182/1420/1235 3181/1418/1235
f 3175/1413/1821 3176/1414/1821 3183/1421/1821 3182/1420/1821
f 3176/1414/1237 3177/1415/1237 3184/1422/1237 3183/1421/1237
f 3177/1415/1238 3178/1416/1238 3185/1423/1238 3184/1422/1238
f 3178/1416/1239 3179/1417/1239 3186/1424/1239 3185/1423/1239
f 3180/1419/1240 3181/1418/1240 3188/1425/1240 3187/1426/1240
f 3181/1418/1241 3182/1420/1241 3189/1427/1241 3188/1425/1241
f 3182/1420/1242 3183/1421/1242 3190/1428/1242 3189/1427/1242
f 3183/1421/1243 3184/1422/1243 3191/1429/1243 3190/1428/1243
f 3184/1422/1244 3185/1423/1244 3192/1430/1244 3191/1429/1244
f 3185/1423/1245 3186/1424/1245 3193/1431/1245 3192/1430/1245
f 3187/1426/1246 3188/1425/1246 3195/1432/1246 3194/1433/1246
f 3188/1425/1247 3189/1427/1247 3196/1434/1247 3195/1432/1247
f 3189/1427/1248 3190/1428/1248 3197/1435/1248 3196/1434/1248
f 3190/1428/1249 3191/1429/1249 3198/1436/1249 3197/1435/1249
f 3191/1429/1250 3192/1430/1250 3199/1437/1250 3198/1436/1250
f 3192/1430/1251 3193/1431/1251 3200/1438/1251 3199/1437/1251
f 938/1150/1252 1380/1439/1252 3152/1390/1252 1395/1215/1252
f 1380/1439/1253 1379/1440/1253 3153/1391/1253 3152/1390/1253
f 1379/1440/1254 1378/1441/1254 3154/1394/1254 3153/1391/1254
f 1378/1441/1255 1377/1442/1255 3155/1396/1255 3154/1394/1255
f 1377/1442/1256 1376/1443/1256 3156/1398/1256 3155/1396/1256
f 1376/1443/1257 1375/1444/1257 3157/1400/1257 3156/1398/1257
f 1375/1444/1258 1374/1445/1258 3158/1402/1258 3157/1400/1258
f 1374/1445/1259 934/1446/1259 1359/1447/1259 3158/1402/1259
f 3158/1402/1260 1359/1447/1260 1358/1448/1260 3165/1403/1260
f 3165/1403/1261 1358/1448/1261 1357/1449/1261 3172/1410/1261
f 3172/1410/1262 1357/1449/1262 1356/1450/1262 3179/1417/1262
f 3179/1417/1263 1356/1450/1263 1355/1451/1263 3186/1424/1263
f 3186/1424/1264 1355/1451/1264 1354/1452/1264 3193/1431/1264
f 3193/1431/1265 1354/1452/1265 1353/1453/1265 3200/1438/1265
f 3200/1438/1266 1353/1453/1266 932/1454/1266 1422/1455/1266
f 3199/1437/1267 3200/1438/1267 1422/1455/1267 1421/1456/1267
f 3198/1436/1268 3199/1437/1268 1421/1456/1268 1420/1457/1268
f 3197/1435/1269 3198/1436/1269 1420/1457/1269 1419/1458/1269
f 3196/1434/1270 3197/1435/1270 1419/1458/1270 1418/1459/1270
f 3195/1432/1271 3196/1434/1271 1418/1459/1271 1417/1460/1271
f 3194/1433/1272 3195/1432/1272 1417/1460/1272 1416/1461/1272
f 1401/1221/1273 3194/1433/1273 1416/1461/1273 936/1222/1273
f 1400/1220/1274 3187/1426/1274 3194/1433/1274 1401/1221/1274
f 1399/1219/1275 3180/1419/1275 3187/1426/1275 1400/1220/1275
f 1398/1218/1822 3173/1412/1822 3180/1419/1822 1399/1219/1822
f 1397/1217/1277 3166/1405/1277 3173/1412/1277 1398/1218/1277
f 1396/1216/1278 3159/1393/1278 3166/1405/1278 1397/1217/1278
f 1395/1215/1279 3152/1390/1279 3159/1393/1279 1396/1216/1279
f 3201/1462/1280 3202/1463/1280 3209/1464/1280 3208/1465/1280
f 3202/1463/1281 3203/1466/1281 3210/1467/1281 3209/1464/1281
f 3203/1466/1282 3204/1468/1282 3211/1469/1282 3210/1467/1282
f 3204/1468/1283 3205/1470/1283 3212/1471/1283 3211/1469/1283
f 3205/1470/1284 3206/1472/1284 3213/1473/1284 3212/1471/1284
f 3206/1472/1285 3207/1474/1285 3214/1475/1285 3213/1473/1285
f 3208/1465/1286 3209/1464/1286 3216/1476/1286 3215/1477/1286
f 3209/1464/1287 3210/1467/1287 3217/1478/1287 3216/1476/1287
f 3210/1467/1288 3211/1469/1288 3218/1479/1288 3217/1478/1288
f 3211/1469/1289 3212/1471/1289 3219/1480/1289 3218/1479/1289
f 3212/1471/1290 3213/1473/1290 3220/1481/1290 3219/1480/1290
f 3213/1473/1291 3214/1475/1291 3221/1482/1291 3220/1481/1291
f 3215/1477/1292 3216/1476/1292 3223/1483/1292 3222/1484/1292
f 3216/1476/1293 3217/1478/1293 3224/1485/1293 3223/1483/1293
f 3217/1478/1294 3218/1479/1294 3225/1486/1294 3224/1485/1294
f 3218/1479/1295 3219/1480/1295 3226/1487/1295 3225/1486/1295
f 3219/1480/1296 3220/1481/1296 3227/1488/1296 3226/1487/1296
f 3220/1481/1297 3221/1482/1297 3228/1489/1297 3227/1488/1297
f 3222/1484/1298 3223/1483/1298 3230/1490/1298 3229/1491/1298
f 3223/1483/1299 3224/1485/1299 3231/1492/1299 3230/1490/1299
f 3224/1485/1300 3225/1486/1300 3232/1493/1300 3231/1492/1300
f 3225/1486/1301 3226/1487/1301 3233/1494/1301 3232/1493/1301
f 3226/1487/1302 3227/1488/1302 3234/1495/1302 3233/1494/1302
f 3227/1488/1303 3228/1489/1303 3235/1496/1303 3234/1495/1303
f 3229/1491/1304 3230/1490/1304 3237/1497/1304 3236/1498/1304
f 3230/1490/1305 3231/1492/1305 3238/1499/1305 3237/1497/1305
f 3231/1492/1306 3232/1493/1306 3239/1500/1306 3238/1499/1306
f 3232/1493/1307 3233/1494/1307 3240/1501/1307 3239/1500/1307
f 3233/1494/1308 3234/1495/1308 3241/1502/1308 3240/1501/1308
f 3234/1495/1309 3235/1496/1309 3242/1503/1309 3241/1502/1309
f 3236/1498/1310 3237/1497/1310 3244/1504/1310 3243/1505/1310
f 3237/1497/1311 3238/1499/1311 3245/1506/1311 3244/1504/1311
f 3238/1499/1312 3239/1500/1312 3246/1507/1312 3245/1506/1312
f 3239/1500/1313 3240/1501/1313 3247/1508/1313 3246/1507/1313
f 3240/1501/1314 3241/1502/1314 3248/1509/1314 3247/1508/1314
f 3241/1502/1315 3242/1503/1315 3249/1510/1315 3248/1509/1315
f 945/1511/1316 1499/1512/1316 3201/1462/1316 1528/1513/1316
f 1499/1512/1317 1498/1514/1317 3202/1463/1317 3201/1462/1317
f 1498/1514/1318 1497/1515/1318 3203/1466/1318 3202/1463/1318
f 1497/1515/1319 1496/1516/1319 3204/1468/1319 3203/1466/1319
f 1496/1516/1320 1495/1517/1320 3205/1470/1320 3204/1468/1320
f 1495/1517/1321 1494/1518/1321 3206/1472/1321 3205/1470/1321
f 1494/1518/1322 1493/1519/1322 3207/1474/1322 3206/1472/1322
f 1493/1519/1323 942/1231/1323 1451/1286/1323 3207/1474/1323
f 3207/1474/1324 1451/1286/1324 1452/1308/1324 3214/1475/1324
f 3214/1475/1325 1452/1308/1325 1453/1307/1325 3221/1482/1325
f 3221/1482/1326 1453/1307/1326 1454/1306/1326 3228/1489/1326
f 3228/1489/1327 1454/1306/1327 1455/1305/1327 3235/1496/1327
f 3235/1496/1328 1455/1305/1328 1456/1304/1328 3242/1503/1328
f 3242/1503/1329 1456/1304/1329 1457/1302/1329 3249/1510/1329
f 3249/1510/1330 1457/1302/1330 939/1303/1330 1429/1520/1330
f 3248/1509/1331 3249/1510/1331 1429/1520/1331 1428/1521/1331
f 3247/1508/1332 3248/1509/1332 1428/1521/1332 1427/1522/1332
f 3246/1507/1333 3247/1508/1333 1427/1522/1333 1426/1523/1333
f 3245/1506/1334 3246/1507/1334 1426/1523/1334 1425/1524/1334
f 3244/1504/1823 3245/1506/1823 1425/1524/1823 1424/1525/1823
f 3243/1505/1336 3244/1504/1336 1424/1525/1336 1423/1526/1336
f 1534/1527/1337 3243/1505/1337 1423/1526/1337 946/1528/1337
f 1533/1529/1338 3236/1498/1338 3243/1505/1338 1534/1527/1338
f 1532/1530/1339 3229/1491/1339 3236/1498/1339 1533/1529/1339
f 1531/1531/1340 3222/1484/1340 3229/1491/1340 1532/1530/1340
f 1530/1532/1341 3215/1477/1341 3222/1484/1341 1531/1531/1341
f 1529/1533/1342 3208/1465/1342 3215/1477/1342 1530/1532/1342
f 1528/1513/1343 3201/1462/1343 3208/1465/1343 1529/1533/1343
f 3250/1534/1344 3251/1535/1344 3258/1536/1344 3257/1537/1344
f 3251/1535/1345 3252/1538/1345 3259/1539/1345 3258/1536/1345
f 3252/1538/1801 3253/1540/1801 3260/1541/1801 3259/1539/1801
f 3253/1540/1347 3254/1542/1347 3261/1543/1347 3260/1541/1347
f 3254/1542/1348 3255/1544/1348 3262/1545/1348 3261/1543/1348
f 3255/1544/1349 3256/1546/1349 3263/1547/1349 3262/1545/1349
f 3257/1537/1350 3258/1536/1350 3265/1548/1350 3264/1549/1350
f 3258/1536/1351 3259/1539/1351 3266/1550/1351 3265/1548/1351
f 3259/1539/1352 3260/1541/1352 3267/1551/1352 3266/1550/1352
f 3260/1541/1353 3261/1543/1353 3268/1552/1353 3267/1551/1353
f 3261/1543/1354 3262/1545/1354 3269/1553/1354 3268/1552/1354
f 3262/1545/1355 3263/1547/1355 3270/1554/1355 3269/1553/1355
f 3264/1549/1356 3265/1548/1356 3272/1555/1356 3271/1556/1356
f 3265/1548/1357 3266/1550/1357 3273/1557/1357 3272/1555/1357
f 3266/1550/1358 3267/1551/1358 3274/1558/1358 3273/1557/1358
f 3267/1551/1359 3268/1552/1359 3275/1559/1359 3274/1558/1359
f 3268/1552/1360 3269/1553/1360 3276/1560/1360 3275/1559/1360
f 3269/1553/1361 3270/1554/1361 3277/1561/1361 3276/1560/1361
f 3271/1556/1362 3272/1555/1362 3279/1562/1362 3278/1563/1362
f 3272/1555/1363 3273/1557/1363 3280/1564/1363 3279/1562/1363
f 3273/1557/1364 3274/1558/1364 3281/1565/1364 3280/1564/1364
f 3274/1558/1365 3275/1559/1365 3282/1566/1365 3281/1565/1365
f 3275/1559/1366 3276/1560/1366 3283/1567/1366 3282/1566/1366
f 3276/1560/1367 3277/1561/1367 3284/1568/1367 3283/1567/1367
f 3278/1563/1368 3279/1562/1368 3286/1569/1368 3285/1570/1368
f 3279/1562/1369 3280/1564/1369 3287/1571/1369 3286/1569/1369
f 3280/1564/1370 3281/1565/1370 3288/1572/1370 3287/1571/1370
f 3281/1565/1371 3282/1566/1371 3289/1573/1371 3288/1572/1371
f 3282/1566/1372 3283/1567/1372 3290/1574/1372 3289/1573/1372
f 3283/1567/1373 3284/1568/1373 3291/1575/1373 3290/1574/1373
f 3285/1570/1374 3286/1569/1374 3293/1576/1374 3292/1577/1374
f 3286/1569/1375 3287/1571/1375 3294/1578/1375 3293/1576/1375
f 3287/1571/1376 3288/1572/1376 3295/1579/1376 3294/1578/1376
f 3288/1572/1377 3289/1573/1377 3296/1580/1377 3295/1579/1377
f 3289/1573/1378 3290/1574/1378 3297/1581/1378 3296/1580/1378
f 3290/1574/1379 3291/1575/1379 3298/1582/1379 3297/1581/1379
f 944/1583/1380 1492/1584/1380 3250/1534/1380 1521/1585/1380
f 1492/1584/1381 1491/1586/1381 3251/1535/1381 3250/1534/1381
f 1491/1586/1382 1490/1587/1382 3252/1538/1382 3251/1535/1382
f 1490/1587/1383 1489/1588/1383 3253/1540/1383 3252/1538/1383
f 1489/1588/1384 1488/1589/1384 3254/1542/1384 3253/1540/1384
f 1488/1589/1385 1487/1590/1385 3255/1544/1385 3254/1542/1385
f 1487/1590/1386 1486/1591/1386 3256/1546/1386 3255/1544/1386
f 1486/1591/1387 941/1592/1387 1458/1593/1387 3256/1546/1387
f 3256/1546/1388 1458/1593/1388 1459/1236/1388 3263/1547/1388
f 3263/1547/1389 1459/1236/1389 1460/1594/1389 3270/1554/1389
f 3270/1554/1390 1460/1594/1390 1461/1595/1390 3277/1561/1390
f 3277/1561/1391 1461/1595/1391 1462/1233/1391 3284/1568/1391
f 3284/1568/1392 1462/1233/1392 1463/1596/1392 3291/1575/1392
f 3291/1575/1393 1463/1596/1393 1464/1597/1393 3298/1582/1393
f 3298/1582/1394 1464/1597/1394 942/1598/1394 1493/1519/1394
f 3297/1581/1395 3298/1582/1395 1493/1519/1395 1494/1599/1395
f 3296/1580/1396 3297/1581/1396 1494/1599/1396 1495/1600/1396
f 3295/1579/1397 3296/1580/1397 1495/1600/1397 1496/1601/1397
f 3294/1578/1398 3295/1579/1398 1496/1601/1398 1497/1602/1398
f 3293/1576/1399 3294/1578/1399 1497/1602/1399 1498/1603/1399
f 3292/1577/1400 3293/1576/1400 1498/1603/1400 1499/1604/1400
f 1527/1605/1401 3292/1577/1401 1499/1604/1401 945/1606/1401
f 1526/1607/1402 3285/1570/1402 3292/1577/1402 1527/1605/1402
f 1525/1608/1403 3278/1563/1403 3285/1570/1403 1526/1607/1403
f 1524/1609/1404 3271/1556/1404 3278/1563/1404 1525/1608/1404
f 1523/1610/1405 3264/1549/1405 3271/1556/1405 1524/1609/1405
f 1522/1611/1406 3257/1537/1406 3264/1549/1406 1523/1610/1406
f 1521/1585/1407 3250/1534/1407 3257/1537/1407 1522/1611/1407
f 3299/1612/1408 3300/1613/1408 3307/1614/1408 3306/1615/1408
f 3300/1613/1409 3301/1616/1409 3308/1617/1409 3307/1614/1409
f 3301/1616/1410 3302/1618/1410 3309/1619/1410 3308/1617/1410
f 3302/1618/1411 3303/1620/1411 3310/1621/1411 3309/1619/1411
f 3303/1620/1412 3304/1622/1412 3311/1623/1412 3310/1621/1412
f 3304/1622/1413 3305/1624/1413 3312/1625/1413 3311/1623/1413
f 3306/1615/1414 3307/1614/1414 3314/1626/1414 3313/1627/1414
f 3307/1614/1415 3308/1617/1415 3315/1628/1415 3314/1626/1415
f 3308/1617/1416 3309/1619/1416 3316/1629/1416 3315/1628/1416
f 3309/1619/1417 3310/1621/1417 3317/1630/1417 3316/1629/1417
f 3310/1621/1418 3311/1623/1418 3318/1631/1418 3317/1630/1418
f 3311/1623/1419 3312/1625/1419 3319/1632/1419 3318/1631/1419
f 3313/1627/1420 3314/1626/1420 3321/1633/1420 3320/1634/1420
f 3314/1626/1421 3315/1628/1421 3322/1635/1421 3321/1633/1421
f 3315/1628/1422 3316/1629/1422 3323/1636/1422 3322/1635/1422
f 3316/1629/1423 3317/1630/1423 3324/1637/1423 3323/1636/1423
f 3317/1630/1424 3318/1631/1424 3325/1638/1424 3324/1637/1424
f 3318/1631/1425 3319/1632/1425 3326/1639/1425 3325/1638/1425
f 3320/1634/1426 3321/1633/1426 3328/1640/1426 3327/1641/1426
f 3321/1633/1427 3322/1635/1427 3329/1642/1427 3328/1640/1427
f 3322/1635/1428 3323/1636/1428 3330/1643/1428 3329/1642/1428
f 3323/1636/1429 3324/1637/1429 3331/1644/1429 3330/1643/1429
f 3324/1637/1430 3325/1638/1430 3332/1645/1430 3331/1644/1430
f 3325/1638/1431 3326/1639/1431 3333/1646/1431 3332/1645/1431
f 3327/1641/1432 3328/1640/1432 3335/1647/1432 3334/1648/1432
f 3328/1640/1433 3329/1642/1433 3336/1649/1433 3335/1647/1433
f 3329/1642/1434 3330/1643/1434 3337/1650/1434 3336/1649/1434
f 3330/1643/1435 3331/1644/1435 3338/1651/1435 3337/1650/1435
f 3331/1644/1436 3332/1645/1436 3339/1652/1436 3338/1651/1436
f 3332/1645/1437 3333/1646/1437 3340/1653/1437 3339/1652/1437
f 3334/1648/1438 3335/1647/1438 3342/1654/1438 3341/1655/1438
f 3335/1647/1439 3336/1649/1439 3343/1656/1439 3342/1654/1439
f 3336/1649/1440 3337/1650/1440 3344/1657/1440 3343/1656/1440
f 3337/1650/1441 3338/1651/1441 3345/1658/1441 3344/1657/1441
f 3338/1651/1442 3339/1652/1442 3346/1659/1442 3345/1658/1442
f 3339/1652/1443 3340/1653/1443 3347/1660/1443 3346/1659/1443
f 943/1661/1444 1485/1662/1444 3299/1612/1444 1514/1663/1444
f 1485/1662/1445 1484/1664/1445 3300/1613/1445 3299/1612/1445
f 1484/1664/1446 1483/1665/1446 3301/1616/1446 3300/1613/1446
f 1483/1665/1447 1482/1666/1447 3302/1618/1447 3301/1616/1447
f 1482/1666/1448 1481/1667/1448 3303/1620/1448 3302/1618/1448
f 1481/1667/1449 1480/1668/1449 3304/1622/1449 3303/1620/1449
f 1480/1668/1450 1479/1669/1450 3305/1624/1450 3304/1622/1450
f 1479/1669/1451 940/1670/1451 1465/1671/1451 3305/1624/1451
f 3305/1624/1452 1465/1671/1452 1466/1672/1452 3312/1625/1452
f 3312/1625/1453 1466/1672/1453 1467/1673/1453 3319/1632/1453
f 3319/1632/1454 1467/1673/1454 1468/1674/1454 3326/1639/1454
f 3326/1639/1455 1468/1674/1455 1469/1675/1455 3333/1646/1455
f 3333/1646/1456 1469/1675/1456 1470/1676/1456 3340/1653/1456
f 3340/1653/1457 1470/1676/1457 1471/1677/1457 3347/1660/1457
f 3347/1660/1458 1471/1677/1458 941/1592/1458 1486/1591/1458
f 3346/1659/1459 3347/1660/1459 1486/1591/1459 1487/1590/1459
f 3345/1658/1460 3346/1659/1460 1487/1590/1460 1488/1589/1460
f 3344/1657/1461 3345/1658/1461 1488/1589/1461 1489/1588/1461
f 3343/1656/1462 3344/1657/1462 1489/1588/1462 1490/1587/1462
f 3342/1654/1463 3343/1656/1463 1490/1587/1463 1491/1586/1463
f 3341/1655/1464 3342/1654/1464 1491/1586/1464 1492/1584/1464
f 1520/1678/1465 3341/1655/1465 1492/1584/1465 944/1583/1465
f 1519/1679/1466 3334/1648/1466 3341/1655/1466 1520/1678/1466
f 1518/1680/1467 3327/1641/1467 3334/1648/1467 1519/1679/1467
f 1517/1681/1468 3320/1634/1468 3327/1641/1468 1518/1680/1468
f 1516/1682/1469 3313/1627/1469 3320/1634/1469 1517/1681/1469
f 1515/1683/1470 3306/1615/1470 3313/1627/1470 1516/1682/1470
f 1514/1663/1471 3299/1612/1471 3306/1615/1471 1515/1683/1471
f 3348/1684/1472 3349/1685/1472 3356/1686/1472 3355/1687/1472
f 3349/1685/1473 3350/1688/1473 3357/1689/1473 3356/1686/1473
f 3350/1688/1474 3351/1690/1474 3358/1691/1474 3357/1689/1474
f 3351/1690/1475 3352/1692/1475 3359/1693/1475 3358/1691/1475
f 3352/1692/1476 3353/1694/1476 3360/1695/1476 3359/1693/1476
f 3353/1694/1477 3354/1696/1477 3361/1697/1477 3360/1695/1477
f 3355/1687/1478 3356/1686/1478 3363/1698/1478 3362/1699/1478
f 3356/1686/1479 3357/1689/1479 3364/1700/1479 3363/1698/1479
f 3357/1689/1480 3358/1691/1480 3365/1701/1480 3364/1700/1480
f 3358/1691/1481 3359/1693/1481 3366/1702/1481 3365/1701/1481
f 3359/1693/1482 3360/1695/1482 3367/1703/1482 3366/1702/1482
f 3360/1695/1483 3361/1697/1483 3368/1704/1483 3367/1703/1483
f 3362/1699/1484 3363/1698/1484 3370/1705/1484 3369/1706/1484
f 3363/1698/1485 3364/1700/1485 3371/1707/1485 3370/1705/1485
f 3364/1700/1486 3365/1701/1486 3372/1708/1486 3371/1707/1486
f 3365/1701/1487 3366/1702/1487 3373/1709/1487 3372/1708/1487
f 3366/1702/1488 3367/1703/1488 3374/1710/1488 3373/1709/1488
f 3367/1703/1489 3368/1704/1489 3375/1711/1489 3374/1710/1489
f 3369/1706/1824 3370/1705/1824 3377/1712/1824 3376/1713/1824
f 3370/1705/1491 3371/1707/1491 3378/1714/1491 3377/1712/1491
f 3371/1707/1492 3372/1708/1492 3379/1715/1492 3378/1714/1492
f 3372/1708/1493 3373/1709/1493 3380/1716/1493 3379/1715/1493
f 3373/1709/1494 3374/1710/1494 3381/1717/1494 3380/1716/1494
f 3374/1710/1495 3375/1711/1495 3382/1718/1495 3381/1717/1495
f 3376/1713/1496 3377/1712/1496 3384/1719/1496 3383/1720/1496
f 3377/1712/1497 3378/1714/1497 3385/1721/1497 3384/1719/1497
f 3378/1714/1498 3379/1715/1498 3386/1722/1498 3385/1721/1498
f 3379/1715/1499 3380/1716/1499 3387/1723/1499 3386/1722/1499
f 3380/1716/1500 3381/1717/1500 3388/1724/1500 3387/1723/1500
f 3381/1717/1501 3382/1718/1501 3389/1725/1501 3388/1724/1501
f 3383/1720/1502 3384/1719/1502 3391/1726/1502 3390/1727/1502
f 3384/1719/1503 3385/1721/1503 3392/1728/1503 3391/1726/1503
f 3385/1721/1504 3386/1722/1504 3393/1729/1504 3392/1728/1504
f 3386/1722/1505 3387/1723/1505 3394/1730/1505 3393/1729/1505
f 3387/1723/1506 3388/1724/1506 3395/1731/1506 3394/1730/1506
f 3388/1724/1507 3389/1725/1507 3396/1732/1507 3395/1731/1507
f 946/1733/1508 1423/1734/1508 3348/1684/1508 1507/1735/1508
f 1423/1734/1509 1424/1736/1509 3349/1685/1509 3348/1684/1509
f 1424/1736/1510 1425/1737/1510 3350/1688/1510 3349/1685/1510
f 1425/1737/1511 1426/1738/1511 3351/1690/1511 3350/1688/1511
f 1426/1738/1512 1427/1739/1512 3352/1692/1512 3351/1690/1512
f 1427/1739/1513 1428/1740/1513 3353/1694/1513 3352/1692/1513
f 1428/1740/1514 1429/1741/1514 3354/1696/1514 3353/1694/1514
f 1429/1741/1515 939/1061/1515 1472/1063/1515 3354/1696/1515
f 3354/1696/1516 1472/1063/1516 1473/1092/1516 3361/1697/1516
f 3361/1697/1517 1473/1092/1517 1474/1091/1517 3368/1704/1517
f 3368/1704/1518 1474/1091/1518 1475/1090/1518 3375/1711/1518
f 3375/1711/1519 1475/1090/1519 1476/1089/1519 3382/1718/1519
f 3382/1718/1520 1476/1089/1520 1477/1088/1520 3389/1725/1520
f 3389/1725/1521 1477/1088/1521 1478/1086/1521 3396/1732/1521
f 3396/1732/1522 1478/1086/1522 940/1087/1522 1479/1669/1522
f 3395/1731/1523 3396/1732/1523 1479/1669/1523 1480/1742/1523
f 3394/1730/1524 3395/1731/1524 1480/1742/1524 1481/1743/1524
f 3393/1729/1525 3394/1730/1525 1481/1743/1525 1482/1744/1525
f 3392/1728/1526 3393/1729/1526 1482/1744/1526 1483/1745/1526
f 3391/1726/1527 3392/1728/1527 1483/1745/1527 1484/1746/1527
f 3390/1727/1528 3391/1726/1528 1484/1746/1528 1485/1747/1528
f 1513/1748/1529 3390/1727/1529 1485/1747/1529 943/1749/1529
f 1512/1750/1530 3383/1720/1530 3390/1727/1530 1513/1748/1530
f 1511/1751/1531 3376/1713/1531 3383/1720/1531 1512/1750/1531
f 1510/1752/1532 3369/1706/1532 3376/1713/1532 1511/1751/1532
f 1509/1753/1533 3362/1699/1533 3369/1706/1533 1510/1752/1533
f 1508/1754/1534 3355/1687/1534 3362/1699/1534 1509/1753/1534
f 1507/1735/1535 3348/1684/1535 3355/1687/1535 1508/1754/1535
f 3397/1755/1536 3398/1756/1536 3405/1757/1536 3404/1758/1536
f 3398/1756/1537 3399/1759/1537 3406/1760/1537 3405/1757/1537
f 3399/1759/1538 3400/1761/1538 3407/1762/1538 3406/1760/1538
f 3400/1761/1539 3401/1763/1539 3408/1764/1539 3407/1762/1539
f 3401/1763/1540 3402/1765/1540 3409/1766/1540 3408/1764/1540
f 3402/1765/1541 3403/1767/1541 3410/1768/1541 3409/1766/1541
f 3404/1758/1542 3405/1757/1542 3412/1769/1542 3411/1770/1542
f 3405/1757/1543 3406/1760/1543 3413/1771/1543 3412/1769/1543
f 3406/1760/1544 3407/1762/1544 3414/1772/1544 3413/1771/1544
f 3407/1762/1545 3408/1764/1545 3415/1773/1545 3414/1772/1545
f 3408/1764/1546 3409/1766/1546 3416/1774/1546 3415/1773/1546
f 3409/1766/1547 3410/1768/1547 3417/1775/1547 3416/1774/1547
f 3411/1770/1548 3412/1769/1548 3419/1776/1548 3418/1777/1548
f 3412/1769/1549 3413/1771/1549 3420/1778/1549 3419/1776/1549
f 3413/1771/1550 3414/1772/1550 3421/1779/1550 3420/1778/1550
f 3414/1772/1551 3415/1773/1551 3422/1780/1551 3421/1779/1551
f 3415/1773/1552 3416/1774/1552 3423/1781/1552 3422/1780/1552
f 3416/1774/1553 3417/1775/1553 3424/1782/1553 3423/1781/1553
f 3418/1777/1554 3419/1776/1554 3426/1783/1554 3425/1784/1554
f 3419/1776/1555 3420/1778/1555 3427/1785/1555 3426/1783/1555
f 3420/1778/1556 3421/1779/1556 3428/1786/1556 3427/1785/1556
f 3421/1779/1807 3422/1780/1807 3429/1787/1807 3428/1786/1807
f 3422/1780/1558 3423/1781/1558 3430/1788/1558 3429/1787/1558
f 3423/1781/1559 3424/1782/1559 3431/1789/1559 3430/1788/1559
f 3425/1784/1560 3426/1783/1560 3433/1790/1560 3432/1791/1560
f 3426/1783/1561 3427/1785/1561 3434/1792/1561 3433/1790/1561
f 3427/1785/1562 3428/1786/1562 3435/1793/1562 3434/1792/1562
f 3428/1786/1563 3429/1787/1563 3436/1794/1563 3435/1793/1563
f 3429/1787/1564 3430/1788/1564 3437/1795/1564 3436/1794/1564
f 3430/1788/1565 3431/1789/1565 3438/1796/1565 3437/1795/1565
f 3432/1791/1566 3433/1790/1566 3440/1797/1566 3439/1798/1566
f 3433/1790/1567 3434/1792/1567 3441/1799/1567 3440/1797/1567
f 3434/1792/1568 3435/1793/1568 3442/1800/1568 3441/1799/1568
f 3435/1793/1569 3436/1794/1569 3443/1801/1569 3442/1800/1569
f 3436/1794/1570 3437/1795/1570 3444/1802/1570 3443/1801/1570
f 3437/1795/1571 3438/1796/1571 3445/1803/1571 3444/1802/1571
f 931/1804/1572 1500/1805/1572 3397/1755/1572 1345/1806/1572
f 1500/1805/1573 1501/1807/1573 3398/1756/1573 3397/1755/1573
f 1501/1807/1574 1502/1808/1574 3399/1759/1574 3398/1756/1574
f 1502/1808/1575 1503/1809/1575 3400/1761/1575 3399/1759/1575
f 1503/1809/1576 1504/1810/1576 3401/1763/1576 3400/1761/1576
f 1504/1810/1577 1505/1811/1577 3402/1765/1577 3401/1763/1577
f 1505/1811/1578 1506/1812/1578 3403/1767/1578 3402/1765/1578
f 1506/1812/1579 946/1733/1579 1507/1735/1579 3403/1767/1579
f 3403/1767/1580 1507/1735/1580 1508/1754/1580 3410/1768/1580
f 3410/1768/1581 1508/1754/1581 1509/1753/1581 3417/1775/1581
f 3417/1775/1582 1509/1753/1582 1510/1752/1582 3424/1782/1582
f 3424/1782/1583 1510/1752/1583 1511/1751/1583 3431/1789/1583
f 3431/1789/1584 1511/1751/1584 1512/1750/1584 3438/1796/1584
f 3438/1796/1585 1512/1750/1585 1513/1748/1585 3445/1803/1585
f 3445/1803/1586 1513/1748/1586 943/1749/1586 1360/1813/1586
f 3444/1802/1587 3445/1803/1587 1360/1813/1587 1361/1814/1587
f 3443/1801/1588 3444/1802/1588 1361/1814/1588 1362/1815/1588
f 3442/1800/1589 3443/1801/1589 1362/1815/1589 1363/1816/1589
f 3441/1799/1590 3442/1800/1590 1363/1816/1590 1364/1817/1590
f 3440/1797/1591 3441/1799/1591 1364/1817/1591 1365/1818/1591
f 3439/1798/1592 3440/1797/1592 1365/1818/1592 1366/1819/1592
f 1339/1820/1593 3439/1798/1593 1366/1819/1593 933/1821/1593
f 1340/1822/1594 3432/1791/1594 3439/1798/1594 1339/1820/1594
f 1341/1823/1595 3425/1784/1595 3432/1791/1595 1340/1822/1595
f 1342/1824/1596 3418/1777/1596 3425/1784/1596 1341/1823/1596
f 1343/1825/1597 3411/1770/1597 3418/1777/1597 1342/1824/1597
f 1344/1826/1598 3404/1758/1598 3411/1770/1598 1343/1825/1598
f 1345/1806/1599 3397/1755/1599 3404/1758/1599 1344/1826/1599
f 3446/1827/1600 3447/1828/1600 3454/1829/1600 3453/1830/1600
f 3447/1828/1601 3448/1831/1601 3455/1832/1601 3454/1829/1601
f 3448/1831/1602 3449/1833/1602 3456/1834/1602 3455/1832/1602
f 3449/1833/1603 3450/1835/1603 3457/1836/1603 3456/1834/1603
f 3450/1835/1604 3451/1837/1604 3458/1838/1604 3457/1836/1604
f 3451/1837/1605 3452/1839/1605 3459/1840/1605 3458/1838/1605
f 3453/1830/1606 3454/1829/1606 3461/1841/1606 3460/1842/1606
f 3454/1829/1607 3455/1832/1607 3462/1843/1607 3461/1841/1607
f 3455/1832/1608 3456/1834/1608 3463/1844/1608 3462/1843/1608
f 3456/1834/1609 3457/1836/1609 3464/1845/1609 3463/1844/1609
f 3457/1836/1610 3458/1838/1610 3465/1846/1610 3464/1845/1610
f 3458/1838/1611 3459/1840/1611 3466/1847/1611 3465/1846/1611
f 3460/1842/1612 3461/1841/1612 3468/1848/1612 3467/1849/1612
f 3461/1841/1613 3462/1843/1613 3469/1850/1613 3468/1848/1613
f 3462/1843/1614 3463/1844/1614 3470/1851/1614 3469/1850/1614
f 3463/1844/1615 3464/1845/1615 3471/1852/1615 3470/1851/1615
f 3464/1845/1616 3465/1846/1616 3472/1853/1616 3471/1852/1616
f 3465/1846/1617 3466/1847/1617 3473/1854/1617 3472/1853/1617
f 3467/1849/1825 3468/1848/1825 3475/1855/1825 3474/1856/1825
f 3468/1848/1619 3469/1850/1619 3476/1857/1619 3475/1855/1619
f 3469/1850/1620 3470/1851/1620 3477/1858/1620 3476/1857/1620
f 3470/1851/1621 3471/1852/1621 3478/1859/1621 3477/1858/1621
f 3471/1852/1622 3472/1853/1622 3479/1860/1622 3478/1859/1622
f 3472/1853/1623 3473/1854/1623 3480/1861/1623 3479/1860/1623
f 3474/1856/1624 3475/1855/1624 3482/1862/1624 3481/1863/1624
f 3475/1855/1625 3476/1857/1625 3483/1864/1625 3482/1862/1625
f 3476/1857/1626 3477/1858/1626 3484/1865/1626 3483/1864/1626
f 3477/1858/1627 3478/1859/1627 3485/1866/1627 3484/1865/1627
f 3478/1859/1628 3479/1860/1628 3486/1867/1628 3485/1866/1628
f 3479/1860/1629 3480/1861/1629 3487/1868/1629 3486/1867/1629
f 3481/1863/1630 3482/1862/1630 3489/1869/1630 3488/1870/1630
f 3482/1862/1631 3483/1864/1631 3490/1871/1631 3489/1869/1631
f 3483/1864/1632 3484/1865/1632 3491/1872/1632 3490/1871/1632
f 3484/1865/1633 3485/1866/1633 3492/1873/1633 3491/1872/1633
f 3485/1866/1634 3486/1867/1634 3493/1874/1634 3492/1873/1634
f 3486/1867/1635 3487/1868/1635 3494/1875/1635 3493/1874/1635
f 933/1821/1636 1366/1819/1636 3446/1827/1636 1373/1876/1636
f 1366/1819/1637 1365/1818/1637 3447/1828/1637 3446/1827/1637
f 1365/1818/1638 1364/1817/1638 3448/1831/1638 3447/1828/1638
f 1364/1817/1639 1363/1816/1639 3449/1833/1639 3448/1831/1639
f 1363/1816/1640 1362/1815/1640 3450/1835/1640 3449/1833/1640
f 1362/1815/1641 1361/1814/1641 3451/1837/1641 3450/1835/1641
f 1361/1814/1642 1360/1813/1642 3452/1839/1642 3451/1837/1642
f 1360/1813/1643 943/1749/1643 1514/1877/1643 3452/1839/1643
f 3452/1839/1644 1514/1877/1644 1515/1878/1644 3459/1840/1644
f 3459/1840/1645 1515/1878/1645 1516/1879/1645 3466/1847/1645
f 3466/1847/1646 1516/1879/1646 1517/1880/1646 3473/1854/1646
f 3473/1854/1647 1517/1880/1647 1518/1881/1647 3480/1861/1647
f 3480/1861/1648 1518/1881/1648 1519/1882/1648 3487/1868/1648
f 3487/1868/1649 1519/1882/1649 1520/1678/1649 3494/1875/1649
f 3494/1875/1650 1520/1678/1650 944/1883/1650 1381/1884/1650
f 3493/1874/1651 3494/1875/1651 1381/1884/1651 1382/1885/1651
f 3492/1873/1652 3493/1874/1652 1382/1885/1652 1383/1886/1652
f 3491/1872/1653 3492/1873/1653 1383/1886/1653 1384/1887/1653
f 3490/1871/1654 3491/1872/1654 1384/1887/1654 1385/1888/1654
f 3489/1869/1655 3490/1871/1655 1385/1888/1655 1386/1889/1655
f 3488/1870/1656 3489/1869/1656 1386/1889/1656 1387/1890/1656
f 1367/1891/1657 3488/1870/1657 1387/1890/1657 937/1367/1657
f 1368/1892/1658 3481/1863/1658 3488/1870/1658 1367/1891/1658
f 1369/1893/1826 3474/1856/1826 3481/1863/1826 1368/1892/1826
f 1370/1894/1660 3467/1849/1660 3474/1856/1660 1369/1893/1660
f 1371/1895/1661 3460/1842/1661 3467/1849/1661 1370/1894/1661
f 1372/1896/1662 3453/1830/1662 3460/1842/1662 1371/1895/1662
f 1373/1876/1663 3446/1827/1663 3453/1830/1663 1372/1896/1663
f 3495/1897/1664 3496/1898/1664 3503/1899/1664 3502/1900/1664
f 3496/1898/1665 3497/1901/1665 3504/1902/1665 3503/1899/1665
f 3497/1901/1666 3498/1903/1666 3505/1904/1666 3504/1902/1666
f 3498/1903/1667 3499/1905/1667 3506/1906/1667 3505/1904/1667
f 3499/1905/1668 3500/1907/1668 3507/1908/1668 3506/1906/1668
f 3500/1907/1808 3501/1909/1808 3508/1910/1808 3507/1908/1808
f 3502/1900/1670 3503/1899/1670 3510/1911/1670 3509/1912/1670
f 3503/1899/1671 3504/1902/1671 3511/1913/1671 3510/1911/1671
f 3504/1902/1672 3505/1904/1672 3512/1914/1672 3511/1913/1672
f 3505/1904/1673 3506/1906/1673 3513/1915/1673 3512/1914/1673
f 3506/1906/1674 3507/1908/1674 3514/1916/1674 3513/1915/1674
f 3507/1908/1675 3508/1910/1675 3515/1917/1675 3514/1916/1675
f 3509/1912/1676 3510/1911/1676 3517/1918/1676 3516/1919/1676
f 3510/1911/1677 3511/1913/1677 3518/1920/1677 3517/1918/1677
f 3511/1913/1678 3512/1914/1678 3519/1921/1678 3518/1920/1678
f 3512/1914/1679 3513/1915/1679 3520/1922/1679 3519/1921/1679
f 3513/1915/1680 3514/1916/1680 3521/1923/1680 3520/1922/1680
f 3514/1916/1681 3515/1917/1681 3522/1924/1681 3521/1923/1681
f 3516/1919/1682 3517/1918/1682 3524/1925/1682 3523/1926/1682
f 3517/1918/1683 3518/1920/1683 3525/1927/1683 3524/1925/1683
f 3518/1920/1684 3519/1921/1684 3526/1928/1684 3525/1927/1684
f 3519/1921/1685 3520/1922/1685 3527/1929/1685 3526/1928/1685
f 3520/1922/1686 3521/1923/1686 3528/1930/1686 3527/1929/1686
f 3521/1923/1687 3522/1924/1687 3529/1931/1687 3528/1930/1687
f 3523/1926/1688 3524/1925/1688 3531/1932/1688 3530/1933/1688
f 3524/1925/1689 3525/1927/1689 3532/1934/1689 3531/1932/1689
f 3525/1927/1690 3526/1928/1690 3533/1935/1690 3532/1934/1690
f 3526/1928/1691 3527/1929/1691 3534/1936/1691 3533/1935/1691
f 3527/1929/1692 3528/1930/1692 3535/1937/1692 3534/1936/1692
f 3528/1930/1693 3529/1931/1693 3536/1938/1693 3535/1937/1693
f 3530/1933/1694 3531/1932/1694 3538/1939/1694 3537/1940/1694
f 3531/1932/1695 3532/1934/1695 3539/1941/1695 3538/1939/1695
f 3532/1934/1696 3533/1935/1696 3540/1942/1696 3539/1941/1696
f 3533/1935/1697 3534/1936/1697 3541/1943/1697 3540/1942/1697
f 3534/1936/1698 3535/1937/1698 3542/1944/1698 3541/1943/1698
f 3535/1937/1699 3536/1938/1699 3543/1945/1699 3542/1944/1699
f 937/1367/1700 1387/1890/1700 3495/1897/1700 1394/1368/1700
f 1387/1890/1701 1386/1889/1701 3496/1898/1701 3495/1897/1701
f 1386/1889/1702 1385/1888/1702 3497/1901/1702 3496/1898/1702
f 1385/1888/1703 1384/1887/1703 3498/1903/1703 3497/1901/1703
f 1384/1887/1704 1383/1886/1704 3499/1905/1704 3498/1903/1704
f 1383/1886/1705 1382/1885/1705 3500/1907/1705 3499/1905/1705
f 1382/1885/1706 1381/1884/1706 3501/1909/1706 3500/1907/1706
f 1381/1884/1707 944/1883/1707 1521/1946/1707 3501/1909/1707
f 3501/1909/1708 1521/1946/1708 1522/1611/1708 3508/1910/1708
f 3508/1910/1709 1522/1611/1709 1523/1947/1709 3515/1917/1709
f 3515/1917/1710 1523/1947/1710 1524/1948/1710 3522/1924/1710
f 3522/1924/1711 1524/1948/1711 1525/1949/1711 3529/1931/1711
f 3529/1931/1712 1525/1949/1712 1526/1950/1712 3536/1938/1712
f 3536/1938/1713 1526/1950/1713 1527/1951/1713 3543/1945/1713
f 3543/1945/1714 1527/1951/1714 945/1511/1714 1402/1952/1714
f 3542/1944/1715 3543/1945/1715 1402/1952/1715 1403/1953/1715
f 3541/1943/1716 3542/1944/1716 1403/1953/1716 1404/1954/1716
f 3540/1942/1717 3541/1943/1717 1404/1954/1717 1405/1955/1717
f 3539/1941/1718 3540/1942/1718 1405/1955/1718 1406/1956/1718
f 3538/1939/1719 3539/1941/1719 1406/1956/1719 1407/1957/1719
f 3537/1940/1720 3538/1939/1720 1407/1957/1720 1408/1958/1720
f 1388/1374/1721 3537/1940/1721 1408/1958/1721 935/1375/1721
f 1389/1373/1722 3530/1933/1722 3537/1940/1722 1388/1374/1722
f 1390/1372/1723 3523/1926/1723 3530/1933/1723 1389/1373/1723
f 1391/1371/1724 3516/1919/1724 3523/1926/1724 1390/1372/1724
f 1392/1370/1725 3509/1912/1725 3516/1919/1725 1391/1371/1725
f 1393/1369/1726 3502/1900/1726 3509/1912/1726 1392/1370/1726
f 1394/1368/1727 3495/1897/1727 3502/1900/1727 1393/1369/1727
f 3544/1959/1728 3545/1960/1728 3552/1961/1728 3551/1962/1728
f 3545/1960/1729 3546/1963/1729 3553/1964/1729 3552/1961/1729
f 3546/1963/1730 3547/1965/1730 3554/1966/1730 3553/1964/1730
f 3547/1965/1731 3548/1967/1731 3555/1968/1731 3554/1966/1731
f 3548/1967/1732 3549/1969/1732 3556/1970/1732 3555/1968/1732
f 3549/1969/1733 3550/1971/1733 3557/1972/1733 3556/1970/1733
f 3551/1962/1734 3552/1961/1734 3559/1973/1734 3558/1974/1734
f 3552/1961/1735 3553/1964/1735 3560/1975/1735 3559/1973/1735
f 3553/1964/1736 3554/1966/1736 3561/1976/1736 3560/1975/1736
f 3554/1966/1737 3555/1968/1737 3562/1977/1737 3561/1976/1737
f 3555/1968/1738 3556/1970/1738 3563/1978/1738 3562/1977/1738
f 3556/1970/1739 3557/1972/1739 3564/1979/1739 3563/1978/1739
f 3558/1974/1740 3559/1973/1740 3566/1980/1740 3565/1981/1740
f 3559/1973/1741 3560/1975/1741 3567/1982/1741 3566/1980/1741
f 3560/1975/1742 3561/1976/1742 3568/1983/1742 3567/1982/1742
f 3561/1976/1743 3562/1977/1743 3569/1984/1743 3568/1983/1743
f 3562/1977/1744 3563/1978/1744 3570/1985/1744 3569/1984/1744
f 3563/1978/1745 3564/1979/1745 3571/1986/1745 3570/1985/1745
f 3565/1981/1746 3566/1980/1746 3573/1987/1746 3572/1988/1746
f 3566/1980/1747 3567/1982/1747 3574/1989/1747 3573/1987/1747
f 3567/1982/1748 3568/1983/1748 3575/1990/1748 3574/1989/1748
f 3568/1983/1749 3569/1984/1749 3576/1991/1749 3575/1990/1749
f 3569/1984/1750 3570/1985/1750 3577/1992/1750 3576/1991/1750
f 3570/1985/1751 3571/1986/1751 3578/1993/1751 3577/1992/1751
f 3572/1988/1752 3573/1987/1752 3580/1994/1752 3579/1995/1752
f 3573/1987/1753 3574/1989/1753 3581/1996/1753 3580/1994/1753
f 3574/1989/1754 3575/1990/1754 3582/1997/1754 3581/1996/1754
f 3575/1990/1755 3576/1991/1755 3583/1998/1755 3582/1997/1755
f 3576/1991/1756 3577/1992/1756 3584/1999/1756 3583/1998/1756
f 3577/1992/1757 3578/1993/1757 3585/2000/1757 3584/1999/1757
f 3579/1995/1758 3580/1994/1758 3587/2001/1758 3586/2002/1758
f 3580/1994/1759 3581/1996/1759 3588/2003/1759 3587/2001/1759
f 3581/1996/1760 3582/1997/1760 3589/2004/1760 3588/2003/1760
f 3582/1997/1761 3583/1998/1761 3590/2005/1761 3589/2004/1761
f 3583/1998/1762 3584/1999/1762 3591/2006/1762 3590/2005/1762
f 3584/1999/1763 3585/2000/1763 3592/2007/1763 3591/2006/1763
f 935/1375/1764 1408/1958/1764 3544/1959/1764 1415/2008/1764
f 1408/1958/1765 1407/1957/1765 3545/1960/1765 3544/1959/1765
f 1407/1957/1766 1406/1956/1766 3546/1963/1766 3545/1960/1766
f 1406/1956/1767 1405/1955/1767 3547/1965/1767 3546/1963/1767
f 1405/1955/1768 1404/1954/1768 3548/1967/1768 3547/1965/1768
f 1404/1954/1769 1403/1953/1769 3549/1969/1769 3548/1967/1769
f 1403/1953/1770 1402/1952/1770 3550/1971/1770 3549/1969/1770
f 1402/1952/1771 945/1511/1771 1528/1513/1771 3550/1971/1771
f 3550/1971/1772 1528/1513/1772 1529/1533/1772 3557/1972/1772
f 3557/1972/1773 1529/1533/1773 1530/1532/1773 3564/1979/1773
f 3564/1979/1774 1530/1532/1774 1531/1531/1774 3571/1986/1774
f 3571/1986/1775 1531/1531/1775 1532/1530/1775 3578/1993/1775
f 3578/1993/1776 1532/1530/1776 1533/1529/1776 3585/2000/1776
f 3585/2000/1777 1533/1529/1777 1534/1527/1777 3592/2007/1777
f 3592/2007/1778 1534/1527/1778 946/1528/1778 1506/2009/1778
f 3591/2006/1779 3592/2007/1779 1506/2009/1779 1505/2010/1779
f 3590/2005/1780 3591/2006/1780 1505/2010/1780 1504/2011/1780
f 3589/2004/1781 3590/2005/1781 1504/2011/1781 1503/2012/1781
f 3588/2003/1782 3589/2004/1782 1503/2012/1782 1502/2013/1782
f 3587/2001/1783 3588/2003/1783 1502/2013/1783 1501/2014/1783
f 3586/2002/1784 3587/2001/1784 1501/2014/1784 1500/2015/1784
f 1409/2016/1785 3586/2002/1785 1500/2015/1785 931/2017/1785
f 1410/2018/1786 3579/1995/1786 3586/2002/1786 1409/2016/1786
f 1411/2019/1787 3572/1988/1787 3579/1995/1787 1410/2018/1787
f 1412/2020/1788 3565/1981/1788 3572/1988/1788 1411/2019/1788
f 1413/2021/1789 3558/1974/1789 3565/1981/1789 1412/2020/1789
f 1414/2022/1790 3551/1962/1790 3558/1974/1790 1413/2021/1790
f 1415/2008/1791 3544/1959/1791 3551/1962/1791 1414/2022/1791
