# Blender 4.5.3 LTS
# www.blender.org
mtllib escalera2.mtl
o Cube
v 3.202550 0.339143 2.357565
v 3.202550 -0.339143 2.357565
v -3.202550 0.339143 2.357565
v -3.202550 -0.339143 2.357565
v 3.202550 0.339143 -2.357565
v 3.202550 -0.339143 -2.357565
v -3.202550 0.339143 -2.357565
v -3.202550 -0.339143 -2.357565
v 3.202550 -0.339143 0.000000
v -3.202550 0.339143 0.000000
v -3.202550 -0.339143 0.000000
v 3.202550 0.339143 0.000000
v 0.000000 -0.339143 -2.357565
v 0.000000 0.339143 2.357565
v 0.000000 0.339143 -2.357565
v 0.000000 -0.339143 2.357565
v 0.000000 -0.339143 0.000000
v -3.202550 -0.339143 1.978782
v 3.202550 0.339143 1.978782
v 3.202550 -0.339143 1.978782
v -3.202550 0.339143 1.978782
v 0.000000 0.339143 1.978782
v 0.000000 -0.339143 1.978782
v 3.202550 -0.339143 -1.978782
v -3.202550 0.339143 -1.978782
v -3.202550 -0.339143 -1.978782
v 3.202550 0.339143 -1.978782
v 0.000000 -0.339143 -1.978782
v 0.000000 0.339143 -1.978782
v 2.801275 0.339143 -2.357565
v 2.801275 -0.339143 2.357565
v 2.801275 -0.339143 -2.357565
v 2.801275 0.339143 2.357565
v 2.801275 -0.339143 0.000000
v 2.801275 0.339143 0.000000
v 2.801275 -0.339143 1.978782
v 2.801275 0.339143 1.978782
v 2.801275 0.339143 -1.978782
v 2.801275 -0.339143 -1.978782
v -2.801275 -0.339143 -2.357565
v -2.801275 0.339143 2.357565
v -2.801275 -0.339143 0.000000
v -2.801275 0.339143 0.000000
v -2.801275 0.339143 -2.357565
v -2.801275 -0.339143 2.357565
v -2.801275 0.339143 1.978782
v -2.801275 -0.339143 1.978782
v -2.801275 -0.339143 -1.978782
v -2.801275 0.339143 -1.978782
v 2.801275 -0.000083 0.000000
v 0.000000 -0.000083 0.000000
v 0.000000 -0.000083 -1.978782
v 0.000000 -0.000083 1.978782
v 2.801275 -0.000083 1.978782
v 2.801275 -0.000083 -1.978782
v -2.801275 -0.000083 0.000000
v -2.801275 -0.000083 1.978782
v -2.801275 -0.000083 -1.978782
vn -0.0000 1.0000 -0.0000
vn -1.0000 -0.0000 -0.0000
vn -0.0000 -0.0000 -1.0000
vn -0.0000 -1.0000 -0.0000
vn -0.0000 -0.0000 1.0000
vn 1.0000 -0.0000 -0.0000
vt 0.812500 0.687500
vt 0.875000 0.687500
vt 0.875000 0.750000
vt 0.812500 0.750000
vt 0.375000 0.937500
vt 0.625000 0.937500
vt 0.625000 1.000000
vt 0.375000 1.000000
vt 0.375000 0.187500
vt 0.625000 0.187500
vt 0.625000 0.250000
vt 0.375000 0.250000
vt 0.312500 0.687500
vt 0.375000 0.687500
vt 0.375000 0.750000
vt 0.312500 0.750000
vt 0.625000 0.687500
vt 0.625000 0.750000
vt 0.375000 0.437500
vt 0.625000 0.437500
vt 0.625000 0.500000
vt 0.375000 0.500000
vt 0.375000 0.312500
vt 0.625000 0.312500
vt 0.625000 0.375000
vt 0.375000 0.375000
vt 0.187500 0.687500
vt 0.250000 0.687500
vt 0.250000 0.750000
vt 0.187500 0.750000
vt 0.375000 0.812500
vt 0.625000 0.812500
vt 0.625000 0.875000
vt 0.375000 0.875000
vt 0.687500 0.687500
vt 0.750000 0.687500
vt 0.750000 0.750000
vt 0.687500 0.750000
vt 0.750000 0.562500
vt 0.812500 0.562500
vt 0.187500 0.562500
vt 0.250000 0.562500
vt 0.250000 0.625000
vt 0.187500 0.625000
vt 0.375000 0.562500
vt 0.625000 0.562500
vt 0.625000 0.625000
vt 0.375000 0.625000
vt 0.312500 0.562500
vt 0.312500 0.625000
vt 0.375000 0.062500
vt 0.625000 0.062500
vt 0.625000 0.125000
vt 0.375000 0.125000
vt 0.875000 0.562500
vt 0.875000 0.625000
vt 0.812500 0.625000
vt 0.687500 0.562500
vt 0.687500 0.625000
vt 0.125000 0.562500
vt 0.125000 0.625000
vt 0.125000 0.687500
vt 0.125000 0.750000
vt 0.125000 0.500000
vt 0.187500 0.500000
vt 0.750000 0.500000
vt 0.812500 0.500000
vt 0.687500 0.500000
vt 0.250000 0.500000
vt 0.312500 0.500000
vt 0.875000 0.500000
vt 0.375000 0.000000
vt 0.625000 0.000000
vt 0.750000 0.625000
s 0
usemtl piso
f 49/1/1 44/2/1 7/3/1 25/4/1
f 26/5/2 25/6/2 7/7/2 8/8/2
f 32/9/3 30/10/3 5/11/3 6/12/3
f 47/13/4 45/14/4 4/15/4 18/16/4
f 45/14/5 41/17/5 3/18/5 4/15/5
f 20/19/6 19/20/6 1/21/6 2/22/6
f 24/23/6 27/24/6 12/25/6 9/26/6
f 48/27/4 42/28/4 11/29/4 26/30/4
f 18/31/2 21/32/2 10/33/2 11/34/2
f 46/35/1 43/36/1 10/37/1 21/38/1
f 35/39/2 38/40/2 55/40/2 50/39/2
f 39/41/4 34/42/4 17/43/4 28/44/4
f 31/45/5 33/46/5 14/47/5 16/48/5
f 36/49/4 31/45/4 16/48/4 23/50/4
f 40/51/3 44/52/3 15/53/3 13/54/3
f 38/40/1 30/55/1 15/56/1 29/57/1
f 34/42/4 36/49/4 23/50/4 17/43/4
f 33/46/1 37/58/1 22/59/1 14/47/1
f 41/17/1 46/35/1 21/38/1 3/18/1
f 4/15/2 3/18/2 21/32/2 18/31/2
f 9/26/6 12/25/6 19/20/6 20/19/6
f 42/28/4 47/13/4 18/16/4 11/29/4
f 43/36/6 46/35/6 57/35/6 56/36/6
f 32/60/4 39/41/4 28/44/4 13/61/4
f 40/62/4 48/27/4 26/30/4 8/63/4
f 6/12/6 5/11/6 27/24/6 24/23/6
f 11/34/2 10/33/2 25/6/2 26/5/2
f 43/36/1 49/1/1 25/4/1 10/37/1
f 6/64/4 24/65/4 39/41/4 32/60/4
f 12/66/1 27/67/1 38/40/1 35/39/1
f 1/21/1 19/68/1 37/58/1 33/46/1
f 9/69/4 20/70/4 36/49/4 34/42/4
f 27/67/1 5/71/1 30/55/1 38/40/1
f 20/70/4 2/22/4 31/45/4 36/49/4
f 2/22/5 1/21/5 33/46/5 31/45/5
f 24/65/4 9/69/4 34/42/4 39/41/4
f 19/68/1 12/66/1 35/39/1 37/58/1
f 13/54/3 15/53/3 30/10/3 32/9/3
f 46/35/3 22/59/3 53/59/3 57/35/3
f 13/61/4 28/44/4 48/27/4 40/62/4
f 17/43/4 23/50/4 47/13/4 42/28/4
f 14/47/1 22/59/1 46/35/1 41/17/1
f 8/72/3 7/73/3 44/52/3 40/51/3
f 49/1/6 43/36/6 56/36/6 58/1/6
f 28/44/4 17/43/4 42/28/4 48/27/4
f 16/48/5 14/47/5 41/17/5 45/14/5
f 23/50/4 16/48/4 45/14/4 47/13/4
f 29/57/1 15/56/1 44/2/1 49/1/1
f 29/57/5 49/1/5 58/1/5 52/57/5
f 37/58/2 35/39/2 50/39/2 54/58/2
f 22/59/3 37/58/3 54/58/3 53/59/3
f 38/40/5 29/57/5 52/57/5 55/40/5
usemtl piso2
f 54/58/1 50/39/1 51/74/1 53/59/1
f 50/39/1 55/40/1 52/57/1 51/74/1
f 51/74/1 52/57/1 58/1/1 56/36/1
f 53/59/1 51/74/1 56/36/1 57/35/1
o Cylinder.001
v 1.467567 1.817792 0.000000
v -1.467567 1.817792 0.000000
v 1.467567 1.813792 0.040622
v -1.467567 1.813791 0.040622
v 1.467567 1.801943 0.079682
v -1.467567 1.801942 0.079682
v 1.467567 1.782701 0.115681
v -1.467567 1.782701 0.115681
v 1.467567 1.756806 0.147234
v -1.467567 1.756806 0.147234
v 1.467567 1.725253 0.173129
v -1.467567 1.725253 0.173129
v 1.467567 1.689255 0.192371
v -1.467567 1.689254 0.192371
v 1.467567 1.650194 0.204219
v -1.467567 1.650194 0.204219
v 1.467567 1.609572 0.208220
v -1.467567 1.609572 0.208220
v 1.467567 1.568950 0.204219
v -1.467567 1.568950 0.204219
v 1.467567 1.529889 0.192371
v -1.467567 1.529889 0.192371
v 1.467567 1.493891 0.173129
v -1.467567 1.493891 0.173129
v 1.467567 1.462338 0.147234
v -1.467567 1.462338 0.147234
v 1.467567 1.436443 0.115681
v -1.467567 1.436443 0.115681
v 1.467567 1.417201 0.079682
v -1.467567 1.417201 0.079682
v 1.467567 1.405352 0.040622
v -1.467567 1.405352 0.040622
v 1.467567 1.401352 0.000000
v -1.467567 1.401351 0.000000
v 1.467567 1.405352 -0.040622
v -1.467567 1.405352 -0.040622
v 1.467567 1.417201 -0.079682
v -1.467567 1.417201 -0.079682
v 1.467567 1.436443 -0.115681
v -1.467567 1.436443 -0.115681
v 1.467567 1.462338 -0.147234
v -1.467567 1.462338 -0.147234
v 1.467567 1.493891 -0.173129
v -1.467567 1.493891 -0.173129
v 1.467567 1.529889 -0.192371
v -1.467567 1.529889 -0.192371
v 1.467567 1.568950 -0.204219
v -1.467567 1.568950 -0.204219
v 1.467567 1.609572 -0.208220
v -1.467567 1.609572 -0.208220
v 1.467567 1.650194 -0.204219
v -1.467567 1.650194 -0.204219
v 1.467567 1.689255 -0.192371
v -1.467567 1.689254 -0.192371
v 1.467567 1.725253 -0.173129
v -1.467567 1.725253 -0.173129
v 1.467567 1.756806 -0.147234
v -1.467567 1.756806 -0.147234
v 1.467567 1.782701 -0.115681
v -1.467567 1.782701 -0.115681
v 1.467567 1.801943 -0.079682
v -1.467567 1.801942 -0.079682
v 1.467567 1.813792 -0.040622
v -1.467567 1.813791 -0.040622
vn -0.0000 0.9952 0.0980
vn -0.0000 0.9569 0.2903
vn -0.0000 0.8819 0.4714
vn -0.0000 0.7730 0.6344
vn -0.0000 0.6344 0.7730
vn -0.0000 0.4714 0.8819
vn -0.0000 0.2903 0.9569
vn -0.0000 0.0980 0.9952
vn -0.0000 -0.0980 0.9952
vn -0.0000 -0.2903 0.9569
vn -0.0000 -0.4714 0.8819
vn -0.0000 -0.6344 0.7730
vn -0.0000 -0.7730 0.6344
vn -0.0000 -0.8819 0.4714
vn -0.0000 -0.9569 0.2903
vn -0.0000 -0.9952 0.0980
vn -0.0000 -0.9952 -0.0980
vn -0.0000 -0.9569 -0.2903
vn -0.0000 -0.8819 -0.4714
vn -0.0000 -0.7730 -0.6344
vn -0.0000 -0.6344 -0.7730
vn -0.0000 -0.4714 -0.8819
vn -0.0000 -0.2903 -0.9569
vn -0.0000 -0.0980 -0.9952
vn -0.0000 0.0980 -0.9952
vn -0.0000 0.2903 -0.9569
vn -0.0000 0.4714 -0.8819
vn -0.0000 0.6344 -0.7730
vn -0.0000 0.7730 -0.6344
vn -0.0000 0.8819 -0.4714
vn -1.0000 -0.0000 -0.0000
vn -0.0000 0.9569 -0.2903
vn -0.0000 0.9952 -0.0980
vn 1.0000 -0.0000 -0.0000
vt 1.000000 0.500000
vt 1.000000 1.000000
vt 0.968750 1.000000
vt 0.968750 0.500000
vt 0.937500 1.000000
vt 0.937500 0.500000
vt 0.906250 1.000000
vt 0.906250 0.500000
vt 0.875000 1.000000
vt 0.875000 0.500000
vt 0.843750 1.000000
vt 0.843750 0.500000
vt 0.812500 1.000000
vt 0.812500 0.500000
vt 0.781250 1.000000
vt 0.781250 0.500000
vt 0.750000 1.000000
vt 0.750000 0.500000
vt 0.718750 1.000000
vt 0.718750 0.500000
vt 0.687500 1.000000
vt 0.687500 0.500000
vt 0.656250 1.000000
vt 0.656250 0.500000
vt 0.625000 1.000000
vt 0.625000 0.500000
vt 0.593750 1.000000
vt 0.593750 0.500000
vt 0.562500 1.000000
vt 0.562500 0.500000
vt 0.531250 1.000000
vt 0.531250 0.500000
vt 0.500000 1.000000
vt 0.500000 0.500000
vt 0.468750 1.000000
vt 0.468750 0.500000
vt 0.437500 1.000000
vt 0.437500 0.500000
vt 0.406250 1.000000
vt 0.406250 0.500000
vt 0.375000 1.000000
vt 0.375000 0.500000
vt 0.343750 1.000000
vt 0.343750 0.500000
vt 0.312500 1.000000
vt 0.312500 0.500000
vt 0.281250 1.000000
vt 0.281250 0.500000
vt 0.250000 1.000000
vt 0.250000 0.500000
vt 0.218750 1.000000
vt 0.218750 0.500000
vt 0.187500 1.000000
vt 0.187500 0.500000
vt 0.156250 1.000000
vt 0.156250 0.500000
vt 0.125000 1.000000
vt 0.125000 0.500000
vt 0.093750 1.000000
vt 0.093750 0.500000
vt 0.062500 1.000000
vt 0.062500 0.500000
vt 0.296822 0.485388
vt 0.250000 0.490000
vt 0.203178 0.485388
vt 0.158156 0.471731
vt 0.116663 0.449553
vt 0.080294 0.419706
vt 0.050447 0.383337
vt 0.028269 0.341844
vt 0.014612 0.296822
vt 0.010000 0.250000
vt 0.014612 0.203178
vt 0.028269 0.158156
vt 0.050447 0.116663
vt 0.080294 0.080294
vt 0.116663 0.050447
vt 0.158156 0.028269
vt 0.203178 0.014612
vt 0.250000 0.010000
vt 0.296822 0.014612
vt 0.341844 0.028269
vt 0.383337 0.050447
vt 0.419706 0.080294
vt 0.449553 0.116663
vt 0.471731 0.158156
vt 0.485388 0.203178
vt 0.490000 0.250000
vt 0.485388 0.296822
vt 0.471731 0.341844
vt 0.449553 0.383337
vt 0.419706 0.419706
vt 0.383337 0.449553
vt 0.341844 0.471731
vt 0.031250 1.000000
vt 0.031250 0.500000
vt 0.000000 1.000000
vt 0.000000 0.500000
vt 0.750000 0.490000
vt 0.796822 0.485388
vt 0.841844 0.471731
vt 0.883337 0.449553
vt 0.919706 0.419706
vt 0.949553 0.383337
vt 0.971731 0.341844
vt 0.985388 0.296822
vt 0.990000 0.250000
vt 0.985388 0.203178
vt 0.971731 0.158156
vt 0.949553 0.116663
vt 0.919706 0.080294
vt 0.883337 0.050447
vt 0.841844 0.028269
vt 0.796822 0.014612
vt 0.750000 0.010000
vt 0.703178 0.014612
vt 0.658156 0.028269
vt 0.616663 0.050447
vt 0.580294 0.080294
vt 0.550447 0.116663
vt 0.528269 0.158156
vt 0.514612 0.203178
vt 0.510000 0.250000
vt 0.514612 0.296822
vt 0.528269 0.341844
vt 0.550447 0.383337
vt 0.580294 0.419706
vt 0.616663 0.449553
vt 0.658156 0.471731
vt 0.703178 0.485388
s 0
usemtl escaleras.001
f 59/75/7 60/76/7 62/77/7 61/78/7
f 61/78/8 62/77/8 64/79/8 63/80/8
f 63/80/9 64/79/9 66/81/9 65/82/9
f 65/82/10 66/81/10 68/83/10 67/84/10
f 67/84/11 68/83/11 70/85/11 69/86/11
f 69/86/12 70/85/12 72/87/12 71/88/12
f 71/88/13 72/87/13 74/89/13 73/90/13
f 73/90/14 74/89/14 76/91/14 75/92/14
f 75/92/15 76/91/15 78/93/15 77/94/15
f 77/94/16 78/93/16 80/95/16 79/96/16
f 79/96/17 80/95/17 82/97/17 81/98/17
f 81/98/18 82/97/18 84/99/18 83/100/18
f 83/100/19 84/99/19 86/101/19 85/102/19
f 85/102/20 86/101/20 88/103/20 87/104/20
f 87/104/21 88/103/21 90/105/21 89/106/21
f 89/106/22 90/105/22 92/107/22 91/108/22
f 91/108/23 92/107/23 94/109/23 93/110/23
f 93/110/24 94/109/24 96/111/24 95/112/24
f 95/112/25 96/111/25 98/113/25 97/114/25
f 97/114/26 98/113/26 100/115/26 99/116/26
f 99/116/27 100/115/27 102/117/27 101/118/27
f 101/118/28 102/117/28 104/119/28 103/120/28
f 103/120/29 104/119/29 106/121/29 105/122/29
f 105/122/30 106/121/30 108/123/30 107/124/30
f 107/124/31 108/123/31 110/125/31 109/126/31
f 109/126/32 110/125/32 112/127/32 111/128/32
f 111/128/33 112/127/33 114/129/33 113/130/33
f 113/130/34 114/129/34 116/131/34 115/132/34
f 115/132/35 116/131/35 118/133/35 117/134/35
f 117/134/36 118/133/36 120/135/36 119/136/36
f 62/137/37 60/138/37 122/139/37 120/140/37 118/141/37 116/142/37 114/143/37 112/144/37 110/145/37 108/146/37 106/147/37 104/148/37 102/149/37 100/150/37 98/151/37 96/152/37 94/153/37 92/154/37 90/155/37 88/156/37 86/157/37 84/158/37 82/159/37 80/160/37 78/161/37 76/162/37 74/163/37 72/164/37 70/165/37 68/166/37 66/167/37 64/168/37
f 119/136/38 120/135/38 122/169/38 121/170/38
f 121/170/39 122/169/39 60/171/39 59/172/39
f 59/173/40 61/174/40 63/175/40 65/176/40 67/177/40 69/178/40 71/179/40 73/180/40 75/181/40 77/182/40 79/183/40 81/184/40 83/185/40 85/186/40 87/187/40 89/188/40 91/189/40 93/190/40 95/191/40 97/192/40 99/193/40 101/194/40 103/195/40 105/196/40 107/197/40 109/198/40 111/199/40 113/200/40 115/201/40 117/202/40 119/203/40 121/204/40
o Cylinder.003
v 1.467567 0.674121 0.000000
v -1.467567 0.674121 0.000000
v 1.467567 0.670121 0.040622
v -1.467567 0.670120 0.040622
v 1.467567 0.658272 0.079682
v -1.467567 0.658271 0.079682
v 1.467567 0.639030 0.115681
v -1.467567 0.639030 0.115681
v 1.467567 0.613135 0.147234
v -1.467567 0.613135 0.147234
v 1.467567 0.581582 0.173129
v -1.467567 0.581582 0.173129
v 1.467567 0.545584 0.192371
v -1.467567 0.545583 0.192371
v 1.467567 0.506523 0.204219
v -1.467567 0.506523 0.204219
v 1.467567 0.465901 0.208220
v -1.467567 0.465901 0.208220
v 1.467567 0.425279 0.204219
v -1.467567 0.425279 0.204219
v 1.467567 0.386219 0.192371
v -1.467567 0.386218 0.192371
v 1.467567 0.350220 0.173129
v -1.467567 0.350220 0.173129
v 1.467567 0.318667 0.147234
v -1.467567 0.318667 0.147234
v 1.467567 0.292772 0.115681
v -1.467567 0.292772 0.115681
v 1.467567 0.273531 0.079682
v -1.467567 0.273530 0.079682
v 1.467567 0.261682 0.040622
v -1.467567 0.261681 0.040622
v 1.467567 0.257681 0.000000
v -1.467567 0.257681 0.000000
v 1.467567 0.261682 -0.040622
v -1.467567 0.261681 -0.040622
v 1.467567 0.273531 -0.079682
v -1.467567 0.273530 -0.079682
v 1.467567 0.292772 -0.115681
v -1.467567 0.292772 -0.115681
v 1.467567 0.318667 -0.147234
v -1.467567 0.318667 -0.147234
v 1.467567 0.350220 -0.173129
v -1.467567 0.350220 -0.173129
v 1.467567 0.386219 -0.192371
v -1.467567 0.386218 -0.192371
v 1.467567 0.425279 -0.204219
v -1.467567 0.425279 -0.204219
v 1.467567 0.465901 -0.208220
v -1.467567 0.465901 -0.208220
v 1.467567 0.506523 -0.204219
v -1.467567 0.506523 -0.204219
v 1.467567 0.545584 -0.192371
v -1.467567 0.545583 -0.192371
v 1.467567 0.581582 -0.173129
v -1.467567 0.581582 -0.173129
v 1.467567 0.613135 -0.147234
v -1.467567 0.613135 -0.147234
v 1.467567 0.639030 -0.115681
v -1.467567 0.639030 -0.115681
v 1.467567 0.658272 -0.079682
v -1.467567 0.658271 -0.079682
v 1.467567 0.670121 -0.040622
v -1.467567 0.670120 -0.040622
vn -0.0000 0.9952 0.0980
vn -0.0000 0.9569 0.2903
vn -0.0000 0.8819 0.4714
vn -0.0000 0.7730 0.6344
vn -0.0000 0.6344 0.7730
vn -0.0000 0.4714 0.8819
vn -0.0000 0.2903 0.9569
vn -0.0000 0.0980 0.9952
vn -0.0000 -0.0980 0.9952
vn -0.0000 -0.2903 0.9569
vn -0.0000 -0.4714 0.8819
vn -0.0000 -0.6344 0.7730
vn -0.0000 -0.7730 0.6344
vn -0.0000 -0.8819 0.4714
vn -0.0000 -0.9569 0.2903
vn -0.0000 -0.9952 0.0980
vn -0.0000 -0.9952 -0.0980
vn -0.0000 -0.9569 -0.2903
vn -0.0000 -0.8819 -0.4714
vn -0.0000 -0.7730 -0.6344
vn -0.0000 -0.6344 -0.7730
vn -0.0000 -0.4714 -0.8819
vn -0.0000 -0.2903 -0.9569
vn -0.0000 -0.0980 -0.9952
vn -0.0000 0.0980 -0.9952
vn -0.0000 0.2903 -0.9569
vn -0.0000 0.4714 -0.8819
vn -0.0000 0.6344 -0.7730
vn -0.0000 0.7730 -0.6344
vn -0.0000 0.8819 -0.4714
vn -1.0000 -0.0000 -0.0000
vn -0.0000 0.9569 -0.2903
vn -0.0000 0.9952 -0.0980
vn 1.0000 -0.0000 -0.0000
vt 1.000000 0.500000
vt 1.000000 1.000000
vt 0.968750 1.000000
vt 0.968750 0.500000
vt 0.937500 1.000000
vt 0.937500 0.500000
vt 0.906250 1.000000
vt 0.906250 0.500000
vt 0.875000 1.000000
vt 0.875000 0.500000
vt 0.843750 1.000000
vt 0.843750 0.500000
vt 0.812500 1.000000
vt 0.812500 0.500000
vt 0.781250 1.000000
vt 0.781250 0.500000
vt 0.750000 1.000000
vt 0.750000 0.500000
vt 0.718750 1.000000
vt 0.718750 0.500000
vt 0.687500 1.000000
vt 0.687500 0.500000
vt 0.656250 1.000000
vt 0.656250 0.500000
vt 0.625000 1.000000
vt 0.625000 0.500000
vt 0.593750 1.000000
vt 0.593750 0.500000
vt 0.562500 1.000000
vt 0.562500 0.500000
vt 0.531250 1.000000
vt 0.531250 0.500000
vt 0.500000 1.000000
vt 0.500000 0.500000
vt 0.468750 1.000000
vt 0.468750 0.500000
vt 0.437500 1.000000
vt 0.437500 0.500000
vt 0.406250 1.000000
vt 0.406250 0.500000
vt 0.375000 1.000000
vt 0.375000 0.500000
vt 0.343750 1.000000
vt 0.343750 0.500000
vt 0.312500 1.000000
vt 0.312500 0.500000
vt 0.281250 1.000000
vt 0.281250 0.500000
vt 0.250000 1.000000
vt 0.250000 0.500000
vt 0.218750 1.000000
vt 0.218750 0.500000
vt 0.187500 1.000000
vt 0.187500 0.500000
vt 0.156250 1.000000
vt 0.156250 0.500000
vt 0.125000 1.000000
vt 0.125000 0.500000
vt 0.093750 1.000000
vt 0.093750 0.500000
vt 0.062500 1.000000
vt 0.062500 0.500000
vt 0.296822 0.485388
vt 0.250000 0.490000
vt 0.203178 0.485388
vt 0.158156 0.471731
vt 0.116663 0.449553
vt 0.080294 0.419706
vt 0.050447 0.383337
vt 0.028269 0.341844
vt 0.014612 0.296822
vt 0.010000 0.250000
vt 0.014612 0.203178
vt 0.028269 0.158156
vt 0.050447 0.116663
vt 0.080294 0.080294
vt 0.116663 0.050447
vt 0.158156 0.028269
vt 0.203178 0.014612
vt 0.250000 0.010000
vt 0.296822 0.014612
vt 0.341844 0.028269
vt 0.383337 0.050447
vt 0.419706 0.080294
vt 0.449553 0.116663
vt 0.471731 0.158156
vt 0.485388 0.203178
vt 0.490000 0.250000
vt 0.485388 0.296822
vt 0.471731 0.341844
vt 0.449553 0.383337
vt 0.419706 0.419706
vt 0.383337 0.449553
vt 0.341844 0.471731
vt 0.031250 1.000000
vt 0.031250 0.500000
vt 0.000000 1.000000
vt 0.000000 0.500000
vt 0.750000 0.490000
vt 0.796822 0.485388
vt 0.841844 0.471731
vt 0.883337 0.449553
vt 0.919706 0.419706
vt 0.949553 0.383337
vt 0.971731 0.341844
vt 0.985388 0.296822
vt 0.990000 0.250000
vt 0.985388 0.203178
vt 0.971731 0.158156
vt 0.949553 0.116663
vt 0.919706 0.080294
vt 0.883337 0.050447
vt 0.841844 0.028269
vt 0.796822 0.014612
vt 0.750000 0.010000
vt 0.703178 0.014612
vt 0.658156 0.028269
vt 0.616663 0.050447
vt 0.580294 0.080294
vt 0.550447 0.116663
vt 0.528269 0.158156
vt 0.514612 0.203178
vt 0.510000 0.250000
vt 0.514612 0.296822
vt 0.528269 0.341844
vt 0.550447 0.383337
vt 0.580294 0.419706
vt 0.616663 0.449553
vt 0.658156 0.471731
vt 0.703178 0.485388
s 0
usemtl escaleras.003
f 123/205/41 124/206/41 126/207/41 125/208/41
f 125/208/42 126/207/42 128/209/42 127/210/42
f 127/210/43 128/209/43 130/211/43 129/212/43
f 129/212/44 130/211/44 132/213/44 131/214/44
f 131/214/45 132/213/45 134/215/45 133/216/45
f 133/216/46 134/215/46 136/217/46 135/218/46
f 135/218/47 136/217/47 138/219/47 137/220/47
f 137/220/48 138/219/48 140/221/48 139/222/48
f 139/222/49 140/221/49 142/223/49 141/224/49
f 141/224/50 142/223/50 144/225/50 143/226/50
f 143/226/51 144/225/51 146/227/51 145/228/51
f 145/228/52 146/227/52 148/229/52 147/230/52
f 147/230/53 148/229/53 150/231/53 149/232/53
f 149/232/54 150/231/54 152/233/54 151/234/54
f 151/234/55 152/233/55 154/235/55 153/236/55
f 153/236/56 154/235/56 156/237/56 155/238/56
f 155/238/57 156/237/57 158/239/57 157/240/57
f 157/240/58 158/239/58 160/241/58 159/242/58
f 159/242/59 160/241/59 162/243/59 161/244/59
f 161/244/60 162/243/60 164/245/60 163/246/60
f 163/246/61 164/245/61 166/247/61 165/248/61
f 165/248/62 166/247/62 168/249/62 167/250/62
f 167/250/63 168/249/63 170/251/63 169/252/63
f 169/252/64 170/251/64 172/253/64 171/254/64
f 171/254/65 172/253/65 174/255/65 173/256/65
f 173/256/66 174/255/66 176/257/66 175/258/66
f 175/258/67 176/257/67 178/259/67 177/260/67
f 177/260/68 178/259/68 180/261/68 179/262/68
f 179/262/69 180/261/69 182/263/69 181/264/69
f 181/264/70 182/263/70 184/265/70 183/266/70
f 126/267/71 124/268/71 186/269/71 184/270/71 182/271/71 180/272/71 178/273/71 176/274/71 174/275/71 172/276/71 170/277/71 168/278/71 166/279/71 164/280/71 162/281/71 160/282/71 158/283/71 156/284/71 154/285/71 152/286/71 150/287/71 148/288/71 146/289/71 144/290/71 142/291/71 140/292/71 138/293/71 136/294/71 134/295/71 132/296/71 130/297/71 128/298/71
f 183/266/72 184/265/72 186/299/72 185/300/72
f 185/300/73 186/299/73 124/301/73 123/302/73
f 123/303/74 125/304/74 127/305/74 129/306/74 131/307/74 133/308/74 135/309/74 137/310/74 139/311/74 141/312/74 143/313/74 145/314/74 147/315/74 149/316/74 151/317/74 153/318/74 155/319/74 157/320/74 159/321/74 161/322/74 163/323/74 165/324/74 167/325/74 169/326/74 171/327/74 173/328/74 175/329/74 177/330/74 179/331/74 181/332/74 183/333/74 185/334/74
o Cylinder.004
v -1.183978 -0.096719 0.000000
v -1.183978 3.426531 0.000000
v -1.188781 -0.096719 0.048761
v -1.188781 3.426531 0.048761
v -1.203004 -0.096719 0.095649
v -1.203004 3.426531 0.095649
v -1.226101 -0.096719 0.138860
v -1.226101 3.426531 0.138860
v -1.257185 -0.096719 0.176735
v -1.257185 3.426531 0.176735
v -1.295060 -0.096719 0.207819
v -1.295060 3.426531 0.207819
v -1.338271 -0.096719 0.230916
v -1.338271 3.426531 0.230916
v -1.385159 -0.096719 0.245139
v -1.385159 3.426531 0.245139
v -1.433920 -0.096719 0.249942
v -1.433920 3.426531 0.249942
v -1.482681 -0.096719 0.245139
v -1.482681 3.426531 0.245139
v -1.529569 -0.096719 0.230916
v -1.529569 3.426531 0.230916
v -1.572780 -0.096719 0.207819
v -1.572780 3.426531 0.207819
v -1.610656 -0.096719 0.176735
v -1.610656 3.426531 0.176735
v -1.641739 -0.096719 0.138860
v -1.641739 3.426531 0.138860
v -1.664836 -0.096719 0.095649
v -1.664836 3.426531 0.095649
v -1.679059 -0.096719 0.048761
v -1.679059 3.426531 0.048761
v -1.683862 -0.096719 0.000000
v -1.683862 3.426531 0.000000
v -1.679059 -0.096719 -0.048761
v -1.679059 3.426531 -0.048761
v -1.664836 -0.096719 -0.095649
v -1.664836 3.426531 -0.095649
v -1.641739 -0.096719 -0.138860
v -1.641739 3.426531 -0.138860
v -1.610656 -0.096719 -0.176735
v -1.610656 3.426531 -0.176735
v -1.572780 -0.096719 -0.207819
v -1.572780 3.426531 -0.207819
v -1.529569 -0.096719 -0.230916
v -1.529569 3.426531 -0.230916
v -1.482681 -0.096719 -0.245139
v -1.482681 3.426531 -0.245139
v -1.433920 -0.096719 -0.249942
v -1.433920 3.426531 -0.249942
v -1.385159 -0.096719 -0.245139
v -1.385159 3.426531 -0.245139
v -1.338271 -0.096719 -0.230916
v -1.338271 3.426531 -0.230916
v -1.295060 -0.096719 -0.207819
v -1.295060 3.426531 -0.207819
v -1.257185 -0.096719 -0.176735
v -1.257185 3.426531 -0.176735
v -1.226101 -0.096719 -0.138860
v -1.226101 3.426531 -0.138860
v -1.203004 -0.096719 -0.095649
v -1.203004 3.426531 -0.095649
v -1.188781 -0.096719 -0.048761
v -1.188781 3.426531 -0.048761
v -1.183978 3.478809 -0.001748
v -1.188781 3.485174 0.046596
v -1.203004 3.491294 0.093082
v -1.226101 3.496934 0.135924
v -1.257184 3.501878 0.173475
v -1.295060 3.505935 0.204293
v -1.338271 3.508950 0.227192
v -1.385159 3.510807 0.241294
v -1.433920 3.511434 0.246055
v -1.482681 3.510807 0.241294
v -1.529568 3.508950 0.227192
v -1.572780 3.505935 0.204293
v -1.610655 3.501878 0.173475
v -1.641739 3.496934 0.135924
v -1.664836 3.491294 0.093082
v -1.679059 3.485174 0.046596
v -1.683862 3.478809 -0.001748
v -1.679059 3.472445 -0.050092
v -1.664836 3.466325 -0.096579
v -1.641739 3.460685 -0.139421
v -1.610655 3.455741 -0.176972
v -1.572780 3.451684 -0.207789
v -1.529568 3.448669 -0.230689
v -1.482681 3.446813 -0.244790
v -1.433920 3.446186 -0.249552
v -1.385159 3.446813 -0.244790
v -1.338271 3.448669 -0.230689
v -1.295060 3.451684 -0.207789
v -1.257184 3.455741 -0.176972
v -1.226101 3.460685 -0.139421
v -1.203004 3.466325 -0.096579
v -1.188781 3.472445 -0.050092
v -1.183978 3.530413 -0.010305
v -1.188781 3.543033 0.036794
v -1.203004 3.555169 0.082084
v -1.226101 3.566353 0.123823
v -1.257184 3.576156 0.160408
v -1.295060 3.584201 0.190432
v -1.338271 3.590178 0.212742
v -1.385159 3.593860 0.226481
v -1.433920 3.595103 0.231120
v -1.482681 3.593860 0.226481
v -1.529568 3.590178 0.212742
v -1.572780 3.584201 0.190432
v -1.610655 3.576156 0.160408
v -1.641739 3.566353 0.123823
v -1.664836 3.555169 0.082084
v -1.679059 3.543033 0.036794
v -1.683861 3.530413 -0.010305
v -1.679059 3.517793 -0.057405
v -1.664836 3.505657 -0.102695
v -1.641739 3.494473 -0.144434
v -1.610655 3.484671 -0.181019
v -1.572780 3.476625 -0.211043
v -1.529568 3.470648 -0.233353
v -1.482681 3.466966 -0.247092
v -1.433920 3.465724 -0.251731
v -1.385159 3.466966 -0.247092
v -1.338271 3.470648 -0.233353
v -1.295060 3.476625 -0.211043
v -1.257184 3.484671 -0.181019
v -1.226101 3.494473 -0.144434
v -1.203004 3.505657 -0.102695
v -1.188781 3.517793 -0.057405
v -1.183978 3.580458 -0.025525
v -1.188781 3.599118 0.019524
v -1.203004 3.617061 0.062843
v -1.226101 3.633597 0.102765
v -1.257184 3.648092 0.137757
v -1.295059 3.659987 0.166475
v -1.338271 3.668826 0.187814
v -1.385158 3.674268 0.200954
v -1.433920 3.676106 0.205391
v -1.482681 3.674268 0.200954
v -1.529568 3.668826 0.187814
v -1.572780 3.659987 0.166475
v -1.610655 3.648092 0.137757
v -1.641739 3.633597 0.102765
v -1.664836 3.617061 0.062843
v -1.679059 3.599118 0.019524
v -1.683861 3.580458 -0.025525
v -1.679059 3.561798 -0.070575
v -1.664836 3.543855 -0.113893
v -1.641739 3.527318 -0.153815
v -1.610655 3.512824 -0.188807
v -1.572780 3.500929 -0.217525
v -1.529568 3.492090 -0.238864
v -1.482681 3.486647 -0.252004
v -1.433920 3.484810 -0.256441
v -1.385158 3.486647 -0.252004
v -1.338271 3.492090 -0.238864
v -1.295059 3.500929 -0.217525
v -1.257184 3.512824 -0.188807
v -1.226101 3.527318 -0.153815
v -1.203004 3.543855 -0.113893
v -1.188781 3.561798 -0.070575
v -1.183978 3.628088 -0.047147
v -1.188780 3.652469 -0.004918
v -1.203004 3.675912 0.035688
v -1.226101 3.697518 0.073110
v -1.257184 3.716456 0.105911
v -1.295059 3.731998 0.132830
v -1.338271 3.743546 0.152833
v -1.385158 3.750658 0.165150
v -1.433920 3.753059 0.169309
v -1.482681 3.750658 0.165150
v -1.529568 3.743546 0.152833
v -1.572780 3.731998 0.132830
v -1.610655 3.716456 0.105911
v -1.641739 3.697518 0.073110
v -1.664836 3.675912 0.035688
v -1.679059 3.652469 -0.004918
v -1.683861 3.628088 -0.047147
v -1.679059 3.603708 -0.089375
v -1.664836 3.580264 -0.129981
v -1.641739 3.558658 -0.167403
v -1.610655 3.539721 -0.200204
v -1.572780 3.524179 -0.227123
v -1.529568 3.512630 -0.247126
v -1.482681 3.505518 -0.259443
v -1.433920 3.503118 -0.263603
v -1.385158 3.505518 -0.259443
v -1.338271 3.512630 -0.247126
v -1.295059 3.524179 -0.227123
v -1.257184 3.539721 -0.200204
v -1.226101 3.558658 -0.167403
v -1.203004 3.580264 -0.129981
v -1.188780 3.603708 -0.089375
v -1.183978 3.672489 -0.074800
v -1.188780 3.702172 -0.036115
v -1.203003 3.730716 0.001083
v -1.226100 3.757021 0.035365
v -1.257184 3.780079 0.065414
v -1.295059 3.799001 0.090074
v -1.338271 3.813062 0.108398
v -1.385158 3.821720 0.119682
v -1.433919 3.824644 0.123492
v -1.482681 3.821720 0.119682
v -1.529568 3.813062 0.108398
v -1.572780 3.799001 0.090074
v -1.610655 3.780079 0.065414
v -1.641738 3.757021 0.035365
v -1.664835 3.730716 0.001083
v -1.679059 3.702172 -0.036115
v -1.683861 3.672489 -0.074800
v -1.679059 3.642805 -0.113485
v -1.664835 3.614262 -0.150683
v -1.641738 3.587956 -0.184965
v -1.610655 3.564899 -0.215014
v -1.572780 3.545977 -0.239674
v -1.529568 3.531917 -0.257998
v -1.482681 3.523258 -0.269282
v -1.433919 3.520334 -0.273092
v -1.385158 3.523258 -0.269282
v -1.338271 3.531917 -0.257998
v -1.295059 3.545977 -0.239674
v -1.257184 3.564899 -0.215014
v -1.226100 3.587956 -0.184965
v -1.203003 3.614262 -0.150683
v -1.188780 3.642805 -0.113485
v -1.183978 3.712900 -0.108013
v -1.188780 3.747379 -0.073533
v -1.203003 3.780534 -0.040379
v -1.226100 3.811089 -0.009823
v -1.257184 3.837871 0.016958
v -1.295059 3.859851 0.038938
v -1.338271 3.876183 0.055270
v -1.385158 3.886240 0.065327
v -1.433919 3.889636 0.068723
v -1.482681 3.886240 0.065327
v -1.529568 3.876183 0.055270
v -1.572780 3.859851 0.038938
v -1.610655 3.837871 0.016958
v -1.641738 3.811089 -0.009823
v -1.664835 3.780534 -0.040379
v -1.679058 3.747379 -0.073533
v -1.683861 3.712900 -0.108013
v -1.679058 3.678421 -0.142492
v -1.664835 3.645267 -0.175646
v -1.641738 3.614711 -0.206202
v -1.610655 3.587929 -0.232983
v -1.572780 3.565950 -0.254963
v -1.529568 3.549618 -0.271295
v -1.482681 3.539561 -0.281352
v -1.433919 3.536165 -0.284748
v -1.385158 3.539561 -0.281352
v -1.338271 3.549618 -0.271295
v -1.295059 3.565950 -0.254963
v -1.257184 3.587929 -0.232983
v -1.226100 3.614711 -0.206202
v -1.203003 3.645267 -0.175646
v -1.188780 3.678421 -0.142492
v -1.183977 3.748631 -0.146216
v -1.188780 3.787315 -0.116531
v -1.203003 3.824514 -0.087988
v -1.226100 3.858796 -0.061683
v -1.257184 3.888844 -0.038626
v -1.295059 3.913505 -0.019703
v -1.338271 3.931829 -0.005643
v -1.385158 3.943112 0.003016
v -1.433919 3.946923 0.005939
v -1.482680 3.943112 0.003016
v -1.529568 3.931829 -0.005643
v -1.572779 3.913505 -0.019703
v -1.610655 3.888844 -0.038626
v -1.641738 3.858796 -0.061683
v -1.664835 3.824514 -0.087988
v -1.679058 3.787315 -0.116531
v -1.683861 3.748631 -0.146216
v -1.679058 3.709946 -0.175900
v -1.664835 3.672748 -0.204443
v -1.641738 3.638465 -0.230748
v -1.610655 3.608417 -0.253805
v -1.572779 3.583757 -0.272728
v -1.529568 3.565433 -0.286789
v -1.482680 3.554149 -0.295447
v -1.433919 3.550339 -0.298371
v -1.385158 3.554149 -0.295447
v -1.338271 3.565433 -0.286789
v -1.295059 3.583757 -0.272728
v -1.257184 3.608417 -0.253805
v -1.226100 3.638465 -0.230748
v -1.203003 3.672748 -0.204443
v -1.188780 3.709946 -0.175900
v -1.183977 3.779069 -0.188755
v -1.188780 3.821297 -0.164375
v -1.203003 3.861903 -0.140931
v -1.226100 3.899325 -0.119325
v -1.257184 3.932127 -0.100388
v -1.295059 3.959046 -0.084846
v -1.338271 3.979048 -0.073298
v -1.385158 3.991366 -0.066186
v -1.433919 3.995525 -0.063785
v -1.482680 3.991366 -0.066186
v -1.529568 3.979048 -0.073298
v -1.572779 3.959046 -0.084846
v -1.610655 3.932127 -0.100388
v -1.641738 3.899325 -0.119325
v -1.664835 3.861903 -0.140931
v -1.679058 3.821297 -0.164375
v -1.683861 3.779069 -0.188755
v -1.679058 3.736841 -0.213136
v -1.664835 3.696235 -0.236580
v -1.641738 3.658813 -0.258186
v -1.610655 3.626012 -0.277123
v -1.572779 3.599092 -0.292665
v -1.529568 3.579090 -0.304214
v -1.482680 3.566772 -0.311325
v -1.433919 3.562613 -0.313727
v -1.385158 3.566772 -0.311325
v -1.338271 3.579090 -0.304214
v -1.295059 3.599092 -0.292665
v -1.257184 3.626012 -0.277123
v -1.226100 3.658813 -0.258186
v -1.203003 3.696235 -0.236580
v -1.188780 3.736841 -0.213136
v -1.183977 3.803694 -0.234904
v -1.188780 3.848743 -0.216244
v -1.203003 3.892062 -0.198301
v -1.226100 3.931984 -0.181765
v -1.257183 3.966977 -0.167271
v -1.295059 3.995694 -0.155376
v -1.338270 4.017033 -0.146537
v -1.385158 4.030173 -0.141093
v -1.433919 4.034611 -0.139256
v -1.482680 4.030173 -0.141093
v -1.529567 4.017033 -0.146537
v -1.572779 3.995694 -0.155376
v -1.610654 3.966977 -0.167271
v -1.641738 3.931984 -0.181765
v -1.664835 3.892062 -0.198301
v -1.679058 3.848743 -0.216244
v -1.683861 3.803694 -0.234904
v -1.679058 3.758645 -0.253565
v -1.664835 3.715327 -0.271508
v -1.641738 3.675404 -0.288044
v -1.610654 3.640412 -0.302538
v -1.572779 3.611695 -0.314433
v -1.529567 3.590356 -0.323273
v -1.482680 3.577215 -0.328715
v -1.433919 3.572778 -0.330553
v -1.385158 3.577215 -0.328715
v -1.338270 3.590356 -0.323273
v -1.295059 3.611695 -0.314433
v -1.257183 3.640412 -0.302538
v -1.226100 3.675404 -0.288044
v -1.203003 3.715327 -0.271508
v -1.188780 3.758645 -0.253565
v -1.183977 3.822085 -0.283873
v -1.188780 3.869184 -0.271252
v -1.203003 3.914475 -0.259117
v -1.226100 3.956214 -0.247933
v -1.257183 3.992799 -0.238130
v -1.295059 4.022823 -0.230086
v -1.338270 4.045133 -0.224108
v -1.385158 4.058872 -0.220426
v -1.433919 4.063511 -0.219183
v -1.482680 4.058872 -0.220426
v -1.529567 4.045133 -0.224108
v -1.572779 4.022823 -0.230086
v -1.610654 3.992799 -0.238130
v -1.641738 3.956214 -0.247933
v -1.664835 3.914475 -0.259117
v -1.679058 3.869184 -0.271252
v -1.683861 3.822085 -0.283873
v -1.679058 3.774986 -0.296494
v -1.664835 3.729696 -0.308629
v -1.641738 3.687957 -0.319813
v -1.610654 3.651372 -0.329616
v -1.572779 3.621347 -0.337660
v -1.529567 3.599038 -0.343639
v -1.482680 3.585299 -0.347320
v -1.433919 3.580660 -0.348563
v -1.385158 3.585299 -0.347320
v -1.338270 3.599038 -0.343639
v -1.295059 3.621347 -0.337660
v -1.257183 3.651372 -0.329616
v -1.226100 3.687957 -0.319813
v -1.203003 3.729696 -0.308629
v -1.188780 3.774986 -0.296494
v -1.183977 3.833928 -0.334823
v -1.188780 3.882271 -0.328458
v -1.203003 3.928758 -0.322338
v -1.226100 3.971600 -0.316698
v -1.257183 4.009151 -0.311754
v -1.295058 4.039969 -0.307697
v -1.338270 4.062868 -0.304683
v -1.385157 4.076970 -0.302826
v -1.433919 4.081731 -0.302199
v -1.482680 4.076970 -0.302826
v -1.529567 4.062868 -0.304683
v -1.572779 4.039969 -0.307697
v -1.610654 4.009151 -0.311754
v -1.641738 3.971600 -0.316698
v -1.664835 3.928758 -0.322338
v -1.679058 3.882271 -0.328458
v -1.683860 3.833928 -0.334823
v -1.679058 3.785583 -0.341188
v -1.664835 3.739097 -0.347308
v -1.641738 3.696255 -0.352948
v -1.610654 3.658704 -0.357892
v -1.572779 3.627886 -0.361949
v -1.529567 3.604987 -0.364964
v -1.482680 3.590885 -0.366820
v -1.433919 3.586124 -0.367447
v -1.385157 3.590885 -0.366820
v -1.338270 3.604987 -0.364964
v -1.295058 3.627886 -0.361949
v -1.257183 3.658704 -0.357892
v -1.226100 3.696255 -0.352948
v -1.203003 3.739097 -0.347308
v -1.188780 3.785583 -0.341188
v -1.183977 3.839018 -0.386883
v -1.188779 3.887779 -0.386882
v -1.203003 3.934667 -0.386883
v -1.226100 3.977878 -0.386883
v -1.257183 4.015753 -0.386883
v -1.295058 4.046837 -0.386883
v -1.338270 4.069934 -0.386883
v -1.385157 4.084157 -0.386883
v -1.433919 4.088960 -0.386883
v -1.482680 4.084157 -0.386883
v -1.529567 4.069934 -0.386883
v -1.572779 4.046837 -0.386883
v -1.610654 4.015753 -0.386883
v -1.641738 3.977878 -0.386883
v -1.664835 3.934667 -0.386883
v -1.679058 3.887779 -0.386882
v -1.683860 3.839018 -0.386883
v -1.679058 3.790257 -0.386883
v -1.664835 3.743369 -0.386883
v -1.641738 3.700157 -0.386883
v -1.610654 3.662282 -0.386883
v -1.572779 3.631199 -0.386883
v -1.529567 3.608102 -0.386883
v -1.482680 3.593878 -0.386883
v -1.433919 3.589076 -0.386883
v -1.385157 3.593878 -0.386883
v -1.338270 3.608102 -0.386883
v -1.295058 3.631199 -0.386883
v -1.257183 3.662282 -0.386883
v -1.226100 3.700157 -0.386883
v -1.203003 3.743369 -0.386883
v -1.188779 3.790257 -0.386883
v -1.188780 3.887780 -2.382910
v -1.183977 3.839019 -2.382911
v -1.203003 3.934668 -2.382911
v -1.226100 3.977879 -2.382910
v -1.257183 4.015755 -2.382910
v -1.295058 4.046838 -2.382911
v -1.338270 4.069935 -2.382911
v -1.385157 4.084158 -2.382910
v -1.433919 4.088961 -2.382911
v -1.482680 4.084158 -2.382910
v -1.529567 4.069935 -2.382911
v -1.572779 4.046838 -2.382911
v -1.610654 4.015755 -2.382910
v -1.641738 3.977879 -2.382910
v -1.664835 3.934668 -2.382911
v -1.679058 3.887780 -2.382910
v -1.683860 3.839019 -2.382911
v -1.679058 3.790258 -2.382911
v -1.664835 3.743370 -2.382911
v -1.641738 3.700159 -2.382911
v -1.610654 3.662283 -2.382911
v -1.572779 3.631200 -2.382911
v -1.529567 3.608103 -2.382911
v -1.482680 3.593880 -2.382911
v -1.433919 3.589077 -2.382911
v -1.385157 3.593880 -2.382911
v -1.338270 3.608103 -2.382911
v -1.295058 3.631200 -2.382911
v -1.257183 3.662283 -2.382911
v -1.226100 3.700159 -2.382911
v -1.203003 3.743370 -2.382911
v -1.188780 3.790258 -2.382911
vn 0.9952 -0.0000 0.0980
vn 0.9569 -0.0000 0.2903
vn 0.8819 -0.0000 0.4714
vn 0.7730 -0.0000 0.6344
vn 0.6344 -0.0000 0.7730
vn 0.4714 -0.0000 0.8819
vn 0.2903 -0.0000 0.9569
vn 0.0980 -0.0000 0.9952
vn -0.0980 -0.0000 0.9952
vn -0.2903 -0.0000 0.9569
vn -0.4714 -0.0000 0.8819
vn -0.6344 -0.0000 0.7730
vn -0.7730 -0.0000 0.6344
vn -0.8819 -0.0000 0.4714
vn -0.9569 -0.0000 0.2903
vn -0.9952 -0.0000 0.0980
vn -0.9952 -0.0000 -0.0980
vn -0.9569 -0.0000 -0.2903
vn -0.8819 -0.0000 -0.4714
vn -0.7730 -0.0000 -0.6344
vn -0.6344 -0.0000 -0.7730
vn -0.4714 -0.0000 -0.8819
vn -0.2903 -0.0000 -0.9569
vn -0.0980 -0.0000 -0.9952
vn 0.0980 -0.0000 -0.9952
vn 0.2903 -0.0000 -0.9569
vn 0.4714 -0.0000 -0.8819
vn 0.6344 -0.0000 -0.7730
vn 0.7730 -0.0000 -0.6344
vn 0.8819 -0.0000 -0.4714
vn -0.9567 -0.0077 -0.2910
vn 0.9569 -0.0000 -0.2903
vn 0.9952 -0.0000 -0.0980
vn -0.0000 -1.0000 -0.0000
vn 0.0975 -0.1116 -0.9890
vn 0.4697 0.0048 -0.8828
vn 0.6335 0.0339 0.7730
vn -0.8814 0.0192 0.4719
vn 0.9952 0.0035 0.0982
vn -0.2889 0.0130 -0.9573
vn 0.9952 -0.0031 -0.0982
vn -0.2897 0.0434 0.9561
vn -0.8813 -0.0095 -0.4725
vn 0.6329 -0.0029 -0.7743
vn 0.4705 0.0395 0.8815
vn -0.9567 0.0112 0.2907
vn -0.0975 0.0184 -0.9951
vn 0.9567 0.0111 0.2907
vn -0.4705 0.0395 0.8815
vn -0.7719 -0.0080 -0.6357
vn 0.7719 -0.0080 -0.6357
vn 0.2897 0.0434 0.9561
vn -0.9952 0.0035 0.0982
vn 0.0975 0.0184 -0.9951
vn 0.8814 0.0192 0.4719
vn -0.6335 0.0339 0.7730
vn -0.6329 -0.0029 -0.7743
vn 0.8813 -0.0095 -0.4725
vn 0.0978 0.0454 0.9942
vn -0.9952 -0.0031 -0.0982
vn 0.2889 0.0130 -0.9573
vn 0.7723 0.0270 0.6347
vn -0.7723 0.0270 0.6347
vn -0.4697 0.0048 -0.8828
vn 0.9567 -0.0077 -0.2910
vn -0.0978 0.0454 0.9942
vn 0.6329 -0.2032 -0.7471
vn -0.6335 0.1345 0.7620
vn 0.2889 -0.1121 -0.9508
vn -0.7723 0.1096 0.6258
vn 0.4697 -0.1105 -0.8759
vn -0.8814 0.0806 0.4654
vn 0.9952 0.0163 0.0969
vn 0.6329 -0.1040 -0.7673
vn -0.9567 0.0490 0.2868
vn 0.9567 0.0490 0.2868
vn 0.7719 -0.0909 -0.6292
vn -0.9952 0.0163 0.0969
vn 0.8814 0.0806 0.4654
vn 0.8813 -0.0711 -0.4672
vn -0.9952 -0.0159 -0.0970
vn 0.7723 0.1096 0.6258
vn 0.9567 -0.0456 -0.2875
vn -0.9567 -0.0456 -0.2875
vn 0.6335 0.1345 0.7620
vn 0.9952 -0.0159 -0.0970
vn -0.8813 -0.0711 -0.4672
vn 0.4705 0.1542 0.8688
vn -0.7719 -0.0909 -0.6292
vn 0.2897 0.1678 0.9423
vn -0.6329 -0.1040 -0.7673
vn 0.0978 0.1748 0.9797
vn -0.4697 -0.1105 -0.8759
vn -0.0978 0.1748 0.9797
vn -0.2889 -0.1121 -0.9508
vn -0.2897 0.1678 0.9423
vn -0.0975 -0.1116 -0.9890
vn -0.4705 0.1542 0.8688
vn 0.9567 -0.1184 -0.2659
vn -0.9567 0.0860 0.2779
vn 0.9567 0.0860 0.2779
vn 0.7719 -0.1723 -0.6120
vn -0.9952 0.0288 0.0940
vn 0.8814 0.1407 0.4509
vn 0.8813 -0.1315 -0.4539
vn -0.9952 -0.0284 -0.0941
vn 0.7723 0.1903 0.6061
vn 0.9567 -0.0827 -0.2791
vn -0.9567 -0.0827 -0.2791
vn 0.6335 0.2328 0.7379
vn 0.9952 -0.0284 -0.0941
vn -0.8813 -0.1315 -0.4539
vn 0.4705 0.2663 0.8412
vn -0.7719 -0.1722 -0.6120
vn 0.2897 0.2894 0.9123
vn -0.6329 -0.2032 -0.7471
vn 0.0978 0.3012 0.9485
vn -0.4697 -0.2239 -0.8540
vn -0.0978 0.3012 0.9485
vn -0.2889 -0.2352 -0.9280
vn -0.2897 0.2894 0.9123
vn -0.0975 -0.2398 -0.9659
vn -0.4705 0.2663 0.8412
vn 0.0975 -0.2398 -0.9659
vn -0.6335 0.2328 0.7379
vn 0.2889 -0.2352 -0.9280
vn -0.7723 0.1903 0.6061
vn 0.4697 -0.2239 -0.8540
vn -0.8814 0.1407 0.4509
vn 0.9952 0.0288 0.0940
vn -0.6329 -0.3897 -0.6691
vn -0.9567 -0.1184 -0.2659
vn 0.6335 0.3271 0.7012
vn 0.9952 -0.0404 -0.0896
vn -0.8813 -0.1896 -0.4329
vn 0.4705 0.3738 0.7993
vn -0.7719 -0.2506 -0.5842
vn 0.2897 0.4060 0.8667
vn -0.6329 -0.2990 -0.7142
vn 0.0978 0.4224 0.9011
vn -0.4697 -0.3334 -0.8175
vn -0.0978 0.4224 0.9011
vn -0.2889 -0.3543 -0.8894
vn -0.2897 0.4060 0.8667
vn -0.0975 -0.3638 -0.9264
vn -0.4705 0.3738 0.7993
vn 0.0975 -0.3638 -0.9264
vn -0.6335 0.3271 0.7012
vn 0.2889 -0.3543 -0.8894
vn -0.7723 0.2678 0.5761
vn 0.4697 -0.3334 -0.8174
vn -0.8814 0.1983 0.4286
vn 0.9952 0.0408 0.0894
vn 0.6329 -0.2990 -0.7142
vn -0.9567 0.1216 0.2643
vn 0.9567 0.1216 0.2643
vn 0.7719 -0.2507 -0.5842
vn -0.9952 0.0408 0.0894
vn 0.8814 0.1983 0.4286
vn 0.8813 -0.1896 -0.4329
vn -0.9952 -0.0404 -0.0896
vn 0.7723 0.2678 0.5761
vn -0.0975 -0.5912 -0.8006
vn 0.0978 0.5364 0.8383
vn -0.4697 -0.4373 -0.7669
vn -0.0978 0.5364 0.8383
vn -0.2889 -0.4674 -0.8355
vn -0.2897 0.5157 0.8063
vn -0.0975 -0.4816 -0.8710
vn -0.4705 0.4750 0.7437
vn 0.0975 -0.4816 -0.8710
vn -0.6335 0.4159 0.6525
vn 0.2889 -0.4674 -0.8355
vn -0.7723 0.3407 0.5362
vn 0.4697 -0.4373 -0.7669
vn -0.8814 0.2526 0.3991
vn 0.9952 0.0521 0.0833
vn 0.6329 -0.3897 -0.6691
vn -0.9567 0.1550 0.2462
vn 0.9567 0.1550 0.2462
vn 0.7719 -0.3248 -0.5465
vn -0.9952 0.0521 0.0833
vn 0.8814 0.2526 0.3991
vn 0.8813 -0.2445 -0.4044
vn -0.9952 -0.0518 -0.0835
vn 0.7723 0.3407 0.5362
vn 0.9567 -0.1521 -0.2481
vn -0.9567 -0.1521 -0.2481
vn 0.6335 0.4159 0.6525
vn 0.9952 -0.0518 -0.0835
vn -0.8813 -0.2445 -0.4044
vn 0.4705 0.4750 0.7437
vn -0.7719 -0.3248 -0.5465
vn 0.2897 0.5157 0.8063
vn 0.4697 -0.6209 -0.6276
vn -0.4705 0.5680 0.6753
vn 0.0975 -0.5912 -0.8006
vn -0.6335 0.4975 0.5926
vn 0.2889 -0.5724 -0.7674
vn -0.7723 0.4078 0.4871
vn 0.4697 -0.5336 -0.7033
vn -0.8814 0.3025 0.3627
vn 0.9952 0.0625 0.0758
vn 0.6329 -0.4737 -0.6125
vn -0.9567 0.1858 0.2239
vn 0.9567 0.1858 0.2239
vn 0.7719 -0.3933 -0.4995
vn -0.9952 0.0625 0.0758
vn 0.8814 0.3025 0.3627
vn 0.8813 -0.2952 -0.3690
vn -0.9952 -0.0622 -0.0761
vn 0.7723 0.4078 0.4871
vn 0.9567 -0.1832 -0.2262
vn -0.9567 -0.1832 -0.2262
vn 0.6335 0.4975 0.5926
vn 0.9952 -0.0622 -0.0761
vn -0.8813 -0.2952 -0.3690
vn 0.4705 0.5680 0.6753
vn -0.7719 -0.3933 -0.4995
vn 0.2897 0.6165 0.7321
vn -0.6329 -0.4737 -0.6125
vn 0.0978 0.6413 0.7611
vn -0.4697 -0.5336 -0.7033
vn -0.0978 0.6413 0.7611
vn -0.2889 -0.5724 -0.7674
vn -0.2897 0.6165 0.7321
vn 0.8814 0.3861 0.2720
vn -0.8814 0.3473 0.3201
vn 0.9952 0.0719 0.0670
vn 0.6329 -0.5496 -0.5454
vn -0.9567 0.2135 0.1977
vn 0.9567 0.2135 0.1977
vn 0.7719 -0.4552 -0.4438
vn -0.9952 0.0719 0.0670
vn 0.8814 0.3473 0.3201
vn 0.8813 -0.3408 -0.3273
vn -0.9952 -0.0716 -0.0673
vn 0.7723 0.4679 0.4297
vn 0.9567 -0.2112 -0.2003
vn -0.9567 -0.2112 -0.2003
vn 0.6335 0.5706 0.5226
vn 0.9952 -0.0716 -0.0673
vn -0.8813 -0.3408 -0.3273
vn 0.4705 0.6512 0.5954
vn -0.7719 -0.4551 -0.4438
vn 0.2897 0.7068 0.6454
vn -0.6329 -0.5496 -0.5454
vn 0.0978 0.7351 0.6709
vn -0.4697 -0.6209 -0.6276
vn -0.0978 0.7351 0.6709
vn -0.2889 -0.6677 -0.6861
vn -0.2897 0.7068 0.6454
vn -0.0975 -0.6906 -0.7166
vn -0.4705 0.6512 0.5954
vn 0.0975 -0.6906 -0.7166
vn -0.6335 0.5706 0.5226
vn 0.2889 -0.6677 -0.6861
vn -0.7723 0.4679 0.4297
vn 0.4705 0.7831 0.4065
vn 0.8813 -0.3806 -0.2801
vn -0.9952 -0.0798 -0.0574
vn 0.7723 0.5200 0.3650
vn 0.9567 -0.2355 -0.1710
vn -0.9567 -0.2355 -0.1710
vn 0.6335 0.6339 0.4437
vn 0.9952 -0.0798 -0.0574
vn -0.8813 -0.3806 -0.2801
vn 0.4705 0.7234 0.5053
vn -0.7719 -0.5092 -0.3806
vn 0.2897 0.7850 0.5476
vn -0.6329 -0.6161 -0.4690
vn 0.0978 0.8164 0.5692
vn -0.4697 -0.6975 -0.5412
vn -0.0978 0.8164 0.5692
vn -0.2889 -0.7515 -0.5931
vn -0.2897 0.7850 0.5476
vn -0.0975 -0.7782 -0.6204
vn -0.4705 0.7234 0.5053
vn 0.0975 -0.7782 -0.6204
vn -0.6335 0.6339 0.4437
vn 0.2889 -0.7515 -0.5931
vn -0.7723 0.5200 0.3650
vn 0.4697 -0.6975 -0.5412
vn -0.8814 0.3861 0.2720
vn 0.9952 0.0800 0.0570
vn 0.6329 -0.6161 -0.4690
vn -0.9567 0.2374 0.1681
vn 0.9567 0.2374 0.1681
vn 0.7719 -0.5092 -0.3806
vn -0.9952 0.0800 0.0570
vn -0.0978 0.9359 0.3385
vn -0.7719 -0.5545 -0.3109
vn 0.2897 0.8498 0.4405
vn -0.6329 -0.6720 -0.3846
vn 0.0978 0.8837 0.4577
vn -0.4697 -0.7621 -0.4456
vn -0.0978 0.8837 0.4577
vn -0.2889 -0.8225 -0.4899
vn -0.2897 0.8498 0.4405
vn -0.0975 -0.8526 -0.5135
vn -0.4705 0.7831 0.4065
vn 0.0975 -0.8526 -0.5135
vn -0.6335 0.6864 0.3571
vn 0.2889 -0.8225 -0.4899
vn -0.7723 0.5632 0.2940
vn 0.4697 -0.7621 -0.4456
vn -0.8814 0.4183 0.2193
vn 0.9952 0.0868 0.0461
vn 0.6329 -0.6720 -0.3846
vn -0.9567 0.2574 0.1357
vn 0.9567 0.2574 0.1357
vn 0.7719 -0.5545 -0.3109
vn -0.9952 0.0868 0.0461
vn 0.8814 0.4183 0.2193
vn 0.8813 -0.4139 -0.2280
vn -0.9952 -0.0866 -0.0465
vn 0.7723 0.5632 0.2940
vn 0.9567 -0.2558 -0.1388
vn -0.9567 -0.2558 -0.1388
vn 0.6335 0.6864 0.3571
vn 0.9952 -0.0866 -0.0464
vn -0.8813 -0.4139 -0.2280
vn -0.6335 0.7554 0.1673
vn -0.2889 -0.8794 -0.3783
vn -0.2897 0.9000 0.3258
vn -0.0975 -0.9123 -0.3978
vn -0.4705 0.8295 0.3008
vn 0.0975 -0.9123 -0.3978
vn -0.6335 0.7271 0.2645
vn 0.2889 -0.8794 -0.3783
vn -0.7723 0.5967 0.2180
vn 0.4697 -0.8138 -0.3423
vn -0.8814 0.4433 0.1628
vn 0.9952 0.0921 0.0344
vn 0.6329 -0.7165 -0.2936
vn -0.9567 0.2729 0.1010
vn 0.9567 0.2729 0.1010
vn 0.7719 -0.5904 -0.2359
vn -0.9952 0.0921 0.0344
vn 0.8814 0.4433 0.1628
vn 0.8813 -0.4401 -0.1720
vn -0.9952 -0.0919 -0.0347
vn 0.7723 0.5967 0.2180
vn 0.9567 -0.2717 -0.1043
vn -0.9567 -0.2717 -0.1043
vn 0.6335 0.7271 0.2645
vn 0.9952 -0.0919 -0.0347
vn -0.8813 -0.4401 -0.1720
vn 0.4705 0.8295 0.3008
vn -0.7719 -0.5904 -0.2359
vn 0.2897 0.9000 0.3258
vn -0.6329 -0.7164 -0.2936
vn 0.0978 0.9359 0.3385
vn -0.4697 -0.8138 -0.3423
vn -0.9567 0.2897 0.0269
vn 0.2889 -0.9213 -0.2603
vn -0.7723 0.6201 0.1382
vn 0.4697 -0.8515 -0.2331
vn -0.8814 0.4608 0.1036
vn 0.9952 0.0958 0.0221
vn 0.6329 -0.7486 -0.1975
vn -0.9567 0.2837 0.0645
vn 0.9567 0.2837 0.0645
vn 0.7719 -0.6161 -0.1568
vn -0.9952 0.0958 0.0221
vn 0.8814 0.4608 0.1036
vn 0.8813 -0.4588 -0.1131
vn -0.9952 -0.0957 -0.0225
vn 0.7723 0.6201 0.1382
vn 0.9567 -0.2830 -0.0679
vn -0.9567 -0.2830 -0.0679
vn 0.6335 0.7554 0.1673
vn 0.9952 -0.0957 -0.0224
vn -0.8813 -0.4588 -0.1131
vn 0.4705 0.8617 0.1900
vn -0.7719 -0.6161 -0.1568
vn 0.2897 0.9348 0.2055
vn -0.6329 -0.7486 -0.1975
vn 0.0978 0.9721 0.2134
vn -0.4697 -0.8515 -0.2331
vn -0.0978 0.9721 0.2134
vn -0.2889 -0.9213 -0.2603
vn -0.2897 0.9348 0.2055
vn -0.0975 -0.9564 -0.2753
vn -0.4705 0.8617 0.1900
vn 0.0975 -0.9564 -0.2753
vn -0.6344 0.7730 -0.0000
vn 0.9567 0.2897 0.0269
vn 0.7719 -0.6313 -0.0750
vn -0.9952 0.0978 0.0094
vn 0.8814 0.4704 0.0425
vn 0.8813 -0.4697 -0.0522
vn -0.9952 -0.0978 -0.0098
vn 0.7723 0.6328 0.0561
vn 0.9567 -0.2895 -0.0304
vn -0.9567 -0.2895 -0.0304
vn 0.6335 0.7708 0.0673
vn 0.9952 -0.0978 -0.0098
vn -0.8813 -0.4697 -0.0522
vn 0.4705 0.8791 0.0759
vn -0.7719 -0.6313 -0.0750
vn 0.2897 0.9536 0.0818
vn -0.6329 -0.7680 -0.0981
vn 0.0978 0.9916 0.0847
vn -0.4697 -0.8746 -0.1200
vn -0.0978 0.9916 0.0847
vn -0.2889 -0.9474 -0.1378
vn -0.2897 0.9536 0.0818
vn -0.0975 -0.9842 -0.1481
vn -0.4705 0.8791 0.0759
vn 0.0975 -0.9842 -0.1481
vn -0.6335 0.7708 0.0673
vn 0.2889 -0.9474 -0.1378
vn -0.7723 0.6328 0.0561
vn 0.4697 -0.8746 -0.1200
vn -0.8814 0.4704 0.0425
vn 0.9952 0.0978 0.0094
vn 0.6329 -0.7680 -0.0981
vn -0.0000 -0.0000 -1.0000
vn 0.2903 -0.9569 -0.0000
vn -0.7730 0.6344 -0.0000
vn 0.4714 -0.8819 -0.0000
vn -0.8819 0.4714 -0.0000
vn 0.9952 0.0980 -0.0000
vn 0.6344 -0.7730 -0.0000
vn -0.9569 0.2903 -0.0000
vn 0.9569 0.2903 -0.0000
vn 0.7730 -0.6344 -0.0000
vn -0.9952 0.0980 -0.0000
vn 0.8819 0.4714 -0.0000
vn 0.8819 -0.4714 -0.0000
vn -0.9952 -0.0980 -0.0000
vn 0.7730 0.6344 -0.0000
vn 0.9569 -0.2903 -0.0000
vn -0.9569 -0.2903 -0.0000
vn 0.6344 0.7730 -0.0000
vn 0.9952 -0.0980 -0.0000
vn -0.8819 -0.4714 -0.0000
vn 0.4714 0.8819 -0.0000
vn -0.7730 -0.6344 -0.0000
vn 0.2903 0.9569 -0.0000
vn -0.6344 -0.7730 -0.0000
vn 0.0980 0.9952 -0.0000
vn -0.4714 -0.8819 -0.0000
vn -0.0980 0.9952 -0.0000
vn -0.2903 -0.9569 -0.0000
vn -0.2903 0.9569 -0.0000
vn -0.0980 -0.9952 -0.0000
vn -0.4714 0.8819 -0.0000
vn 0.0980 -0.9952 -0.0000
vt 1.000000 0.500000
vt 1.000000 1.000000
vt 0.968750 1.000000
vt 0.968750 0.500000
vt 0.937500 1.000000
vt 0.937500 0.500000
vt 0.906250 1.000000
vt 0.906250 0.500000
vt 0.875000 1.000000
vt 0.875000 0.500000
vt 0.843750 1.000000
vt 0.843750 0.500000
vt 0.812500 1.000000
vt 0.812500 0.500000
vt 0.781250 1.000000
vt 0.781250 0.500000
vt 0.750000 1.000000
vt 0.750000 0.500000
vt 0.718750 1.000000
vt 0.718750 0.500000
vt 0.687500 1.000000
vt 0.687500 0.500000
vt 0.656250 1.000000
vt 0.656250 0.500000
vt 0.625000 1.000000
vt 0.625000 0.500000
vt 0.593750 1.000000
vt 0.593750 0.500000
vt 0.562500 1.000000
vt 0.562500 0.500000
vt 0.531250 1.000000
vt 0.531250 0.500000
vt 0.500000 1.000000
vt 0.500000 0.500000
vt 0.468750 1.000000
vt 0.468750 0.500000
vt 0.437500 1.000000
vt 0.437500 0.500000
vt 0.406250 1.000000
vt 0.406250 0.500000
vt 0.375000 1.000000
vt 0.375000 0.500000
vt 0.343750 1.000000
vt 0.343750 0.500000
vt 0.312500 1.000000
vt 0.312500 0.500000
vt 0.281250 1.000000
vt 0.281250 0.500000
vt 0.250000 1.000000
vt 0.250000 0.500000
vt 0.218750 1.000000
vt 0.218750 0.500000
vt 0.187500 1.000000
vt 0.187500 0.500000
vt 0.156250 1.000000
vt 0.156250 0.500000
vt 0.125000 1.000000
vt 0.125000 0.500000
vt 0.093750 1.000000
vt 0.093750 0.500000
vt 0.062500 1.000000
vt 0.062500 0.500000
vt 0.031250 1.000000
vt 0.031250 0.500000
vt 0.000000 1.000000
vt 0.000000 0.500000
vt 0.750000 0.490000
vt 0.796822 0.485388
vt 0.841844 0.471731
vt 0.883337 0.449553
vt 0.919706 0.419706
vt 0.949553 0.383337
vt 0.971731 0.341844
vt 0.985388 0.296822
vt 0.990000 0.250000
vt 0.985388 0.203178
vt 0.971731 0.158156
vt 0.949553 0.116663
vt 0.919706 0.080294
vt 0.883337 0.050447
vt 0.841844 0.028269
vt 0.796822 0.014612
vt 0.750000 0.010000
vt 0.703178 0.014612
vt 0.658156 0.028269
vt 0.616663 0.050447
vt 0.580294 0.080294
vt 0.550447 0.116663
vt 0.528269 0.158156
vt 0.514612 0.203178
vt 0.510000 0.250000
vt 0.514612 0.296822
vt 0.528269 0.341844
vt 0.550447 0.383337
vt 0.580294 0.419706
vt 0.616663 0.449553
vt 0.658156 0.471731
vt 0.703178 0.485388
vt 0.296822 0.485388
vt 0.250000 0.490000
vt 0.203178 0.485388
vt 0.158156 0.471731
vt 0.116663 0.449553
vt 0.080294 0.419706
vt 0.050447 0.383337
vt 0.028269 0.341844
vt 0.014612 0.296822
vt 0.010000 0.250000
vt 0.014612 0.203178
vt 0.028269 0.158156
vt 0.050447 0.116663
vt 0.080294 0.080294
vt 0.116663 0.050447
vt 0.158156 0.028269
vt 0.203178 0.014612
vt 0.250000 0.010000
vt 0.296822 0.014612
vt 0.341844 0.028269
vt 0.383337 0.050447
vt 0.419706 0.080294
vt 0.449553 0.116663
vt 0.471731 0.158156
vt 0.485388 0.203178
vt 0.490000 0.250000
vt 0.485388 0.296822
vt 0.471731 0.341844
vt 0.449553 0.383337
vt 0.419706 0.419706
vt 0.383337 0.449553
vt 0.341844 0.471731
s 0
usemtl escaleras.004
f 187/335/75 188/336/75 190/337/75 189/338/75
f 189/338/76 190/337/76 192/339/76 191/340/76
f 191/340/77 192/339/77 194/341/77 193/342/77
f 193/342/78 194/341/78 196/343/78 195/344/78
f 195/344/79 196/343/79 198/345/79 197/346/79
f 197/346/80 198/345/80 200/347/80 199/348/80
f 199/348/81 200/347/81 202/349/81 201/350/81
f 201/350/82 202/349/82 204/351/82 203/352/82
f 203/352/83 204/351/83 206/353/83 205/354/83
f 205/354/84 206/353/84 208/355/84 207/356/84
f 207/356/85 208/355/85 210/357/85 209/358/85
f 209/358/86 210/357/86 212/359/86 211/360/86
f 211/360/87 212/359/87 214/361/87 213/362/87
f 213/362/88 214/361/88 216/363/88 215/364/88
f 215/364/89 216/363/89 218/365/89 217/366/89
f 217/366/90 218/365/90 220/367/90 219/368/90
f 219/368/91 220/367/91 222/369/91 221/370/91
f 221/370/92 222/369/92 224/371/92 223/372/92
f 223/372/93 224/371/93 226/373/93 225/374/93
f 225/374/94 226/373/94 228/375/94 227/376/94
f 227/376/95 228/375/95 230/377/95 229/378/95
f 229/378/96 230/377/96 232/379/96 231/380/96
f 231/380/97 232/379/97 234/381/97 233/382/97
f 233/382/98 234/381/98 236/383/98 235/384/98
f 235/384/99 236/383/99 238/385/99 237/386/99
f 237/386/100 238/385/100 240/387/100 239/388/100
f 239/388/101 240/387/101 242/389/101 241/390/101
f 241/390/102 242/389/102 244/391/102 243/392/102
f 243/392/103 244/391/103 246/393/103 245/394/103
f 245/394/104 246/393/104 248/395/104 247/396/104
f 224/371/105 222/369/105 268/369/105 269/371/105
f 247/396/106 248/395/106 250/397/106 249/398/106
f 249/398/107 250/397/107 188/399/107 187/400/107
f 187/401/108 189/402/108 191/403/108 193/404/108 195/405/108 197/406/108 199/407/108 201/408/108 203/409/108 205/410/108 207/411/108 209/412/108 211/413/108 213/414/108 215/415/108 217/416/108 219/417/108 221/418/108 223/419/108 225/420/108 227/421/108 229/422/108 231/423/108 233/424/108 235/425/108 237/426/108 239/427/108 241/428/108 243/429/108 245/430/108 247/431/108 249/432/108
f 276/385/109 275/383/109 307/383/109 308/385/109
f 242/389/110 240/387/110 277/387/110 278/389/110
f 198/345/111 196/343/111 255/343/111 256/345/111
f 216/363/112 214/361/112 264/361/112 265/363/112
f 190/337/113 188/336/113 251/336/113 252/337/113
f 234/381/114 232/379/114 273/379/114 274/381/114
f 188/399/115 250/397/115 282/397/115 251/399/115
f 208/355/116 206/353/116 260/353/116 261/355/116
f 226/373/117 224/371/117 269/371/117 270/373/117
f 244/391/118 242/389/118 278/389/118 279/391/118
f 200/347/119 198/345/119 256/345/119 257/347/119
f 218/365/120 216/363/120 265/363/120 266/365/120
f 236/383/121 234/381/121 274/381/121 275/383/121
f 192/339/122 190/337/122 252/337/122 253/339/122
f 210/357/123 208/355/123 261/355/123 262/357/123
f 228/375/124 226/373/124 270/373/124 271/375/124
f 246/393/125 244/391/125 279/391/125 280/393/125
f 202/349/126 200/347/126 257/347/126 258/349/126
f 220/367/127 218/365/127 266/365/127 267/367/127
f 238/385/128 236/383/128 275/383/128 276/385/128
f 194/341/129 192/339/129 253/339/129 254/341/129
f 212/359/130 210/357/130 262/357/130 263/359/130
f 230/377/131 228/375/131 271/375/131 272/377/131
f 248/395/132 246/393/132 280/393/132 281/395/132
f 204/351/133 202/349/133 258/349/133 259/351/133
f 222/369/134 220/367/134 267/367/134 268/369/134
f 240/387/135 238/385/135 276/385/135 277/387/135
f 196/343/136 194/341/136 254/341/136 255/343/136
f 214/361/137 212/359/137 263/359/137 264/361/137
f 232/379/138 230/377/138 272/377/138 273/379/138
f 250/397/139 248/395/139 281/395/139 282/397/139
f 206/353/140 204/351/140 259/351/140 260/353/140
f 311/391/141 310/389/141 342/389/141 343/391/141
f 263/359/142 262/357/142 294/357/142 295/359/142
f 277/387/143 276/385/143 308/385/143 309/387/143
f 264/361/144 263/359/144 295/359/144 296/361/144
f 278/389/145 277/387/145 309/387/145 310/389/145
f 265/363/146 264/361/146 296/361/146 297/363/146
f 252/337/147 251/336/147 283/336/147 284/337/147
f 279/391/148 278/389/148 310/389/148 311/391/148
f 266/365/149 265/363/149 297/363/149 298/365/149
f 253/339/150 252/337/150 284/337/150 285/339/150
f 280/393/151 279/391/151 311/391/151 312/393/151
f 267/367/152 266/365/152 298/365/152 299/367/152
f 254/341/153 253/339/153 285/339/153 286/341/153
f 281/395/154 280/393/154 312/393/154 313/395/154
f 268/369/155 267/367/155 299/367/155 300/369/155
f 255/343/156 254/341/156 286/341/156 287/343/156
f 282/397/157 281/395/157 313/395/157 314/397/157
f 269/371/158 268/369/158 300/369/158 301/371/158
f 256/345/159 255/343/159 287/343/159 288/345/159
f 251/399/160 282/397/160 314/397/160 283/399/160
f 270/373/161 269/371/161 301/371/161 302/373/161
f 257/347/162 256/345/162 288/345/162 289/347/162
f 271/375/163 270/373/163 302/373/163 303/375/163
f 258/349/164 257/347/164 289/347/164 290/349/164
f 272/377/165 271/375/165 303/375/165 304/377/165
f 259/351/166 258/349/166 290/349/166 291/351/166
f 273/379/167 272/377/167 304/377/167 305/379/167
f 260/353/168 259/351/168 291/351/168 292/353/168
f 274/381/169 273/379/169 305/379/169 306/381/169
f 261/355/170 260/353/170 292/353/170 293/355/170
f 275/383/171 274/381/171 306/381/171 307/383/171
f 262/357/172 261/355/172 293/355/172 294/357/172
f 346/397/173 345/395/173 377/395/173 378/397/173
f 298/365/174 297/363/174 329/363/174 330/365/174
f 285/339/175 284/337/175 316/337/175 317/339/175
f 312/393/176 311/391/176 343/391/176 344/393/176
f 299/367/177 298/365/177 330/365/177 331/367/177
f 286/341/178 285/339/178 317/339/178 318/341/178
f 313/395/179 312/393/179 344/393/179 345/395/179
f 300/369/180 299/367/180 331/367/180 332/369/180
f 287/343/181 286/341/181 318/341/181 319/343/181
f 314/397/182 313/395/182 345/395/182 346/397/182
f 301/371/183 300/369/183 332/369/183 333/371/183
f 288/345/184 287/343/184 319/343/184 320/345/184
f 283/399/185 314/397/185 346/397/185 315/399/185
f 302/373/186 301/371/186 333/371/186 334/373/186
f 289/347/187 288/345/187 320/345/187 321/347/187
f 303/375/188 302/373/188 334/373/188 335/375/188
f 290/349/189 289/347/189 321/347/189 322/349/189
f 304/377/190 303/375/190 335/375/190 336/377/190
f 291/351/191 290/349/191 322/349/191 323/351/191
f 305/379/192 304/377/192 336/377/192 337/379/192
f 292/353/193 291/351/193 323/351/193 324/353/193
f 306/381/194 305/379/194 337/379/194 338/381/194
f 293/355/195 292/353/195 324/353/195 325/355/195
f 307/383/196 306/381/196 338/381/196 339/383/196
f 294/357/197 293/355/197 325/355/197 326/357/197
f 308/385/198 307/383/198 339/383/198 340/385/198
f 295/359/199 294/357/199 326/357/199 327/359/199
f 309/387/200 308/385/200 340/385/200 341/387/200
f 296/361/201 295/359/201 327/359/201 328/361/201
f 310/389/202 309/387/202 341/387/202 342/389/202
f 297/363/203 296/361/203 328/361/203 329/363/203
f 284/337/204 283/336/204 315/336/204 316/337/204
f 368/377/205 367/375/205 399/375/205 400/377/205
f 333/371/206 332/369/206 364/369/206 365/371/206
f 320/345/207 319/343/207 351/343/207 352/345/207
f 315/399/208 346/397/208 378/397/208 347/399/208
f 334/373/209 333/371/209 365/371/209 366/373/209
f 321/347/210 320/345/210 352/345/210 353/347/210
f 335/375/211 334/373/211 366/373/211 367/375/211
f 322/349/212 321/347/212 353/347/212 354/349/212
f 336/377/213 335/375/213 367/375/213 368/377/213
f 323/351/214 322/349/214 354/349/214 355/351/214
f 337/379/215 336/377/215 368/377/215 369/379/215
f 324/353/216 323/351/216 355/351/216 356/353/216
f 338/381/217 337/379/217 369/379/217 370/381/217
f 325/355/218 324/353/218 356/353/218 357/355/218
f 339/383/219 338/381/219 370/381/219 371/383/219
f 326/357/220 325/355/220 357/355/220 358/357/220
f 340/385/221 339/383/221 371/383/221 372/385/221
f 327/359/222 326/357/222 358/357/222 359/359/222
f 341/387/223 340/385/223 372/385/223 373/387/223
f 328/361/224 327/359/224 359/359/224 360/361/224
f 342/389/225 341/387/225 373/387/225 374/389/225
f 329/363/226 328/361/226 360/361/226 361/363/226
f 316/337/227 315/336/227 347/336/227 348/337/227
f 343/391/228 342/389/228 374/389/228 375/391/228
f 330/365/229 329/363/229 361/363/229 362/365/229
f 317/339/230 316/337/230 348/337/230 349/339/230
f 344/393/231 343/391/231 375/391/231 376/393/231
f 331/367/232 330/365/232 362/365/232 363/367/232
f 318/341/233 317/339/233 349/339/233 350/341/233
f 345/395/234 344/393/234 376/393/234 377/395/234
f 332/369/235 331/367/235 363/367/235 364/369/235
f 319/343/236 318/341/236 350/341/236 351/343/236
f 403/383/237 402/381/237 434/381/237 435/383/237
f 355/351/238 354/349/238 386/349/238 387/351/238
f 369/379/239 368/377/239 400/377/239 401/379/239
f 356/353/240 355/351/240 387/351/240 388/353/240
f 370/381/241 369/379/241 401/379/241 402/381/241
f 357/355/242 356/353/242 388/353/242 389/355/242
f 371/383/243 370/381/243 402/381/243 403/383/243
f 358/357/244 357/355/244 389/355/244 390/357/244
f 372/385/245 371/383/245 403/383/245 404/385/245
f 359/359/246 358/357/246 390/357/246 391/359/246
f 373/387/247 372/385/247 404/385/247 405/387/247
f 360/361/248 359/359/248 391/359/248 392/361/248
f 374/389/249 373/387/249 405/387/249 406/389/249
f 361/363/250 360/361/250 392/361/250 393/363/250
f 348/337/251 347/336/251 379/336/251 380/337/251
f 375/391/252 374/389/252 406/389/252 407/391/252
f 362/365/253 361/363/253 393/363/253 394/365/253
f 349/339/254 348/337/254 380/337/254 381/339/254
f 376/393/255 375/391/255 407/391/255 408/393/255
f 363/367/256 362/365/256 394/365/256 395/367/256
f 350/341/257 349/339/257 381/339/257 382/341/257
f 377/395/258 376/393/258 408/393/258 409/395/258
f 364/369/259 363/367/259 395/367/259 396/369/259
f 351/343/260 350/341/260 382/341/260 383/343/260
f 378/397/261 377/395/261 409/395/261 410/397/261
f 365/371/262 364/369/262 396/369/262 397/371/262
f 352/345/263 351/343/263 383/343/263 384/345/263
f 347/399/264 378/397/264 410/397/264 379/399/264
f 366/373/265 365/371/265 397/371/265 398/373/265
f 353/347/266 352/345/266 384/345/266 385/347/266
f 367/375/267 366/373/267 398/373/267 399/375/267
f 354/349/268 353/347/268 385/347/268 386/349/268
f 438/389/269 437/387/269 469/387/269 470/389/269
f 390/357/270 389/355/270 421/355/270 422/357/270
f 404/385/271 403/383/271 435/383/271 436/385/271
f 391/359/272 390/357/272 422/357/272 423/359/272
f 405/387/273 404/385/273 436/385/273 437/387/273
f 392/361/274 391/359/274 423/359/274 424/361/274
f 406/389/275 405/387/275 437/387/275 438/389/275
f 393/363/276 392/361/276 424/361/276 425/363/276
f 380/337/277 379/336/277 411/336/277 412/337/277
f 407/391/278 406/389/278 438/389/278 439/391/278
f 394/365/279 393/363/279 425/363/279 426/365/279
f 381/339/280 380/337/280 412/337/280 413/339/280
f 408/393/281 407/391/281 439/391/281 440/393/281
f 395/367/282 394/365/282 426/365/282 427/367/282
f 382/341/283 381/339/283 413/339/283 414/341/283
f 409/395/284 408/393/284 440/393/284 441/395/284
f 396/369/285 395/367/285 427/367/285 428/369/285
f 383/343/286 382/341/286 414/341/286 415/343/286
f 410/397/287 409/395/287 441/395/287 442/397/287
f 397/371/288 396/369/288 428/369/288 429/371/288
f 384/345/289 383/343/289 415/343/289 416/345/289
f 379/399/290 410/397/290 442/397/290 411/399/290
f 398/373/291 397/371/291 429/371/291 430/373/291
f 385/347/292 384/345/292 416/345/292 417/347/292
f 399/375/293 398/373/293 430/373/293 431/375/293
f 386/349/294 385/347/294 417/347/294 418/349/294
f 400/377/295 399/375/295 431/375/295 432/377/295
f 387/351/296 386/349/296 418/349/296 419/351/296
f 401/379/297 400/377/297 432/377/297 433/379/297
f 388/353/298 387/351/298 419/351/298 420/353/298
f 402/381/299 401/379/299 433/379/299 434/381/299
f 389/355/300 388/353/300 420/353/300 421/355/300
f 446/341/301 445/339/301 477/339/301 478/341/301
f 425/363/302 424/361/302 456/361/302 457/363/302
f 412/337/303 411/336/303 443/336/303 444/337/303
f 439/391/304 438/389/304 470/389/304 471/391/304
f 426/365/305 425/363/305 457/363/305 458/365/305
f 413/339/306 412/337/306 444/337/306 445/339/306
f 440/393/307 439/391/307 471/391/307 472/393/307
f 427/367/308 426/365/308 458/365/308 459/367/308
f 414/341/309 413/339/309 445/339/309 446/341/309
f 441/395/310 440/393/310 472/393/310 473/395/310
f 428/369/311 427/367/311 459/367/311 460/369/311
f 415/343/312 414/341/312 446/341/312 447/343/312
f 442/397/313 441/395/313 473/395/313 474/397/313
f 429/371/314 428/369/314 460/369/314 461/371/314
f 416/345/315 415/343/315 447/343/315 448/345/315
f 411/399/316 442/397/316 474/397/316 443/399/316
f 430/373/317 429/371/317 461/371/317 462/373/317
f 417/347/318 416/345/318 448/345/318 449/347/318
f 431/375/319 430/373/319 462/373/319 463/375/319
f 418/349/320 417/347/320 449/347/320 450/349/320
f 432/377/321 431/375/321 463/375/321 464/377/321
f 419/351/322 418/349/322 450/349/322 451/351/322
f 433/379/323 432/377/323 464/377/323 465/379/323
f 420/353/324 419/351/324 451/351/324 452/353/324
f 434/381/325 433/379/325 465/379/325 466/381/325
f 421/355/326 420/353/326 452/353/326 453/355/326
f 435/383/327 434/381/327 466/381/327 467/383/327
f 422/357/328 421/355/328 453/355/328 454/357/328
f 436/385/329 435/383/329 467/383/329 468/385/329
f 423/359/330 422/357/330 454/357/330 455/359/330
f 437/387/331 436/385/331 468/385/331 469/387/331
f 424/361/332 423/359/332 455/359/332 456/361/332
f 481/347/333 480/345/333 512/345/333 513/347/333
f 473/395/334 472/393/334 504/393/334 505/395/334
f 460/369/335 459/367/335 491/367/335 492/369/335
f 447/343/336 446/341/336 478/341/336 479/343/336
f 474/397/337 473/395/337 505/395/337 506/397/337
f 461/371/338 460/369/338 492/369/338 493/371/338
f 448/345/339 447/343/339 479/343/339 480/345/339
f 443/399/340 474/397/340 506/397/340 475/399/340
f 462/373/341 461/371/341 493/371/341 494/373/341
f 449/347/342 448/345/342 480/345/342 481/347/342
f 463/375/343 462/373/343 494/373/343 495/375/343
f 450/349/344 449/347/344 481/347/344 482/349/344
f 464/377/345 463/375/345 495/375/345 496/377/345
f 451/351/346 450/349/346 482/349/346 483/351/346
f 465/379/347 464/377/347 496/377/347 497/379/347
f 452/353/348 451/351/348 483/351/348 484/353/348
f 466/381/349 465/379/349 497/379/349 498/381/349
f 453/355/350 452/353/350 484/353/350 485/355/350
f 467/383/351 466/381/351 498/381/351 499/383/351
f 454/357/352 453/355/352 485/355/352 486/357/352
f 468/385/353 467/383/353 499/383/353 500/385/353
f 455/359/354 454/357/354 486/357/354 487/359/354
f 469/387/355 468/385/355 500/385/355 501/387/355
f 456/361/356 455/359/356 487/359/356 488/361/356
f 470/389/357 469/387/357 501/387/357 502/389/357
f 457/363/358 456/361/358 488/361/358 489/363/358
f 444/337/359 443/336/359 475/336/359 476/337/359
f 471/391/360 470/389/360 502/389/360 503/391/360
f 458/365/361 457/363/361 489/363/361 490/365/361
f 445/339/362 444/337/362 476/337/362 477/339/362
f 472/393/363 471/391/363 503/391/363 504/393/363
f 459/367/364 458/365/364 490/365/364 491/367/364
f 516/353/365 515/351/365 547/351/365 548/353/365
f 495/375/366 494/373/366 526/373/366 527/375/366
f 482/349/367 481/347/367 513/347/367 514/349/367
f 496/377/368 495/375/368 527/375/368 528/377/368
f 483/351/369 482/349/369 514/349/369 515/351/369
f 497/379/370 496/377/370 528/377/370 529/379/370
f 484/353/371 483/351/371 515/351/371 516/353/371
f 498/381/372 497/379/372 529/379/372 530/381/372
f 485/355/373 484/353/373 516/353/373 517/355/373
f 499/383/374 498/381/374 530/381/374 531/383/374
f 486/357/375 485/355/375 517/355/375 518/357/375
f 500/385/376 499/383/376 531/383/376 532/385/376
f 487/359/377 486/357/377 518/357/377 519/359/377
f 501/387/378 500/385/378 532/385/378 533/387/378
f 488/361/379 487/359/379 519/359/379 520/361/379
f 502/389/380 501/387/380 533/387/380 534/389/380
f 489/363/381 488/361/381 520/361/381 521/363/381
f 476/337/382 475/336/382 507/336/382 508/337/382
f 503/391/383 502/389/383 534/389/383 535/391/383
f 490/365/384 489/363/384 521/363/384 522/365/384
f 477/339/385 476/337/385 508/337/385 509/339/385
f 504/393/386 503/391/386 535/391/386 536/393/386
f 491/367/387 490/365/387 522/365/387 523/367/387
f 478/341/388 477/339/388 509/339/388 510/341/388
f 505/395/389 504/393/389 536/393/389 537/395/389
f 492/369/390 491/367/390 523/367/390 524/369/390
f 479/343/391 478/341/391 510/341/391 511/343/391
f 506/397/392 505/395/392 537/395/392 538/397/392
f 493/371/393 492/369/393 524/369/393 525/371/393
f 480/345/394 479/343/394 511/343/394 512/345/394
f 475/399/395 506/397/395 538/397/395 507/399/395
f 494/373/396 493/371/396 525/371/396 526/373/396
f 551/359/397 550/357/397 582/357/397 583/359/397
f 530/381/398 529/379/398 561/379/398 562/381/398
f 517/355/399 516/353/399 548/353/399 549/355/399
f 531/383/400 530/381/400 562/381/400 563/383/400
f 518/357/401 517/355/401 549/355/401 550/357/401
f 532/385/402 531/383/402 563/383/402 564/385/402
f 519/359/403 518/357/403 550/357/403 551/359/403
f 533/387/404 532/385/404 564/385/404 565/387/404
f 520/361/405 519/359/405 551/359/405 552/361/405
f 534/389/406 533/387/406 565/387/406 566/389/406
f 521/363/407 520/361/407 552/361/407 553/363/407
f 508/337/408 507/336/408 539/336/408 540/337/408
f 535/391/409 534/389/409 566/389/409 567/391/409
f 522/365/410 521/363/410 553/363/410 554/365/410
f 509/339/411 508/337/411 540/337/411 541/339/411
f 536/393/412 535/391/412 567/391/412 568/393/412
f 523/367/413 522/365/413 554/365/413 555/367/413
f 510/341/414 509/339/414 541/339/414 542/341/414
f 537/395/415 536/393/415 568/393/415 569/395/415
f 524/369/416 523/367/416 555/367/416 556/369/416
f 511/343/417 510/341/417 542/341/417 543/343/417
f 538/397/418 537/395/418 569/395/418 570/397/418
f 525/371/419 524/369/419 556/369/419 557/371/419
f 512/345/420 511/343/420 543/343/420 544/345/420
f 507/399/421 538/397/421 570/397/421 539/399/421
f 526/373/422 525/371/422 557/371/422 558/373/422
f 513/347/423 512/345/423 544/345/423 545/347/423
f 527/375/424 526/373/424 558/373/424 559/375/424
f 514/349/425 513/347/425 545/347/425 546/349/425
f 528/377/426 527/375/426 559/375/426 560/377/426
f 515/351/427 514/349/427 546/349/427 547/351/427
f 529/379/428 528/377/428 560/377/428 561/379/428
f 586/365/429 585/363/429 617/363/429 618/365/429
f 565/387/430 564/385/430 596/385/430 597/387/430
f 552/361/431 551/359/431 583/359/431 584/361/431
f 566/389/432 565/387/432 597/387/432 598/389/432
f 553/363/433 552/361/433 584/361/433 585/363/433
f 540/337/434 539/336/434 571/336/434 572/337/434
f 567/391/435 566/389/435 598/389/435 599/391/435
f 554/365/436 553/363/436 585/363/436 586/365/436
f 541/339/437 540/337/437 572/337/437 573/339/437
f 568/393/438 567/391/438 599/391/438 600/393/438
f 555/367/439 554/365/439 586/365/439 587/367/439
f 542/341/440 541/339/440 573/339/440 574/341/440
f 569/395/441 568/393/441 600/393/441 601/395/441
f 556/369/442 555/367/442 587/367/442 588/369/442
f 543/343/443 542/341/443 574/341/443 575/343/443
f 570/397/444 569/395/444 601/395/444 602/397/444
f 557/371/445 556/369/445 588/369/445 589/371/445
f 544/345/446 543/343/446 575/343/446 576/345/446
f 539/399/447 570/397/447 602/397/447 571/399/447
f 558/373/448 557/371/448 589/371/448 590/373/448
f 545/347/449 544/345/449 576/345/449 577/347/449
f 559/375/450 558/373/450 590/373/450 591/375/450
f 546/349/451 545/347/451 577/347/451 578/349/451
f 560/377/452 559/375/452 591/375/452 592/377/452
f 547/351/453 546/349/453 578/349/453 579/351/453
f 561/379/454 560/377/454 592/377/454 593/379/454
f 548/353/455 547/351/455 579/351/455 580/353/455
f 562/381/456 561/379/456 593/379/456 594/381/456
f 549/355/457 548/353/457 580/353/457 581/355/457
f 563/383/458 562/381/458 594/381/458 595/383/458
f 550/357/459 549/355/459 581/355/459 582/357/459
f 564/385/460 563/383/460 595/383/460 596/385/460
f 615/359/461 614/357/461 646/357/461 647/359/461
f 573/339/462 572/337/462 604/337/462 605/339/462
f 600/393/463 599/391/463 631/391/463 632/393/463
f 587/367/464 586/365/464 618/365/464 619/367/464
f 574/341/465 573/339/465 605/339/465 606/341/465
f 601/395/466 600/393/466 632/393/466 633/395/466
f 588/369/467 587/367/467 619/367/467 620/369/467
f 575/343/468 574/341/468 606/341/468 607/343/468
f 602/397/469 601/395/469 633/395/469 634/397/469
f 589/371/470 588/369/470 620/369/470 621/371/470
f 576/345/471 575/343/471 607/343/471 608/345/471
f 571/399/472 602/397/472 634/397/472 603/399/472
f 590/373/473 589/371/473 621/371/473 622/373/473
f 577/347/474 576/345/474 608/345/474 609/347/474
f 591/375/475 590/373/475 622/373/475 623/375/475
f 578/349/476 577/347/476 609/347/476 610/349/476
f 592/377/477 591/375/477 623/375/477 624/377/477
f 579/351/478 578/349/478 610/349/478 611/351/478
f 593/379/479 592/377/479 624/377/479 625/379/479
f 580/353/480 579/351/480 611/351/480 612/353/480
f 594/381/481 593/379/481 625/379/481 626/381/481
f 581/355/482 580/353/482 612/353/482 613/355/482
f 595/383/483 594/381/483 626/381/483 627/383/483
f 582/357/484 581/355/484 613/355/484 614/357/484
f 596/385/485 595/383/485 627/383/485 628/385/485
f 583/359/486 582/357/486 614/357/486 615/359/486
f 597/387/487 596/385/487 628/385/487 629/387/487
f 584/361/488 583/359/488 615/359/488 616/361/488
f 598/389/489 597/387/489 629/387/489 630/389/489
f 585/363/490 584/361/490 616/361/490 617/363/490
f 572/337/491 571/336/491 603/336/491 604/337/491
f 599/391/492 598/389/492 630/389/492 631/391/492
f 635/433/493 636/434/493 666/435/493 665/436/493 664/437/493 663/438/493 662/439/493 661/440/493 660/441/493 659/442/493 658/443/493 657/444/493 656/445/493 655/446/493 654/447/493 653/448/493 652/449/493 651/450/493 650/451/493 649/452/493 648/453/493 647/454/493 646/455/493 645/456/493 644/457/493 643/458/493 642/459/493 641/460/493 640/461/493 639/462/493 638/463/493 637/464/493
f 629/387/494 628/385/494 660/385/494 661/387/494
f 616/361/495 615/359/495 647/359/495 648/361/495
f 630/389/496 629/387/496 661/387/496 662/389/496
f 617/363/497 616/361/497 648/361/497 649/363/497
f 604/337/498 603/336/498 636/336/498 635/337/498
f 631/391/499 630/389/499 662/389/499 663/391/499
f 618/365/500 617/363/500 649/363/500 650/365/500
f 605/339/501 604/337/501 635/337/501 637/339/501
f 632/393/502 631/391/502 663/391/502 664/393/502
f 619/367/503 618/365/503 650/365/503 651/367/503
f 606/341/504 605/339/504 637/339/504 638/341/504
f 633/395/505 632/393/505 664/393/505 665/395/505
f 620/369/506 619/367/506 651/367/506 652/369/506
f 607/343/507 606/341/507 638/341/507 639/343/507
f 634/397/508 633/395/508 665/395/508 666/397/508
f 621/371/509 620/369/509 652/369/509 653/371/509
f 608/345/510 607/343/510 639/343/510 640/345/510
f 603/399/511 634/397/511 666/397/511 636/399/511
f 622/373/512 621/371/512 653/371/512 654/373/512
f 609/347/513 608/345/513 640/345/513 641/347/513
f 623/375/514 622/373/514 654/373/514 655/375/514
f 610/349/515 609/347/515 641/347/515 642/349/515
f 624/377/516 623/375/516 655/375/516 656/377/516
f 611/351/517 610/349/517 642/349/517 643/351/517
f 625/379/518 624/377/518 656/377/518 657/379/518
f 612/353/519 611/351/519 643/351/519 644/353/519
f 626/381/520 625/379/520 657/379/520 658/381/520
f 613/355/521 612/353/521 644/353/521 645/355/521
f 627/383/522 626/381/522 658/381/522 659/383/522
f 614/357/523 613/355/523 645/355/523 646/357/523
f 628/385/524 627/383/524 659/383/524 660/385/524
o Cylinder.002
v 1.683860 -0.096719 0.000000
v 1.683860 3.426531 0.000000
v 1.679058 -0.096719 0.048761
v 1.679058 3.426531 0.048761
v 1.664834 -0.096719 0.095649
v 1.664834 3.426531 0.095649
v 1.641737 -0.096719 0.138860
v 1.641737 3.426531 0.138860
v 1.610654 -0.096719 0.176735
v 1.610654 3.426531 0.176735
v 1.572779 -0.096719 0.207819
v 1.572779 3.426531 0.207819
v 1.529567 -0.096719 0.230916
v 1.529567 3.426531 0.230916
v 1.482680 -0.096719 0.245139
v 1.482680 3.426531 0.245139
v 1.433918 -0.096719 0.249942
v 1.433918 3.426531 0.249942
v 1.385157 -0.096719 0.245139
v 1.385157 3.426531 0.245139
v 1.338270 -0.096719 0.230916
v 1.338270 3.426531 0.230916
v 1.295058 -0.096719 0.207819
v 1.295058 3.426531 0.207819
v 1.257183 -0.096719 0.176735
v 1.257183 3.426531 0.176735
v 1.226099 -0.096719 0.138860
v 1.226099 3.426531 0.138860
v 1.203002 -0.096719 0.095649
v 1.203002 3.426531 0.095649
v 1.188779 -0.096719 0.048761
v 1.188779 3.426531 0.048761
v 1.183977 -0.096719 0.000000
v 1.183977 3.426531 0.000000
v 1.188779 -0.096719 -0.048761
v 1.188779 3.426531 -0.048761
v 1.203002 -0.096719 -0.095649
v 1.203002 3.426531 -0.095649
v 1.226099 -0.096719 -0.138860
v 1.226099 3.426531 -0.138860
v 1.257183 -0.096719 -0.176735
v 1.257183 3.426531 -0.176735
v 1.295058 -0.096719 -0.207819
v 1.295058 3.426531 -0.207819
v 1.338270 -0.096719 -0.230916
v 1.338270 3.426531 -0.230916
v 1.385157 -0.096719 -0.245139
v 1.385157 3.426531 -0.245139
v 1.433918 -0.096719 -0.249942
v 1.433918 3.426531 -0.249942
v 1.482680 -0.096719 -0.245139
v 1.482680 3.426531 -0.245139
v 1.529567 -0.096719 -0.230916
v 1.529567 3.426531 -0.230916
v 1.572779 -0.096719 -0.207819
v 1.572779 3.426531 -0.207819
v 1.610654 -0.096719 -0.176735
v 1.610654 3.426531 -0.176735
v 1.641737 -0.096719 -0.138860
v 1.641737 3.426531 -0.138860
v 1.664834 -0.096719 -0.095649
v 1.664834 3.426531 -0.095649
v 1.679058 -0.096719 -0.048761
v 1.679058 3.426531 -0.048761
v 1.683860 3.478809 -0.001748
v 1.679058 3.485174 0.046596
v 1.664835 3.491294 0.093082
v 1.641738 3.496934 0.135924
v 1.610654 3.501878 0.173475
v 1.572779 3.505935 0.204293
v 1.529567 3.508950 0.227192
v 1.482680 3.510807 0.241294
v 1.433919 3.511434 0.246055
v 1.385157 3.510807 0.241294
v 1.338270 3.508950 0.227192
v 1.295058 3.505935 0.204293
v 1.257183 3.501878 0.173475
v 1.226100 3.496934 0.135924
v 1.203003 3.491294 0.093082
v 1.188779 3.485174 0.046596
v 1.183977 3.478809 -0.001748
v 1.188779 3.472445 -0.050092
v 1.203003 3.466325 -0.096579
v 1.226100 3.460685 -0.139421
v 1.257183 3.455741 -0.176972
v 1.295058 3.451684 -0.207789
v 1.338270 3.448669 -0.230689
v 1.385157 3.446813 -0.244790
v 1.433919 3.446186 -0.249552
v 1.482680 3.446813 -0.244790
v 1.529567 3.448669 -0.230689
v 1.572779 3.451684 -0.207789
v 1.610654 3.455741 -0.176972
v 1.641738 3.460685 -0.139421
v 1.664835 3.466325 -0.096579
v 1.679058 3.472445 -0.050092
v 1.683860 3.530413 -0.010305
v 1.679058 3.543033 0.036794
v 1.664835 3.555169 0.082084
v 1.641738 3.566353 0.123823
v 1.610654 3.576156 0.160408
v 1.572779 3.584201 0.190432
v 1.529567 3.590178 0.212742
v 1.482680 3.593860 0.226481
v 1.433919 3.595103 0.231120
v 1.385157 3.593860 0.226481
v 1.338270 3.590178 0.212742
v 1.295058 3.584201 0.190432
v 1.257183 3.576156 0.160408
v 1.226100 3.566353 0.123823
v 1.203003 3.555169 0.082084
v 1.188780 3.543033 0.036794
v 1.183977 3.530413 -0.010305
v 1.188780 3.517793 -0.057405
v 1.203003 3.505657 -0.102695
v 1.226100 3.494473 -0.144434
v 1.257183 3.484671 -0.181019
v 1.295058 3.476625 -0.211043
v 1.338270 3.470648 -0.233353
v 1.385157 3.466966 -0.247092
v 1.433919 3.465724 -0.251731
v 1.482680 3.466966 -0.247092
v 1.529567 3.470648 -0.233353
v 1.572779 3.476625 -0.211043
v 1.610654 3.484671 -0.181019
v 1.641738 3.494473 -0.144434
v 1.664835 3.505657 -0.102695
v 1.679058 3.517793 -0.057405
v 1.683861 3.580458 -0.025525
v 1.679058 3.599118 0.019524
v 1.664835 3.617061 0.062843
v 1.641738 3.633597 0.102765
v 1.610654 3.648092 0.137757
v 1.572779 3.659987 0.166475
v 1.529567 3.668826 0.187814
v 1.482680 3.674268 0.200954
v 1.433919 3.676106 0.205391
v 1.385158 3.674268 0.200954
v 1.338270 3.668826 0.187814
v 1.295059 3.659987 0.166475
v 1.257183 3.648092 0.137757
v 1.226100 3.633597 0.102765
v 1.203003 3.617061 0.062843
v 1.188780 3.599118 0.019524
v 1.183977 3.580458 -0.025525
v 1.188780 3.561798 -0.070575
v 1.203003 3.543855 -0.113893
v 1.226100 3.527318 -0.153815
v 1.257183 3.512824 -0.188807
v 1.295059 3.500929 -0.217525
v 1.338270 3.492090 -0.238864
v 1.385158 3.486647 -0.252004
v 1.433919 3.484810 -0.256441
v 1.482680 3.486647 -0.252004
v 1.529567 3.492090 -0.238864
v 1.572779 3.500929 -0.217525
v 1.610654 3.512824 -0.188807
v 1.641738 3.527318 -0.153815
v 1.664835 3.543855 -0.113893
v 1.679058 3.561798 -0.070575
v 1.683861 3.628088 -0.047147
v 1.679058 3.652469 -0.004918
v 1.664835 3.675912 0.035688
v 1.641738 3.697518 0.073110
v 1.610654 3.716456 0.105911
v 1.572779 3.731998 0.132830
v 1.529567 3.743546 0.152833
v 1.482680 3.750658 0.165150
v 1.433919 3.753059 0.169309
v 1.385158 3.750658 0.165150
v 1.338270 3.743546 0.152833
v 1.295059 3.731998 0.132830
v 1.257183 3.716456 0.105911
v 1.226100 3.697518 0.073110
v 1.203003 3.675912 0.035688
v 1.188780 3.652469 -0.004918
v 1.183977 3.628088 -0.047147
v 1.188780 3.603708 -0.089375
v 1.203003 3.580264 -0.129981
v 1.226100 3.558658 -0.167403
v 1.257183 3.539721 -0.200204
v 1.295059 3.524179 -0.227123
v 1.338270 3.512630 -0.247126
v 1.385158 3.505518 -0.259443
v 1.433919 3.503118 -0.263603
v 1.482680 3.505518 -0.259443
v 1.529567 3.512630 -0.247126
v 1.572779 3.524179 -0.227123
v 1.610654 3.539721 -0.200204
v 1.641738 3.558658 -0.167403
v 1.664835 3.580264 -0.129981
v 1.679058 3.603708 -0.089375
v 1.683861 3.672489 -0.074800
v 1.679058 3.702172 -0.036115
v 1.664835 3.730716 0.001083
v 1.641738 3.757021 0.035365
v 1.610655 3.780079 0.065414
v 1.572779 3.799001 0.090074
v 1.529568 3.813062 0.108398
v 1.482680 3.821720 0.119682
v 1.433919 3.824644 0.123492
v 1.385158 3.821720 0.119682
v 1.338271 3.813062 0.108398
v 1.295059 3.799001 0.090074
v 1.257184 3.780079 0.065414
v 1.226100 3.757021 0.035365
v 1.203003 3.730716 0.001083
v 1.188780 3.702172 -0.036115
v 1.183977 3.672489 -0.074800
v 1.188780 3.642805 -0.113485
v 1.203003 3.614262 -0.150683
v 1.226100 3.587956 -0.184965
v 1.257184 3.564899 -0.215014
v 1.295059 3.545977 -0.239674
v 1.338271 3.531917 -0.257998
v 1.385158 3.523258 -0.269282
v 1.433919 3.520334 -0.273092
v 1.482680 3.523258 -0.269282
v 1.529568 3.531917 -0.257998
v 1.572779 3.545977 -0.239674
v 1.610655 3.564899 -0.215014
v 1.641738 3.587956 -0.184965
v 1.664835 3.614262 -0.150683
v 1.679058 3.642805 -0.113485
v 1.683861 3.712900 -0.108013
v 1.679058 3.747379 -0.073533
v 1.664835 3.780534 -0.040379
v 1.641738 3.811089 -0.009823
v 1.610655 3.837871 0.016958
v 1.572779 3.859851 0.038938
v 1.529568 3.876183 0.055270
v 1.482680 3.886240 0.065327
v 1.433919 3.889636 0.068723
v 1.385158 3.886240 0.065327
v 1.338271 3.876183 0.055270
v 1.295059 3.859851 0.038938
v 1.257184 3.837871 0.016958
v 1.226100 3.811089 -0.009823
v 1.203003 3.780534 -0.040379
v 1.188780 3.747379 -0.073533
v 1.183977 3.712900 -0.108013
v 1.188780 3.678421 -0.142492
v 1.203003 3.645267 -0.175646
v 1.226100 3.614711 -0.206202
v 1.257184 3.587929 -0.232983
v 1.295059 3.565950 -0.254963
v 1.338271 3.549618 -0.271295
v 1.385158 3.539561 -0.281352
v 1.433919 3.536165 -0.284748
v 1.482680 3.539561 -0.281352
v 1.529568 3.549618 -0.271295
v 1.572779 3.565950 -0.254963
v 1.610655 3.587929 -0.232983
v 1.641738 3.614711 -0.206202
v 1.664835 3.645267 -0.175646
v 1.679058 3.678421 -0.142492
v 1.683861 3.748631 -0.146216
v 1.679058 3.787315 -0.116531
v 1.664835 3.824514 -0.087988
v 1.641738 3.858796 -0.061683
v 1.610655 3.888844 -0.038626
v 1.572780 3.913505 -0.019703
v 1.529568 3.931829 -0.005643
v 1.482681 3.943112 0.003016
v 1.433919 3.946923 0.005939
v 1.385158 3.943112 0.003016
v 1.338271 3.931829 -0.005643
v 1.295059 3.913505 -0.019703
v 1.257184 3.888844 -0.038626
v 1.226100 3.858796 -0.061683
v 1.203003 3.824514 -0.087988
v 1.188780 3.787315 -0.116531
v 1.183978 3.748631 -0.146216
v 1.188780 3.709946 -0.175900
v 1.203003 3.672748 -0.204443
v 1.226100 3.638465 -0.230748
v 1.257184 3.608417 -0.253805
v 1.295059 3.583757 -0.272728
v 1.338271 3.565433 -0.286789
v 1.385158 3.554149 -0.295447
v 1.433919 3.550339 -0.298371
v 1.482681 3.554149 -0.295447
v 1.529568 3.565433 -0.286789
v 1.572780 3.583757 -0.272728
v 1.610655 3.608417 -0.253805
v 1.641738 3.638465 -0.230748
v 1.664835 3.672748 -0.204443
v 1.679058 3.709946 -0.175900
v 1.683861 3.779069 -0.188755
v 1.679059 3.821297 -0.164375
v 1.664835 3.861903 -0.140931
v 1.641738 3.899325 -0.119325
v 1.610655 3.932127 -0.100388
v 1.572780 3.959046 -0.084846
v 1.529568 3.979048 -0.073298
v 1.482681 3.991366 -0.066186
v 1.433919 3.995525 -0.063785
v 1.385158 3.991366 -0.066186
v 1.338271 3.979048 -0.073298
v 1.295059 3.959046 -0.084846
v 1.257184 3.932127 -0.100388
v 1.226100 3.899325 -0.119325
v 1.203003 3.861903 -0.140931
v 1.188780 3.821297 -0.164375
v 1.183978 3.779069 -0.188755
v 1.188780 3.736841 -0.213136
v 1.203003 3.696235 -0.236580
v 1.226100 3.658813 -0.258186
v 1.257184 3.626012 -0.277123
v 1.295059 3.599092 -0.292665
v 1.338271 3.579090 -0.304214
v 1.385158 3.566772 -0.311325
v 1.433919 3.562613 -0.313727
v 1.482681 3.566772 -0.311325
v 1.529568 3.579090 -0.304214
v 1.572780 3.599092 -0.292665
v 1.610655 3.626012 -0.277123
v 1.641738 3.658813 -0.258186
v 1.664835 3.696235 -0.236580
v 1.679059 3.736841 -0.213136
v 1.683861 3.803694 -0.234904
v 1.679059 3.848743 -0.216244
v 1.664836 3.892062 -0.198301
v 1.641739 3.931984 -0.181765
v 1.610655 3.966977 -0.167271
v 1.572780 3.995694 -0.155376
v 1.529568 4.017033 -0.146537
v 1.482681 4.030173 -0.141093
v 1.433920 4.034611 -0.139256
v 1.385158 4.030173 -0.141093
v 1.338271 4.017033 -0.146537
v 1.295059 3.995694 -0.155376
v 1.257184 3.966977 -0.167271
v 1.226101 3.931984 -0.181765
v 1.203004 3.892062 -0.198301
v 1.188780 3.848743 -0.216244
v 1.183978 3.803694 -0.234904
v 1.188780 3.758645 -0.253565
v 1.203004 3.715327 -0.271508
v 1.226101 3.675404 -0.288044
v 1.257184 3.640412 -0.302538
v 1.295059 3.611695 -0.314433
v 1.338271 3.590356 -0.323273
v 1.385158 3.577215 -0.328715
v 1.433920 3.572778 -0.330553
v 1.482681 3.577215 -0.328715
v 1.529568 3.590356 -0.323273
v 1.572780 3.611695 -0.314433
v 1.610655 3.640412 -0.302538
v 1.641739 3.675404 -0.288044
v 1.664836 3.715327 -0.271508
v 1.679059 3.758645 -0.253565
v 1.683861 3.822085 -0.283873
v 1.679059 3.869184 -0.271252
v 1.664836 3.914475 -0.259117
v 1.641739 3.956214 -0.247933
v 1.610655 3.992799 -0.238130
v 1.572780 4.022823 -0.230086
v 1.529568 4.045133 -0.224108
v 1.482681 4.058872 -0.220426
v 1.433920 4.063511 -0.219183
v 1.385158 4.058872 -0.220426
v 1.338271 4.045133 -0.224108
v 1.295059 4.022823 -0.230086
v 1.257184 3.992799 -0.238130
v 1.226101 3.956214 -0.247933
v 1.203004 3.914475 -0.259117
v 1.188781 3.869184 -0.271252
v 1.183978 3.822085 -0.283873
v 1.188781 3.774986 -0.296494
v 1.203004 3.729696 -0.308629
v 1.226101 3.687957 -0.319813
v 1.257184 3.651372 -0.329616
v 1.295059 3.621347 -0.337660
v 1.338271 3.599038 -0.343639
v 1.385158 3.585299 -0.347320
v 1.433920 3.580660 -0.348563
v 1.482681 3.585299 -0.347320
v 1.529568 3.599038 -0.343639
v 1.572780 3.621347 -0.337660
v 1.610655 3.651372 -0.329616
v 1.641739 3.687957 -0.319813
v 1.664836 3.729696 -0.308629
v 1.679059 3.774986 -0.296494
v 1.683861 3.833928 -0.334823
v 1.679059 3.882271 -0.328458
v 1.664836 3.928758 -0.322338
v 1.641739 3.971600 -0.316698
v 1.610655 4.009151 -0.311754
v 1.572780 4.039969 -0.307697
v 1.529568 4.062868 -0.304683
v 1.482681 4.076970 -0.302826
v 1.433920 4.081731 -0.302199
v 1.385159 4.076970 -0.302826
v 1.338271 4.062868 -0.304683
v 1.295060 4.039969 -0.307697
v 1.257184 4.009151 -0.311754
v 1.226101 3.971600 -0.316698
v 1.203004 3.928758 -0.322338
v 1.188781 3.882271 -0.328458
v 1.183978 3.833928 -0.334823
v 1.188781 3.785583 -0.341188
v 1.203004 3.739097 -0.347308
v 1.226101 3.696255 -0.352948
v 1.257184 3.658704 -0.357892
v 1.295060 3.627886 -0.361949
v 1.338271 3.604987 -0.364964
v 1.385159 3.590885 -0.366820
v 1.433920 3.586124 -0.367447
v 1.482681 3.590885 -0.366820
v 1.529568 3.604987 -0.364964
v 1.572780 3.627886 -0.361949
v 1.610655 3.658704 -0.357892
v 1.641739 3.696255 -0.352948
v 1.664836 3.739097 -0.347308
v 1.679059 3.785583 -0.341188
v 1.683862 3.839018 -0.386883
v 1.679059 3.887779 -0.386882
v 1.664836 3.934667 -0.386883
v 1.641739 3.977878 -0.386883
v 1.610655 4.015753 -0.386883
v 1.572780 4.046837 -0.386883
v 1.529568 4.069934 -0.386883
v 1.482681 4.084157 -0.386883
v 1.433920 4.088960 -0.386883
v 1.385159 4.084157 -0.386883
v 1.338271 4.069934 -0.386883
v 1.295060 4.046837 -0.386883
v 1.257184 4.015753 -0.386883
v 1.226101 3.977878 -0.386883
v 1.203004 3.934667 -0.386883
v 1.188781 3.887779 -0.386882
v 1.183978 3.839018 -0.386883
v 1.188781 3.790257 -0.386883
v 1.203004 3.743369 -0.386883
v 1.226101 3.700157 -0.386883
v 1.257184 3.662282 -0.386883
v 1.295060 3.631199 -0.386883
v 1.338271 3.608102 -0.386883
v 1.385159 3.593878 -0.386883
v 1.433920 3.589076 -0.386883
v 1.482681 3.593878 -0.386883
v 1.529568 3.608102 -0.386883
v 1.572780 3.631199 -0.386883
v 1.610655 3.662282 -0.386883
v 1.641739 3.700157 -0.386883
v 1.664836 3.743369 -0.386883
v 1.679059 3.790257 -0.386883
v 1.679059 3.887780 -2.382910
v 1.683861 3.839019 -2.382911
v 1.664836 3.934668 -2.382911
v 1.641739 3.977879 -2.382910
v 1.610655 4.015755 -2.382910
v 1.572780 4.046838 -2.382911
v 1.529568 4.069935 -2.382911
v 1.482681 4.084158 -2.382910
v 1.433920 4.088961 -2.382911
v 1.385159 4.084158 -2.382910
v 1.338271 4.069935 -2.382911
v 1.295060 4.046838 -2.382911
v 1.257184 4.015755 -2.382910
v 1.226101 3.977879 -2.382910
v 1.203004 3.934668 -2.382911
v 1.188781 3.887780 -2.382910
v 1.183978 3.839019 -2.382911
v 1.188781 3.790258 -2.382911
v 1.203004 3.743370 -2.382911
v 1.226101 3.700159 -2.382911
v 1.257184 3.662283 -2.382911
v 1.295060 3.631200 -2.382911
v 1.338271 3.608103 -2.382911
v 1.385159 3.593880 -2.382911
v 1.433920 3.589077 -2.382911
v 1.482681 3.593880 -2.382911
v 1.529568 3.608103 -2.382911
v 1.572780 3.631200 -2.382911
v 1.610655 3.662283 -2.382911
v 1.641739 3.700159 -2.382911
v 1.664836 3.743370 -2.382911
v 1.679059 3.790258 -2.382911
vn 0.9952 -0.0000 0.0980
vn 0.9569 -0.0000 0.2903
vn 0.8819 -0.0000 0.4714
vn 0.7730 -0.0000 0.6344
vn 0.6344 -0.0000 0.7730
vn 0.4714 -0.0000 0.8819
vn 0.2903 -0.0000 0.9569
vn 0.0980 -0.0000 0.9952
vn -0.0980 -0.0000 0.9952
vn -0.2903 -0.0000 0.9569
vn -0.4714 -0.0000 0.8819
vn -0.6344 -0.0000 0.7730
vn -0.7730 -0.0000 0.6344
vn -0.8819 -0.0000 0.4714
vn -0.9569 -0.0000 0.2903
vn -0.9952 -0.0000 0.0980
vn -0.9952 -0.0000 -0.0980
vn -0.9569 -0.0000 -0.2903
vn -0.8819 -0.0000 -0.4714
vn -0.7730 -0.0000 -0.6344
vn -0.6344 -0.0000 -0.7730
vn -0.4714 -0.0000 -0.8819
vn -0.2903 -0.0000 -0.9569
vn -0.0980 -0.0000 -0.9952
vn 0.0980 -0.0000 -0.9952
vn 0.2903 -0.0000 -0.9569
vn 0.4714 -0.0000 -0.8819
vn 0.6344 -0.0000 -0.7730
vn 0.7730 -0.0000 -0.6344
vn 0.8819 -0.0000 -0.4714
vn -0.9567 -0.0077 -0.2910
vn 0.9569 -0.0000 -0.2903
vn 0.9952 -0.0000 -0.0980
vn -0.0000 -1.0000 -0.0000
vn 0.0975 -0.1116 -0.9890
vn 0.4697 0.0048 -0.8828
vn 0.6335 0.0339 0.7730
vn -0.8814 0.0192 0.4719
vn 0.9952 0.0035 0.0982
vn -0.2889 0.0130 -0.9573
vn 0.9952 -0.0031 -0.0982
vn -0.2897 0.0434 0.9561
vn -0.8813 -0.0095 -0.4725
vn 0.6329 -0.0029 -0.7743
vn 0.4705 0.0395 0.8815
vn -0.9567 0.0112 0.2907
vn -0.0975 0.0184 -0.9951
vn 0.9567 0.0111 0.2907
vn -0.4705 0.0395 0.8815
vn -0.7719 -0.0080 -0.6357
vn 0.7719 -0.0080 -0.6357
vn 0.2897 0.0434 0.9561
vn -0.9952 0.0035 0.0982
vn 0.0975 0.0184 -0.9951
vn 0.8814 0.0192 0.4719
vn -0.6335 0.0339 0.7730
vn -0.6329 -0.0029 -0.7743
vn 0.8813 -0.0095 -0.4725
vn 0.0978 0.0454 0.9942
vn -0.9952 -0.0031 -0.0982
vn 0.2889 0.0130 -0.9573
vn 0.7723 0.0270 0.6347
vn -0.7723 0.0270 0.6347
vn -0.4697 0.0048 -0.8828
vn 0.9567 -0.0077 -0.2910
vn -0.0978 0.0454 0.9942
vn 0.6329 -0.2032 -0.7471
vn -0.6335 0.1345 0.7620
vn 0.2889 -0.1121 -0.9508
vn -0.7723 0.1096 0.6258
vn 0.4697 -0.1105 -0.8759
vn -0.8814 0.0806 0.4654
vn 0.9952 0.0163 0.0969
vn 0.6329 -0.1040 -0.7673
vn -0.9567 0.0490 0.2868
vn 0.9567 0.0490 0.2868
vn 0.7719 -0.0909 -0.6292
vn -0.9952 0.0163 0.0969
vn 0.8814 0.0806 0.4654
vn 0.8813 -0.0711 -0.4672
vn -0.9952 -0.0159 -0.0970
vn 0.7723 0.1096 0.6258
vn 0.9567 -0.0456 -0.2875
vn -0.9567 -0.0456 -0.2875
vn 0.6335 0.1345 0.7620
vn 0.9952 -0.0159 -0.0970
vn -0.8813 -0.0711 -0.4672
vn 0.4705 0.1542 0.8688
vn -0.7719 -0.0909 -0.6292
vn 0.2897 0.1678 0.9423
vn -0.6329 -0.1040 -0.7673
vn 0.0978 0.1748 0.9797
vn -0.4697 -0.1105 -0.8759
vn -0.0978 0.1748 0.9797
vn -0.2889 -0.1121 -0.9508
vn -0.2897 0.1678 0.9423
vn -0.0975 -0.1116 -0.9890
vn -0.4705 0.1542 0.8688
vn 0.9567 -0.1184 -0.2659
vn -0.9567 0.0860 0.2779
vn 0.9567 0.0860 0.2779
vn 0.7719 -0.1723 -0.6120
vn -0.9952 0.0288 0.0940
vn 0.8814 0.1407 0.4509
vn 0.8813 -0.1315 -0.4539
vn -0.9952 -0.0284 -0.0941
vn 0.7723 0.1903 0.6061
vn 0.9567 -0.0827 -0.2791
vn -0.9567 -0.0827 -0.2791
vn 0.6335 0.2328 0.7379
vn 0.9952 -0.0284 -0.0941
vn -0.8813 -0.1315 -0.4539
vn 0.4705 0.2663 0.8412
vn -0.7719 -0.1722 -0.6120
vn 0.2897 0.2894 0.9123
vn -0.6329 -0.2032 -0.7471
vn 0.0978 0.3012 0.9485
vn -0.4697 -0.2239 -0.8540
vn -0.0978 0.3012 0.9485
vn -0.2889 -0.2352 -0.9280
vn -0.2897 0.2894 0.9123
vn -0.0975 -0.2398 -0.9659
vn -0.4705 0.2663 0.8412
vn 0.0975 -0.2398 -0.9659
vn -0.6335 0.2328 0.7379
vn 0.2889 -0.2352 -0.9280
vn -0.7723 0.1903 0.6061
vn 0.4697 -0.2239 -0.8540
vn -0.8814 0.1407 0.4509
vn 0.9952 0.0288 0.0940
vn -0.6329 -0.3897 -0.6691
vn -0.9567 -0.1184 -0.2659
vn 0.6335 0.3271 0.7012
vn 0.9952 -0.0404 -0.0896
vn -0.8813 -0.1896 -0.4329
vn 0.4705 0.3738 0.7993
vn -0.7719 -0.2506 -0.5842
vn 0.2897 0.4060 0.8667
vn -0.6329 -0.2990 -0.7142
vn 0.0978 0.4224 0.9011
vn -0.4697 -0.3334 -0.8175
vn -0.0978 0.4224 0.9011
vn -0.2889 -0.3543 -0.8894
vn -0.2897 0.4060 0.8667
vn -0.0975 -0.3638 -0.9264
vn -0.4705 0.3738 0.7993
vn 0.0975 -0.3638 -0.9264
vn -0.6335 0.3271 0.7012
vn 0.2889 -0.3543 -0.8894
vn -0.7723 0.2678 0.5761
vn 0.4697 -0.3334 -0.8174
vn -0.8814 0.1983 0.4286
vn 0.9952 0.0408 0.0894
vn 0.6329 -0.2990 -0.7142
vn -0.9567 0.1216 0.2643
vn 0.9567 0.1216 0.2643
vn 0.7719 -0.2507 -0.5842
vn -0.9952 0.0408 0.0894
vn 0.8814 0.1983 0.4286
vn 0.8813 -0.1896 -0.4329
vn -0.9952 -0.0404 -0.0896
vn 0.7723 0.2678 0.5761
vn -0.0975 -0.5912 -0.8006
vn 0.0978 0.5364 0.8383
vn -0.4697 -0.4373 -0.7669
vn -0.0978 0.5364 0.8383
vn -0.2889 -0.4674 -0.8355
vn -0.2897 0.5157 0.8063
vn -0.0975 -0.4816 -0.8710
vn -0.4705 0.4750 0.7437
vn 0.0975 -0.4816 -0.8710
vn -0.6335 0.4159 0.6525
vn 0.2889 -0.4674 -0.8355
vn -0.7723 0.3407 0.5362
vn 0.4697 -0.4373 -0.7669
vn -0.8814 0.2526 0.3991
vn 0.9952 0.0521 0.0833
vn 0.6329 -0.3897 -0.6691
vn -0.9567 0.1550 0.2462
vn 0.9567 0.1550 0.2462
vn 0.7719 -0.3248 -0.5465
vn -0.9952 0.0521 0.0833
vn 0.8814 0.2526 0.3991
vn 0.8813 -0.2445 -0.4044
vn -0.9952 -0.0518 -0.0835
vn 0.7723 0.3407 0.5362
vn 0.9567 -0.1521 -0.2481
vn -0.9567 -0.1521 -0.2481
vn 0.6335 0.4159 0.6525
vn 0.9952 -0.0518 -0.0835
vn -0.8813 -0.2445 -0.4044
vn 0.4705 0.4750 0.7437
vn -0.7719 -0.3248 -0.5465
vn 0.2897 0.5157 0.8063
vn 0.4697 -0.6209 -0.6276
vn -0.4705 0.5680 0.6753
vn 0.0975 -0.5912 -0.8006
vn -0.6335 0.4975 0.5926
vn 0.2889 -0.5724 -0.7674
vn -0.7723 0.4078 0.4871
vn 0.4697 -0.5336 -0.7033
vn -0.8814 0.3025 0.3627
vn 0.9952 0.0625 0.0758
vn 0.6329 -0.4737 -0.6125
vn -0.9567 0.1858 0.2239
vn 0.9567 0.1858 0.2239
vn 0.7719 -0.3933 -0.4995
vn -0.9952 0.0625 0.0758
vn 0.8814 0.3025 0.3627
vn 0.8813 -0.2952 -0.3690
vn -0.9952 -0.0622 -0.0761
vn 0.7723 0.4078 0.4871
vn 0.9567 -0.1832 -0.2262
vn -0.9567 -0.1832 -0.2262
vn 0.6335 0.4975 0.5926
vn 0.9952 -0.0622 -0.0761
vn -0.8813 -0.2952 -0.3690
vn 0.4705 0.5680 0.6753
vn -0.7719 -0.3933 -0.4995
vn 0.2897 0.6165 0.7321
vn -0.6329 -0.4737 -0.6125
vn 0.0978 0.6413 0.7611
vn -0.4697 -0.5336 -0.7033
vn -0.0978 0.6413 0.7611
vn -0.2889 -0.5724 -0.7674
vn -0.2897 0.6165 0.7321
vn 0.8814 0.3861 0.2720
vn -0.8814 0.3473 0.3201
vn 0.9952 0.0719 0.0670
vn 0.6329 -0.5496 -0.5454
vn -0.9567 0.2135 0.1977
vn 0.9567 0.2135 0.1977
vn 0.7719 -0.4552 -0.4438
vn -0.9952 0.0719 0.0670
vn 0.8814 0.3473 0.3201
vn 0.8813 -0.3408 -0.3273
vn -0.9952 -0.0716 -0.0673
vn 0.7723 0.4679 0.4297
vn 0.9567 -0.2112 -0.2003
vn -0.9567 -0.2112 -0.2003
vn 0.6335 0.5706 0.5226
vn 0.9952 -0.0716 -0.0673
vn -0.8813 -0.3408 -0.3273
vn 0.4705 0.6512 0.5954
vn -0.7719 -0.4551 -0.4438
vn 0.2897 0.7068 0.6454
vn -0.6329 -0.5496 -0.5454
vn 0.0978 0.7351 0.6709
vn -0.4697 -0.6209 -0.6276
vn -0.0978 0.7351 0.6709
vn -0.2889 -0.6677 -0.6861
vn -0.2897 0.7068 0.6454
vn -0.0975 -0.6906 -0.7166
vn -0.4705 0.6512 0.5954
vn 0.0975 -0.6906 -0.7166
vn -0.6335 0.5706 0.5226
vn 0.2889 -0.6677 -0.6861
vn -0.7723 0.4679 0.4297
vn 0.4705 0.7831 0.4065
vn 0.8813 -0.3806 -0.2801
vn -0.9952 -0.0798 -0.0574
vn 0.7723 0.5200 0.3650
vn 0.9567 -0.2355 -0.1710
vn -0.9567 -0.2355 -0.1710
vn 0.6335 0.6339 0.4437
vn 0.9952 -0.0798 -0.0574
vn -0.8813 -0.3806 -0.2801
vn 0.4705 0.7234 0.5053
vn -0.7719 -0.5092 -0.3806
vn 0.2897 0.7850 0.5476
vn -0.6329 -0.6161 -0.4690
vn 0.0978 0.8164 0.5692
vn -0.4697 -0.6975 -0.5412
vn -0.0978 0.8164 0.5692
vn -0.2889 -0.7515 -0.5931
vn -0.2897 0.7850 0.5476
vn -0.0975 -0.7782 -0.6204
vn -0.4705 0.7234 0.5053
vn 0.0975 -0.7782 -0.6204
vn -0.6335 0.6339 0.4437
vn 0.2889 -0.7515 -0.5931
vn -0.7723 0.5200 0.3650
vn 0.4697 -0.6975 -0.5412
vn -0.8814 0.3861 0.2720
vn 0.9952 0.0800 0.0570
vn 0.6329 -0.6161 -0.4690
vn -0.9567 0.2374 0.1681
vn 0.9567 0.2374 0.1681
vn 0.7719 -0.5092 -0.3806
vn -0.9952 0.0800 0.0570
vn -0.0978 0.9359 0.3385
vn -0.7719 -0.5545 -0.3109
vn 0.2897 0.8498 0.4405
vn -0.6329 -0.6720 -0.3846
vn 0.0978 0.8837 0.4577
vn -0.4697 -0.7621 -0.4456
vn -0.0978 0.8837 0.4577
vn -0.2889 -0.8225 -0.4899
vn -0.2897 0.8498 0.4405
vn -0.0975 -0.8526 -0.5135
vn -0.4705 0.7831 0.4065
vn 0.0975 -0.8526 -0.5135
vn -0.6335 0.6864 0.3571
vn 0.2889 -0.8225 -0.4899
vn -0.7723 0.5632 0.2940
vn 0.4697 -0.7621 -0.4456
vn -0.8814 0.4183 0.2193
vn 0.9952 0.0868 0.0461
vn 0.6329 -0.6720 -0.3846
vn -0.9567 0.2574 0.1357
vn 0.9567 0.2574 0.1357
vn 0.7719 -0.5545 -0.3109
vn -0.9952 0.0868 0.0461
vn 0.8814 0.4183 0.2193
vn 0.8813 -0.4139 -0.2280
vn -0.9952 -0.0866 -0.0465
vn 0.7723 0.5632 0.2940
vn 0.9567 -0.2558 -0.1388
vn -0.9567 -0.2558 -0.1388
vn 0.6335 0.6864 0.3571
vn 0.9952 -0.0866 -0.0464
vn -0.8813 -0.4139 -0.2280
vn -0.6335 0.7554 0.1673
vn -0.2889 -0.8794 -0.3783
vn -0.2897 0.9000 0.3258
vn -0.0975 -0.9123 -0.3978
vn -0.4705 0.8295 0.3008
vn 0.0975 -0.9123 -0.3978
vn -0.6335 0.7271 0.2645
vn 0.2889 -0.8794 -0.3783
vn -0.7723 0.5967 0.2180
vn 0.4697 -0.8138 -0.3423
vn -0.8814 0.4433 0.1628
vn 0.9952 0.0921 0.0344
vn 0.6329 -0.7165 -0.2936
vn -0.9567 0.2729 0.1010
vn 0.9567 0.2729 0.1010
vn 0.7719 -0.5904 -0.2359
vn -0.9952 0.0921 0.0344
vn 0.8814 0.4433 0.1628
vn 0.8813 -0.4401 -0.1720
vn -0.9952 -0.0919 -0.0347
vn 0.7723 0.5967 0.2180
vn 0.9567 -0.2717 -0.1043
vn -0.9567 -0.2717 -0.1043
vn 0.6335 0.7271 0.2645
vn 0.9952 -0.0919 -0.0347
vn -0.8813 -0.4401 -0.1720
vn 0.4705 0.8295 0.3008
vn -0.7719 -0.5904 -0.2359
vn 0.2897 0.9000 0.3258
vn -0.6329 -0.7164 -0.2936
vn 0.0978 0.9359 0.3385
vn -0.4697 -0.8138 -0.3423
vn -0.9567 0.2897 0.0269
vn 0.2889 -0.9213 -0.2603
vn -0.7723 0.6201 0.1382
vn 0.4697 -0.8515 -0.2331
vn -0.8814 0.4608 0.1036
vn 0.9952 0.0958 0.0221
vn 0.6329 -0.7486 -0.1975
vn -0.9567 0.2837 0.0645
vn 0.9567 0.2837 0.0645
vn 0.7719 -0.6161 -0.1568
vn -0.9952 0.0958 0.0221
vn 0.8814 0.4608 0.1036
vn 0.8813 -0.4588 -0.1131
vn -0.9952 -0.0957 -0.0225
vn 0.7723 0.6201 0.1382
vn 0.9567 -0.2830 -0.0679
vn -0.9567 -0.2830 -0.0679
vn 0.6335 0.7554 0.1673
vn 0.9952 -0.0957 -0.0224
vn -0.8813 -0.4588 -0.1131
vn 0.4705 0.8617 0.1900
vn -0.7719 -0.6161 -0.1568
vn 0.2897 0.9348 0.2055
vn -0.6329 -0.7486 -0.1975
vn 0.0978 0.9721 0.2134
vn -0.4697 -0.8515 -0.2331
vn -0.0978 0.9721 0.2134
vn -0.2889 -0.9213 -0.2603
vn -0.2897 0.9348 0.2055
vn -0.0975 -0.9564 -0.2753
vn -0.4705 0.8617 0.1900
vn 0.0975 -0.9564 -0.2753
vn -0.6344 0.7730 -0.0000
vn 0.9567 0.2897 0.0269
vn 0.7719 -0.6313 -0.0750
vn -0.9952 0.0978 0.0094
vn 0.8814 0.4704 0.0425
vn 0.8813 -0.4697 -0.0522
vn -0.9952 -0.0978 -0.0098
vn 0.7723 0.6328 0.0561
vn 0.9567 -0.2895 -0.0304
vn -0.9567 -0.2895 -0.0304
vn 0.6335 0.7708 0.0673
vn 0.9952 -0.0978 -0.0098
vn -0.8813 -0.4697 -0.0522
vn 0.4705 0.8791 0.0759
vn -0.7719 -0.6313 -0.0750
vn 0.2897 0.9536 0.0818
vn -0.6329 -0.7680 -0.0981
vn 0.0978 0.9916 0.0847
vn -0.4697 -0.8746 -0.1200
vn -0.0978 0.9916 0.0847
vn -0.2889 -0.9474 -0.1378
vn -0.2897 0.9536 0.0818
vn -0.0975 -0.9842 -0.1481
vn -0.4705 0.8791 0.0759
vn 0.0975 -0.9842 -0.1481
vn -0.6335 0.7708 0.0673
vn 0.2889 -0.9474 -0.1378
vn -0.7723 0.6328 0.0561
vn 0.4697 -0.8746 -0.1200
vn -0.8814 0.4704 0.0425
vn 0.9952 0.0978 0.0094
vn 0.6329 -0.7680 -0.0981
vn -0.0000 -0.0000 -1.0000
vn 0.2903 -0.9569 -0.0000
vn -0.7730 0.6344 -0.0000
vn 0.4714 -0.8819 -0.0000
vn -0.8819 0.4714 -0.0000
vn 0.9952 0.0980 -0.0000
vn 0.6344 -0.7730 -0.0000
vn -0.9569 0.2903 -0.0000
vn 0.9569 0.2903 -0.0000
vn 0.7730 -0.6344 -0.0000
vn -0.9952 0.0980 -0.0000
vn 0.8819 0.4714 -0.0000
vn 0.8819 -0.4714 -0.0000
vn -0.9952 -0.0980 -0.0000
vn 0.7730 0.6344 -0.0000
vn 0.9569 -0.2903 -0.0000
vn -0.9569 -0.2903 -0.0000
vn 0.6344 0.7730 -0.0000
vn 0.9952 -0.0980 -0.0000
vn -0.8819 -0.4714 -0.0000
vn 0.4714 0.8819 -0.0000
vn -0.7730 -0.6344 -0.0000
vn 0.2903 0.9569 -0.0000
vn -0.6344 -0.7730 -0.0000
vn 0.0980 0.9952 -0.0000
vn -0.4714 -0.8819 -0.0000
vn -0.0980 0.9952 -0.0000
vn -0.2903 -0.9569 -0.0000
vn -0.2903 0.9569 -0.0000
vn -0.0980 -0.9952 -0.0000
vn -0.4714 0.8819 -0.0000
vn 0.0980 -0.9952 -0.0000
vt 1.000000 0.500000
vt 1.000000 1.000000
vt 0.968750 1.000000
vt 0.968750 0.500000
vt 0.937500 1.000000
vt 0.937500 0.500000
vt 0.906250 1.000000
vt 0.906250 0.500000
vt 0.875000 1.000000
vt 0.875000 0.500000
vt 0.843750 1.000000
vt 0.843750 0.500000
vt 0.812500 1.000000
vt 0.812500 0.500000
vt 0.781250 1.000000
vt 0.781250 0.500000
vt 0.750000 1.000000
vt 0.750000 0.500000
vt 0.718750 1.000000
vt 0.718750 0.500000
vt 0.687500 1.000000
vt 0.687500 0.500000
vt 0.656250 1.000000
vt 0.656250 0.500000
vt 0.625000 1.000000
vt 0.625000 0.500000
vt 0.593750 1.000000
vt 0.593750 0.500000
vt 0.562500 1.000000
vt 0.562500 0.500000
vt 0.531250 1.000000
vt 0.531250 0.500000
vt 0.500000 1.000000
vt 0.500000 0.500000
vt 0.468750 1.000000
vt 0.468750 0.500000
vt 0.437500 1.000000
vt 0.437500 0.500000
vt 0.406250 1.000000
vt 0.406250 0.500000
vt 0.375000 1.000000
vt 0.375000 0.500000
vt 0.343750 1.000000
vt 0.343750 0.500000
vt 0.312500 1.000000
vt 0.312500 0.500000
vt 0.281250 1.000000
vt 0.281250 0.500000
vt 0.250000 1.000000
vt 0.250000 0.500000
vt 0.218750 1.000000
vt 0.218750 0.500000
vt 0.187500 1.000000
vt 0.187500 0.500000
vt 0.156250 1.000000
vt 0.156250 0.500000
vt 0.125000 1.000000
vt 0.125000 0.500000
vt 0.093750 1.000000
vt 0.093750 0.500000
vt 0.062500 1.000000
vt 0.062500 0.500000
vt 0.031250 1.000000
vt 0.031250 0.500000
vt 0.000000 1.000000
vt 0.000000 0.500000
vt 0.750000 0.490000
vt 0.796822 0.485388
vt 0.841844 0.471731
vt 0.883337 0.449553
vt 0.919706 0.419706
vt 0.949553 0.383337
vt 0.971731 0.341844
vt 0.985388 0.296822
vt 0.990000 0.250000
vt 0.985388 0.203178
vt 0.971731 0.158156
vt 0.949553 0.116663
vt 0.919706 0.080294
vt 0.883337 0.050447
vt 0.841844 0.028269
vt 0.796822 0.014612
vt 0.750000 0.010000
vt 0.703178 0.014612
vt 0.658156 0.028269
vt 0.616663 0.050447
vt 0.580294 0.080294
vt 0.550447 0.116663
vt 0.528269 0.158156
vt 0.514612 0.203178
vt 0.510000 0.250000
vt 0.514612 0.296822
vt 0.528269 0.341844
vt 0.550447 0.383337
vt 0.580294 0.419706
vt 0.616663 0.449553
vt 0.658156 0.471731
vt 0.703178 0.485388
vt 0.296822 0.485388
vt 0.250000 0.490000
vt 0.203178 0.485388
vt 0.158156 0.471731
vt 0.116663 0.449553
vt 0.080294 0.419706
vt 0.050447 0.383337
vt 0.028269 0.341844
vt 0.014612 0.296822
vt 0.010000 0.250000
vt 0.014612 0.203178
vt 0.028269 0.158156
vt 0.050447 0.116663
vt 0.080294 0.080294
vt 0.116663 0.050447
vt 0.158156 0.028269
vt 0.203178 0.014612
vt 0.250000 0.010000
vt 0.296822 0.014612
vt 0.341844 0.028269
vt 0.383337 0.050447
vt 0.419706 0.080294
vt 0.449553 0.116663
vt 0.471731 0.158156
vt 0.485388 0.203178
vt 0.490000 0.250000
vt 0.485388 0.296822
vt 0.471731 0.341844
vt 0.449553 0.383337
vt 0.419706 0.419706
vt 0.383337 0.449553
vt 0.341844 0.471731
s 0
usemtl escaleras.005
f 667/465/525 668/466/525 670/467/525 669/468/525
f 669/468/526 670/467/526 672/469/526 671/470/526
f 671/470/527 672/469/527 674/471/527 673/472/527
f 673/472/528 674/471/528 676/473/528 675/474/528
f 675/474/529 676/473/529 678/475/529 677/476/529
f 677/476/530 678/475/530 680/477/530 679/478/530
f 679/478/531 680/477/531 682/479/531 681/480/531
f 681/480/532 682/479/532 684/481/532 683/482/532
f 683/482/533 684/481/533 686/483/533 685/484/533
f 685/484/534 686/483/534 688/485/534 687/486/534
f 687/486/535 688/485/535 690/487/535 689/488/535
f 689/488/536 690/487/536 692/489/536 691/490/536
f 691/490/537 692/489/537 694/491/537 693/492/537
f 693/492/538 694/491/538 696/493/538 695/494/538
f 695/494/539 696/493/539 698/495/539 697/496/539
f 697/496/540 698/495/540 700/497/540 699/498/540
f 699/498/541 700/497/541 702/499/541 701/500/541
f 701/500/542 702/499/542 704/501/542 703/502/542
f 703/502/543 704/501/543 706/503/543 705/504/543
f 705/504/544 706/503/544 708/505/544 707/506/544
f 707/506/545 708/505/545 710/507/545 709/508/545
f 709/508/546 710/507/546 712/509/546 711/510/546
f 711/510/547 712/509/547 714/511/547 713/512/547
f 713/512/548 714/511/548 716/513/548 715/514/548
f 715/514/549 716/513/549 718/515/549 717/516/549
f 717/516/550 718/515/550 720/517/550 719/518/550
f 719/518/551 720/517/551 722/519/551 721/520/551
f 721/520/552 722/519/552 724/521/552 723/522/552
f 723/522/553 724/521/553 726/523/553 725/524/553
f 725/524/554 726/523/554 728/525/554 727/526/554
f 704/501/555 702/499/555 748/499/555 749/501/555
f 727/526/556 728/525/556 730/527/556 729/528/556
f 729/528/557 730/527/557 668/529/557 667/530/557
f 667/531/558 669/532/558 671/533/558 673/534/558 675/535/558 677/536/558 679/537/558 681/538/558 683/539/558 685/540/558 687/541/558 689/542/558 691/543/558 693/544/558 695/545/558 697/546/558 699/547/558 701/548/558 703/549/558 705/550/558 707/551/558 709/552/558 711/553/558 713/554/558 715/555/558 717/556/558 719/557/558 721/558/558 723/559/558 725/560/558 727/561/558 729/562/558
f 756/515/559 755/513/559 787/513/559 788/515/559
f 722/519/560 720/517/560 757/517/560 758/519/560
f 678/475/561 676/473/561 735/473/561 736/475/561
f 696/493/562 694/491/562 744/491/562 745/493/562
f 670/467/563 668/466/563 731/466/563 732/467/563
f 714/511/564 712/509/564 753/509/564 754/511/564
f 668/529/565 730/527/565 762/527/565 731/529/565
f 688/485/566 686/483/566 740/483/566 741/485/566
f 706/503/567 704/501/567 749/501/567 750/503/567
f 724/521/568 722/519/568 758/519/568 759/521/568
f 680/477/569 678/475/569 736/475/569 737/477/569
f 698/495/570 696/493/570 745/493/570 746/495/570
f 716/513/571 714/511/571 754/511/571 755/513/571
f 672/469/572 670/467/572 732/467/572 733/469/572
f 690/487/573 688/485/573 741/485/573 742/487/573
f 708/505/574 706/503/574 750/503/574 751/505/574
f 726/523/575 724/521/575 759/521/575 760/523/575
f 682/479/576 680/477/576 737/477/576 738/479/576
f 700/497/577 698/495/577 746/495/577 747/497/577
f 718/515/578 716/513/578 755/513/578 756/515/578
f 674/471/579 672/469/579 733/469/579 734/471/579
f 692/489/580 690/487/580 742/487/580 743/489/580
f 710/507/581 708/505/581 751/505/581 752/507/581
f 728/525/582 726/523/582 760/523/582 761/525/582
f 684/481/583 682/479/583 738/479/583 739/481/583
f 702/499/584 700/497/584 747/497/584 748/499/584
f 720/517/585 718/515/585 756/515/585 757/517/585
f 676/473/586 674/471/586 734/471/586 735/473/586
f 694/491/587 692/489/587 743/489/587 744/491/587
f 712/509/588 710/507/588 752/507/588 753/509/588
f 730/527/589 728/525/589 761/525/589 762/527/589
f 686/483/590 684/481/590 739/481/590 740/483/590
f 791/521/591 790/519/591 822/519/591 823/521/591
f 743/489/592 742/487/592 774/487/592 775/489/592
f 757/517/593 756/515/593 788/515/593 789/517/593
f 744/491/594 743/489/594 775/489/594 776/491/594
f 758/519/595 757/517/595 789/517/595 790/519/595
f 745/493/596 744/491/596 776/491/596 777/493/596
f 732/467/597 731/466/597 763/466/597 764/467/597
f 759/521/598 758/519/598 790/519/598 791/521/598
f 746/495/599 745/493/599 777/493/599 778/495/599
f 733/469/600 732/467/600 764/467/600 765/469/600
f 760/523/601 759/521/601 791/521/601 792/523/601
f 747/497/602 746/495/602 778/495/602 779/497/602
f 734/471/603 733/469/603 765/469/603 766/471/603
f 761/525/604 760/523/604 792/523/604 793/525/604
f 748/499/605 747/497/605 779/497/605 780/499/605
f 735/473/606 734/471/606 766/471/606 767/473/606
f 762/527/607 761/525/607 793/525/607 794/527/607
f 749/501/608 748/499/608 780/499/608 781/501/608
f 736/475/609 735/473/609 767/473/609 768/475/609
f 731/529/610 762/527/610 794/527/610 763/529/610
f 750/503/611 749/501/611 781/501/611 782/503/611
f 737/477/612 736/475/612 768/475/612 769/477/612
f 751/505/613 750/503/613 782/503/613 783/505/613
f 738/479/614 737/477/614 769/477/614 770/479/614
f 752/507/615 751/505/615 783/505/615 784/507/615
f 739/481/616 738/479/616 770/479/616 771/481/616
f 753/509/617 752/507/617 784/507/617 785/509/617
f 740/483/618 739/481/618 771/481/618 772/483/618
f 754/511/619 753/509/619 785/509/619 786/511/619
f 741/485/620 740/483/620 772/483/620 773/485/620
f 755/513/621 754/511/621 786/511/621 787/513/621
f 742/487/622 741/485/622 773/485/622 774/487/622
f 826/527/623 825/525/623 857/525/623 858/527/623
f 778/495/624 777/493/624 809/493/624 810/495/624
f 765/469/625 764/467/625 796/467/625 797/469/625
f 792/523/626 791/521/626 823/521/626 824/523/626
f 779/497/627 778/495/627 810/495/627 811/497/627
f 766/471/628 765/469/628 797/469/628 798/471/628
f 793/525/629 792/523/629 824/523/629 825/525/629
f 780/499/630 779/497/630 811/497/630 812/499/630
f 767/473/631 766/471/631 798/471/631 799/473/631
f 794/527/632 793/525/632 825/525/632 826/527/632
f 781/501/633 780/499/633 812/499/633 813/501/633
f 768/475/634 767/473/634 799/473/634 800/475/634
f 763/529/635 794/527/635 826/527/635 795/529/635
f 782/503/636 781/501/636 813/501/636 814/503/636
f 769/477/637 768/475/637 800/475/637 801/477/637
f 783/505/638 782/503/638 814/503/638 815/505/638
f 770/479/639 769/477/639 801/477/639 802/479/639
f 784/507/640 783/505/640 815/505/640 816/507/640
f 771/481/641 770/479/641 802/479/641 803/481/641
f 785/509/642 784/507/642 816/507/642 817/509/642
f 772/483/643 771/481/643 803/481/643 804/483/643
f 786/511/644 785/509/644 817/509/644 818/511/644
f 773/485/645 772/483/645 804/483/645 805/485/645
f 787/513/646 786/511/646 818/511/646 819/513/646
f 774/487/647 773/485/647 805/485/647 806/487/647
f 788/515/648 787/513/648 819/513/648 820/515/648
f 775/489/649 774/487/649 806/487/649 807/489/649
f 789/517/650 788/515/650 820/515/650 821/517/650
f 776/491/651 775/489/651 807/489/651 808/491/651
f 790/519/652 789/517/652 821/517/652 822/519/652
f 777/493/653 776/491/653 808/491/653 809/493/653
f 764/467/654 763/466/654 795/466/654 796/467/654
f 848/507/655 847/505/655 879/505/655 880/507/655
f 813/501/656 812/499/656 844/499/656 845/501/656
f 800/475/657 799/473/657 831/473/657 832/475/657
f 795/529/658 826/527/658 858/527/658 827/529/658
f 814/503/659 813/501/659 845/501/659 846/503/659
f 801/477/660 800/475/660 832/475/660 833/477/660
f 815/505/661 814/503/661 846/503/661 847/505/661
f 802/479/662 801/477/662 833/477/662 834/479/662
f 816/507/663 815/505/663 847/505/663 848/507/663
f 803/481/664 802/479/664 834/479/664 835/481/664
f 817/509/665 816/507/665 848/507/665 849/509/665
f 804/483/666 803/481/666 835/481/666 836/483/666
f 818/511/667 817/509/667 849/509/667 850/511/667
f 805/485/668 804/483/668 836/483/668 837/485/668
f 819/513/669 818/511/669 850/511/669 851/513/669
f 806/487/670 805/485/670 837/485/670 838/487/670
f 820/515/671 819/513/671 851/513/671 852/515/671
f 807/489/672 806/487/672 838/487/672 839/489/672
f 821/517/673 820/515/673 852/515/673 853/517/673
f 808/491/674 807/489/674 839/489/674 840/491/674
f 822/519/675 821/517/675 853/517/675 854/519/675
f 809/493/676 808/491/676 840/491/676 841/493/676
f 796/467/677 795/466/677 827/466/677 828/467/677
f 823/521/678 822/519/678 854/519/678 855/521/678
f 810/495/679 809/493/679 841/493/679 842/495/679
f 797/469/680 796/467/680 828/467/680 829/469/680
f 824/523/681 823/521/681 855/521/681 856/523/681
f 811/497/682 810/495/682 842/495/682 843/497/682
f 798/471/683 797/469/683 829/469/683 830/471/683
f 825/525/684 824/523/684 856/523/684 857/525/684
f 812/499/685 811/497/685 843/497/685 844/499/685
f 799/473/686 798/471/686 830/471/686 831/473/686
f 883/513/687 882/511/687 914/511/687 915/513/687
f 835/481/688 834/479/688 866/479/688 867/481/688
f 849/509/689 848/507/689 880/507/689 881/509/689
f 836/483/690 835/481/690 867/481/690 868/483/690
f 850/511/691 849/509/691 881/509/691 882/511/691
f 837/485/692 836/483/692 868/483/692 869/485/692
f 851/513/693 850/511/693 882/511/693 883/513/693
f 838/487/694 837/485/694 869/485/694 870/487/694
f 852/515/695 851/513/695 883/513/695 884/515/695
f 839/489/696 838/487/696 870/487/696 871/489/696
f 853/517/697 852/515/697 884/515/697 885/517/697
f 840/491/698 839/489/698 871/489/698 872/491/698
f 854/519/699 853/517/699 885/517/699 886/519/699
f 841/493/700 840/491/700 872/491/700 873/493/700
f 828/467/701 827/466/701 859/466/701 860/467/701
f 855/521/702 854/519/702 886/519/702 887/521/702
f 842/495/703 841/493/703 873/493/703 874/495/703
f 829/469/704 828/467/704 860/467/704 861/469/704
f 856/523/705 855/521/705 887/521/705 888/523/705
f 843/497/706 842/495/706 874/495/706 875/497/706
f 830/471/707 829/469/707 861/469/707 862/471/707
f 857/525/708 856/523/708 888/523/708 889/525/708
f 844/499/709 843/497/709 875/497/709 876/499/709
f 831/473/710 830/471/710 862/471/710 863/473/710
f 858/527/711 857/525/711 889/525/711 890/527/711
f 845/501/712 844/499/712 876/499/712 877/501/712
f 832/475/713 831/473/713 863/473/713 864/475/713
f 827/529/714 858/527/714 890/527/714 859/529/714
f 846/503/715 845/501/715 877/501/715 878/503/715
f 833/477/716 832/475/716 864/475/716 865/477/716
f 847/505/717 846/503/717 878/503/717 879/505/717
f 834/479/718 833/477/718 865/477/718 866/479/718
f 918/519/719 917/517/719 949/517/719 950/519/719
f 870/487/720 869/485/720 901/485/720 902/487/720
f 884/515/721 883/513/721 915/513/721 916/515/721
f 871/489/722 870/487/722 902/487/722 903/489/722
f 885/517/723 884/515/723 916/515/723 917/517/723
f 872/491/724 871/489/724 903/489/724 904/491/724
f 886/519/725 885/517/725 917/517/725 918/519/725
f 873/493/726 872/491/726 904/491/726 905/493/726
f 860/467/727 859/466/727 891/466/727 892/467/727
f 887/521/728 886/519/728 918/519/728 919/521/728
f 874/495/729 873/493/729 905/493/729 906/495/729
f 861/469/730 860/467/730 892/467/730 893/469/730
f 888/523/731 887/521/731 919/521/731 920/523/731
f 875/497/732 874/495/732 906/495/732 907/497/732
f 862/471/733 861/469/733 893/469/733 894/471/733
f 889/525/734 888/523/734 920/523/734 921/525/734
f 876/499/735 875/497/735 907/497/735 908/499/735
f 863/473/736 862/471/736 894/471/736 895/473/736
f 890/527/737 889/525/737 921/525/737 922/527/737
f 877/501/738 876/499/738 908/499/738 909/501/738
f 864/475/739 863/473/739 895/473/739 896/475/739
f 859/529/740 890/527/740 922/527/740 891/529/740
f 878/503/741 877/501/741 909/501/741 910/503/741
f 865/477/742 864/475/742 896/475/742 897/477/742
f 879/505/743 878/503/743 910/503/743 911/505/743
f 866/479/744 865/477/744 897/477/744 898/479/744
f 880/507/745 879/505/745 911/505/745 912/507/745
f 867/481/746 866/479/746 898/479/746 899/481/746
f 881/509/747 880/507/747 912/507/747 913/509/747
f 868/483/748 867/481/748 899/481/748 900/483/748
f 882/511/749 881/509/749 913/509/749 914/511/749
f 869/485/750 868/483/750 900/483/750 901/485/750
f 926/471/751 925/469/751 957/469/751 958/471/751
f 905/493/752 904/491/752 936/491/752 937/493/752
f 892/467/753 891/466/753 923/466/753 924/467/753
f 919/521/754 918/519/754 950/519/754 951/521/754
f 906/495/755 905/493/755 937/493/755 938/495/755
f 893/469/756 892/467/756 924/467/756 925/469/756
f 920/523/757 919/521/757 951/521/757 952/523/757
f 907/497/758 906/495/758 938/495/758 939/497/758
f 894/471/759 893/469/759 925/469/759 926/471/759
f 921/525/760 920/523/760 952/523/760 953/525/760
f 908/499/761 907/497/761 939/497/761 940/499/761
f 895/473/762 894/471/762 926/471/762 927/473/762
f 922/527/763 921/525/763 953/525/763 954/527/763
f 909/501/764 908/499/764 940/499/764 941/501/764
f 896/475/765 895/473/765 927/473/765 928/475/765
f 891/529/766 922/527/766 954/527/766 923/529/766
f 910/503/767 909/501/767 941/501/767 942/503/767
f 897/477/768 896/475/768 928/475/768 929/477/768
f 911/505/769 910/503/769 942/503/769 943/505/769
f 898/479/770 897/477/770 929/477/770 930/479/770
f 912/507/771 911/505/771 943/505/771 944/507/771
f 899/481/772 898/479/772 930/479/772 931/481/772
f 913/509/773 912/507/773 944/507/773 945/509/773
f 900/483/774 899/481/774 931/481/774 932/483/774
f 914/511/775 913/509/775 945/509/775 946/511/775
f 901/485/776 900/483/776 932/483/776 933/485/776
f 915/513/777 914/511/777 946/511/777 947/513/777
f 902/487/778 901/485/778 933/485/778 934/487/778
f 916/515/779 915/513/779 947/513/779 948/515/779
f 903/489/780 902/487/780 934/487/780 935/489/780
f 917/517/781 916/515/781 948/515/781 949/517/781
f 904/491/782 903/489/782 935/489/782 936/491/782
f 961/477/783 960/475/783 992/475/783 993/477/783
f 953/525/784 952/523/784 984/523/784 985/525/784
f 940/499/785 939/497/785 971/497/785 972/499/785
f 927/473/786 926/471/786 958/471/786 959/473/786
f 954/527/787 953/525/787 985/525/787 986/527/787
f 941/501/788 940/499/788 972/499/788 973/501/788
f 928/475/789 927/473/789 959/473/789 960/475/789
f 923/529/790 954/527/790 986/527/790 955/529/790
f 942/503/791 941/501/791 973/501/791 974/503/791
f 929/477/792 928/475/792 960/475/792 961/477/792
f 943/505/793 942/503/793 974/503/793 975/505/793
f 930/479/794 929/477/794 961/477/794 962/479/794
f 944/507/795 943/505/795 975/505/795 976/507/795
f 931/481/796 930/479/796 962/479/796 963/481/796
f 945/509/797 944/507/797 976/507/797 977/509/797
f 932/483/798 931/481/798 963/481/798 964/483/798
f 946/511/799 945/509/799 977/509/799 978/511/799
f 933/485/800 932/483/800 964/483/800 965/485/800
f 947/513/801 946/511/801 978/511/801 979/513/801
f 934/487/802 933/485/802 965/485/802 966/487/802
f 948/515/803 947/513/803 979/513/803 980/515/803
f 935/489/804 934/487/804 966/487/804 967/489/804
f 949/517/805 948/515/805 980/515/805 981/517/805
f 936/491/806 935/489/806 967/489/806 968/491/806
f 950/519/807 949/517/807 981/517/807 982/519/807
f 937/493/808 936/491/808 968/491/808 969/493/808
f 924/467/809 923/466/809 955/466/809 956/467/809
f 951/521/810 950/519/810 982/519/810 983/521/810
f 938/495/811 937/493/811 969/493/811 970/495/811
f 925/469/812 924/467/812 956/467/812 957/469/812
f 952/523/813 951/521/813 983/521/813 984/523/813
f 939/497/814 938/495/814 970/495/814 971/497/814
f 996/483/815 995/481/815 1027/481/815 1028/483/815
f 975/505/816 974/503/816 1006/503/816 1007/505/816
f 962/479/817 961/477/817 993/477/817 994/479/817
f 976/507/818 975/505/818 1007/505/818 1008/507/818
f 963/481/819 962/479/819 994/479/819 995/481/819
f 977/509/820 976/507/820 1008/507/820 1009/509/820
f 964/483/821 963/481/821 995/481/821 996/483/821
f 978/511/822 977/509/822 1009/509/822 1010/511/822
f 965/485/823 964/483/823 996/483/823 997/485/823
f 979/513/824 978/511/824 1010/511/824 1011/513/824
f 966/487/825 965/485/825 997/485/825 998/487/825
f 980/515/826 979/513/826 1011/513/826 1012/515/826
f 967/489/827 966/487/827 998/487/827 999/489/827
f 981/517/828 980/515/828 1012/515/828 1013/517/828
f 968/491/829 967/489/829 999/489/829 1000/491/829
f 982/519/830 981/517/830 1013/517/830 1014/519/830
f 969/493/831 968/491/831 1000/491/831 1001/493/831
f 956/467/832 955/466/832 987/466/832 988/467/832
f 983/521/833 982/519/833 1014/519/833 1015/521/833
f 970/495/834 969/493/834 1001/493/834 1002/495/834
f 957/469/835 956/467/835 988/467/835 989/469/835
f 984/523/836 983/521/836 1015/521/836 1016/523/836
f 971/497/837 970/495/837 1002/495/837 1003/497/837
f 958/471/838 957/469/838 989/469/838 990/471/838
f 985/525/839 984/523/839 1016/523/839 1017/525/839
f 972/499/840 971/497/840 1003/497/840 1004/499/840
f 959/473/841 958/471/841 990/471/841 991/473/841
f 986/527/842 985/525/842 1017/525/842 1018/527/842
f 973/501/843 972/499/843 1004/499/843 1005/501/843
f 960/475/844 959/473/844 991/473/844 992/475/844
f 955/529/845 986/527/845 1018/527/845 987/529/845
f 974/503/846 973/501/846 1005/501/846 1006/503/846
f 1031/489/847 1030/487/847 1062/487/847 1063/489/847
f 1010/511/848 1009/509/848 1041/509/848 1042/511/848
f 997/485/849 996/483/849 1028/483/849 1029/485/849
f 1011/513/850 1010/511/850 1042/511/850 1043/513/850
f 998/487/851 997/485/851 1029/485/851 1030/487/851
f 1012/515/852 1011/513/852 1043/513/852 1044/515/852
f 999/489/853 998/487/853 1030/487/853 1031/489/853
f 1013/517/854 1012/515/854 1044/515/854 1045/517/854
f 1000/491/855 999/489/855 1031/489/855 1032/491/855
f 1014/519/856 1013/517/856 1045/517/856 1046/519/856
f 1001/493/857 1000/491/857 1032/491/857 1033/493/857
f 988/467/858 987/466/858 1019/466/858 1020/467/858
f 1015/521/859 1014/519/859 1046/519/859 1047/521/859
f 1002/495/860 1001/493/860 1033/493/860 1034/495/860
f 989/469/861 988/467/861 1020/467/861 1021/469/861
f 1016/523/862 1015/521/862 1047/521/862 1048/523/862
f 1003/497/863 1002/495/863 1034/495/863 1035/497/863
f 990/471/864 989/469/864 1021/469/864 1022/471/864
f 1017/525/865 1016/523/865 1048/523/865 1049/525/865
f 1004/499/866 1003/497/866 1035/497/866 1036/499/866
f 991/473/867 990/471/867 1022/471/867 1023/473/867
f 1018/527/868 1017/525/868 1049/525/868 1050/527/868
f 1005/501/869 1004/499/869 1036/499/869 1037/501/869
f 992/475/870 991/473/870 1023/473/870 1024/475/870
f 987/529/871 1018/527/871 1050/527/871 1019/529/871
f 1006/503/872 1005/501/872 1037/501/872 1038/503/872
f 993/477/873 992/475/873 1024/475/873 1025/477/873
f 1007/505/874 1006/503/874 1038/503/874 1039/505/874
f 994/479/875 993/477/875 1025/477/875 1026/479/875
f 1008/507/876 1007/505/876 1039/505/876 1040/507/876
f 995/481/877 994/479/877 1026/479/877 1027/481/877
f 1009/509/878 1008/507/878 1040/507/878 1041/509/878
f 1066/495/879 1065/493/879 1097/493/879 1098/495/879
f 1045/517/880 1044/515/880 1076/515/880 1077/517/880
f 1032/491/881 1031/489/881 1063/489/881 1064/491/881
f 1046/519/882 1045/517/882 1077/517/882 1078/519/882
f 1033/493/883 1032/491/883 1064/491/883 1065/493/883
f 1020/467/884 1019/466/884 1051/466/884 1052/467/884
f 1047/521/885 1046/519/885 1078/519/885 1079/521/885
f 1034/495/886 1033/493/886 1065/493/886 1066/495/886
f 1021/469/887 1020/467/887 1052/467/887 1053/469/887
f 1048/523/888 1047/521/888 1079/521/888 1080/523/888
f 1035/497/889 1034/495/889 1066/495/889 1067/497/889
f 1022/471/890 1021/469/890 1053/469/890 1054/471/890
f 1049/525/891 1048/523/891 1080/523/891 1081/525/891
f 1036/499/892 1035/497/892 1067/497/892 1068/499/892
f 1023/473/893 1022/471/893 1054/471/893 1055/473/893
f 1050/527/894 1049/525/894 1081/525/894 1082/527/894
f 1037/501/895 1036/499/895 1068/499/895 1069/501/895
f 1024/475/896 1023/473/896 1055/473/896 1056/475/896
f 1019/529/897 1050/527/897 1082/527/897 1051/529/897
f 1038/503/898 1037/501/898 1069/501/898 1070/503/898
f 1025/477/899 1024/475/899 1056/475/899 1057/477/899
f 1039/505/900 1038/503/900 1070/503/900 1071/505/900
f 1026/479/901 1025/477/901 1057/477/901 1058/479/901
f 1040/507/902 1039/505/902 1071/505/902 1072/507/902
f 1027/481/903 1026/479/903 1058/479/903 1059/481/903
f 1041/509/904 1040/507/904 1072/507/904 1073/509/904
f 1028/483/905 1027/481/905 1059/481/905 1060/483/905
f 1042/511/906 1041/509/906 1073/509/906 1074/511/906
f 1029/485/907 1028/483/907 1060/483/907 1061/485/907
f 1043/513/908 1042/511/908 1074/511/908 1075/513/908
f 1030/487/909 1029/485/909 1061/485/909 1062/487/909
f 1044/515/910 1043/513/910 1075/513/910 1076/515/910
f 1095/489/911 1094/487/911 1126/487/911 1127/489/911
f 1053/469/912 1052/467/912 1084/467/912 1085/469/912
f 1080/523/913 1079/521/913 1111/521/913 1112/523/913
f 1067/497/914 1066/495/914 1098/495/914 1099/497/914
f 1054/471/915 1053/469/915 1085/469/915 1086/471/915
f 1081/525/916 1080/523/916 1112/523/916 1113/525/916
f 1068/499/917 1067/497/917 1099/497/917 1100/499/917
f 1055/473/918 1054/471/918 1086/471/918 1087/473/918
f 1082/527/919 1081/525/919 1113/525/919 1114/527/919
f 1069/501/920 1068/499/920 1100/499/920 1101/501/920
f 1056/475/921 1055/473/921 1087/473/921 1088/475/921
f 1051/529/922 1082/527/922 1114/527/922 1083/529/922
f 1070/503/923 1069/501/923 1101/501/923 1102/503/923
f 1057/477/924 1056/475/924 1088/475/924 1089/477/924
f 1071/505/925 1070/503/925 1102/503/925 1103/505/925
f 1058/479/926 1057/477/926 1089/477/926 1090/479/926
f 1072/507/927 1071/505/927 1103/505/927 1104/507/927
f 1059/481/928 1058/479/928 1090/479/928 1091/481/928
f 1073/509/929 1072/507/929 1104/507/929 1105/509/929
f 1060/483/930 1059/481/930 1091/481/930 1092/483/930
f 1074/511/931 1073/509/931 1105/509/931 1106/511/931
f 1061/485/932 1060/483/932 1092/483/932 1093/485/932
f 1075/513/933 1074/511/933 1106/511/933 1107/513/933
f 1062/487/934 1061/485/934 1093/485/934 1094/487/934
f 1076/515/935 1075/513/935 1107/513/935 1108/515/935
f 1063/489/936 1062/487/936 1094/487/936 1095/489/936
f 1077/517/937 1076/515/937 1108/515/937 1109/517/937
f 1064/491/938 1063/489/938 1095/489/938 1096/491/938
f 1078/519/939 1077/517/939 1109/517/939 1110/519/939
f 1065/493/940 1064/491/940 1096/491/940 1097/493/940
f 1052/467/941 1051/466/941 1083/466/941 1084/467/941
f 1079/521/942 1078/519/942 1110/519/942 1111/521/942
f 1115/563/943 1116/564/943 1146/565/943 1145/566/943 1144/567/943 1143/568/943 1142/569/943 1141/570/943 1140/571/943 1139/572/943 1138/573/943 1137/574/943 1136/575/943 1135/576/943 1134/577/943 1133/578/943 1132/579/943 1131/580/943 1130/581/943 1129/582/943 1128/583/943 1127/584/943 1126/585/943 1125/586/943 1124/587/943 1123/588/943 1122/589/943 1121/590/943 1120/591/943 1119/592/943 1118/593/943 1117/594/943
f 1109/517/944 1108/515/944 1140/515/944 1141/517/944
f 1096/491/945 1095/489/945 1127/489/945 1128/491/945
f 1110/519/946 1109/517/946 1141/517/946 1142/519/946
f 1097/493/947 1096/491/947 1128/491/947 1129/493/947
f 1084/467/948 1083/466/948 1116/466/948 1115/467/948
f 1111/521/949 1110/519/949 1142/519/949 1143/521/949
f 1098/495/950 1097/493/950 1129/493/950 1130/495/950
f 1085/469/951 1084/467/951 1115/467/951 1117/469/951
f 1112/523/952 1111/521/952 1143/521/952 1144/523/952
f 1099/497/953 1098/495/953 1130/495/953 1131/497/953
f 1086/471/954 1085/469/954 1117/469/954 1118/471/954
f 1113/525/955 1112/523/955 1144/523/955 1145/525/955
f 1100/499/956 1099/497/956 1131/497/956 1132/499/956
f 1087/473/957 1086/471/957 1118/471/957 1119/473/957
f 1114/527/958 1113/525/958 1145/525/958 1146/527/958
f 1101/501/959 1100/499/959 1132/499/959 1133/501/959
f 1088/475/960 1087/473/960 1119/473/960 1120/475/960
f 1083/529/961 1114/527/961 1146/527/961 1116/529/961
f 1102/503/962 1101/501/962 1133/501/962 1134/503/962
f 1089/477/963 1088/475/963 1120/475/963 1121/477/963
f 1103/505/964 1102/503/964 1134/503/964 1135/505/964
f 1090/479/965 1089/477/965 1121/477/965 1122/479/965
f 1104/507/966 1103/505/966 1135/505/966 1136/507/966
f 1091/481/967 1090/479/967 1122/479/967 1123/481/967
f 1105/509/968 1104/507/968 1136/507/968 1137/509/968
f 1092/483/969 1091/481/969 1123/481/969 1124/483/969
f 1106/511/970 1105/509/970 1137/509/970 1138/511/970
f 1093/485/971 1092/483/971 1124/483/971 1125/485/971
f 1107/513/972 1106/511/972 1138/511/972 1139/513/972
f 1094/487/973 1093/485/973 1125/485/973 1126/487/973
f 1108/515/974 1107/513/974 1139/513/974 1140/515/974
o Cylinder.005
v 1.467567 3.196471 0.000000
v -1.467567 3.196470 0.000000
v 1.467567 3.192470 0.040622
v -1.467567 3.192470 0.040622
v 1.467567 3.180621 0.079682
v -1.467567 3.180621 0.079682
v 1.467567 3.161379 0.115681
v -1.467567 3.161379 0.115681
v 1.467567 3.135484 0.147234
v -1.467567 3.135484 0.147234
v 1.467567 3.103931 0.173129
v -1.467567 3.103931 0.173129
v 1.467567 3.067933 0.192371
v -1.467567 3.067933 0.192371
v 1.467567 3.028872 0.204219
v -1.467567 3.028872 0.204219
v 1.467567 2.988250 0.208220
v -1.467567 2.988250 0.208220
v 1.467567 2.947628 0.204219
v -1.467567 2.947628 0.204219
v 1.467567 2.908568 0.192371
v -1.467567 2.908568 0.192371
v 1.467567 2.872569 0.173129
v -1.467567 2.872569 0.173129
v 1.467567 2.841016 0.147234
v -1.467567 2.841016 0.147234
v 1.467567 2.815121 0.115681
v -1.467567 2.815121 0.115681
v 1.467567 2.795880 0.079682
v -1.467567 2.795880 0.079682
v 1.467567 2.784031 0.040622
v -1.467567 2.784031 0.040622
v 1.467567 2.780030 0.000000
v -1.467567 2.780030 0.000000
v 1.467567 2.784031 -0.040622
v -1.467567 2.784031 -0.040622
v 1.467567 2.795880 -0.079682
v -1.467567 2.795880 -0.079682
v 1.467567 2.815121 -0.115681
v -1.467567 2.815121 -0.115681
v 1.467567 2.841016 -0.147234
v -1.467567 2.841016 -0.147234
v 1.467567 2.872569 -0.173129
v -1.467567 2.872569 -0.173129
v 1.467567 2.908568 -0.192371
v -1.467567 2.908568 -0.192371
v 1.467567 2.947628 -0.204219
v -1.467567 2.947628 -0.204219
v 1.467567 2.988250 -0.208220
v -1.467567 2.988250 -0.208220
v 1.467567 3.028872 -0.204219
v -1.467567 3.028872 -0.204219
v 1.467567 3.067933 -0.192371
v -1.467567 3.067933 -0.192371
v 1.467567 3.103931 -0.173129
v -1.467567 3.103931 -0.173129
v 1.467567 3.135484 -0.147234
v -1.467567 3.135484 -0.147234
v 1.467567 3.161379 -0.115681
v -1.467567 3.161379 -0.115681
v 1.467567 3.180621 -0.079682
v -1.467567 3.180621 -0.079682
v 1.467567 3.192470 -0.040622
v -1.467567 3.192470 -0.040622
vn -0.0000 0.9952 0.0980
vn -0.0000 0.9569 0.2903
vn -0.0000 0.8819 0.4714
vn -0.0000 0.7730 0.6344
vn -0.0000 0.6344 0.7730
vn -0.0000 0.4714 0.8819
vn -0.0000 0.2903 0.9569
vn -0.0000 0.0980 0.9952
vn -0.0000 -0.0980 0.9952
vn -0.0000 -0.2903 0.9569
vn -0.0000 -0.4714 0.8819
vn -0.0000 -0.6344 0.7730
vn -0.0000 -0.7730 0.6344
vn -0.0000 -0.8819 0.4714
vn -0.0000 -0.9569 0.2903
vn -0.0000 -0.9952 0.0980
vn -0.0000 -0.9952 -0.0980
vn -0.0000 -0.9569 -0.2903
vn -0.0000 -0.8819 -0.4714
vn -0.0000 -0.7730 -0.6344
vn -0.0000 -0.6344 -0.7730
vn -0.0000 -0.4714 -0.8819
vn -0.0000 -0.2903 -0.9569
vn -0.0000 -0.0980 -0.9952
vn -0.0000 0.0980 -0.9952
vn -0.0000 0.2903 -0.9569
vn -0.0000 0.4714 -0.8819
vn -0.0000 0.6344 -0.7730
vn -0.0000 0.7730 -0.6344
vn -0.0000 0.8819 -0.4714
vn -1.0000 -0.0000 -0.0000
vn -0.0000 0.9569 -0.2903
vn -0.0000 0.9952 -0.0980
vn 1.0000 -0.0000 -0.0000
vt 1.000000 0.500000
vt 1.000000 1.000000
vt 0.968750 1.000000
vt 0.968750 0.500000
vt 0.937500 1.000000
vt 0.937500 0.500000
vt 0.906250 1.000000
vt 0.906250 0.500000
vt 0.875000 1.000000
vt 0.875000 0.500000
vt 0.843750 1.000000
vt 0.843750 0.500000
vt 0.812500 1.000000
vt 0.812500 0.500000
vt 0.781250 1.000000
vt 0.781250 0.500000
vt 0.750000 1.000000
vt 0.750000 0.500000
vt 0.718750 1.000000
vt 0.718750 0.500000
vt 0.687500 1.000000
vt 0.687500 0.500000
vt 0.656250 1.000000
vt 0.656250 0.500000
vt 0.625000 1.000000
vt 0.625000 0.500000
vt 0.593750 1.000000
vt 0.593750 0.500000
vt 0.562500 1.000000
vt 0.562500 0.500000
vt 0.531250 1.000000
vt 0.531250 0.500000
vt 0.500000 1.000000
vt 0.500000 0.500000
vt 0.468750 1.000000
vt 0.468750 0.500000
vt 0.437500 1.000000
vt 0.437500 0.500000
vt 0.406250 1.000000
vt 0.406250 0.500000
vt 0.375000 1.000000
vt 0.375000 0.500000
vt 0.343750 1.000000
vt 0.343750 0.500000
vt 0.312500 1.000000
vt 0.312500 0.500000
vt 0.281250 1.000000
vt 0.281250 0.500000
vt 0.250000 1.000000
vt 0.250000 0.500000
vt 0.218750 1.000000
vt 0.218750 0.500000
vt 0.187500 1.000000
vt 0.187500 0.500000
vt 0.156250 1.000000
vt 0.156250 0.500000
vt 0.125000 1.000000
vt 0.125000 0.500000
vt 0.093750 1.000000
vt 0.093750 0.500000
vt 0.062500 1.000000
vt 0.062500 0.500000
vt 0.296822 0.485388
vt 0.250000 0.490000
vt 0.203178 0.485388
vt 0.158156 0.471731
vt 0.116663 0.449553
vt 0.080294 0.419706
vt 0.050447 0.383337
vt 0.028269 0.341844
vt 0.014612 0.296822
vt 0.010000 0.250000
vt 0.014612 0.203178
vt 0.028269 0.158156
vt 0.050447 0.116663
vt 0.080294 0.080294
vt 0.116663 0.050447
vt 0.158156 0.028269
vt 0.203178 0.014612
vt 0.250000 0.010000
vt 0.296822 0.014612
vt 0.341844 0.028269
vt 0.383337 0.050447
vt 0.419706 0.080294
vt 0.449553 0.116663
vt 0.471731 0.158156
vt 0.485388 0.203178
vt 0.490000 0.250000
vt 0.485388 0.296822
vt 0.471731 0.341844
vt 0.449553 0.383337
vt 0.419706 0.419706
vt 0.383337 0.449553
vt 0.341844 0.471731
vt 0.031250 1.000000
vt 0.031250 0.500000
vt 0.000000 1.000000
vt 0.000000 0.500000
vt 0.750000 0.490000
vt 0.796822 0.485388
vt 0.841844 0.471731
vt 0.883337 0.449553
vt 0.919706 0.419706
vt 0.949553 0.383337
vt 0.971731 0.341844
vt 0.985388 0.296822
vt 0.990000 0.250000
vt 0.985388 0.203178
vt 0.971731 0.158156
vt 0.949553 0.116663
vt 0.919706 0.080294
vt 0.883337 0.050447
vt 0.841844 0.028269
vt 0.796822 0.014612
vt 0.750000 0.010000
vt 0.703178 0.014612
vt 0.658156 0.028269
vt 0.616663 0.050447
vt 0.580294 0.080294
vt 0.550447 0.116663
vt 0.528269 0.158156
vt 0.514612 0.203178
vt 0.510000 0.250000
vt 0.514612 0.296822
vt 0.528269 0.341844
vt 0.550447 0.383337
vt 0.580294 0.419706
vt 0.616663 0.449553
vt 0.658156 0.471731
vt 0.703178 0.485388
s 0
usemtl escaleras.006
f 1147/595/975 1148/596/975 1150/597/975 1149/598/975
f 1149/598/976 1150/597/976 1152/599/976 1151/600/976
f 1151/600/977 1152/599/977 1154/601/977 1153/602/977
f 1153/602/978 1154/601/978 1156/603/978 1155/604/978
f 1155/604/979 1156/603/979 1158/605/979 1157/606/979
f 1157/606/980 1158/605/980 1160/607/980 1159/608/980
f 1159/608/981 1160/607/981 1162/609/981 1161/610/981
f 1161/610/982 1162/609/982 1164/611/982 1163/612/982
f 1163/612/983 1164/611/983 1166/613/983 1165/614/983
f 1165/614/984 1166/613/984 1168/615/984 1167/616/984
f 1167/616/985 1168/615/985 1170/617/985 1169/618/985
f 1169/618/986 1170/617/986 1172/619/986 1171/620/986
f 1171/620/987 1172/619/987 1174/621/987 1173/622/987
f 1173/622/988 1174/621/988 1176/623/988 1175/624/988
f 1175/624/989 1176/623/989 1178/625/989 1177/626/989
f 1177/626/990 1178/625/990 1180/627/990 1179/628/990
f 1179/628/991 1180/627/991 1182/629/991 1181/630/991
f 1181/630/992 1182/629/992 1184/631/992 1183/632/992
f 1183/632/993 1184/631/993 1186/633/993 1185/634/993
f 1185/634/994 1186/633/994 1188/635/994 1187/636/994
f 1187/636/995 1188/635/995 1190/637/995 1189/638/995
f 1189/638/996 1190/637/996 1192/639/996 1191/640/996
f 1191/640/997 1192/639/997 1194/641/997 1193/642/997
f 1193/642/998 1194/641/998 1196/643/998 1195/644/998
f 1195/644/999 1196/643/999 1198/645/999 1197/646/999
f 1197/646/1000 1198/645/1000 1200/647/1000 1199/648/1000
f 1199/648/1001 1200/647/1001 1202/649/1001 1201/650/1001
f 1201/650/1002 1202/649/1002 1204/651/1002 1203/652/1002
f 1203/652/1003 1204/651/1003 1206/653/1003 1205/654/1003
f 1205/654/1004 1206/653/1004 1208/655/1004 1207/656/1004
f 1150/657/1005 1148/658/1005 1210/659/1005 1208/660/1005 1206/661/1005 1204/662/1005 1202/663/1005 1200/664/1005 1198/665/1005 1196/666/1005 1194/667/1005 1192/668/1005 1190/669/1005 1188/670/1005 1186/671/1005 1184/672/1005 1182/673/1005 1180/674/1005 1178/675/1005 1176/676/1005 1174/677/1005 1172/678/1005 1170/679/1005 1168/680/1005 1166/681/1005 1164/682/1005 1162/683/1005 1160/684/1005 1158/685/1005 1156/686/1005 1154/687/1005 1152/688/1005
f 1207/656/1006 1208/655/1006 1210/689/1006 1209/690/1006
f 1209/690/1007 1210/689/1007 1148/691/1007 1147/692/1007
f 1147/693/1008 1149/694/1008 1151/695/1008 1153/696/1008 1155/697/1008 1157/698/1008 1159/699/1008 1161/700/1008 1163/701/1008 1165/702/1008 1167/703/1008 1169/704/1008 1171/705/1008 1173/706/1008 1175/707/1008 1177/708/1008 1179/709/1008 1181/710/1008 1183/711/1008 1185/712/1008 1187/713/1008 1189/714/1008 1191/715/1008 1193/716/1008 1195/717/1008 1197/718/1008 1199/719/1008 1201/720/1008 1203/721/1008 1205/722/1008 1207/723/1008 1209/724/1008
