# Blender 4.5.3 LTS
# www.blender.org
mtllib puertaAnim.mtl
o Cube.002
v 0.000000 9.384068 0.078763
v -0.000000 9.384068 -0.078763
v 0.000000 2.375621 0.078763
v -0.000000 2.375621 -0.078763
v -1.357397 9.384068 0.078763
v -1.337397 9.384068 -0.078763
v -1.337397 2.375621 -0.078763
v -1.357397 2.375621 0.078763
v 1.337397 9.384068 -0.078763
v 1.357397 9.384068 0.078763
v 1.357397 2.375621 0.078763
v 1.337397 2.375621 -0.078763
v 0.258057 7.784830 0.184660
v 0.258057 9.029392 0.184660
v 0.258057 7.784830 -0.184655
v 0.258057 9.029392 -0.184655
v 1.120651 7.784830 0.184660
v 1.120651 9.029392 0.184660
v 1.120651 7.784830 -0.184655
v 1.120651 9.029392 -0.184655
v 1.059354 7.784830 -0.184655
v 1.059354 9.029392 -0.184655
v 1.059354 7.784830 0.184660
v 1.059354 9.029392 0.184660
v 0.317306 7.784830 -0.184655
v 0.317306 9.029392 0.184660
v 0.317306 9.029392 -0.184655
v 0.317306 7.784830 0.184660
v 0.258057 8.972246 0.184660
v 0.258057 8.972246 -0.184655
v 1.120651 8.972246 -0.184655
v 1.120651 8.972246 0.184660
v 1.059354 8.972246 0.184660
v 1.059354 8.972246 -0.184655
v 0.317306 8.972246 -0.184655
v 0.317306 8.972246 0.184660
v 0.258057 7.843273 -0.184655
v 1.120651 7.843273 -0.184655
v 1.120651 7.843273 0.184660
v 1.059354 7.843273 0.184660
v 1.059354 7.843273 -0.184655
v 0.317306 7.843273 -0.184655
v 0.317306 7.843273 0.184660
v 0.258057 7.843273 0.184660
v 1.059354 8.972246 0.130371
v 0.317306 8.972246 0.130371
v 1.059354 7.843273 0.130371
v 0.317306 7.843273 0.130371
v 0.317306 8.972246 -0.135837
v 1.059354 8.972246 -0.135837
v 1.059354 7.843273 -0.135837
v 0.317306 7.843273 -0.135837
v -1.119622 7.784830 0.184660
v -1.119622 9.029392 0.184660
v -1.119622 7.784830 -0.184655
v -1.119622 9.029392 -0.184655
v -0.257028 7.784830 0.184660
v -0.257028 9.029392 0.184660
v -0.257028 7.784830 -0.184655
v -0.257028 9.029392 -0.184655
v -0.318325 7.784830 -0.184655
v -0.318325 9.029392 -0.184655
v -0.318325 7.784830 0.184660
v -0.318325 9.029392 0.184660
v -1.060373 7.784830 -0.184655
v -1.060373 9.029392 0.184660
v -1.060373 9.029392 -0.184655
v -1.060373 7.784830 0.184660
v -1.119622 8.972246 0.184660
v -1.119622 8.972246 -0.184655
v -0.257028 8.972246 -0.184655
v -0.257028 8.972246 0.184660
v -0.318325 8.972246 0.184660
v -0.318325 8.972246 -0.184655
v -1.060373 8.972246 -0.184655
v -1.060373 8.972246 0.184660
v -1.119622 7.843273 -0.184655
v -0.257028 7.843273 -0.184655
v -0.257028 7.843273 0.184660
v -0.318325 7.843273 0.184660
v -0.318325 7.843273 -0.184655
v -1.060373 7.843273 -0.184655
v -1.060373 7.843273 0.184660
v -1.119622 7.843273 0.184660
v -0.318325 8.972246 0.130372
v -1.060373 8.972246 0.130372
v -0.318325 7.843273 0.130372
v -1.060373 7.843273 0.130372
v -1.060373 8.972246 -0.135837
v -0.318325 8.972246 -0.135837
v -0.318325 7.843273 -0.135837
v -1.060373 7.843273 -0.135837
v -1.119622 6.248409 0.184660
v -1.119622 7.492971 0.184660
v -1.119622 6.248409 -0.184655
v -1.119622 7.492971 -0.184655
v -0.257028 6.248409 0.184660
v -0.257028 7.492971 0.184660
v -0.257028 6.248409 -0.184655
v -0.257028 7.492971 -0.184655
v -0.318325 6.248409 -0.184655
v -0.318325 7.492971 -0.184655
v -0.318325 6.248409 0.184660
v -0.318325 7.492971 0.184660
v -1.060373 6.248409 -0.184655
v -1.060373 7.492971 0.184660
v -1.060373 7.492971 -0.184655
v -1.060373 6.248409 0.184660
v -1.119622 7.435826 0.184660
v -1.119622 7.435826 -0.184655
v -0.257028 7.435826 -0.184655
v -0.257028 7.435826 0.184660
v -0.318325 7.435826 0.184660
v -0.318325 7.435826 -0.184655
v -1.060373 7.435826 -0.184655
v -1.060373 7.435826 0.184660
v -1.119622 6.306852 -0.184655
v -0.257028 6.306852 -0.184655
v -0.257028 6.306852 0.184660
v -0.318325 6.306852 0.184660
v -0.318325 6.306852 -0.184655
v -1.060373 6.306852 -0.184655
v -1.060373 6.306852 0.184660
v -1.119622 6.306852 0.184660
v -0.318325 7.435826 0.130372
v -1.060373 7.435826 0.130372
v -0.318325 6.306852 0.130372
v -1.060373 6.306852 0.130372
v -1.060373 7.435826 -0.135837
v -0.318325 7.435826 -0.135837
v -0.318325 6.306852 -0.135837
v -1.060373 6.306852 -0.135837
v 0.258057 6.248409 0.184660
v 0.258057 7.492971 0.184660
v 0.258057 6.248409 -0.184655
v 0.258057 7.492971 -0.184655
v 1.120651 6.248409 0.184660
v 1.120651 7.492971 0.184660
v 1.120651 6.248409 -0.184655
v 1.120651 7.492971 -0.184655
v 1.059354 6.248409 -0.184655
v 1.059354 7.492971 -0.184655
v 1.059354 6.248409 0.184660
v 1.059354 7.492971 0.184660
v 0.317306 6.248409 -0.184655
v 0.317306 7.492971 0.184660
v 0.317306 7.492971 -0.184655
v 0.317306 6.248409 0.184660
v 0.258057 7.435826 0.184660
v 0.258057 7.435826 -0.184655
v 1.120651 7.435826 -0.184655
v 1.120651 7.435826 0.184660
v 1.059354 7.435826 0.184660
v 1.059354 7.435826 -0.184655
v 0.317306 7.435826 -0.184655
v 0.317306 7.435826 0.184660
v 0.258057 6.306852 -0.184655
v 1.120651 6.306852 -0.184655
v 1.120651 6.306852 0.184660
v 1.059354 6.306852 0.184660
v 1.059354 6.306852 -0.184655
v 0.317306 6.306852 -0.184655
v 0.317306 6.306852 0.184660
v 0.258057 6.306852 0.184660
v 1.059354 7.435826 0.130371
v 0.317306 7.435826 0.130371
v 1.059354 6.306852 0.130371
v 0.317306 6.306852 0.130371
v 0.317306 7.435826 -0.135837
v 1.059354 7.435826 -0.135837
v 1.059354 6.306852 -0.135837
v 0.317306 6.306852 -0.135837
v 1.203962 5.186021 -0.124594
v 1.203962 5.905884 -0.124594
v 1.203962 5.186021 -0.028374
v 1.203962 5.905884 -0.028374
v 0.878085 5.186021 -0.124594
v 0.878085 5.905884 -0.124594
v 0.878085 5.186021 -0.028375
v 0.878085 5.905884 -0.028375
v 1.041025 5.659135 -0.046281
v 1.041025 5.621579 -0.008725
v 1.041025 5.572509 0.011601
v 1.041025 5.545953 0.014216
v 1.041025 5.519396 0.011601
v 1.041025 5.470326 -0.008725
v 1.035844 5.679461 -0.095861
v 1.030862 5.671714 -0.070816
v 1.026271 5.659135 -0.047734
v 1.022246 5.642206 -0.027503
v 1.018944 5.621579 -0.010899
v 1.016490 5.598045 0.001438
v 1.014979 5.572509 0.009035
v 1.014468 5.545953 0.011601
v 1.014979 5.519396 0.009035
v 1.016490 5.493860 0.001438
v 1.018944 5.470326 -0.010899
v 1.022246 5.449699 -0.027503
v 1.026271 5.432770 -0.047734
v 1.030862 5.420191 -0.070816
v 1.035844 5.412445 -0.095861
v 1.030862 5.679461 -0.097372
v 1.021090 5.671714 -0.073780
v 1.012084 5.659135 -0.052038
v 1.004190 5.642206 -0.032980
v 0.997712 5.621579 -0.017340
v 0.992898 5.598045 -0.005718
v 0.989933 5.572509 0.001438
v 0.988932 5.545953 0.003855
v 0.989933 5.519396 0.001438
v 0.992898 5.493860 -0.005718
v 0.997712 5.470326 -0.017340
v 1.004190 5.449699 -0.032980
v 1.012084 5.432770 -0.052038
v 1.021090 5.420191 -0.073780
v 1.030862 5.412445 -0.097372
v 1.026271 5.679461 -0.099826
v 1.012084 5.671714 -0.078594
v 0.999009 5.659135 -0.059026
v 0.987549 5.642206 -0.041875
v 0.978144 5.621579 -0.027799
v 0.971155 5.598045 -0.017340
v 0.966852 5.572509 -0.010899
v 0.965398 5.545953 -0.008725
v 0.966852 5.519396 -0.010899
v 0.971155 5.493860 -0.017340
v 0.978144 5.470326 -0.027799
v 0.987549 5.449699 -0.041875
v 0.999009 5.432770 -0.059026
v 1.012084 5.420191 -0.078594
v 1.026271 5.412445 -0.099826
v 1.022246 5.679461 -0.103129
v 1.004190 5.671714 -0.085072
v 0.987549 5.659135 -0.068431
v 0.972963 5.642206 -0.053845
v 0.960993 5.621579 -0.041875
v 0.952098 5.598045 -0.032980
v 0.946620 5.572509 -0.027503
v 0.944771 5.545953 -0.025653
v 0.946620 5.519396 -0.027503
v 0.952098 5.493860 -0.032980
v 0.960993 5.470326 -0.041875
v 0.972963 5.449699 -0.053845
v 0.987549 5.432770 -0.068431
v 1.004190 5.420191 -0.085072
v 1.022246 5.412445 -0.103129
v 1.018944 5.679461 -0.107153
v 0.997712 5.671714 -0.092966
v 0.978144 5.659135 -0.079891
v 0.960993 5.642206 -0.068431
v 0.946917 5.621579 -0.059026
v 0.936458 5.598045 -0.052038
v 0.930017 5.572509 -0.047734
v 0.927842 5.545953 -0.046281
v 0.930017 5.519396 -0.047734
v 0.936458 5.493860 -0.052038
v 0.946917 5.470326 -0.059026
v 0.960993 5.449699 -0.068431
v 0.978144 5.432770 -0.079891
v 0.997712 5.420191 -0.092966
v 1.018944 5.412445 -0.107153
v 1.041025 5.682076 -0.121907
v 1.016490 5.679461 -0.111744
v 0.992898 5.671714 -0.101972
v 0.971155 5.659135 -0.092966
v 0.952098 5.642206 -0.085072
v 0.936458 5.621579 -0.078594
v 0.924836 5.598045 -0.073780
v 0.917679 5.572509 -0.070816
v 0.915263 5.545953 -0.069815
v 0.917679 5.519396 -0.070816
v 0.924836 5.493860 -0.073780
v 0.936458 5.470326 -0.078594
v 0.952098 5.449699 -0.085072
v 0.971155 5.432770 -0.092966
v 0.992898 5.420191 -0.101972
v 1.016490 5.412445 -0.111744
v 1.014979 5.679461 -0.116726
v 0.989933 5.671714 -0.111744
v 0.966852 5.659135 -0.107153
v 0.946620 5.642206 -0.103129
v 0.930017 5.621579 -0.099826
v 0.917679 5.598045 -0.097372
v 0.910082 5.572509 -0.095861
v 0.907517 5.545953 -0.095351
v 0.910082 5.519396 -0.095861
v 0.917679 5.493860 -0.097372
v 0.930017 5.470326 -0.099826
v 0.946620 5.449699 -0.103129
v 0.966852 5.432770 -0.107153
v 0.989933 5.420191 -0.111744
v 1.014979 5.412445 -0.116726
v 1.014468 5.679461 -0.121907
v 0.988932 5.671714 -0.121907
v 0.965398 5.659135 -0.121907
v 0.944771 5.642206 -0.121907
v 0.927842 5.621579 -0.121907
v 0.915263 5.598045 -0.121907
v 0.907517 5.572509 -0.121907
v 0.904901 5.545953 -0.121907
v 0.907517 5.519396 -0.121907
v 0.915263 5.493860 -0.121907
v 0.927842 5.470326 -0.121907
v 0.944771 5.449699 -0.121907
v 0.965398 5.432770 -0.121907
v 0.988932 5.420191 -0.121907
v 1.014468 5.412445 -0.121907
v 1.014979 5.679461 -0.127088
v 0.989933 5.671714 -0.132070
v 0.966852 5.659135 -0.136661
v 0.946620 5.642206 -0.140685
v 0.930017 5.621579 -0.143988
v 0.917679 5.598045 -0.146442
v 0.910082 5.572509 -0.147953
v 0.907517 5.545953 -0.148463
v 0.910082 5.519396 -0.147953
v 0.917679 5.493860 -0.146442
v 0.930017 5.470326 -0.143988
v 0.946620 5.449699 -0.140685
v 0.966852 5.432770 -0.136661
v 0.989933 5.420191 -0.132070
v 1.014979 5.412445 -0.127088
v 1.016490 5.679461 -0.132070
v 0.992898 5.671714 -0.141842
v 0.971155 5.659135 -0.150848
v 0.952098 5.642206 -0.158742
v 0.936458 5.621579 -0.165220
v 0.924836 5.598045 -0.170034
v 0.917680 5.572509 -0.172998
v 0.915263 5.545953 -0.173999
v 0.917680 5.519396 -0.172998
v 0.924836 5.493860 -0.170034
v 0.936458 5.470326 -0.165220
v 0.952098 5.449699 -0.158742
v 0.971155 5.432770 -0.150848
v 0.992898 5.420191 -0.141842
v 1.016490 5.412445 -0.132070
v 1.018944 5.679461 -0.136661
v 0.997712 5.671714 -0.150848
v 0.978144 5.659135 -0.163923
v 0.960993 5.642206 -0.175383
v 0.946917 5.621579 -0.184788
v 0.936458 5.598045 -0.191776
v 0.930017 5.572509 -0.196080
v 0.927842 5.545953 -0.197533
v 0.930017 5.519396 -0.196080
v 0.936458 5.493860 -0.191776
v 0.946917 5.470326 -0.184788
v 0.960993 5.449699 -0.175383
v 0.978144 5.432770 -0.163923
v 0.997712 5.420191 -0.150848
v 1.018944 5.412445 -0.136661
v 1.022246 5.679461 -0.140685
v 1.004190 5.671714 -0.158742
v 0.987549 5.659135 -0.175383
v 0.972963 5.642206 -0.189969
v 0.960993 5.621579 -0.201939
v 0.952098 5.598045 -0.210834
v 0.946620 5.572509 -0.216311
v 0.944771 5.545953 -0.218161
v 0.946620 5.519396 -0.216311
v 0.952098 5.493860 -0.210834
v 0.960993 5.470326 -0.201939
v 0.972963 5.449699 -0.189969
v 0.987549 5.432770 -0.175383
v 1.004190 5.420191 -0.158742
v 1.022246 5.412445 -0.140685
v 1.026271 5.679461 -0.143988
v 1.012084 5.671714 -0.165220
v 0.999009 5.659135 -0.184788
v 0.987549 5.642206 -0.201939
v 0.978144 5.621579 -0.216015
v 0.971155 5.598045 -0.226474
v 0.966852 5.572509 -0.232915
v 0.965399 5.545953 -0.235089
v 0.966852 5.519396 -0.232915
v 0.971155 5.493860 -0.226474
v 0.978144 5.470326 -0.216015
v 0.987549 5.449699 -0.201939
v 0.999009 5.432770 -0.184788
v 1.012084 5.420191 -0.165220
v 1.026271 5.412445 -0.143988
v 1.030862 5.679461 -0.146442
v 1.021090 5.671714 -0.170034
v 1.012084 5.659135 -0.191776
v 1.004190 5.642206 -0.210834
v 0.997712 5.621579 -0.226474
v 0.992898 5.598045 -0.238096
v 0.989933 5.572509 -0.245252
v 0.988933 5.545953 -0.247669
v 0.989933 5.519396 -0.245252
v 0.992898 5.493860 -0.238096
v 0.997712 5.470326 -0.226474
v 1.004190 5.449699 -0.210834
v 1.012084 5.432770 -0.191776
v 1.021090 5.420191 -0.170034
v 1.030862 5.412445 -0.146442
v 1.035844 5.679461 -0.147953
v 1.030862 5.671714 -0.172998
v 1.026271 5.659135 -0.196080
v 1.022246 5.642206 -0.216311
v 1.018944 5.621579 -0.232915
v 1.016490 5.598045 -0.245252
v 1.014979 5.572509 -0.252849
v 1.014468 5.545953 -0.255415
v 1.014979 5.519396 -0.252849
v 1.016490 5.493860 -0.245252
v 1.018944 5.470326 -0.232915
v 1.022246 5.449699 -0.216311
v 1.026271 5.432770 -0.196080
v 1.030862 5.420191 -0.172998
v 1.035844 5.412445 -0.147953
v 1.041025 5.679461 -0.148463
v 1.041025 5.671714 -0.173999
v 1.041025 5.659135 -0.197533
v 1.041025 5.642206 -0.218161
v 1.041025 5.621579 -0.235089
v 1.041025 5.598045 -0.247669
v 1.041025 5.572509 -0.255415
v 1.041025 5.545953 -0.258030
v 1.041025 5.519396 -0.255415
v 1.041025 5.493860 -0.247669
v 1.041025 5.470326 -0.235089
v 1.041025 5.449699 -0.218161
v 1.041025 5.432770 -0.197533
v 1.041025 5.420191 -0.173999
v 1.041025 5.412445 -0.148463
v 1.046206 5.679461 -0.147953
v 1.051187 5.671714 -0.172998
v 1.055779 5.659135 -0.196080
v 1.059803 5.642206 -0.216311
v 1.063105 5.621579 -0.232915
v 1.065560 5.598045 -0.245252
v 1.067071 5.572509 -0.252849
v 1.067581 5.545953 -0.255415
v 1.067071 5.519396 -0.252849
v 1.065560 5.493860 -0.245252
v 1.063105 5.470326 -0.232915
v 1.059803 5.449699 -0.216311
v 1.055779 5.432770 -0.196080
v 1.051187 5.420191 -0.172998
v 1.046206 5.412445 -0.147953
v 1.051187 5.679461 -0.146442
v 1.060959 5.671714 -0.170034
v 1.069965 5.659135 -0.191776
v 1.077859 5.642206 -0.210834
v 1.084338 5.621579 -0.226474
v 1.089152 5.598045 -0.238096
v 1.092116 5.572509 -0.245252
v 1.093117 5.545953 -0.247669
v 1.092116 5.519396 -0.245252
v 1.089152 5.493860 -0.238096
v 1.084338 5.470326 -0.226474
v 1.077859 5.449699 -0.210834
v 1.069965 5.432770 -0.191776
v 1.060959 5.420191 -0.170034
v 1.051187 5.412445 -0.146442
v 1.055779 5.679461 -0.143988
v 1.069965 5.671714 -0.165220
v 1.083040 5.659135 -0.184788
v 1.094500 5.642206 -0.201939
v 1.103905 5.621579 -0.216015
v 1.110894 5.598045 -0.226474
v 1.115198 5.572509 -0.232915
v 1.116651 5.545953 -0.235089
v 1.115198 5.519396 -0.232915
v 1.110894 5.493860 -0.226474
v 1.103905 5.470326 -0.216015
v 1.094500 5.449699 -0.201939
v 1.083040 5.432770 -0.184788
v 1.069965 5.420191 -0.165220
v 1.055779 5.412445 -0.143988
v 1.059803 5.679461 -0.140685
v 1.077859 5.671714 -0.158742
v 1.094500 5.659135 -0.175383
v 1.109086 5.642206 -0.189969
v 1.121057 5.621579 -0.201939
v 1.129951 5.598045 -0.210834
v 1.135429 5.572509 -0.216311
v 1.137278 5.545953 -0.218161
v 1.135429 5.519396 -0.216311
v 1.129951 5.493860 -0.210834
v 1.121057 5.470326 -0.201939
v 1.109086 5.449699 -0.189969
v 1.094500 5.432770 -0.175383
v 1.077859 5.420191 -0.158742
v 1.059803 5.412445 -0.140685
v 1.041025 5.409829 -0.121907
v 1.063105 5.679461 -0.136661
v 1.084338 5.671714 -0.150848
v 1.103905 5.659135 -0.163923
v 1.121057 5.642206 -0.175383
v 1.135132 5.621579 -0.184788
v 1.145591 5.598045 -0.191776
v 1.152032 5.572509 -0.196080
v 1.154207 5.545953 -0.197533
v 1.152032 5.519396 -0.196080
v 1.145591 5.493860 -0.191776
v 1.135132 5.470326 -0.184788
v 1.121057 5.449699 -0.175383
v 1.103905 5.432770 -0.163923
v 1.084338 5.420191 -0.150848
v 1.063105 5.412445 -0.136661
v 1.065560 5.679461 -0.132070
v 1.089152 5.671714 -0.141842
v 1.110894 5.659135 -0.150848
v 1.129951 5.642206 -0.158742
v 1.145591 5.621579 -0.165220
v 1.157213 5.598045 -0.170034
v 1.164370 5.572509 -0.172998
v 1.166786 5.545953 -0.173999
v 1.164370 5.519396 -0.172998
v 1.157213 5.493860 -0.170034
v 1.145591 5.470326 -0.165220
v 1.129951 5.449699 -0.158742
v 1.110894 5.432770 -0.150848
v 1.089152 5.420191 -0.141842
v 1.065560 5.412445 -0.132070
v 1.067071 5.679461 -0.127088
v 1.092116 5.671714 -0.132070
v 1.115198 5.659135 -0.136661
v 1.135429 5.642206 -0.140685
v 1.152032 5.621579 -0.143988
v 1.164370 5.598045 -0.146442
v 1.171967 5.572509 -0.147953
v 1.174532 5.545953 -0.148463
v 1.171967 5.519396 -0.147953
v 1.164370 5.493860 -0.146442
v 1.152032 5.470326 -0.143988
v 1.135429 5.449699 -0.140685
v 1.115198 5.432770 -0.136661
v 1.092116 5.420191 -0.132070
v 1.067071 5.412445 -0.127088
v 1.067581 5.679461 -0.121907
v 1.093117 5.671714 -0.121907
v 1.116651 5.659135 -0.121907
v 1.137278 5.642206 -0.121907
v 1.154207 5.621579 -0.121907
v 1.166786 5.598045 -0.121907
v 1.174532 5.572509 -0.121907
v 1.177148 5.545953 -0.121907
v 1.174532 5.519396 -0.121907
v 1.166786 5.493860 -0.121907
v 1.154207 5.470326 -0.121907
v 1.137278 5.449699 -0.121907
v 1.116651 5.432770 -0.121907
v 1.093117 5.420191 -0.121907
v 1.067581 5.412445 -0.121907
v 1.067071 5.679461 -0.116726
v 1.092116 5.671714 -0.111744
v 1.115198 5.659135 -0.107153
v 1.135429 5.642206 -0.103129
v 1.152032 5.621579 -0.099826
v 1.164370 5.598045 -0.097372
v 1.171967 5.572509 -0.095861
v 1.174532 5.545953 -0.095351
v 1.171967 5.519396 -0.095861
v 1.164370 5.493860 -0.097372
v 1.152032 5.470326 -0.099826
v 1.135429 5.449699 -0.103129
v 1.115198 5.432770 -0.107153
v 1.092116 5.420191 -0.111744
v 1.067071 5.412445 -0.116726
v 1.065560 5.679461 -0.111744
v 1.089152 5.671714 -0.101972
v 1.110894 5.659135 -0.092966
v 1.129951 5.642206 -0.085072
v 1.145591 5.621579 -0.078594
v 1.157213 5.598045 -0.073780
v 1.164370 5.572509 -0.070816
v 1.166786 5.545953 -0.069815
v 1.164370 5.519396 -0.070816
v 1.157213 5.493860 -0.073780
v 1.145591 5.470326 -0.078594
v 1.129951 5.449699 -0.085072
v 1.110894 5.432770 -0.092966
v 1.089152 5.420191 -0.101972
v 1.065560 5.412445 -0.111744
v 1.063105 5.679461 -0.107153
v 1.084338 5.671714 -0.092966
v 1.103905 5.659135 -0.079891
v 1.121057 5.642206 -0.068431
v 1.135132 5.621579 -0.059026
v 1.145591 5.598045 -0.052038
v 1.152032 5.572509 -0.047734
v 1.154207 5.545953 -0.046281
v 1.152032 5.519396 -0.047734
v 1.145591 5.493860 -0.052038
v 1.135132 5.470326 -0.059026
v 1.121057 5.449699 -0.068431
v 1.103905 5.432770 -0.079891
v 1.084338 5.420191 -0.092966
v 1.063105 5.412445 -0.107153
v 1.059803 5.679461 -0.103129
v 1.077859 5.671714 -0.085072
v 1.094500 5.659135 -0.068431
v 1.109086 5.642206 -0.053845
v 1.121057 5.621579 -0.041875
v 1.129951 5.598045 -0.032980
v 1.135429 5.572509 -0.027503
v 1.137278 5.545953 -0.025653
v 1.135429 5.519396 -0.027503
v 1.129951 5.493860 -0.032980
v 1.121057 5.470326 -0.041875
v 1.109086 5.449699 -0.053845
v 1.094500 5.432770 -0.068431
v 1.077859 5.420191 -0.085072
v 1.059803 5.412445 -0.103129
v 1.055779 5.679461 -0.099826
v 1.069965 5.671714 -0.078594
v 1.083040 5.659135 -0.059026
v 1.094500 5.642206 -0.041875
v 1.103905 5.621579 -0.027799
v 1.110894 5.598045 -0.017340
v 1.115198 5.572509 -0.010899
v 1.116650 5.545953 -0.008725
v 1.115198 5.519396 -0.010899
v 1.110894 5.493860 -0.017340
v 1.103905 5.470326 -0.027799
v 1.094500 5.449699 -0.041875
v 1.083040 5.432770 -0.059026
v 1.069965 5.420191 -0.078594
v 1.055779 5.412445 -0.099826
v 1.051187 5.679461 -0.097372
v 1.060959 5.671714 -0.073780
v 1.069965 5.659135 -0.052038
v 1.077859 5.642206 -0.032980
v 1.084338 5.621579 -0.017340
v 1.089152 5.598045 -0.005719
v 1.092116 5.572509 0.001438
v 1.093117 5.545953 0.003854
v 1.092116 5.519396 0.001438
v 1.089152 5.493860 -0.005719
v 1.084338 5.470326 -0.017340
v 1.077859 5.449699 -0.032980
v 1.069965 5.432770 -0.052038
v 1.060959 5.420191 -0.073780
v 1.051187 5.412445 -0.097372
v 1.046206 5.679461 -0.095861
v 1.051187 5.671714 -0.070816
v 1.055778 5.659135 -0.047734
v 1.059803 5.642206 -0.027503
v 1.063105 5.621579 -0.010899
v 1.065560 5.598045 0.001438
v 1.067071 5.572509 0.009035
v 1.067581 5.545953 0.011601
v 1.067071 5.519396 0.009035
v 1.065560 5.493860 0.001438
v 1.063105 5.470326 -0.010899
v 1.059803 5.449699 -0.027503
v 1.055778 5.432770 -0.047734
v 1.051187 5.420191 -0.070816
v 1.046206 5.412445 -0.095861
v 1.041025 5.679461 -0.095351
v 1.041025 5.671714 -0.069815
v 1.041025 5.642206 -0.025653
v 1.041025 5.598045 0.003854
v 1.041025 5.493860 0.003854
v 1.041025 5.449699 -0.025653
v 1.041025 5.432770 -0.046281
v 1.041025 5.420191 -0.069815
v 1.041025 5.412445 -0.095351
v 0.878085 5.186021 0.142523
v 0.878085 5.905884 0.142523
v 0.878085 5.186021 0.046303
v 0.878085 5.905884 0.046303
v 1.203962 5.186021 0.142523
v 1.203962 5.905884 0.142523
v 1.203962 5.186021 0.046303
v 1.203962 5.905884 0.046303
v 1.041022 5.659135 0.064210
v 1.041022 5.621579 0.026653
v 1.041022 5.572509 0.006328
v 1.041022 5.545953 0.003712
v 1.041022 5.519396 0.006328
v 1.041022 5.470326 0.026653
v 1.046203 5.679461 0.113790
v 1.051185 5.671714 0.088745
v 1.055776 5.659135 0.065663
v 1.059800 5.642206 0.045431
v 1.063103 5.621579 0.028828
v 1.065557 5.598045 0.016491
v 1.067068 5.572509 0.008893
v 1.067579 5.545953 0.006328
v 1.067068 5.519396 0.008893
v 1.065557 5.493860 0.016491
v 1.063103 5.470326 0.028828
v 1.059800 5.449699 0.045431
v 1.055776 5.432770 0.065663
v 1.051185 5.420191 0.088745
v 1.046203 5.412445 0.113790
v 1.051185 5.679461 0.115301
v 1.060957 5.671714 0.091709
v 1.069963 5.659135 0.069966
v 1.077857 5.642206 0.050909
v 1.084335 5.621579 0.035269
v 1.089149 5.598045 0.023647
v 1.092113 5.572509 0.016491
v 1.093114 5.545953 0.014074
v 1.092113 5.519396 0.016491
v 1.089149 5.493860 0.023647
v 1.084335 5.470326 0.035269
v 1.077857 5.449699 0.050909
v 1.069963 5.432770 0.069966
v 1.060957 5.420191 0.091709
v 1.051185 5.412445 0.115301
v 1.055776 5.679461 0.117755
v 1.069963 5.671714 0.096523
v 1.083038 5.659135 0.076955
v 1.094498 5.642206 0.059804
v 1.103903 5.621579 0.045728
v 1.110891 5.598045 0.035269
v 1.115195 5.572509 0.028828
v 1.116648 5.545953 0.026653
v 1.115195 5.519396 0.028828
v 1.110891 5.493860 0.035269
v 1.103903 5.470326 0.045728
v 1.094498 5.449699 0.059804
v 1.083038 5.432770 0.076955
v 1.069963 5.420191 0.096523
v 1.055776 5.412445 0.117755
v 1.059800 5.679461 0.121058
v 1.077857 5.671714 0.103001
v 1.094498 5.659135 0.086360
v 1.109084 5.642206 0.071774
v 1.121054 5.621579 0.059804
v 1.129949 5.598045 0.050909
v 1.135426 5.572509 0.045431
v 1.137276 5.545953 0.043582
v 1.135426 5.519396 0.045431
v 1.129949 5.493860 0.050909
v 1.121054 5.470326 0.059804
v 1.109084 5.449699 0.071774
v 1.094498 5.432770 0.086360
v 1.077857 5.420191 0.103001
v 1.059800 5.412445 0.121058
v 1.063103 5.679461 0.125082
v 1.084335 5.671714 0.110895
v 1.103903 5.659135 0.097820
v 1.121054 5.642206 0.086360
v 1.135130 5.621579 0.076955
v 1.145589 5.598045 0.069966
v 1.152030 5.572509 0.065663
v 1.154205 5.545953 0.064210
v 1.152030 5.519396 0.065663
v 1.145589 5.493860 0.069966
v 1.135130 5.470326 0.076955
v 1.121054 5.449699 0.086360
v 1.103903 5.432770 0.097820
v 1.084335 5.420191 0.110895
v 1.063103 5.412445 0.125082
v 1.041022 5.682076 0.139836
v 1.065557 5.679461 0.129673
v 1.089149 5.671714 0.119901
v 1.110891 5.659135 0.110895
v 1.129949 5.642206 0.103001
v 1.145589 5.621579 0.096523
v 1.157211 5.598045 0.091709
v 1.164367 5.572509 0.088745
v 1.166784 5.545953 0.087744
v 1.164367 5.519396 0.088745
v 1.157211 5.493860 0.091709
v 1.145589 5.470326 0.096523
v 1.129949 5.449699 0.103001
v 1.110891 5.432770 0.110895
v 1.089149 5.420191 0.119901
v 1.065557 5.412445 0.129673
v 1.067068 5.679461 0.134655
v 1.092113 5.671714 0.129673
v 1.115195 5.659135 0.125082
v 1.135426 5.642206 0.121058
v 1.152030 5.621579 0.117755
v 1.164367 5.598045 0.115301
v 1.171965 5.572509 0.113790
v 1.174530 5.545953 0.113279
v 1.171965 5.519396 0.113790
v 1.164367 5.493860 0.115301
v 1.152030 5.470326 0.117755
v 1.135426 5.449699 0.121058
v 1.115195 5.432770 0.125082
v 1.092113 5.420191 0.129673
v 1.067068 5.412445 0.134655
v 1.067579 5.679461 0.139836
v 1.093114 5.671714 0.139836
v 1.116648 5.659135 0.139836
v 1.137276 5.642206 0.139836
v 1.154204 5.621579 0.139836
v 1.166784 5.598045 0.139836
v 1.174530 5.572509 0.139836
v 1.177145 5.545953 0.139836
v 1.174530 5.519396 0.139836
v 1.166784 5.493860 0.139836
v 1.154204 5.470326 0.139836
v 1.137276 5.449699 0.139836
v 1.116648 5.432770 0.139836
v 1.093114 5.420191 0.139836
v 1.067579 5.412445 0.139836
v 1.067068 5.679461 0.145017
v 1.092113 5.671714 0.149998
v 1.115195 5.659135 0.154590
v 1.135426 5.642206 0.158614
v 1.152030 5.621579 0.161917
v 1.164367 5.598045 0.164371
v 1.171965 5.572509 0.165882
v 1.174530 5.545953 0.166392
v 1.171965 5.519396 0.165882
v 1.164367 5.493860 0.164371
v 1.152030 5.470326 0.161917
v 1.135426 5.449699 0.158614
v 1.115195 5.432770 0.154590
v 1.092113 5.420191 0.149998
v 1.067068 5.412445 0.145017
v 1.065557 5.679461 0.149998
v 1.089149 5.671714 0.159771
v 1.110891 5.659135 0.168777
v 1.129949 5.642206 0.176670
v 1.145589 5.621579 0.183149
v 1.157211 5.598045 0.187963
v 1.164367 5.572509 0.190927
v 1.166784 5.545953 0.191928
v 1.164367 5.519396 0.190927
v 1.157211 5.493860 0.187963
v 1.145589 5.470326 0.183149
v 1.129949 5.449699 0.176670
v 1.110891 5.432770 0.168777
v 1.089149 5.420191 0.159771
v 1.065557 5.412445 0.149998
v 1.063103 5.679461 0.154590
v 1.084335 5.671714 0.168777
v 1.103903 5.659135 0.181851
v 1.121054 5.642206 0.193311
v 1.135130 5.621579 0.202717
v 1.145589 5.598045 0.209705
v 1.152030 5.572509 0.214009
v 1.154204 5.545953 0.215462
v 1.152030 5.519396 0.214009
v 1.145589 5.493860 0.209705
v 1.135130 5.470326 0.202717
v 1.121054 5.449699 0.193311
v 1.103903 5.432770 0.181851
v 1.084335 5.420191 0.168777
v 1.063103 5.412445 0.154590
v 1.059800 5.679461 0.158614
v 1.077857 5.671714 0.176670
v 1.094498 5.659135 0.193311
v 1.109084 5.642206 0.207897
v 1.121054 5.621579 0.219868
v 1.129949 5.598045 0.228763
v 1.135426 5.572509 0.234240
v 1.137276 5.545953 0.236089
v 1.135426 5.519396 0.234240
v 1.129949 5.493860 0.228763
v 1.121054 5.470326 0.219868
v 1.109084 5.449699 0.207897
v 1.094498 5.432770 0.193311
v 1.077857 5.420191 0.176670
v 1.059800 5.412445 0.158614
v 1.055776 5.679461 0.161917
v 1.069963 5.671714 0.183149
v 1.083038 5.659135 0.202717
v 1.094498 5.642206 0.219868
v 1.103903 5.621579 0.233943
v 1.110891 5.598045 0.244403
v 1.115195 5.572509 0.250843
v 1.116648 5.545953 0.253018
v 1.115195 5.519396 0.250843
v 1.110891 5.493860 0.244403
v 1.103903 5.470326 0.233943
v 1.094498 5.449699 0.219868
v 1.083038 5.432770 0.202717
v 1.069963 5.420191 0.183149
v 1.055776 5.412445 0.161917
v 1.051185 5.679461 0.164371
v 1.060957 5.671714 0.187963
v 1.069963 5.659135 0.209705
v 1.077857 5.642206 0.228763
v 1.084335 5.621579 0.244403
v 1.089149 5.598045 0.256024
v 1.092113 5.572509 0.263181
v 1.093114 5.545953 0.265597
v 1.092113 5.519396 0.263181
v 1.089149 5.493860 0.256024
v 1.084335 5.470326 0.244403
v 1.077857 5.449699 0.228763
v 1.069963 5.432770 0.209705
v 1.060957 5.420191 0.187963
v 1.051185 5.412445 0.164371
v 1.046203 5.679461 0.165882
v 1.051185 5.671714 0.190927
v 1.055776 5.659135 0.214009
v 1.059800 5.642206 0.234240
v 1.063103 5.621579 0.250843
v 1.065557 5.598045 0.263181
v 1.067068 5.572509 0.270778
v 1.067578 5.545953 0.273343
v 1.067068 5.519396 0.270778
v 1.065557 5.493860 0.263181
v 1.063103 5.470326 0.250843
v 1.059800 5.449699 0.234240
v 1.055776 5.432770 0.214009
v 1.051185 5.420191 0.190927
v 1.046203 5.412445 0.165882
v 1.041022 5.679461 0.166392
v 1.041022 5.671714 0.191928
v 1.041022 5.659135 0.215462
v 1.041022 5.642206 0.236089
v 1.041022 5.621579 0.253018
v 1.041022 5.598045 0.265597
v 1.041022 5.572509 0.273343
v 1.041022 5.545953 0.275959
v 1.041022 5.519396 0.273343
v 1.041022 5.493860 0.265597
v 1.041022 5.470326 0.253018
v 1.041022 5.449699 0.236089
v 1.041022 5.432770 0.215462
v 1.041022 5.420191 0.191928
v 1.041022 5.412445 0.166392
v 1.035841 5.679461 0.165882
v 1.030859 5.671714 0.190927
v 1.026268 5.659135 0.214009
v 1.022244 5.642206 0.234240
v 1.018941 5.621579 0.250843
v 1.016487 5.598045 0.263181
v 1.014976 5.572509 0.270778
v 1.014466 5.545953 0.273343
v 1.014976 5.519396 0.270778
v 1.016487 5.493860 0.263181
v 1.018941 5.470326 0.250843
v 1.022244 5.449699 0.234240
v 1.026268 5.432770 0.214009
v 1.030859 5.420191 0.190927
v 1.035841 5.412445 0.165882
v 1.030859 5.679461 0.164371
v 1.021087 5.671714 0.187963
v 1.012081 5.659135 0.209705
v 1.004187 5.642206 0.228763
v 0.997709 5.621579 0.244403
v 0.992895 5.598045 0.256024
v 0.989931 5.572509 0.263181
v 0.988930 5.545953 0.265597
v 0.989931 5.519396 0.263181
v 0.992895 5.493860 0.256024
v 0.997709 5.470326 0.244403
v 1.004187 5.449699 0.228763
v 1.012081 5.432770 0.209705
v 1.021087 5.420191 0.187963
v 1.030859 5.412445 0.164371
v 1.026268 5.679461 0.161917
v 1.012081 5.671714 0.183149
v 0.999007 5.659135 0.202716
v 0.987546 5.642206 0.219868
v 0.978141 5.621579 0.233943
v 0.971153 5.598045 0.244403
v 0.966849 5.572509 0.250843
v 0.965396 5.545953 0.253018
v 0.966849 5.519396 0.250843
v 0.971153 5.493860 0.244403
v 0.978141 5.470326 0.233943
v 0.987546 5.449699 0.219868
v 0.999007 5.432770 0.202716
v 1.012081 5.420191 0.183149
v 1.026268 5.412445 0.161917
v 1.022244 5.679461 0.158614
v 1.004187 5.671714 0.176670
v 0.987547 5.659135 0.193311
v 0.972960 5.642206 0.207897
v 0.960990 5.621579 0.219868
v 0.952095 5.598045 0.228763
v 0.946618 5.572509 0.234240
v 0.944768 5.545953 0.236089
v 0.946618 5.519396 0.234240
v 0.952095 5.493860 0.228763
v 0.960990 5.470326 0.219868
v 0.972960 5.449699 0.207897
v 0.987547 5.432770 0.193311
v 1.004187 5.420191 0.176670
v 1.022244 5.412445 0.158614
v 1.041022 5.409829 0.139836
v 1.018941 5.679461 0.154590
v 0.997709 5.671714 0.168777
v 0.978141 5.659135 0.181851
v 0.960990 5.642206 0.193311
v 0.946914 5.621579 0.202716
v 0.936455 5.598045 0.209705
v 0.930014 5.572509 0.214009
v 0.927840 5.545953 0.215462
v 0.930014 5.519396 0.214009
v 0.936455 5.493860 0.209705
v 0.946914 5.470326 0.202716
v 0.960990 5.449699 0.193311
v 0.978141 5.432770 0.181851
v 0.997709 5.420191 0.168777
v 1.018941 5.412445 0.154590
v 1.016487 5.679461 0.149998
v 0.992895 5.671714 0.159771
v 0.971153 5.659135 0.168777
v 0.952095 5.642206 0.176670
v 0.936455 5.621579 0.183149
v 0.924834 5.598045 0.187963
v 0.917677 5.572509 0.190927
v 0.915261 5.545953 0.191928
v 0.917677 5.519396 0.190927
v 0.924834 5.493860 0.187963
v 0.936455 5.470326 0.183149
v 0.952095 5.449699 0.176670
v 0.971153 5.432770 0.168777
v 0.992895 5.420191 0.159771
v 1.016487 5.412445 0.149998
v 1.014976 5.679461 0.145017
v 0.989931 5.671714 0.149998
v 0.966849 5.659135 0.154590
v 0.946618 5.642206 0.158614
v 0.930014 5.621579 0.161917
v 0.917677 5.598045 0.164371
v 0.910080 5.572509 0.165882
v 0.907514 5.545953 0.166392
v 0.910080 5.519396 0.165882
v 0.917677 5.493860 0.164371
v 0.930014 5.470326 0.161917
v 0.946618 5.449699 0.158614
v 0.966849 5.432770 0.154590
v 0.989931 5.420191 0.149998
v 1.014976 5.412445 0.145017
v 1.014466 5.679461 0.139836
v 0.988930 5.671714 0.139836
v 0.965396 5.659135 0.139836
v 0.944768 5.642206 0.139836
v 0.927840 5.621579 0.139836
v 0.915261 5.598045 0.139836
v 0.907514 5.572509 0.139836
v 0.904899 5.545953 0.139836
v 0.907514 5.519396 0.139836
v 0.915261 5.493860 0.139836
v 0.927840 5.470326 0.139836
v 0.944768 5.449699 0.139836
v 0.965396 5.432770 0.139836
v 0.988930 5.420191 0.139836
v 1.014466 5.412445 0.139836
v 1.014976 5.679461 0.134655
v 0.989931 5.671714 0.129673
v 0.966849 5.659135 0.125082
v 0.946618 5.642206 0.121058
v 0.930014 5.621579 0.117755
v 0.917677 5.598045 0.115301
v 0.910080 5.572509 0.113790
v 0.907514 5.545953 0.113279
v 0.910080 5.519396 0.113790
v 0.917677 5.493860 0.115301
v 0.930014 5.470326 0.117755
v 0.946618 5.449699 0.121058
v 0.966849 5.432770 0.125082
v 0.989931 5.420191 0.129673
v 1.014976 5.412445 0.134655
v 1.016487 5.679461 0.129673
v 0.992895 5.671714 0.119901
v 0.971153 5.659135 0.110895
v 0.952095 5.642206 0.103001
v 0.936455 5.621579 0.096523
v 0.924834 5.598045 0.091709
v 0.917677 5.572509 0.088745
v 0.915261 5.545953 0.087744
v 0.917677 5.519396 0.088745
v 0.924834 5.493860 0.091709
v 0.936455 5.470326 0.096523
v 0.952095 5.449699 0.103001
v 0.971153 5.432770 0.110895
v 0.992895 5.420191 0.119901
v 1.016487 5.412445 0.129673
v 1.018941 5.679461 0.125082
v 0.997709 5.671714 0.110895
v 0.978141 5.659135 0.097820
v 0.960990 5.642206 0.086360
v 0.946914 5.621579 0.076955
v 0.936455 5.598045 0.069966
v 0.930015 5.572509 0.065663
v 0.927840 5.545953 0.064210
v 0.930015 5.519396 0.065663
v 0.936455 5.493860 0.069966
v 0.946914 5.470326 0.076955
v 0.960990 5.449699 0.086360
v 0.978141 5.432770 0.097820
v 0.997709 5.420191 0.110895
v 1.018941 5.412445 0.125082
v 1.022244 5.679461 0.121058
v 1.004187 5.671714 0.103001
v 0.987547 5.659135 0.086360
v 0.972960 5.642206 0.071774
v 0.960990 5.621579 0.059804
v 0.952095 5.598045 0.050909
v 0.946618 5.572509 0.045432
v 0.944769 5.545953 0.043582
v 0.946618 5.519396 0.045432
v 0.952095 5.493860 0.050909
v 0.960990 5.470326 0.059804
v 0.972960 5.449699 0.071774
v 0.987547 5.432770 0.086360
v 1.004187 5.420191 0.103001
v 1.022244 5.412445 0.121058
v 1.026268 5.679461 0.117755
v 1.012081 5.671714 0.096523
v 0.999007 5.659135 0.076955
v 0.987547 5.642206 0.059804
v 0.978141 5.621579 0.045728
v 0.971153 5.598045 0.035269
v 0.966849 5.572509 0.028828
v 0.965396 5.545953 0.026653
v 0.966849 5.519396 0.028828
v 0.971153 5.493860 0.035269
v 0.978141 5.470326 0.045728
v 0.987547 5.449699 0.059804
v 0.999007 5.432770 0.076955
v 1.012081 5.420191 0.096523
v 1.026268 5.412445 0.117755
v 1.030859 5.679461 0.115301
v 1.021087 5.671714 0.091709
v 1.012081 5.659135 0.069966
v 1.004187 5.642206 0.050909
v 0.997709 5.621579 0.035269
v 0.992895 5.598045 0.023647
v 0.989931 5.572509 0.016491
v 0.988930 5.545953 0.014074
v 0.989931 5.519396 0.016491
v 0.992895 5.493860 0.023647
v 0.997709 5.470326 0.035269
v 1.004187 5.449699 0.050909
v 1.012081 5.432770 0.069966
v 1.021087 5.420191 0.091709
v 1.030859 5.412445 0.115301
v 1.035841 5.679461 0.113790
v 1.030859 5.671714 0.088745
v 1.026268 5.659135 0.065663
v 1.022244 5.642206 0.045432
v 1.018941 5.621579 0.028828
v 1.016487 5.598045 0.016491
v 1.014976 5.572509 0.008893
v 1.014466 5.545953 0.006328
v 1.014976 5.519396 0.008893
v 1.016487 5.493860 0.016491
v 1.018941 5.470326 0.028828
v 1.022244 5.449699 0.045432
v 1.026268 5.432770 0.065663
v 1.030859 5.420191 0.088745
v 1.035841 5.412445 0.113790
v 1.041022 5.679461 0.113279
v 1.041022 5.671714 0.087744
v 1.041022 5.642206 0.043582
v 1.041022 5.598045 0.014074
v 1.041022 5.493860 0.014074
v 1.041022 5.449699 0.043582
v 1.041022 5.432770 0.064210
v 1.041022 5.420191 0.087744
v 1.041022 5.412445 0.113279
vn -0.0000 -0.0000 -1.0000
vn -0.0000 -0.0000 1.0000
vn -0.9920 -0.0000 -0.1260
vn -0.0000 -1.0000 -0.0000
vn -0.0000 1.0000 -0.0000
vn 0.9920 -0.0000 -0.1260
vn -1.0000 -0.0000 -0.0000
vn 1.0000 -0.0000 -0.0000
vn -0.0759 -0.6326 0.7708
vn -0.0759 0.6326 0.7708
vn -0.0624 -0.7715 0.6332
vn -0.0865 0.4696 0.8786
vn -0.0464 -0.8810 0.4709
vn -0.0938 0.2890 0.9527
vn -0.0286 -0.9565 0.2902
vn -0.0975 0.0975 0.9904
vn -0.0096 0.9951 0.0980
vn -0.0097 -0.9951 0.0980
vn -0.0976 -0.0975 0.9904
vn -0.0286 0.9565 0.2902
vn -0.0938 -0.2890 0.9527
vn -0.0464 0.8810 0.4709
vn -0.0865 -0.4696 0.8786
vn -0.0624 0.7715 0.6332
vn -0.1374 0.8810 0.4528
vn -0.2563 -0.4696 0.8448
vn -0.1847 0.7715 0.6088
vn -0.2248 -0.6326 0.7412
vn -0.2248 0.6326 0.7412
vn -0.1847 -0.7715 0.6088
vn -0.2563 0.4696 0.8448
vn -0.1374 -0.8810 0.4528
vn -0.2779 0.2890 0.9161
vn -0.0846 -0.9566 0.2790
vn -0.2889 0.0975 0.9524
vn -0.0286 0.9951 0.0942
vn -0.0286 -0.9951 0.0942
vn -0.2889 -0.0975 0.9524
vn -0.0846 0.9566 0.2790
vn -0.2779 -0.2890 0.9161
vn -0.4513 0.2890 0.8443
vn -0.1374 -0.9565 0.2571
vn -0.4691 0.0975 0.8777
vn -0.0464 0.9951 0.0869
vn -0.0464 -0.9951 0.0869
vn -0.4691 -0.0975 0.8777
vn -0.1374 0.9565 0.2571
vn -0.4513 -0.2890 0.8443
vn -0.2231 0.8810 0.4173
vn -0.4162 -0.4696 0.7786
vn -0.2999 0.7715 0.5611
vn -0.3651 -0.6326 0.6831
vn -0.3651 0.6326 0.6831
vn -0.2999 -0.7715 0.5611
vn -0.4162 0.4696 0.7786
vn -0.2231 -0.8810 0.4173
vn -0.5601 -0.4696 0.6825
vn -0.4036 0.7715 0.4918
vn -0.4913 -0.6326 0.5987
vn -0.4913 0.6326 0.5987
vn -0.4036 -0.7715 0.4918
vn -0.5601 0.4696 0.6825
vn -0.3002 -0.8810 0.3658
vn -0.6073 0.2890 0.7400
vn -0.1850 -0.9565 0.2254
vn -0.6314 0.0975 0.7693
vn -0.0625 0.9951 0.0761
vn -0.0625 -0.9951 0.0761
vn -0.6314 -0.0975 0.7693
vn -0.1850 0.9565 0.2254
vn -0.6073 -0.2890 0.7400
vn -0.3002 0.8810 0.3658
vn -0.2254 -0.9565 0.1850
vn -0.7693 0.0975 0.6314
vn -0.0761 0.9951 0.0625
vn -0.0761 -0.9951 0.0625
vn -0.7693 -0.0975 0.6314
vn -0.2254 0.9565 0.1850
vn -0.7400 -0.2890 0.6073
vn -0.3658 0.8810 0.3002
vn -0.6825 -0.4696 0.5601
vn -0.4918 0.7715 0.4036
vn -0.5987 -0.6326 0.4913
vn -0.5987 0.6326 0.4913
vn -0.4918 -0.7715 0.4036
vn -0.6825 0.4696 0.5601
vn -0.3658 -0.8810 0.3002
vn -0.7400 0.2890 0.6073
vn -0.6831 -0.6326 0.3651
vn -0.6831 0.6326 0.3651
vn -0.5611 -0.7715 0.2999
vn -0.7786 0.4696 0.4162
vn -0.4173 -0.8810 0.2230
vn -0.8443 0.2890 0.4513
vn -0.2571 -0.9566 0.1374
vn -0.8777 0.0975 0.4691
vn -0.0869 0.9951 0.0464
vn -0.0869 -0.9951 0.0464
vn -0.8777 -0.0975 0.4691
vn -0.2571 0.9565 0.1374
vn -0.8443 -0.2890 0.4513
vn -0.4173 0.8810 0.2230
vn -0.7786 -0.4696 0.4162
vn -0.5611 0.7715 0.2999
vn -0.0942 0.9951 0.0286
vn -0.0942 -0.9951 0.0286
vn -0.9524 -0.0975 0.2889
vn -0.2790 0.9565 0.0846
vn -0.9161 -0.2890 0.2779
vn -0.4528 0.8810 0.1374
vn -0.8448 -0.4696 0.2563
vn -0.6088 0.7715 0.1847
vn -0.7412 -0.6326 0.2248
vn -0.7412 0.6326 0.2248
vn -0.6088 -0.7715 0.1847
vn -0.8448 0.4696 0.2563
vn -0.4528 -0.8810 0.1374
vn -0.9161 0.2890 0.2779
vn -0.2790 -0.9565 0.0846
vn -0.9524 0.0975 0.2889
vn -0.7708 0.6326 0.0759
vn -0.6332 -0.7715 0.0624
vn -0.8786 0.4696 0.0865
vn -0.4709 -0.8810 0.0464
vn -0.9527 0.2890 0.0938
vn -0.2902 -0.9565 0.0286
vn -0.9904 0.0975 0.0975
vn -0.0980 0.9951 0.0097
vn -0.0980 -0.9951 0.0097
vn -0.9904 -0.0975 0.0975
vn -0.2902 0.9565 0.0286
vn -0.9527 -0.2890 0.0938
vn -0.4709 0.8810 0.0464
vn -0.8786 -0.4696 0.0865
vn -0.6332 0.7715 0.0624
vn -0.7708 -0.6326 0.0759
vn -0.9904 -0.0975 -0.0976
vn -0.2902 0.9565 -0.0286
vn -0.9527 -0.2890 -0.0938
vn -0.4709 0.8810 -0.0464
vn -0.8786 -0.4696 -0.0865
vn -0.6332 0.7715 -0.0624
vn -0.7708 -0.6326 -0.0759
vn -0.7708 0.6326 -0.0759
vn -0.6332 -0.7715 -0.0624
vn -0.8786 0.4696 -0.0865
vn -0.4709 -0.8810 -0.0464
vn -0.9527 0.2890 -0.0938
vn -0.2902 -0.9565 -0.0286
vn -0.9904 0.0975 -0.0976
vn -0.0980 0.9951 -0.0097
vn -0.0980 -0.9951 -0.0097
vn -0.6088 -0.7715 -0.1847
vn -0.8448 0.4696 -0.2563
vn -0.4528 -0.8810 -0.1374
vn -0.9161 0.2890 -0.2779
vn -0.2790 -0.9565 -0.0846
vn -0.9524 0.0975 -0.2889
vn -0.0942 0.9951 -0.0286
vn -0.0942 -0.9951 -0.0286
vn -0.9524 -0.0975 -0.2889
vn -0.2790 0.9565 -0.0846
vn -0.9161 -0.2890 -0.2779
vn -0.4528 0.8810 -0.1374
vn -0.8448 -0.4696 -0.2563
vn -0.6088 0.7715 -0.1847
vn -0.7412 -0.6326 -0.2248
vn -0.7412 0.6326 -0.2248
vn -0.2571 0.9565 -0.1374
vn -0.8443 -0.2890 -0.4513
vn -0.4173 0.8810 -0.2230
vn -0.7786 -0.4696 -0.4162
vn -0.5611 0.7715 -0.2999
vn -0.6831 -0.6326 -0.3651
vn -0.6831 0.6326 -0.3651
vn -0.5611 -0.7715 -0.2999
vn -0.7786 0.4696 -0.4162
vn -0.4173 -0.8810 -0.2230
vn -0.8443 0.2890 -0.4513
vn -0.2571 -0.9565 -0.1374
vn -0.8777 0.0975 -0.4691
vn -0.0869 0.9951 -0.0464
vn -0.0869 -0.9951 -0.0464
vn -0.8777 -0.0975 -0.4691
vn -0.6825 0.4696 -0.5601
vn -0.3658 -0.8810 -0.3002
vn -0.7400 0.2890 -0.6073
vn -0.2254 -0.9565 -0.1850
vn -0.7693 0.0975 -0.6314
vn -0.0761 0.9951 -0.0625
vn -0.0761 -0.9951 -0.0625
vn -0.7693 -0.0975 -0.6314
vn -0.2254 0.9565 -0.1850
vn -0.7400 -0.2890 -0.6073
vn -0.3658 0.8810 -0.3002
vn -0.6825 -0.4696 -0.5601
vn -0.4918 0.7715 -0.4036
vn -0.5987 -0.6326 -0.4913
vn -0.5987 0.6326 -0.4913
vn -0.4918 -0.7715 -0.4036
vn -0.6073 -0.2890 -0.7400
vn -0.3002 0.8810 -0.3658
vn -0.5601 -0.4696 -0.6825
vn -0.4036 0.7715 -0.4918
vn -0.4913 -0.6326 -0.5987
vn -0.4913 0.6326 -0.5987
vn -0.4036 -0.7715 -0.4918
vn -0.5601 0.4696 -0.6825
vn -0.3002 -0.8810 -0.3658
vn -0.6073 0.2890 -0.7400
vn -0.1850 -0.9565 -0.2254
vn -0.6314 0.0975 -0.7693
vn -0.0625 0.9951 -0.0761
vn -0.0625 -0.9951 -0.0761
vn -0.6314 -0.0975 -0.7693
vn -0.1850 0.9565 -0.2254
vn -0.2231 -0.8810 -0.4173
vn -0.4513 0.2890 -0.8443
vn -0.1374 -0.9565 -0.2571
vn -0.4691 0.0975 -0.8777
vn -0.0464 0.9951 -0.0869
vn -0.0464 -0.9951 -0.0869
vn -0.4691 -0.0975 -0.8777
vn -0.1374 0.9565 -0.2571
vn -0.4513 -0.2890 -0.8443
vn -0.2230 0.8810 -0.4173
vn -0.4162 -0.4696 -0.7786
vn -0.2999 0.7715 -0.5611
vn -0.3651 -0.6326 -0.6831
vn -0.3651 0.6326 -0.6831
vn -0.2999 -0.7715 -0.5611
vn -0.4162 0.4696 -0.7786
vn -0.2563 -0.4696 -0.8448
vn -0.1847 0.7715 -0.6088
vn -0.2248 -0.6326 -0.7412
vn -0.2248 0.6326 -0.7412
vn -0.1847 -0.7715 -0.6088
vn -0.2563 0.4696 -0.8448
vn -0.1374 -0.8810 -0.4528
vn -0.2779 0.2890 -0.9161
vn -0.0846 -0.9566 -0.2790
vn -0.2889 0.0975 -0.9524
vn -0.0286 0.9951 -0.0942
vn -0.0286 -0.9951 -0.0942
vn -0.2889 -0.0975 -0.9524
vn -0.0846 0.9566 -0.2790
vn -0.2779 -0.2890 -0.9161
vn -0.1374 0.8810 -0.4528
vn -0.0286 -0.9565 -0.2902
vn -0.0975 0.0975 -0.9904
vn -0.0097 0.9951 -0.0980
vn -0.0097 -0.9951 -0.0980
vn -0.0975 -0.0975 -0.9904
vn -0.0286 0.9565 -0.2902
vn -0.0938 -0.2890 -0.9527
vn -0.0464 0.8810 -0.4709
vn -0.0865 -0.4696 -0.8786
vn -0.0624 0.7715 -0.6332
vn -0.0759 -0.6326 -0.7708
vn -0.0759 0.6326 -0.7708
vn -0.0624 -0.7715 -0.6332
vn -0.0865 0.4696 -0.8786
vn -0.0464 -0.8810 -0.4709
vn -0.0938 0.2890 -0.9527
vn 0.0624 0.7715 -0.6332
vn 0.0759 -0.6326 -0.7708
vn 0.0759 0.6326 -0.7708
vn 0.0624 -0.7715 -0.6332
vn 0.0865 0.4696 -0.8786
vn 0.0464 -0.8810 -0.4709
vn 0.0938 0.2890 -0.9527
vn 0.0286 -0.9565 -0.2902
vn 0.0975 0.0975 -0.9904
vn 0.0097 0.9951 -0.0980
vn 0.0097 -0.9951 -0.0980
vn 0.0975 -0.0975 -0.9904
vn 0.0286 0.9565 -0.2902
vn 0.0938 -0.2890 -0.9527
vn 0.0464 0.8810 -0.4709
vn 0.0865 -0.4696 -0.8786
vn 0.2889 0.0975 -0.9524
vn 0.0286 0.9951 -0.0942
vn 0.0286 -0.9951 -0.0942
vn 0.2889 -0.0975 -0.9524
vn 0.0846 0.9565 -0.2790
vn 0.2779 -0.2890 -0.9161
vn 0.1374 0.8810 -0.4528
vn 0.2563 -0.4696 -0.8448
vn 0.1847 0.7715 -0.6088
vn 0.2248 -0.6326 -0.7412
vn 0.2248 0.6326 -0.7412
vn 0.1847 -0.7715 -0.6088
vn 0.2563 0.4696 -0.8448
vn 0.1374 -0.8810 -0.4528
vn 0.2779 0.2890 -0.9161
vn 0.0846 -0.9565 -0.2790
vn 0.3651 -0.6326 -0.6831
vn 0.3651 0.6326 -0.6831
vn 0.2999 -0.7715 -0.5611
vn 0.4162 0.4696 -0.7786
vn 0.2231 -0.8810 -0.4173
vn 0.4513 0.2890 -0.8443
vn 0.1374 -0.9565 -0.2571
vn 0.4691 0.0975 -0.8777
vn 0.0464 0.9951 -0.0869
vn 0.0464 -0.9951 -0.0869
vn 0.4691 -0.0975 -0.8777
vn 0.1374 0.9565 -0.2571
vn 0.4513 -0.2890 -0.8443
vn 0.2230 0.8810 -0.4173
vn 0.4162 -0.4696 -0.7786
vn 0.2999 0.7715 -0.5611
vn 0.0625 0.9951 -0.0761
vn 0.0625 -0.9951 -0.0761
vn 0.6314 -0.0975 -0.7693
vn 0.1850 0.9565 -0.2254
vn 0.6073 -0.2890 -0.7400
vn 0.3002 0.8810 -0.3658
vn 0.5601 -0.4696 -0.6825
vn 0.4036 0.7715 -0.4918
vn 0.4913 -0.6326 -0.5987
vn 0.4913 0.6326 -0.5987
vn 0.4036 -0.7715 -0.4918
vn 0.5601 0.4696 -0.6825
vn 0.3002 -0.8810 -0.3658
vn 0.6073 0.2890 -0.7400
vn 0.1850 -0.9565 -0.2254
vn 0.6314 0.0975 -0.7693
vn 0.5987 0.6326 -0.4913
vn 0.4918 -0.7715 -0.4036
vn 0.6825 0.4696 -0.5601
vn 0.3658 -0.8810 -0.3002
vn 0.7400 0.2890 -0.6073
vn 0.2254 -0.9566 -0.1850
vn 0.7693 0.0975 -0.6314
vn 0.0761 0.9951 -0.0625
vn 0.0761 -0.9951 -0.0625
vn 0.7693 -0.0975 -0.6314
vn 0.2254 0.9566 -0.1850
vn 0.7400 -0.2890 -0.6073
vn 0.3658 0.8810 -0.3002
vn 0.6825 -0.4696 -0.5601
vn 0.4918 0.7715 -0.4036
vn 0.5987 -0.6326 -0.4913
vn 0.8777 -0.0975 -0.4692
vn 0.2571 0.9565 -0.1374
vn 0.8443 -0.2890 -0.4513
vn 0.4173 0.8810 -0.2230
vn 0.7786 -0.4696 -0.4162
vn 0.5611 0.7715 -0.2999
vn 0.6831 -0.6326 -0.3651
vn 0.6831 0.6326 -0.3651
vn 0.5611 -0.7715 -0.2999
vn 0.7786 0.4696 -0.4162
vn 0.4173 -0.8810 -0.2230
vn 0.8443 0.2890 -0.4513
vn 0.2571 -0.9565 -0.1374
vn 0.8777 0.0975 -0.4692
vn 0.0869 0.9951 -0.0464
vn 0.0869 -0.9951 -0.0464
vn 0.6088 -0.7715 -0.1847
vn 0.8448 0.4696 -0.2563
vn 0.4528 -0.8810 -0.1374
vn 0.9161 0.2890 -0.2779
vn 0.2790 -0.9565 -0.0846
vn 0.9524 0.0975 -0.2889
vn 0.0942 0.9951 -0.0286
vn 0.0942 -0.9951 -0.0286
vn 0.9524 -0.0975 -0.2889
vn 0.2790 0.9565 -0.0846
vn 0.9161 -0.2890 -0.2779
vn 0.4528 0.8810 -0.1374
vn 0.8448 -0.4696 -0.2563
vn 0.6088 0.7715 -0.1847
vn 0.7412 -0.6326 -0.2248
vn 0.7412 0.6326 -0.2248
vn 0.9527 -0.2890 -0.0938
vn 0.4709 0.8810 -0.0464
vn 0.8786 -0.4696 -0.0865
vn 0.6332 0.7715 -0.0624
vn 0.7708 -0.6326 -0.0759
vn 0.7708 0.6326 -0.0759
vn 0.6332 -0.7715 -0.0624
vn 0.8786 0.4696 -0.0865
vn 0.4709 -0.8810 -0.0464
vn 0.9527 0.2890 -0.0938
vn 0.2902 -0.9565 -0.0286
vn 0.9904 0.0975 -0.0976
vn 0.0980 0.9951 -0.0097
vn 0.0980 -0.9951 -0.0097
vn 0.9904 -0.0975 -0.0976
vn 0.2902 0.9565 -0.0286
vn 0.4709 -0.8810 0.0464
vn 0.9527 0.2890 0.0938
vn 0.2902 -0.9565 0.0286
vn 0.9904 0.0975 0.0976
vn 0.0980 0.9951 0.0097
vn 0.0980 -0.9951 0.0097
vn 0.9904 -0.0975 0.0976
vn 0.2902 0.9565 0.0286
vn 0.9527 -0.2890 0.0938
vn 0.4709 0.8810 0.0464
vn 0.8786 -0.4696 0.0865
vn 0.6332 0.7715 0.0624
vn 0.7708 -0.6326 0.0759
vn 0.7708 0.6326 0.0759
vn 0.6332 -0.7715 0.0624
vn 0.8786 0.4696 0.0865
vn 0.4528 0.8810 0.1374
vn 0.8448 -0.4696 0.2563
vn 0.6088 0.7715 0.1847
vn 0.7412 -0.6326 0.2248
vn 0.7412 0.6326 0.2248
vn 0.6088 -0.7715 0.1847
vn 0.8448 0.4696 0.2563
vn 0.4528 -0.8810 0.1374
vn 0.9161 0.2890 0.2779
vn 0.2790 -0.9566 0.0846
vn 0.9524 0.0975 0.2889
vn 0.0942 0.9951 0.0286
vn 0.0942 -0.9951 0.0286
vn 0.9524 -0.0975 0.2889
vn 0.2790 0.9565 0.0846
vn 0.9161 -0.2890 0.2779
vn 0.8443 0.2890 0.4513
vn 0.2571 -0.9565 0.1374
vn 0.8777 0.0975 0.4691
vn 0.0869 0.9951 0.0464
vn 0.0869 -0.9951 0.0464
vn 0.8777 -0.0975 0.4691
vn 0.2571 0.9565 0.1374
vn 0.8443 -0.2890 0.4513
vn 0.4173 0.8810 0.2230
vn 0.7786 -0.4696 0.4162
vn 0.5611 0.7715 0.2999
vn 0.6831 -0.6326 0.3651
vn 0.6831 0.6326 0.3651
vn 0.5611 -0.7715 0.2999
vn 0.7786 0.4696 0.4162
vn 0.4173 -0.8810 0.2230
vn 0.6825 -0.4696 0.5601
vn 0.4918 0.7715 0.4036
vn 0.5987 -0.6326 0.4913
vn 0.5987 0.6326 0.4913
vn 0.4918 -0.7715 0.4036
vn 0.6825 0.4696 0.5601
vn 0.3658 -0.8810 0.3002
vn 0.7400 0.2890 0.6073
vn 0.2254 -0.9565 0.1850
vn 0.7693 0.0975 0.6314
vn 0.0761 0.9951 0.0625
vn 0.0761 -0.9951 0.0625
vn 0.7693 -0.0975 0.6314
vn 0.2254 0.9566 0.1850
vn 0.7400 -0.2890 0.6073
vn 0.3658 0.8810 0.3002
vn 0.1850 -0.9566 0.2254
vn 0.6314 0.0975 0.7693
vn 0.0625 0.9951 0.0761
vn 0.0625 -0.9951 0.0761
vn 0.6314 -0.0975 0.7693
vn 0.1850 0.9565 0.2254
vn 0.6073 -0.2890 0.7400
vn 0.3002 0.8810 0.3658
vn 0.5601 -0.4696 0.6825
vn 0.4036 0.7715 0.4918
vn 0.4913 -0.6326 0.5987
vn 0.4913 0.6326 0.5987
vn 0.4036 -0.7715 0.4918
vn 0.5601 0.4696 0.6825
vn 0.3002 -0.8810 0.3658
vn 0.6073 0.2890 0.7400
vn 0.2999 0.7715 0.5611
vn 0.3651 -0.6326 0.6831
vn 0.3651 0.6326 0.6831
vn 0.2999 -0.7715 0.5611
vn 0.4162 0.4696 0.7786
vn 0.2231 -0.8810 0.4173
vn 0.4513 0.2890 0.8443
vn 0.1374 -0.9565 0.2571
vn 0.4691 0.0975 0.8777
vn 0.0464 0.9951 0.0869
vn 0.0464 -0.9951 0.0869
vn 0.4691 -0.0975 0.8777
vn 0.1374 0.9565 0.2571
vn 0.4513 -0.2890 0.8443
vn 0.2231 0.8810 0.4173
vn 0.4162 -0.4696 0.7786
vn 0.2889 0.0975 0.9524
vn 0.0286 0.9951 0.0942
vn 0.0286 -0.9951 0.0942
vn 0.2889 -0.0975 0.9524
vn 0.0846 0.9565 0.2790
vn 0.2779 -0.2890 0.9161
vn 0.1374 0.8810 0.4528
vn 0.2563 -0.4696 0.8448
vn 0.1847 0.7715 0.6088
vn 0.2248 -0.6326 0.7412
vn 0.2248 0.6326 0.7412
vn 0.1847 -0.7715 0.6088
vn 0.2563 0.4696 0.8448
vn 0.1374 -0.8810 0.4528
vn 0.2779 0.2890 0.9161
vn 0.0846 -0.9565 0.2790
vn 0.0759 -0.6326 0.7708
vn 0.0759 0.6326 0.7708
vn 0.0624 -0.7715 0.6332
vn 0.0865 0.4696 0.8786
vn 0.0464 -0.8810 0.4709
vn 0.0938 0.2890 0.9527
vn 0.0286 -0.9565 0.2902
vn 0.0976 0.0975 0.9904
vn 0.0096 0.9951 0.0980
vn 0.0097 -0.9951 0.0980
vn 0.0976 -0.0975 0.9904
vn 0.0286 0.9565 0.2902
vn 0.0938 -0.2890 0.9527
vn 0.0464 0.8810 0.4709
vn 0.0865 -0.4696 0.8786
vn 0.0624 0.7715 0.6332
vn 0.0096 0.9951 -0.0980
vn 0.0846 -0.9566 -0.2790
vn 0.0846 0.9566 -0.2790
vn 0.1375 -0.9565 -0.2571
vn 0.2231 0.8810 -0.4173
vn 0.2254 -0.9565 -0.1850
vn 0.2254 0.9565 -0.1850
vn 0.2571 -0.9566 -0.1374
vn 0.8777 0.0976 -0.4691
vn 0.8777 -0.0975 -0.4691
vn 0.9904 0.0975 -0.0975
vn 0.9904 -0.0975 -0.0975
vn 0.2790 -0.9565 0.0846
vn 0.8777 0.0975 0.4692
vn 0.8777 -0.0975 0.4692
vn 0.2254 0.9565 0.1850
vn 0.1850 -0.9565 0.2254
vn 0.2230 0.8810 0.4173
vn 0.0846 -0.9566 0.2790
vn 0.0846 0.9566 0.2790
vn 0.0975 0.0975 0.9904
vn 0.0097 0.9951 0.0980
vn 0.0975 -0.0975 0.9904
vn -0.0097 0.9951 0.0980
vn -0.0975 -0.0975 0.9904
vn -0.0846 0.9565 0.2790
vn -0.0846 -0.9565 0.2790
vn -0.2230 0.8810 0.4173
vn -0.2254 0.9566 0.1850
vn -0.8777 -0.0975 0.4692
vn -0.2571 -0.9565 0.1374
vn -0.8777 0.0975 0.4692
vn -0.9904 0.0975 -0.0975
vn -0.9904 -0.0975 -0.0975
vn -0.2254 0.9566 -0.1850
vn -0.1850 -0.9566 -0.2254
vn -0.0846 0.9565 -0.2790
vn -0.0846 -0.9565 -0.2790
vn -0.0976 0.0975 -0.9904
vn -0.0096 0.9951 -0.0980
vn -0.0976 -0.0975 -0.9904
vt 0.437500 0.343750
vt 0.500000 0.343750
vt 0.500000 0.375000
vt 0.437500 0.375000
vt 0.437500 0.843750
vt 0.500000 0.843750
vt 0.500000 0.875000
vt 0.437500 0.875000
vt 0.437500 0.906250
vt 0.500000 0.906250
vt 0.437500 0.406250
vt 0.500000 0.406250
vt 0.500000 0.000000
vt 0.625000 0.000000
vt 0.625000 0.250000
vt 0.500000 0.250000
vt 0.625000 0.375000
vt 0.625000 0.500000
vt 0.500000 0.500000
vt 0.625000 0.750000
vt 0.500000 0.750000
vt 0.500000 0.937500
vt 0.625000 0.937500
vt 0.625000 1.000000
vt 0.500000 1.000000
vt 0.250000 0.500000
vt 0.375000 0.500000
vt 0.375000 0.750000
vt 0.250000 0.750000
vt 0.812500 0.500000
vt 0.875000 0.500000
vt 0.875000 0.750000
vt 0.812500 0.750000
vt 0.750000 0.500000
vt 0.750000 0.750000
vt 0.187500 0.500000
vt 0.187500 0.750000
vt 0.625000 0.875000
vt 0.500000 0.312500
vt 0.625000 0.312500
vt 0.125000 0.500000
vt 0.125000 0.750000
vt 0.437500 0.250000
vt 0.437500 0.312500
vt 0.437500 0.750000
vt 0.437500 0.937500
vt 0.437500 1.000000
vt 0.437500 0.500000
vt 0.437500 0.000000
vt 0.375000 0.000000
vt 0.375000 0.250000
vt 0.375000 0.375000
vt 0.375000 0.937500
vt 0.375000 1.000000
vt 0.375000 0.875000
vt 0.375000 0.312500
vt 0.750000 0.250000
vt 0.750000 0.312500
vt 0.718750 0.312500
vt 0.718750 0.250000
vt 0.750000 0.687500
vt 0.750000 0.750000
vt 0.718750 0.750000
vt 0.718750 0.687500
vt 0.750000 0.187500
vt 0.718750 0.187500
vt 0.750000 0.625000
vt 0.718750 0.625000
vt 0.750000 0.125000
vt 0.718750 0.125000
vt 0.750000 0.562500
vt 0.718750 0.562500
vt 0.750000 0.062500
vt 0.718750 0.062500
vt 0.718750 0.500000
vt 0.750000 0.937500
vt 0.734375 1.000000
vt 0.718750 0.937500
vt 0.734375 0.000000
vt 0.750000 0.437500
vt 0.718750 0.437500
vt 0.750000 0.875000
vt 0.718750 0.875000
vt 0.750000 0.375000
vt 0.718750 0.375000
vt 0.750000 0.812500
vt 0.718750 0.812500
vt 0.687500 0.875000
vt 0.687500 0.812500
vt 0.687500 0.375000
vt 0.687500 0.312500
vt 0.687500 0.750000
vt 0.687500 0.250000
vt 0.687500 0.687500
vt 0.687500 0.187500
vt 0.687500 0.625000
vt 0.687500 0.125000
vt 0.687500 0.562500
vt 0.687500 0.062500
vt 0.687500 0.500000
vt 0.703125 1.000000
vt 0.687500 0.937500
vt 0.703125 0.000000
vt 0.687500 0.437500
vt 0.656250 0.625000
vt 0.656250 0.562500
vt 0.656250 0.125000
vt 0.656250 0.062500
vt 0.656250 0.500000
vt 0.671875 1.000000
vt 0.656250 0.937500
vt 0.671875 0.000000
vt 0.656250 0.437500
vt 0.656250 0.875000
vt 0.656250 0.375000
vt 0.656250 0.812500
vt 0.656250 0.312500
vt 0.656250 0.750000
vt 0.656250 0.250000
vt 0.656250 0.687500
vt 0.656250 0.187500
vt 0.625000 0.312500
vt 0.625000 0.812500
vt 0.625000 0.687500
vt 0.625000 0.187500
vt 0.625000 0.625000
vt 0.625000 0.125000
vt 0.625000 0.562500
vt 0.625000 0.062500
vt 0.640625 1.000000
vt 0.625000 0.937500
vt 0.640625 0.000000
vt 0.625000 0.437500
vt 0.593750 0.125000
vt 0.593750 0.062500
vt 0.593750 0.562500
vt 0.593750 0.500000
vt 0.609375 1.000000
vt 0.593750 0.937500
vt 0.609375 0.000000
vt 0.593750 0.437500
vt 0.593750 0.875000
vt 0.593750 0.375000
vt 0.593750 0.812500
vt 0.593750 0.312500
vt 0.593750 0.750000
vt 0.593750 0.250000
vt 0.593750 0.687500
vt 0.593750 0.187500
vt 0.593750 0.625000
vt 0.562500 0.312500
vt 0.562500 0.250000
vt 0.562500 0.750000
vt 0.562500 0.687500
vt 0.562500 0.187500
vt 0.562500 0.625000
vt 0.562500 0.125000
vt 0.562500 0.562500
vt 0.562500 0.062500
vt 0.562500 0.500000
vt 0.578125 1.000000
vt 0.562500 0.937500
vt 0.578125 0.000000
vt 0.562500 0.437500
vt 0.562500 0.875000
vt 0.562500 0.375000
vt 0.562500 0.812500
vt 0.546875 1.000000
vt 0.531250 0.937500
vt 0.546875 0.000000
vt 0.531250 0.062500
vt 0.531250 0.500000
vt 0.531250 0.437500
vt 0.531250 0.875000
vt 0.531250 0.375000
vt 0.531250 0.812500
vt 0.531250 0.312500
vt 0.531250 0.750000
vt 0.531250 0.250000
vt 0.531250 0.687500
vt 0.531250 0.187500
vt 0.531250 0.625000
vt 0.531250 0.125000
vt 0.531250 0.562500
vt 0.500000 0.750000
vt 0.500000 0.687500
vt 0.500000 0.187500
vt 0.500000 0.625000
vt 0.500000 0.125000
vt 0.500000 0.562500
vt 0.500000 0.062500
vt 0.500000 0.500000
vt 0.515625 1.000000
vt 0.515625 0.000000
vt 0.500000 0.437500
vt 0.500000 0.812500
vt 0.500000 0.312500
vt 0.468750 0.500000
vt 0.468750 0.437500
vt 0.468750 0.937500
vt 0.468750 0.875000
vt 0.468750 0.375000
vt 0.468750 0.812500
vt 0.468750 0.312500
vt 0.468750 0.750000
vt 0.468750 0.250000
vt 0.468750 0.687500
vt 0.468750 0.187500
vt 0.468750 0.625000
vt 0.468750 0.125000
vt 0.468750 0.562500
vt 0.468750 0.062500
vt 0.484375 1.000000
vt 0.484375 0.000000
vt 0.437500 0.187500
vt 0.437500 0.687500
vt 0.437500 0.625000
vt 0.437500 0.125000
vt 0.437500 0.562500
vt 0.437500 0.062500
vt 0.437500 0.500000
vt 0.453125 1.000000
vt 0.437500 0.937500
vt 0.453125 0.000000
vt 0.437500 0.437500
vt 0.437500 0.812500
vt 0.437500 0.312500
vt 0.437500 0.750000
vt 0.406250 0.937500
vt 0.406250 0.875000
vt 0.406250 0.437500
vt 0.406250 0.375000
vt 0.406250 0.812500
vt 0.406250 0.312500
vt 0.406250 0.750000
vt 0.406250 0.250000
vt 0.406250 0.687500
vt 0.406250 0.187500
vt 0.406250 0.625000
vt 0.406250 0.125000
vt 0.406250 0.562500
vt 0.406250 0.062500
vt 0.406250 0.500000
vt 0.421875 1.000000
vt 0.421875 0.000000
vt 0.375000 0.687500
vt 0.375000 0.625000
vt 0.375000 0.187500
vt 0.375000 0.125000
vt 0.375000 0.562500
vt 0.375000 0.062500
vt 0.375000 0.500000
vt 0.390625 1.000000
vt 0.375000 0.937500
vt 0.390625 0.000000
vt 0.375000 0.437500
vt 0.375000 0.812500
vt 0.375000 0.312500
vt 0.375000 0.750000
vt 0.343750 0.437500
vt 0.343750 0.375000
vt 0.343750 0.875000
vt 0.343750 0.812500
vt 0.343750 0.312500
vt 0.343750 0.750000
vt 0.343750 0.250000
vt 0.343750 0.687500
vt 0.343750 0.187500
vt 0.343750 0.625000
vt 0.343750 0.125000
vt 0.343750 0.562500
vt 0.343750 0.062500
vt 0.343750 0.500000
vt 0.359375 1.000000
vt 0.343750 0.937500
vt 0.359375 0.000000
vt 0.312500 0.187500
vt 0.312500 0.125000
vt 0.312500 0.625000
vt 0.312500 0.562500
vt 0.312500 0.062500
vt 0.312500 0.500000
vt 0.328125 1.000000
vt 0.312500 0.937500
vt 0.328125 0.000000
vt 0.312500 0.437500
vt 0.312500 0.875000
vt 0.312500 0.375000
vt 0.312500 0.812500
vt 0.312500 0.312500
vt 0.312500 0.750000
vt 0.312500 0.250000
vt 0.312500 0.687500
vt 0.281250 0.375000
vt 0.281250 0.312500
vt 0.281250 0.812500
vt 0.281250 0.750000
vt 0.281250 0.250000
vt 0.281250 0.687500
vt 0.281250 0.187500
vt 0.281250 0.625000
vt 0.281250 0.125000
vt 0.281250 0.562500
vt 0.281250 0.062500
vt 0.281250 0.500000
vt 0.296875 1.000000
vt 0.281250 0.937500
vt 0.296875 0.000000
vt 0.281250 0.437500
vt 0.281250 0.875000
vt 0.250000 0.125000
vt 0.250000 0.062500
vt 0.250000 0.562500
vt 0.250000 0.500000
vt 0.265625 1.000000
vt 0.250000 0.937500
vt 0.265625 0.000000
vt 0.250000 0.437500
vt 0.250000 0.875000
vt 0.250000 0.375000
vt 0.250000 0.812500
vt 0.250000 0.312500
vt 0.250000 0.750000
vt 0.250000 0.250000
vt 0.250000 0.687500
vt 0.250000 0.187500
vt 0.250000 0.625000
vt 0.218750 0.812500
vt 0.218750 0.750000
vt 0.218750 0.312500
vt 0.218750 0.250000
vt 0.218750 0.687500
vt 0.218750 0.187500
vt 0.218750 0.625000
vt 0.218750 0.125000
vt 0.218750 0.562500
vt 0.218750 0.062500
vt 0.218750 0.500000
vt 0.234375 1.000000
vt 0.218750 0.937500
vt 0.234375 0.000000
vt 0.218750 0.437500
vt 0.218750 0.875000
vt 0.218750 0.375000
vt 0.187500 0.562500
vt 0.187500 0.500000
vt 0.203125 1.000000
vt 0.187500 0.937500
vt 0.203125 0.000000
vt 0.187500 0.062500
vt 0.187500 0.437500
vt 0.187500 0.875000
vt 0.187500 0.375000
vt 0.187500 0.812500
vt 0.187500 0.312500
vt 0.187500 0.750000
vt 0.187500 0.250000
vt 0.187500 0.687500
vt 0.187500 0.187500
vt 0.187500 0.625000
vt 0.187500 0.125000
vt 0.156250 0.312500
vt 0.156250 0.250000
vt 0.156250 0.750000
vt 0.156250 0.687500
vt 0.156250 0.187500
vt 0.156250 0.625000
vt 0.156250 0.125000
vt 0.156250 0.562500
vt 0.156250 0.062500
vt 0.156250 0.500000
vt 0.171875 1.000000
vt 0.156250 0.937500
vt 0.171875 0.000000
vt 0.156250 0.437500
vt 0.156250 0.875000
vt 0.156250 0.375000
vt 0.156250 0.812500
vt 0.140625 1.000000
vt 0.125000 0.937500
vt 0.140625 0.000000
vt 0.125000 0.062500
vt 0.125000 0.500000
vt 0.125000 0.437500
vt 0.125000 0.875000
vt 0.125000 0.375000
vt 0.125000 0.812500
vt 0.125000 0.312500
vt 0.125000 0.750000
vt 0.125000 0.250000
vt 0.125000 0.687500
vt 0.125000 0.187500
vt 0.125000 0.625000
vt 0.125000 0.125000
vt 0.125000 0.562500
vt 0.093750 0.750000
vt 0.093750 0.687500
vt 0.093750 0.250000
vt 0.093750 0.187500
vt 0.093750 0.625000
vt 0.093750 0.125000
vt 0.093750 0.562500
vt 0.093750 0.062500
vt 0.093750 0.500000
vt 0.109375 1.000000
vt 0.093750 0.937500
vt 0.109375 0.000000
vt 0.093750 0.437500
vt 0.093750 0.875000
vt 0.093750 0.375000
vt 0.093750 0.812500
vt 0.093750 0.312500
vt 0.062500 0.500000
vt 0.062500 0.437500
vt 0.062500 0.937500
vt 0.062500 0.875000
vt 0.062500 0.375000
vt 0.062500 0.812500
vt 0.062500 0.312500
vt 0.062500 0.750000
vt 0.062500 0.250000
vt 0.062500 0.687500
vt 0.062500 0.187500
vt 0.062500 0.625000
vt 0.062500 0.125000
vt 0.062500 0.562500
vt 0.062500 0.062500
vt 0.078125 1.000000
vt 0.078125 0.000000
vt 0.031250 0.250000
vt 0.031250 0.187500
vt 0.031250 0.687500
vt 0.031250 0.625000
vt 0.031250 0.125000
vt 0.031250 0.562500
vt 0.031250 0.062500
vt 0.031250 0.500000
vt 0.046875 1.000000
vt 0.031250 0.937500
vt 0.046875 0.000000
vt 0.031250 0.437500
vt 0.031250 0.875000
vt 0.031250 0.375000
vt 0.031250 0.812500
vt 0.031250 0.312500
vt 0.031250 0.750000
vt 0.000000 0.437500
vt 0.000000 0.375000
vt 0.000000 0.875000
vt 0.000000 0.812500
vt 0.000000 0.312500
vt 0.000000 0.750000
vt 0.000000 0.250000
vt 0.000000 0.687500
vt 0.000000 0.187500
vt 0.000000 0.625000
vt 0.000000 0.125000
vt 0.000000 0.562500
vt 0.000000 0.062500
vt 0.000000 0.500000
vt 0.015625 1.000000
vt 0.000000 0.937500
vt 0.015625 0.000000
vt 1.000000 0.125000
vt 1.000000 0.187500
vt 0.968750 0.187500
vt 0.968750 0.125000
vt 1.000000 0.562500
vt 1.000000 0.625000
vt 0.968750 0.625000
vt 0.968750 0.562500
vt 1.000000 0.062500
vt 0.968750 0.062500
vt 1.000000 0.500000
vt 0.968750 0.500000
vt 1.000000 0.937500
vt 0.984375 1.000000
vt 0.968750 0.937500
vt 0.984375 0.000000
vt 1.000000 0.437500
vt 0.968750 0.437500
vt 1.000000 0.875000
vt 0.968750 0.875000
vt 1.000000 0.375000
vt 0.968750 0.375000
vt 1.000000 0.812500
vt 0.968750 0.812500
vt 1.000000 0.312500
vt 0.968750 0.312500
vt 1.000000 0.750000
vt 0.968750 0.750000
vt 1.000000 0.250000
vt 0.968750 0.250000
vt 1.000000 0.687500
vt 0.968750 0.687500
vt 0.937500 0.875000
vt 0.937500 0.812500
vt 0.937500 0.375000
vt 0.937500 0.312500
vt 0.937500 0.750000
vt 0.937500 0.250000
vt 0.937500 0.687500
vt 0.937500 0.187500
vt 0.937500 0.625000
vt 0.937500 0.125000
vt 0.937500 0.562500
vt 0.937500 0.062500
vt 0.937500 0.500000
vt 0.953125 1.000000
vt 0.937500 0.937500
vt 0.953125 0.000000
vt 0.937500 0.437500
vt 0.906250 0.625000
vt 0.906250 0.562500
vt 0.906250 0.125000
vt 0.906250 0.062500
vt 0.906250 0.500000
vt 0.921875 1.000000
vt 0.906250 0.937500
vt 0.921875 0.000000
vt 0.906250 0.437500
vt 0.906250 0.875000
vt 0.906250 0.375000
vt 0.906250 0.812500
vt 0.906250 0.312500
vt 0.906250 0.750000
vt 0.906250 0.250000
vt 0.906250 0.687500
vt 0.906250 0.187500
vt 0.875000 0.375000
vt 0.875000 0.312500
vt 0.875000 0.812500
vt 0.875000 0.750000
vt 0.875000 0.250000
vt 0.875000 0.687500
vt 0.875000 0.187500
vt 0.875000 0.625000
vt 0.875000 0.125000
vt 0.875000 0.562500
vt 0.875000 0.062500
vt 0.875000 0.500000
vt 0.890625 1.000000
vt 0.875000 0.937500
vt 0.890625 0.000000
vt 0.875000 0.437500
vt 0.875000 0.875000
vt 0.843750 0.125000
vt 0.843750 0.062500
vt 0.843750 0.562500
vt 0.843750 0.500000
vt 0.859375 1.000000
vt 0.843750 0.937500
vt 0.859375 0.000000
vt 0.843750 0.437500
vt 0.843750 0.875000
vt 0.843750 0.375000
vt 0.843750 0.812500
vt 0.843750 0.312500
vt 0.843750 0.750000
vt 0.843750 0.250000
vt 0.843750 0.687500
vt 0.843750 0.187500
vt 0.843750 0.625000
vt 0.812500 0.812500
vt 0.812500 0.750000
vt 0.812500 0.312500
vt 0.812500 0.250000
vt 0.812500 0.687500
vt 0.812500 0.187500
vt 0.812500 0.625000
vt 0.812500 0.125000
vt 0.812500 0.562500
vt 0.812500 0.062500
vt 0.812500 0.500000
vt 0.828125 1.000000
vt 0.812500 0.937500
vt 0.828125 0.000000
vt 0.812500 0.437500
vt 0.812500 0.875000
vt 0.812500 0.375000
vt 0.781250 0.562500
vt 0.781250 0.500000
vt 0.796875 1.000000
vt 0.781250 0.937500
vt 0.796875 0.000000
vt 0.781250 0.062500
vt 0.781250 0.437500
vt 0.781250 0.875000
vt 0.781250 0.375000
vt 0.781250 0.812500
vt 0.781250 0.312500
vt 0.781250 0.750000
vt 0.781250 0.250000
vt 0.781250 0.687500
vt 0.781250 0.187500
vt 0.781250 0.625000
vt 0.781250 0.125000
vt 0.765625 1.000000
vt 0.765625 0.000000
s 0
usemtl rosita.002
f 7/1/1 6/2/1 2/3/1 4/4/1
f 11/5/2 10/6/2 1/7/2 3/8/2
f 7/1/3 8/9/3 5/10/3 6/2/3
f 11/5/4 3/8/4 8/9/4 7/1/4 4/4/4 12/11/4
f 3/8/2 1/7/2 5/10/2 8/9/2
f 6/2/5 5/10/5 1/7/5 10/6/5 9/12/5 2/3/5
f 4/4/1 2/3/1 9/12/1 12/11/1
f 12/11/6 9/12/6 10/6/6 11/5/6
usemtl ventP.003
f 29/13/7 14/14/7 16/15/7 30/16/7
f 34/3/1 22/17/1 20/18/1 31/19/1
f 31/19/8 20/18/8 18/20/8 32/21/8
f 36/22/2 26/23/2 14/24/2 29/25/2
f 21/26/4 19/27/4 17/28/4 23/29/4
f 27/30/5 16/31/5 14/32/5 26/33/5
f 20/18/5 22/34/5 24/35/5 18/20/5
f 25/36/4 21/26/4 23/29/4 28/37/4
f 32/21/2 18/20/2 24/38/2 33/7/2
f 35/39/1 27/40/1 22/17/1 34/3/1
f 30/16/1 16/15/1 27/40/1 35/39/1
f 15/41/4 25/36/4 28/37/4 13/42/4
f 22/34/5 27/30/5 26/33/5 24/35/5
f 33/7/2 24/38/2 26/23/2 36/22/2
f 33/7/4 36/22/4 46/22/4 45/7/4
f 37/43/1 30/16/1 35/39/1 42/44/1
f 35/39/4 34/3/4 50/3/4 49/39/4
f 39/45/2 32/21/2 33/7/2 40/8/2
f 43/46/2 36/22/2 29/25/2 44/47/2
f 38/48/8 31/19/8 32/21/8 39/45/8
f 41/4/1 34/3/1 31/19/1 38/48/1
f 44/49/7 29/13/7 30/16/7 37/43/7
f 13/50/7 44/49/7 37/43/7 15/51/7
f 21/52/1 41/4/1 38/48/1 19/27/1
f 19/27/8 38/48/8 39/45/8 17/28/8
f 28/53/2 43/46/2 44/47/2 13/54/2
f 17/28/2 39/45/2 40/8/2 23/55/2
f 25/56/1 42/44/1 41/4/1 21/52/1
f 15/51/1 37/43/1 42/44/1 25/56/1
f 23/55/2 40/8/2 43/46/2 28/53/2
f 40/8/7 33/7/7 45/7/7 47/8/7
f 36/22/8 43/46/8 48/46/8 46/22/8
f 43/46/5 40/8/5 47/8/5 48/46/5
f 42/44/8 35/39/8 49/39/8 52/44/8
f 34/3/7 41/4/7 51/4/7 50/3/7
f 41/4/5 42/44/5 52/44/5 51/4/5
usemtl ventN.001
f 47/8/2 45/7/2 46/22/2 48/46/2
f 52/44/1 49/39/1 50/3/1 51/4/1
usemtl ventP.004
f 69/13/7 54/14/7 56/15/7 70/16/7
f 74/3/1 62/17/1 60/18/1 71/19/1
f 71/19/8 60/18/8 58/20/8 72/21/8
f 76/22/2 66/23/2 54/24/2 69/25/2
f 61/26/4 59/27/4 57/28/4 63/29/4
f 67/30/5 56/31/5 54/32/5 66/33/5
f 60/18/5 62/34/5 64/35/5 58/20/5
f 65/36/4 61/26/4 63/29/4 68/37/4
f 72/21/2 58/20/2 64/38/2 73/7/2
f 75/39/1 67/40/1 62/17/1 74/3/1
f 70/16/1 56/15/1 67/40/1 75/39/1
f 55/41/4 65/36/4 68/37/4 53/42/4
f 62/34/5 67/30/5 66/33/5 64/35/5
f 73/7/2 64/38/2 66/23/2 76/22/2
f 73/7/4 76/22/4 86/22/4 85/7/4
f 77/43/1 70/16/1 75/39/1 82/44/1
f 75/39/4 74/3/4 90/3/4 89/39/4
f 79/45/2 72/21/2 73/7/2 80/8/2
f 83/46/2 76/22/2 69/25/2 84/47/2
f 78/48/8 71/19/8 72/21/8 79/45/8
f 81/4/1 74/3/1 71/19/1 78/48/1
f 84/49/7 69/13/7 70/16/7 77/43/7
f 53/50/7 84/49/7 77/43/7 55/51/7
f 61/52/1 81/4/1 78/48/1 59/27/1
f 59/27/8 78/48/8 79/45/8 57/28/8
f 68/53/2 83/46/2 84/47/2 53/54/2
f 57/28/2 79/45/2 80/8/2 63/55/2
f 65/56/1 82/44/1 81/4/1 61/52/1
f 55/51/1 77/43/1 82/44/1 65/56/1
f 63/55/2 80/8/2 83/46/2 68/53/2
f 80/8/7 73/7/7 85/7/7 87/8/7
f 76/22/8 83/46/8 88/46/8 86/22/8
f 83/46/5 80/8/5 87/8/5 88/46/5
f 82/44/8 75/39/8 89/39/8 92/44/8
f 74/3/7 81/4/7 91/4/7 90/3/7
f 81/4/5 82/44/5 92/44/5 91/4/5
usemtl ventN.002
f 87/8/2 85/7/2 86/22/2 88/46/2
f 92/44/1 89/39/1 90/3/1 91/4/1
usemtl ventP.005
f 109/13/7 94/14/7 96/15/7 110/16/7
f 114/3/1 102/17/1 100/18/1 111/19/1
f 111/19/8 100/18/8 98/20/8 112/21/8
f 116/22/2 106/23/2 94/24/2 109/25/2
f 101/26/4 99/27/4 97/28/4 103/29/4
f 107/30/5 96/31/5 94/32/5 106/33/5
f 100/18/5 102/34/5 104/35/5 98/20/5
f 105/36/4 101/26/4 103/29/4 108/37/4
f 112/21/2 98/20/2 104/38/2 113/7/2
f 115/39/1 107/40/1 102/17/1 114/3/1
f 110/16/1 96/15/1 107/40/1 115/39/1
f 95/41/4 105/36/4 108/37/4 93/42/4
f 102/34/5 107/30/5 106/33/5 104/35/5
f 113/7/2 104/38/2 106/23/2 116/22/2
f 113/7/4 116/22/4 126/22/4 125/7/4
f 117/43/1 110/16/1 115/39/1 122/44/1
f 115/39/4 114/3/4 130/3/4 129/39/4
f 119/45/2 112/21/2 113/7/2 120/8/2
f 123/46/2 116/22/2 109/25/2 124/47/2
f 118/48/8 111/19/8 112/21/8 119/45/8
f 121/4/1 114/3/1 111/19/1 118/48/1
f 124/49/7 109/13/7 110/16/7 117/43/7
f 93/50/7 124/49/7 117/43/7 95/51/7
f 101/52/1 121/4/1 118/48/1 99/27/1
f 99/27/8 118/48/8 119/45/8 97/28/8
f 108/53/2 123/46/2 124/47/2 93/54/2
f 97/28/2 119/45/2 120/8/2 103/55/2
f 105/56/1 122/44/1 121/4/1 101/52/1
f 95/51/1 117/43/1 122/44/1 105/56/1
f 103/55/2 120/8/2 123/46/2 108/53/2
f 120/8/7 113/7/7 125/7/7 127/8/7
f 116/22/8 123/46/8 128/46/8 126/22/8
f 123/46/5 120/8/5 127/8/5 128/46/5
f 122/44/8 115/39/8 129/39/8 132/44/8
f 114/3/7 121/4/7 131/4/7 130/3/7
f 121/4/5 122/44/5 132/44/5 131/4/5
usemtl ventN.003
f 127/8/2 125/7/2 126/22/2 128/46/2
f 132/44/1 129/39/1 130/3/1 131/4/1
usemtl ventP.006
f 149/13/7 134/14/7 136/15/7 150/16/7
f 154/3/1 142/17/1 140/18/1 151/19/1
f 151/19/8 140/18/8 138/20/8 152/21/8
f 156/22/2 146/23/2 134/24/2 149/25/2
f 141/26/4 139/27/4 137/28/4 143/29/4
f 147/30/5 136/31/5 134/32/5 146/33/5
f 140/18/5 142/34/5 144/35/5 138/20/5
f 145/36/4 141/26/4 143/29/4 148/37/4
f 152/21/2 138/20/2 144/38/2 153/7/2
f 155/39/1 147/40/1 142/17/1 154/3/1
f 150/16/1 136/15/1 147/40/1 155/39/1
f 135/41/4 145/36/4 148/37/4 133/42/4
f 142/34/5 147/30/5 146/33/5 144/35/5
f 153/7/2 144/38/2 146/23/2 156/22/2
f 153/7/4 156/22/4 166/22/4 165/7/4
f 157/43/1 150/16/1 155/39/1 162/44/1
f 155/39/4 154/3/4 170/3/4 169/39/4
f 159/45/2 152/21/2 153/7/2 160/8/2
f 163/46/2 156/22/2 149/25/2 164/47/2
f 158/48/8 151/19/8 152/21/8 159/45/8
f 161/4/1 154/3/1 151/19/1 158/48/1
f 164/49/7 149/13/7 150/16/7 157/43/7
f 133/50/7 164/49/7 157/43/7 135/51/7
f 141/52/1 161/4/1 158/48/1 139/27/1
f 139/27/8 158/48/8 159/45/8 137/28/8
f 148/53/2 163/46/2 164/47/2 133/54/2
f 137/28/2 159/45/2 160/8/2 143/55/2
f 145/56/1 162/44/1 161/4/1 141/52/1
f 135/51/1 157/43/1 162/44/1 145/56/1
f 143/55/2 160/8/2 163/46/2 148/53/2
f 160/8/7 153/7/7 165/7/7 167/8/7
f 156/22/8 163/46/8 168/46/8 166/22/8
f 163/46/5 160/8/5 167/8/5 168/46/5
f 162/44/8 155/39/8 169/39/8 172/44/8
f 154/3/7 161/4/7 171/4/7 170/3/7
f 161/4/5 162/44/5 172/44/5 171/4/5
usemtl ventN.004
f 167/8/2 165/7/2 166/22/2 168/46/2
f 172/44/1 169/39/1 170/3/1 171/4/1
usemtl oro.001
f 173/50/8 174/14/8 176/15/8 175/51/8
f 175/51/2 176/15/2 180/18/2 179/27/2
f 179/27/7 180/18/7 178/20/7 177/28/7
f 177/28/1 178/20/1 174/24/1 173/54/1
f 175/41/4 179/27/4 177/28/4 173/42/4
f 180/18/5 176/31/5 174/32/5 178/20/5
usemtl oro.002
f 659/57/9 186/58/9 197/59/9 198/60/9
f 182/61/10 656/62/10 190/63/10 191/64/10
f 660/65/11 659/57/11 198/60/11 199/66/11
f 657/67/12 182/61/12 191/64/12 192/68/12
f 661/69/13 660/65/13 199/66/13 200/70/13
f 183/71/14 657/67/14 192/68/14 193/72/14
f 662/73/15 661/69/15 200/70/15 201/74/15
f 184/34/16 183/71/16 193/72/16 194/75/16
f 654/76/17 262/77/17 187/78/17
f 488/79/18 662/73/18 201/74/18
f 185/80/19 184/34/19 194/75/19 195/81/19
f 655/82/20 654/76/20 187/78/20 188/83/20
f 658/84/21 185/80/21 195/81/21 196/85/21
f 181/86/22 655/82/22 188/83/22 189/87/22
f 186/58/23 658/84/23 196/85/23 197/59/23
f 656/62/24 181/86/24 189/87/24 190/63/24
f 189/87/25 188/83/25 203/88/25 204/89/25
f 197/59/26 196/85/26 211/90/26 212/91/26
f 190/63/27 189/87/27 204/89/27 205/92/27
f 198/60/28 197/59/28 212/91/28 213/93/28
f 191/64/29 190/63/29 205/92/29 206/94/29
f 199/66/30 198/60/30 213/93/30 214/95/30
f 192/68/31 191/64/31 206/94/31 207/96/31
f 200/70/32 199/66/32 214/95/32 215/97/32
f 193/72/33 192/68/33 207/96/33 208/98/33
f 201/74/34 200/70/34 215/97/34 216/99/34
f 194/75/35 193/72/35 208/98/35 209/100/35
f 187/78/36 262/101/36 202/102/36
f 488/103/37 201/74/37 216/99/37
f 195/81/38 194/75/38 209/100/38 210/104/38
f 188/83/39 187/78/39 202/102/39 203/88/39
f 196/85/40 195/81/40 210/104/40 211/90/40
f 208/98/41 207/96/41 222/105/41 223/106/41
f 216/99/42 215/97/42 230/107/42 231/108/42
f 209/100/43 208/98/43 223/106/43 224/109/43
f 202/102/44 262/110/44 217/111/44
f 488/112/45 216/99/45 231/108/45
f 210/104/46 209/100/46 224/109/46 225/113/46
f 203/88/47 202/102/47 217/111/47 218/114/47
f 211/90/48 210/104/48 225/113/48 226/115/48
f 204/89/49 203/88/49 218/114/49 219/116/49
f 212/91/50 211/90/50 226/115/50 227/117/50
f 205/92/51 204/89/51 219/116/51 220/118/51
f 213/93/52 212/91/52 227/117/52 228/119/52
f 206/94/53 205/92/53 220/118/53 221/120/53
f 214/95/54 213/93/54 228/119/54 229/121/54
f 207/96/55 206/94/55 221/120/55 222/105/55
f 215/97/56 214/95/56 229/121/56 230/107/56
f 227/117/57 226/115/57 241/17/57 242/122/57
f 220/118/58 219/116/58 234/123/58 235/20/58
f 228/119/59 227/117/59 242/122/59 243/15/59
f 221/120/60 220/118/60 235/20/60 236/124/60
f 229/121/61 228/119/61 243/15/61 244/125/61
f 222/105/62 221/120/62 236/124/62 237/126/62
f 230/107/63 229/121/63 244/125/63 245/127/63
f 223/106/64 222/105/64 237/126/64 238/128/64
f 231/108/65 230/107/65 245/127/65 246/129/65
f 224/109/66 223/106/66 238/128/66 239/18/66
f 217/111/67 262/130/67 232/131/67
f 488/132/68 231/108/68 246/129/68
f 225/113/69 224/109/69 239/18/69 240/133/69
f 218/114/70 217/111/70 232/131/70 233/38/70
f 226/115/71 225/113/71 240/133/71 241/17/71
f 219/116/72 218/114/72 233/38/72 234/123/72
f 246/129/73 245/127/73 260/134/73 261/135/73
f 239/18/74 238/128/74 253/136/74 254/137/74
f 232/131/75 262/138/75 247/139/75
f 488/140/76 246/129/76 261/135/76
f 240/133/77 239/18/77 254/137/77 255/141/77
f 233/38/78 232/131/78 247/139/78 248/142/78
f 241/17/79 240/133/79 255/141/79 256/143/79
f 234/123/80 233/38/80 248/142/80 249/144/80
f 242/122/81 241/17/81 256/143/81 257/145/81
f 235/20/82 234/123/82 249/144/82 250/146/82
f 243/15/83 242/122/83 257/145/83 258/147/83
f 236/124/84 235/20/84 250/146/84 251/148/84
f 244/125/85 243/15/85 258/147/85 259/149/85
f 237/126/86 236/124/86 251/148/86 252/150/86
f 245/127/87 244/125/87 259/149/87 260/134/87
f 238/128/88 237/126/88 252/150/88 253/136/88
f 258/147/89 257/145/89 273/151/89 274/152/89
f 251/148/90 250/146/90 266/153/90 267/154/90
f 259/149/91 258/147/91 274/152/91 275/155/91
f 252/150/92 251/148/92 267/154/92 268/156/92
f 260/134/93 259/149/93 275/155/93 276/157/93
f 253/136/94 252/150/94 268/156/94 269/158/94
f 261/135/95 260/134/95 276/157/95 277/159/95
f 254/137/96 253/136/96 269/158/96 270/160/96
f 247/139/97 262/161/97 263/162/97
f 488/163/98 261/135/98 277/159/98
f 255/141/99 254/137/99 270/160/99 271/164/99
f 248/142/100 247/139/100 263/162/100 264/165/100
f 256/143/101 255/141/101 271/164/101 272/166/101
f 249/144/102 248/142/102 264/165/102 265/167/102
f 257/145/103 256/143/103 272/166/103 273/151/103
f 250/146/104 249/144/104 265/167/104 266/153/104
f 263/162/105 262/168/105 278/169/105
f 488/170/106 277/159/106 292/171/106
f 271/164/107 270/160/107 285/172/107 286/173/107
f 264/165/108 263/162/108 278/169/108 279/174/108
f 272/166/109 271/164/109 286/173/109 287/175/109
f 265/167/110 264/165/110 279/174/110 280/176/110
f 273/151/111 272/166/111 287/175/111 288/177/111
f 266/153/112 265/167/112 280/176/112 281/178/112
f 274/152/113 273/151/113 288/177/113 289/179/113
f 267/154/114 266/153/114 281/178/114 282/180/114
f 275/155/115 274/152/115 289/179/115 290/181/115
f 268/156/116 267/154/116 282/180/116 283/182/116
f 276/157/117 275/155/117 290/181/117 291/183/117
f 269/158/118 268/156/118 283/182/118 284/184/118
f 277/159/119 276/157/119 291/183/119 292/171/119
f 270/160/120 269/158/120 284/184/120 285/172/120
f 282/180/121 281/178/121 296/185/121 297/186/121
f 290/181/122 289/179/122 304/16/122 305/187/122
f 283/182/123 282/180/123 297/186/123 298/188/123
f 291/183/124 290/181/124 305/187/124 306/189/124
f 284/184/125 283/182/125 298/188/125 299/190/125
f 292/171/126 291/183/126 306/189/126 307/191/126
f 285/172/127 284/184/127 299/190/127 300/192/127
f 278/169/128 262/193/128 293/22/128
f 488/194/129 292/171/129 307/191/129
f 286/173/130 285/172/130 300/192/130 301/195/130
f 279/174/131 278/169/131 293/22/131 294/7/131
f 287/175/132 286/173/132 301/195/132 302/3/132
f 280/176/133 279/174/133 294/7/133 295/196/133
f 288/177/134 287/175/134 302/3/134 303/197/134
f 281/178/135 280/176/135 295/196/135 296/185/135
f 289/179/136 288/177/136 303/197/136 304/16/136
f 301/195/137 300/192/137 315/198/137 316/199/137
f 294/7/138 293/22/138 308/200/138 309/201/138
f 302/3/139 301/195/139 316/199/139 317/202/139
f 295/196/140 294/7/140 309/201/140 310/203/140
f 303/197/141 302/3/141 317/202/141 318/204/141
f 296/185/142 295/196/142 310/203/142 311/205/142
f 304/16/143 303/197/143 318/204/143 319/206/143
f 297/186/144 296/185/144 311/205/144 312/207/144
f 305/187/145 304/16/145 319/206/145 320/208/145
f 298/188/146 297/186/146 312/207/146 313/209/146
f 306/189/147 305/187/147 320/208/147 321/210/147
f 299/190/148 298/188/148 313/209/148 314/211/148
f 307/191/149 306/189/149 321/210/149 322/212/149
f 300/192/150 299/190/150 314/211/150 315/198/150
f 293/22/151 262/213/151 308/200/151
f 488/214/152 307/191/152 322/212/152
f 320/208/153 319/206/153 334/43/153 335/215/153
f 313/209/154 312/207/154 327/216/154 328/217/154
f 321/210/155 320/208/155 335/215/155 336/218/155
f 314/211/156 313/209/156 328/217/156 329/219/156
f 322/212/157 321/210/157 336/218/157 337/220/157
f 315/198/158 314/211/158 329/219/158 330/221/158
f 308/200/159 262/222/159 323/223/159
f 488/224/160 322/212/160 337/220/160
f 316/199/161 315/198/161 330/221/161 331/225/161
f 309/201/162 308/200/162 323/223/162 324/8/162
f 317/202/163 316/199/163 331/225/163 332/4/163
f 310/203/164 309/201/164 324/8/164 325/226/164
f 318/204/165 317/202/165 332/4/165 333/227/165
f 311/205/166 310/203/166 325/226/166 326/228/166
f 319/206/167 318/204/167 333/227/167 334/43/167
f 312/207/168 311/205/168 326/228/168 327/216/168
f 324/8/169 323/223/169 338/229/169 339/230/169
f 332/4/170 331/225/170 346/231/170 347/232/170
f 325/226/171 324/8/171 339/230/171 340/233/171
f 333/227/172 332/4/172 347/232/172 348/234/172
f 326/228/173 325/226/173 340/233/173 341/235/173
f 334/43/174 333/227/174 348/234/174 349/236/174
f 327/216/175 326/228/175 341/235/175 342/237/175
f 335/215/176 334/43/176 349/236/176 350/238/176
f 328/217/177 327/216/177 342/237/177 343/239/177
f 336/218/178 335/215/178 350/238/178 351/240/178
f 329/219/179 328/217/179 343/239/179 344/241/179
f 337/220/180 336/218/180 351/240/180 352/242/180
f 330/221/181 329/219/181 344/241/181 345/243/181
f 323/223/182 262/244/182 338/229/182
f 488/245/183 337/220/183 352/242/183
f 331/225/184 330/221/184 345/243/184 346/231/184
f 343/239/185 342/237/185 357/246/185 358/247/185
f 351/240/186 350/238/186 365/248/186 366/249/186
f 344/241/187 343/239/187 358/247/187 359/250/187
f 352/242/188 351/240/188 366/249/188 367/251/188
f 345/243/189 344/241/189 359/250/189 360/252/189
f 338/229/190 262/253/190 353/254/190
f 488/255/191 352/242/191 367/251/191
f 346/231/192 345/243/192 360/252/192 361/256/192
f 339/230/193 338/229/193 353/254/193 354/55/193
f 347/232/194 346/231/194 361/256/194 362/52/194
f 340/233/195 339/230/195 354/55/195 355/257/195
f 348/234/196 347/232/196 362/52/196 363/258/196
f 341/235/197 340/233/197 355/257/197 356/259/197
f 349/236/198 348/234/198 363/258/198 364/51/198
f 342/237/199 341/235/199 356/259/199 357/246/199
f 350/238/200 349/236/200 364/51/200 365/248/200
f 362/52/201 361/256/201 376/260/201 377/261/201
f 355/257/202 354/55/202 369/262/202 370/263/202
f 363/258/203 362/52/203 377/261/203 378/264/203
f 356/259/204 355/257/204 370/263/204 371/265/204
f 364/51/205 363/258/205 378/264/205 379/266/205
f 357/246/206 356/259/206 371/265/206 372/267/206
f 365/248/207 364/51/207 379/266/207 380/268/207
f 358/247/208 357/246/208 372/267/208 373/269/208
f 366/249/209 365/248/209 380/268/209 381/270/209
f 359/250/210 358/247/210 373/269/210 374/271/210
f 367/251/211 366/249/211 381/270/211 382/272/211
f 360/252/212 359/250/212 374/271/212 375/273/212
f 353/254/213 262/274/213 368/275/213
f 488/276/214 367/251/214 382/272/214
f 361/256/215 360/252/215 375/273/215 376/260/215
f 354/55/216 353/254/216 368/275/216 369/262/216
f 381/270/217 380/268/217 395/277/217 396/278/217
f 374/271/218 373/269/218 388/279/218 389/280/218
f 382/272/219 381/270/219 396/278/219 397/281/219
f 375/273/220 374/271/220 389/280/220 390/282/220
f 368/275/221 262/283/221 383/284/221
f 488/285/222 382/272/222 397/281/222
f 376/260/223 375/273/223 390/282/223 391/286/223
f 369/262/224 368/275/224 383/284/224 384/287/224
f 377/261/225 376/260/225 391/286/225 392/288/225
f 370/263/226 369/262/226 384/287/226 385/289/226
f 378/264/227 377/261/227 392/288/227 393/290/227
f 371/265/228 370/263/228 385/289/228 386/291/228
f 379/266/229 378/264/229 393/290/229 394/292/229
f 372/267/230 371/265/230 386/291/230 387/293/230
f 380/268/231 379/266/231 394/292/231 395/277/231
f 373/269/232 372/267/232 387/293/232 388/279/232
f 393/290/233 392/288/233 407/294/233 408/295/233
f 386/291/234 385/289/234 400/296/234 401/297/234
f 394/292/235 393/290/235 408/295/235 409/298/235
f 387/293/236 386/291/236 401/297/236 402/299/236
f 395/277/237 394/292/237 409/298/237 410/300/237
f 388/279/238 387/293/238 402/299/238 403/301/238
f 396/278/239 395/277/239 410/300/239 411/302/239
f 389/280/240 388/279/240 403/301/240 404/303/240
f 397/281/241 396/278/241 411/302/241 412/304/241
f 390/282/242 389/280/242 404/303/242 405/305/242
f 383/284/243 262/306/243 398/307/243
f 488/308/244 397/281/244 412/304/244
f 391/286/245 390/282/245 405/305/245 406/309/245
f 384/287/246 383/284/246 398/307/246 399/310/246
f 392/288/247 391/286/247 406/309/247 407/294/247
f 385/289/248 384/287/248 399/310/248 400/296/248
f 412/304/249 411/302/249 426/311/249 427/312/249
f 405/305/250 404/303/250 419/313/250 420/314/250
f 398/307/251 262/315/251 413/316/251
f 488/317/252 412/304/252 427/312/252
f 406/309/253 405/305/253 420/314/253 421/318/253
f 399/310/254 398/307/254 413/316/254 414/319/254
f 407/294/255 406/309/255 421/318/255 422/320/255
f 400/296/256 399/310/256 414/319/256 415/321/256
f 408/295/257 407/294/257 422/320/257 423/322/257
f 401/297/258 400/296/258 415/321/258 416/323/258
f 409/298/259 408/295/259 423/322/259 424/324/259
f 402/299/260 401/297/260 416/323/260 417/325/260
f 410/300/261 409/298/261 424/324/261 425/326/261
f 403/301/262 402/299/262 417/325/262 418/327/262
f 411/302/263 410/300/263 425/326/263 426/311/263
f 404/303/264 403/301/264 418/327/264 419/313/264
f 416/323/265 415/321/265 430/328/265 431/329/265
f 424/324/266 423/322/266 438/330/266 439/331/266
f 417/325/267 416/323/267 431/329/267 432/332/267
f 425/326/268 424/324/268 439/331/268 440/333/268
f 418/327/269 417/325/269 432/332/269 433/334/269
f 426/311/270 425/326/270 440/333/270 441/335/270
f 419/313/271 418/327/271 433/334/271 434/336/271
f 427/312/272 426/311/272 441/335/272 442/337/272
f 420/314/273 419/313/273 434/336/273 435/338/273
f 413/316/274 262/339/274 428/340/274
f 488/341/275 427/312/275 442/337/275
f 421/318/276 420/314/276 435/338/276 436/342/276
f 414/319/277 413/316/277 428/340/277 429/343/277
f 422/320/278 421/318/278 436/342/278 437/344/278
f 415/321/279 414/319/279 429/343/279 430/328/279
f 423/322/280 422/320/280 437/344/280 438/330/280
f 435/338/281 434/336/281 449/345/281 450/346/281
f 428/340/282 262/347/282 443/348/282
f 488/349/283 442/337/283 457/350/283
f 436/342/284 435/338/284 450/346/284 451/351/284
f 429/343/285 428/340/285 443/348/285 444/352/285
f 437/344/286 436/342/286 451/351/286 452/353/286
f 430/328/287 429/343/287 444/352/287 445/354/287
f 438/330/288 437/344/288 452/353/288 453/355/288
f 431/329/289 430/328/289 445/354/289 446/356/289
f 439/331/290 438/330/290 453/355/290 454/357/290
f 432/332/291 431/329/291 446/356/291 447/358/291
f 440/333/292 439/331/292 454/357/292 455/359/292
f 433/334/293 432/332/293 447/358/293 448/360/293
f 441/335/294 440/333/294 455/359/294 456/361/294
f 434/336/295 433/334/295 448/360/295 449/345/295
f 442/337/296 441/335/296 456/361/296 457/350/296
f 454/357/297 453/355/297 468/362/297 469/363/297
f 447/358/298 446/356/298 461/364/298 462/365/298
f 455/359/299 454/357/299 469/363/299 470/366/299
f 448/360/300 447/358/300 462/365/300 463/367/300
f 456/361/301 455/359/301 470/366/301 471/368/301
f 449/345/302 448/360/302 463/367/302 464/369/302
f 457/350/303 456/361/303 471/368/303 472/370/303
f 450/346/304 449/345/304 464/369/304 465/371/304
f 443/348/305 262/372/305 458/373/305
f 488/374/306 457/350/306 472/370/306
f 451/351/307 450/346/307 465/371/307 466/375/307
f 444/352/308 443/348/308 458/373/308 459/376/308
f 452/353/309 451/351/309 466/375/309 467/377/309
f 445/354/310 444/352/310 459/376/310 460/378/310
f 453/355/311 452/353/311 467/377/311 468/362/311
f 446/356/312 445/354/312 460/378/312 461/364/312
f 458/373/313 262/379/313 473/380/313
f 488/381/314 472/370/314 487/382/314
f 466/375/315 465/371/315 480/383/315 481/384/315
f 459/376/316 458/373/316 473/380/316 474/385/316
f 467/377/317 466/375/317 481/384/317 482/386/317
f 460/378/318 459/376/318 474/385/318 475/387/318
f 468/362/319 467/377/319 482/386/319 483/388/319
f 461/364/320 460/378/320 475/387/320 476/389/320
f 469/363/321 468/362/321 483/388/321 484/390/321
f 462/365/322 461/364/322 476/389/322 477/391/322
f 470/366/323 469/363/323 484/390/323 485/392/323
f 463/367/324 462/365/324 477/391/324 478/393/324
f 471/368/325 470/366/325 485/392/325 486/394/325
f 464/369/326 463/367/326 478/393/326 479/395/326
f 472/370/327 471/368/327 486/394/327 487/382/327
f 465/371/328 464/369/328 479/395/328 480/383/328
f 477/391/329 476/389/329 492/396/329 493/397/329
f 485/392/330 484/390/330 500/398/330 501/399/330
f 478/393/331 477/391/331 493/397/331 494/400/331
f 486/394/332 485/392/332 501/399/332 502/401/332
f 479/395/333 478/393/333 494/400/333 495/402/333
f 487/382/334 486/394/334 502/401/334 503/403/334
f 480/383/335 479/395/335 495/402/335 496/404/335
f 473/380/336 262/405/336 489/406/336
f 488/407/337 487/382/337 503/403/337
f 481/384/338 480/383/338 496/404/338 497/408/338
f 474/385/339 473/380/339 489/406/339 490/409/339
f 482/386/340 481/384/340 497/408/340 498/410/340
f 475/387/341 474/385/341 490/409/341 491/411/341
f 483/388/342 482/386/342 498/410/342 499/412/342
f 476/389/343 475/387/343 491/411/343 492/396/343
f 484/390/344 483/388/344 499/412/344 500/398/344
f 497/408/345 496/404/345 511/413/345 512/414/345
f 490/409/346 489/406/346 504/415/346 505/416/346
f 498/410/347 497/408/347 512/414/347 513/417/347
f 491/411/348 490/409/348 505/416/348 506/418/348
f 499/412/349 498/410/349 513/417/349 514/419/349
f 492/396/350 491/411/350 506/418/350 507/420/350
f 500/398/351 499/412/351 514/419/351 515/421/351
f 493/397/352 492/396/352 507/420/352 508/422/352
f 501/399/353 500/398/353 515/421/353 516/423/353
f 494/400/354 493/397/354 508/422/354 509/424/354
f 502/401/355 501/399/355 516/423/355 517/425/355
f 495/402/356 494/400/356 509/424/356 510/426/356
f 503/403/357 502/401/357 517/425/357 518/427/357
f 496/404/358 495/402/358 510/426/358 511/413/358
f 489/406/359 262/428/359 504/415/359
f 488/429/360 503/403/360 518/427/360
f 516/423/361 515/421/361 530/430/361 531/431/361
f 509/424/362 508/422/362 523/432/362 524/433/362
f 517/425/363 516/423/363 531/431/363 532/434/363
f 510/426/364 509/424/364 524/433/364 525/435/364
f 518/427/365 517/425/365 532/434/365 533/436/365
f 511/413/366 510/426/366 525/435/366 526/437/366
f 504/415/367 262/438/367 519/439/367
f 488/440/368 518/427/368 533/436/368
f 512/414/369 511/413/369 526/437/369 527/441/369
f 505/416/370 504/415/370 519/439/370 520/442/370
f 513/417/371 512/414/371 527/441/371 528/443/371
f 506/418/372 505/416/372 520/442/372 521/444/372
f 514/419/373 513/417/373 528/443/373 529/445/373
f 507/420/374 506/418/374 521/444/374 522/446/374
f 515/421/375 514/419/375 529/445/375 530/430/375
f 508/422/376 507/420/376 522/446/376 523/432/376
f 528/443/377 527/441/377 542/447/377 543/448/377
f 521/444/378 520/442/378 535/449/378 536/450/378
f 529/445/379 528/443/379 543/448/379 544/451/379
f 522/446/380 521/444/380 536/450/380 537/452/380
f 530/430/381 529/445/381 544/451/381 545/453/381
f 523/432/382 522/446/382 537/452/382 538/454/382
f 531/431/383 530/430/383 545/453/383 546/455/383
f 524/433/384 523/432/384 538/454/384 539/456/384
f 532/434/385 531/431/385 546/455/385 547/457/385
f 525/435/386 524/433/386 539/456/386 540/458/386
f 533/436/387 532/434/387 547/457/387 548/459/387
f 526/437/388 525/435/388 540/458/388 541/460/388
f 519/439/389 262/461/389 534/462/389
f 488/463/390 533/436/390 548/459/390
f 527/441/391 526/437/391 541/460/391 542/447/391
f 520/442/392 519/439/392 534/462/392 535/449/392
f 547/464/393 546/465/393 561/466/393 562/467/393
f 540/468/394 539/469/394 554/470/394 555/471/394
f 548/472/395 547/464/395 562/467/395 563/473/395
f 541/474/396 540/468/396 555/471/396 556/475/396
f 534/476/397 262/477/397 549/478/397
f 488/479/398 548/472/398 563/473/398
f 542/480/399 541/474/399 556/475/399 557/481/399
f 535/482/400 534/476/400 549/478/400 550/483/400
f 543/484/401 542/480/401 557/481/401 558/485/401
f 536/486/402 535/482/402 550/483/402 551/487/402
f 544/488/403 543/484/403 558/485/403 559/489/403
f 537/490/404 536/486/404 551/487/404 552/491/404
f 545/492/405 544/488/405 559/489/405 560/493/405
f 538/494/406 537/490/406 552/491/406 553/495/406
f 546/465/407 545/492/407 560/493/407 561/466/407
f 539/469/408 538/494/408 553/495/408 554/470/408
f 551/487/409 550/483/409 565/496/409 566/497/409
f 559/489/410 558/485/410 573/498/410 574/499/410
f 552/491/411 551/487/411 566/497/411 567/500/411
f 560/493/412 559/489/412 574/499/412 575/501/412
f 553/495/413 552/491/413 567/500/413 568/502/413
f 561/466/414 560/493/414 575/501/414 576/503/414
f 554/470/415 553/495/415 568/502/415 569/504/415
f 562/467/416 561/466/416 576/503/416 577/505/416
f 555/471/417 554/470/417 569/504/417 570/506/417
f 563/473/418 562/467/418 577/505/418 578/507/418
f 556/475/419 555/471/419 570/506/419 571/508/419
f 549/478/420 262/509/420 564/510/420
f 488/511/421 563/473/421 578/507/421
f 557/481/422 556/475/422 571/508/422 572/512/422
f 550/483/423 549/478/423 564/510/423 565/496/423
f 558/485/424 557/481/424 572/512/424 573/498/424
f 570/506/425 569/504/425 584/513/425 585/514/425
f 578/507/426 577/505/426 592/515/426 593/516/426
f 571/508/427 570/506/427 585/514/427 586/517/427
f 564/510/428 262/518/428 579/519/428
f 488/520/429 578/507/429 593/516/429
f 572/512/430 571/508/430 586/517/430 587/521/430
f 565/496/431 564/510/431 579/519/431 580/522/431
f 573/498/432 572/512/432 587/521/432 588/523/432
f 566/497/433 565/496/433 580/522/433 581/524/433
f 574/499/434 573/498/434 588/523/434 589/525/434
f 567/500/435 566/497/435 581/524/435 582/526/435
f 575/501/436 574/499/436 589/525/436 590/527/436
f 568/502/437 567/500/437 582/526/437 583/528/437
f 576/503/438 575/501/438 590/527/438 591/529/438
f 569/504/439 568/502/439 583/528/439 584/513/439
f 577/505/440 576/503/440 591/529/440 592/515/440
f 589/525/441 588/523/441 603/530/441 604/531/441
f 582/526/442 581/524/442 596/532/442 597/533/442
f 590/527/443 589/525/443 604/531/443 605/534/443
f 583/528/444 582/526/444 597/533/444 598/535/444
f 591/529/445 590/527/445 605/534/445 606/536/445
f 584/513/446 583/528/446 598/535/446 599/537/446
f 592/515/447 591/529/447 606/536/447 607/538/447
f 585/514/448 584/513/448 599/537/448 600/539/448
f 593/516/449 592/515/449 607/538/449 608/540/449
f 586/517/450 585/514/450 600/539/450 601/541/450
f 579/519/451 262/542/451 594/543/451
f 488/544/452 593/516/452 608/540/452
f 587/521/453 586/517/453 601/541/453 602/545/453
f 580/522/454 579/519/454 594/543/454 595/546/454
f 588/523/455 587/521/455 602/545/455 603/530/455
f 581/524/456 580/522/456 595/546/456 596/532/456
f 608/540/457 607/538/457 622/547/457 623/548/457
f 601/541/458 600/539/458 615/549/458 616/550/458
f 594/543/459 262/551/459 609/552/459
f 488/553/460 608/540/460 623/548/460
f 602/545/461 601/541/461 616/550/461 617/554/461
f 595/546/462 594/543/462 609/552/462 610/555/462
f 603/530/463 602/545/463 617/554/463 618/556/463
f 596/532/464 595/546/464 610/555/464 611/557/464
f 604/531/465 603/530/465 618/556/465 619/558/465
f 597/533/466 596/532/466 611/557/466 612/559/466
f 605/534/467 604/531/467 619/558/467 620/560/467
f 598/535/468 597/533/468 612/559/468 613/561/468
f 606/536/469 605/534/469 620/560/469 621/562/469
f 599/537/470 598/535/470 613/561/470 614/563/470
f 607/538/471 606/536/471 621/562/471 622/547/471
f 600/539/472 599/537/472 614/563/472 615/549/472
f 612/559/473 611/557/473 626/564/473 627/565/473
f 620/560/474 619/558/474 634/566/474 635/567/474
f 613/561/475 612/559/475 627/565/475 628/568/475
f 621/562/476 620/560/476 635/567/476 636/569/476
f 614/563/477 613/561/477 628/568/477 629/570/477
f 622/547/478 621/562/478 636/569/478 637/571/478
f 615/549/479 614/563/479 629/570/479 630/572/479
f 623/548/480 622/547/480 637/571/480 638/573/480
f 616/550/481 615/549/481 630/572/481 631/574/481
f 609/552/482 262/575/482 624/576/482
f 488/577/483 623/548/483 638/573/483
f 617/554/484 616/550/484 631/574/484 632/578/484
f 610/555/485 609/552/485 624/576/485 625/579/485
f 618/556/486 617/554/486 632/578/486 633/580/486
f 611/557/487 610/555/487 625/579/487 626/564/487
f 619/558/488 618/556/488 633/580/488 634/566/488
f 631/574/489 630/572/489 645/581/489 646/582/489
f 624/576/490 262/583/490 639/584/490
f 488/585/491 638/573/491 653/586/491
f 632/578/492 631/574/492 646/582/492 647/587/492
f 625/579/493 624/576/493 639/584/493 640/588/493
f 633/580/494 632/578/494 647/587/494 648/589/494
f 626/564/495 625/579/495 640/588/495 641/590/495
f 634/566/496 633/580/496 648/589/496 649/591/496
f 627/565/497 626/564/497 641/590/497 642/592/497
f 635/567/498 634/566/498 649/591/498 650/593/498
f 628/568/499 627/565/499 642/592/499 643/594/499
f 636/569/500 635/567/500 650/593/500 651/595/500
f 629/570/501 628/568/501 643/594/501 644/596/501
f 637/571/502 636/569/502 651/595/502 652/597/502
f 630/572/503 629/570/503 644/596/503 645/581/503
f 638/573/504 637/571/504 652/597/504 653/586/504
f 650/593/505 649/591/505 186/58/505 659/57/505
f 643/594/506 642/592/506 656/62/506 182/61/506
f 651/595/507 650/593/507 659/57/507 660/65/507
f 644/596/508 643/594/508 182/61/508 657/67/508
f 652/597/509 651/595/509 660/65/509 661/69/509
f 645/581/510 644/596/510 657/67/510 183/71/510
f 653/586/511 652/597/511 661/69/511 662/73/511
f 646/582/512 645/581/512 183/71/512 184/34/512
f 639/584/513 262/598/513 654/76/513
f 488/599/514 653/586/514 662/73/514
f 647/587/515 646/582/515 184/34/515 185/80/515
f 640/588/516 639/584/516 654/76/516 655/82/516
f 648/589/517 647/587/517 185/80/517 658/84/517
f 641/590/518 640/588/518 655/82/518 181/86/518
f 649/591/519 648/589/519 658/84/519 186/58/519
f 642/592/520 641/590/520 181/86/520 656/62/520
usemtl oro.007
f 663/50/7 664/14/7 666/15/7 665/51/7
f 665/51/1 666/15/1 670/18/1 669/27/1
f 669/27/8 670/18/8 668/20/8 667/28/8
f 667/28/2 668/20/2 664/24/2 663/54/2
f 665/41/4 669/27/4 667/28/4 663/42/4
f 670/18/5 666/31/5 664/32/5 668/20/5
usemtl oro.008
f 1149/57/266 676/58/266 687/59/266 688/60/266
f 672/61/267 1146/62/267 680/63/267 681/64/267
f 1150/65/268 1149/57/268 688/60/268 689/66/268
f 1147/67/269 672/61/269 681/64/269 682/68/269
f 1151/69/270 1150/65/270 689/66/270 690/70/270
f 673/71/271 1147/67/271 682/68/271 683/72/271
f 1152/73/272 1151/69/272 690/70/272 691/74/272
f 674/34/273 673/71/273 683/72/273 684/75/273
f 1144/76/521 752/77/521 677/78/521
f 978/79/275 1152/73/275 691/74/275
f 675/80/276 674/34/276 684/75/276 685/81/276
f 1145/82/277 1144/76/277 677/78/277 678/83/277
f 1148/84/278 675/80/278 685/81/278 686/85/278
f 671/86/279 1145/82/279 678/83/279 679/87/279
f 676/58/280 1148/84/280 686/85/280 687/59/280
f 1146/62/265 671/86/265 679/87/265 680/63/265
f 679/87/287 678/83/287 693/88/287 694/89/287
f 687/59/288 686/85/288 701/90/288 702/91/288
f 680/63/289 679/87/289 694/89/289 695/92/289
f 688/60/290 687/59/290 702/91/290 703/93/290
f 681/64/291 680/63/291 695/92/291 696/94/291
f 689/66/292 688/60/292 703/93/292 704/95/292
f 682/68/293 681/64/293 696/94/293 697/96/293
f 690/70/294 689/66/294 704/95/294 705/97/294
f 683/72/295 682/68/295 697/96/295 698/98/295
f 691/74/522 690/70/522 705/97/522 706/99/522
f 684/75/281 683/72/281 698/98/281 699/100/281
f 677/78/282 752/101/282 692/102/282
f 978/103/283 691/74/283 706/99/283
f 685/81/284 684/75/284 699/100/284 700/104/284
f 678/83/523 677/78/523 692/102/523 693/88/523
f 686/85/286 685/81/286 700/104/286 701/90/286
f 698/98/302 697/96/302 712/105/302 713/106/302
f 706/99/524 705/97/524 720/107/524 721/108/524
f 699/100/304 698/98/304 713/106/304 714/109/304
f 692/102/305 752/110/305 707/111/305
f 978/112/306 706/99/306 721/108/306
f 700/104/307 699/100/307 714/109/307 715/113/307
f 693/88/308 692/102/308 707/111/308 708/114/308
f 701/90/309 700/104/309 715/113/309 716/115/309
f 694/89/525 693/88/525 708/114/525 709/116/525
f 702/91/311 701/90/311 716/115/311 717/117/311
f 695/92/312 694/89/312 709/116/312 710/118/312
f 703/93/297 702/91/297 717/117/297 718/119/297
f 696/94/298 695/92/298 710/118/298 711/120/298
f 704/95/299 703/93/299 718/119/299 719/121/299
f 697/96/300 696/94/300 711/120/300 712/105/300
f 705/97/301 704/95/301 719/121/301 720/107/301
f 717/117/319 716/115/319 731/17/319 732/122/319
f 710/118/320 709/116/320 724/123/320 725/20/320
f 718/119/321 717/117/321 732/122/321 733/15/321
f 711/120/322 710/118/322 725/20/322 726/124/322
f 719/121/323 718/119/323 733/15/323 734/125/323
f 712/105/324 711/120/324 726/124/324 727/126/324
f 720/107/325 719/121/325 734/125/325 735/127/325
f 713/106/326 712/105/326 727/126/326 728/128/326
f 721/108/327 720/107/327 735/127/327 736/129/327
f 714/109/328 713/106/328 728/128/328 729/18/328
f 707/111/313 752/130/313 722/131/313
f 978/132/314 721/108/314 736/129/314
f 715/113/315 714/109/315 729/18/315 730/133/315
f 708/114/316 707/111/316 722/131/316 723/38/316
f 716/115/317 715/113/317 730/133/317 731/17/317
f 709/116/318 708/114/318 723/38/318 724/123/318
f 736/129/526 735/127/526 750/134/526 751/135/526
f 729/18/335 728/128/335 743/136/335 744/137/335
f 722/131/336 752/138/336 737/139/336
f 978/140/337 736/129/337 751/135/337
f 730/133/338 729/18/338 744/137/338 745/141/338
f 723/38/527 722/131/527 737/139/527 738/142/527
f 731/17/340 730/133/340 745/141/340 746/143/340
f 724/123/341 723/38/341 738/142/341 739/144/341
f 732/122/342 731/17/342 746/143/342 747/145/342
f 725/20/343 724/123/343 739/144/343 740/146/343
f 733/15/344 732/122/344 747/145/344 748/147/344
f 726/124/329 725/20/329 740/146/329 741/148/329
f 734/125/330 733/15/330 748/147/330 749/149/330
f 727/126/331 726/124/331 741/148/331 742/150/331
f 735/127/332 734/125/332 749/149/332 750/134/332
f 728/128/333 727/126/333 742/150/333 743/136/333
f 748/147/351 747/145/351 763/151/351 764/152/351
f 741/148/352 740/146/352 756/153/352 757/154/352
f 749/149/353 748/147/353 764/152/353 765/155/353
f 742/150/354 741/148/354 757/154/354 758/156/354
f 750/134/355 749/149/355 765/155/355 766/157/355
f 743/136/356 742/150/356 758/156/356 759/158/356
f 751/135/528 750/134/528 766/157/528 767/159/528
f 744/137/529 743/136/529 759/158/529 760/160/529
f 737/139/359 752/161/359 753/162/359
f 978/163/360 751/135/360 767/159/360
f 745/141/530 744/137/530 760/160/530 761/164/530
f 738/142/346 737/139/346 753/162/346 754/165/346
f 746/143/347 745/141/347 761/164/347 762/166/347
f 739/144/348 738/142/348 754/165/348 755/167/348
f 747/145/349 746/143/349 762/166/349 763/151/349
f 740/146/350 739/144/350 755/167/350 756/153/350
f 753/162/367 752/168/367 768/169/367
f 978/170/368 767/159/368 782/171/368
f 761/164/369 760/160/369 775/172/369 776/173/369
f 754/165/370 753/162/370 768/169/370 769/174/370
f 762/166/371 761/164/371 776/173/371 777/175/371
f 755/167/372 754/165/372 769/174/372 770/176/372
f 763/151/373 762/166/373 777/175/373 778/177/373
f 756/153/374 755/167/374 770/176/374 771/178/374
f 764/152/375 763/151/375 778/177/375 779/179/375
f 757/154/376 756/153/376 771/178/376 772/180/376
f 765/155/361 764/152/361 779/179/361 780/181/361
f 758/156/362 757/154/362 772/180/362 773/182/362
f 766/157/363 765/155/363 780/181/363 781/183/363
f 759/158/364 758/156/364 773/182/364 774/184/364
f 767/159/365 766/157/365 781/183/365 782/171/365
f 760/160/366 759/158/366 774/184/366 775/172/366
f 772/180/382 771/178/382 786/185/382 787/186/382
f 780/181/383 779/179/383 794/16/383 795/187/383
f 773/182/384 772/180/384 787/186/384 788/188/384
f 781/183/385 780/181/385 795/187/385 796/189/385
f 774/184/386 773/182/386 788/188/386 789/190/386
f 782/171/387 781/183/387 796/189/387 797/191/387
f 775/172/531 774/184/531 789/190/531 790/192/531
f 768/169/389 752/193/389 783/22/389
f 978/194/390 782/171/390 797/191/390
f 776/173/532 775/172/532 790/192/532 791/195/532
f 769/174/392 768/169/392 783/22/392 784/7/392
f 777/175/377 776/173/377 791/195/377 792/3/377
f 770/176/378 769/174/378 784/7/378 785/196/378
f 778/177/379 777/175/379 792/3/379 793/197/379
f 771/178/380 770/176/380 785/196/380 786/185/380
f 779/179/381 778/177/381 793/197/381 794/16/381
f 791/195/399 790/192/399 805/198/399 806/199/399
f 784/7/400 783/22/400 798/200/400 799/201/400
f 792/3/401 791/195/401 806/199/401 807/202/401
f 785/196/402 784/7/402 799/201/402 800/203/402
f 793/197/403 792/3/403 807/202/403 808/204/403
f 786/185/404 785/196/404 800/203/404 801/205/404
f 794/16/405 793/197/405 808/204/405 809/206/405
f 787/186/406 786/185/406 801/205/406 802/207/406
f 795/187/407 794/16/407 809/206/407 810/208/407
f 788/188/408 787/186/408 802/207/408 803/209/408
f 796/189/393 795/187/393 810/208/393 811/210/393
f 789/190/394 788/188/394 803/209/394 804/211/394
f 797/191/395 796/189/395 811/210/395 812/212/395
f 790/192/396 789/190/396 804/211/396 805/198/396
f 783/22/397 752/213/397 798/200/397
f 978/214/398 797/191/398 812/212/398
f 810/208/414 809/206/414 824/43/414 825/215/414
f 803/209/415 802/207/415 817/216/415 818/217/415
f 811/210/416 810/208/416 825/215/416 826/218/416
f 804/211/417 803/209/417 818/217/417 819/219/417
f 812/212/533 811/210/533 826/218/533 827/220/533
f 805/198/419 804/211/419 819/219/419 820/221/419
f 798/200/420 752/222/420 813/223/420
f 978/224/421 812/212/421 827/220/421
f 806/199/422 805/198/422 820/221/422 821/225/422
f 799/201/423 798/200/423 813/223/423 814/8/423
f 807/202/424 806/199/424 821/225/424 822/4/424
f 800/203/409 799/201/409 814/8/409 815/226/409
f 808/204/410 807/202/410 822/4/410 823/227/410
f 801/205/411 800/203/411 815/226/411 816/228/411
f 809/206/412 808/204/412 823/227/412 824/43/412
f 802/207/413 801/205/413 816/228/413 817/216/413
f 814/8/431 813/223/431 828/229/431 829/230/431
f 822/4/432 821/225/432 836/231/432 837/232/432
f 815/226/433 814/8/433 829/230/433 830/233/433
f 823/227/434 822/4/434 837/232/434 838/234/434
f 816/228/435 815/226/435 830/233/435 831/235/435
f 824/43/436 823/227/436 838/234/436 839/236/436
f 817/216/437 816/228/437 831/235/437 832/237/437
f 825/215/438 824/43/438 839/236/438 840/238/438
f 818/217/439 817/216/439 832/237/439 833/239/439
f 826/218/440 825/215/440 840/238/440 841/240/440
f 819/219/425 818/217/425 833/239/425 834/241/425
f 827/220/426 826/218/426 841/240/426 842/242/426
f 820/221/534 819/219/534 834/241/534 835/243/534
f 813/223/428 752/244/428 828/229/428
f 978/245/429 827/220/429 842/242/429
f 821/225/535 820/221/535 835/243/535 836/231/535
f 833/239/446 832/237/446 847/246/446 848/247/446
f 841/240/447 840/238/447 855/248/447 856/249/447
f 834/241/448 833/239/448 848/247/448 849/250/448
f 842/242/449 841/240/449 856/249/449 857/251/449
f 835/243/450 834/241/450 849/250/450 850/252/450
f 828/229/451 752/253/451 843/254/451
f 978/255/452 842/242/452 857/251/452
f 836/231/453 835/243/453 850/252/453 851/256/453
f 829/230/536 828/229/536 843/254/536 844/55/536
f 837/232/455 836/231/455 851/256/455 852/52/455
f 830/233/456 829/230/456 844/55/456 845/257/456
f 838/234/441 837/232/441 852/52/441 853/258/441
f 831/235/442 830/233/442 845/257/442 846/259/442
f 839/236/443 838/234/443 853/258/443 854/51/443
f 832/237/444 831/235/444 846/259/444 847/246/444
f 840/238/445 839/236/445 854/51/445 855/248/445
f 852/52/463 851/256/463 866/260/463 867/261/463
f 845/257/464 844/55/464 859/262/464 860/263/464
f 853/258/465 852/52/465 867/261/465 868/264/465
f 846/259/466 845/257/466 860/263/466 861/265/466
f 854/51/467 853/258/467 868/264/467 869/266/467
f 847/246/468 846/259/468 861/265/468 862/267/468
f 855/248/469 854/51/469 869/266/469 870/268/469
f 848/247/470 847/246/470 862/267/470 863/269/470
f 856/249/471 855/248/471 870/268/471 871/270/471
f 849/250/472 848/247/472 863/269/472 864/271/472
f 857/251/537 856/249/537 871/270/537 872/272/537
f 850/252/458 849/250/458 864/271/458 865/273/458
f 843/254/459 752/274/459 858/275/459
f 978/276/460 857/251/460 872/272/460
f 851/256/461 850/252/461 865/273/461 866/260/461
f 844/55/462 843/254/462 858/275/462 859/262/462
f 871/270/478 870/268/478 885/277/478 886/278/478
f 864/271/479 863/269/479 878/279/479 879/280/479
f 872/272/480 871/270/480 886/278/480 887/281/480
f 865/273/481 864/271/481 879/280/481 880/282/481
f 858/275/482 752/283/482 873/284/482
f 978/285/483 872/272/483 887/281/483
f 866/260/484 865/273/484 880/282/484 881/286/484
f 859/262/485 858/275/485 873/284/485 874/287/485
f 867/261/486 866/260/486 881/286/486 882/288/486
f 860/263/538 859/262/538 874/287/538 875/289/538
f 868/264/488 867/261/488 882/288/488 883/290/488
f 861/265/473 860/263/473 875/289/473 876/291/473
f 869/266/474 868/264/474 883/290/474 884/292/474
f 862/267/475 861/265/475 876/291/475 877/293/475
f 870/268/476 869/266/476 884/292/476 885/277/476
f 863/269/477 862/267/477 877/293/477 878/279/477
f 883/290/496 882/288/496 897/294/496 898/295/496
f 876/291/497 875/289/497 890/296/497 891/297/497
f 884/292/498 883/290/498 898/295/498 899/298/498
f 877/293/499 876/291/499 891/297/499 892/299/499
f 885/277/500 884/292/500 899/298/500 900/300/500
f 878/279/501 877/293/501 892/299/501 893/301/501
f 886/278/502 885/277/502 900/300/502 901/302/502
f 879/280/503 878/279/503 893/301/503 894/303/503
f 887/281/539 886/278/539 901/302/539 902/304/539
f 880/282/489 879/280/489 894/303/489 895/305/489
f 873/284/490 752/306/490 888/307/490
f 978/308/491 887/281/491 902/304/491
f 881/286/492 880/282/492 895/305/492 896/309/492
f 874/287/540 873/284/540 888/307/540 889/310/540
f 882/288/494 881/286/494 896/309/494 897/294/494
f 875/289/495 874/287/495 889/310/495 890/296/495
f 902/304/511 901/302/511 916/311/511 917/312/511
f 895/305/541 894/303/541 909/313/541 910/314/541
f 888/307/542 752/315/542 903/316/542
f 978/317/514 902/304/514 917/312/514
f 896/309/543 895/305/543 910/314/543 911/318/543
f 889/310/516 888/307/516 903/316/516 904/319/516
f 897/294/517 896/309/517 911/318/517 912/320/517
f 890/296/518 889/310/518 904/319/518 905/321/518
f 898/295/519 897/294/519 912/320/519 913/322/519
f 891/297/520 890/296/520 905/321/520 906/323/520
f 899/298/505 898/295/505 913/322/505 914/324/505
f 892/299/506 891/297/506 906/323/506 907/325/506
f 900/300/507 899/298/507 914/324/507 915/326/507
f 893/301/508 892/299/508 907/325/508 908/327/508
f 901/302/509 900/300/509 915/326/509 916/311/509
f 894/303/510 893/301/510 908/327/510 909/313/510
f 906/323/24 905/321/24 920/328/24 921/329/24
f 914/324/9 913/322/9 928/330/9 929/331/9
f 907/325/10 906/323/10 921/329/10 922/332/10
f 915/326/11 914/324/11 929/331/11 930/333/11
f 908/327/12 907/325/12 922/332/12 923/334/12
f 916/311/13 915/326/13 930/333/13 931/335/13
f 909/313/14 908/327/14 923/334/14 924/336/14
f 917/312/15 916/311/15 931/335/15 932/337/15
f 910/314/16 909/313/16 924/336/16 925/338/16
f 903/316/544 752/339/544 918/340/544
f 978/341/18 917/312/18 932/337/18
f 911/318/545 910/314/545 925/338/545 926/342/545
f 904/319/20 903/316/20 918/340/20 919/343/20
f 912/320/21 911/318/21 926/342/21 927/344/21
f 905/321/22 904/319/22 919/343/22 920/328/22
f 913/322/23 912/320/23 927/344/23 928/330/23
f 925/338/35 924/336/35 939/345/35 940/346/35
f 918/340/36 752/347/36 933/348/36
f 978/349/37 932/337/37 947/350/37
f 926/342/38 925/338/38 940/346/38 941/351/38
f 919/343/546 918/340/546 933/348/546 934/352/546
f 927/344/40 926/342/40 941/351/40 942/353/40
f 920/328/25 919/343/25 934/352/25 935/354/25
f 928/330/26 927/344/26 942/353/26 943/355/26
f 921/329/27 920/328/27 935/354/27 936/356/27
f 929/331/28 928/330/28 943/355/28 944/357/28
f 922/332/29 921/329/29 936/356/29 937/358/29
f 930/333/30 929/331/30 944/357/30 945/359/30
f 923/334/31 922/332/31 937/358/31 938/360/31
f 931/335/32 930/333/32 945/359/32 946/361/32
f 924/336/33 923/334/33 938/360/33 939/345/33
f 932/337/547 931/335/547 946/361/547 947/350/547
f 944/357/52 943/355/52 958/362/52 959/363/52
f 937/358/53 936/356/53 951/364/53 952/365/53
f 945/359/54 944/357/54 959/363/54 960/366/54
f 938/360/55 937/358/55 952/365/55 953/367/55
f 946/361/56 945/359/56 960/366/56 961/368/56
f 939/345/41 938/360/41 953/367/41 954/369/41
f 947/350/42 946/361/42 961/368/42 962/370/42
f 940/346/43 939/345/43 954/369/43 955/371/43
f 933/348/44 752/372/44 948/373/44
f 978/374/45 947/350/45 962/370/45
f 941/351/46 940/346/46 955/371/46 956/375/46
f 934/352/47 933/348/47 948/373/47 949/376/47
f 942/353/48 941/351/48 956/375/48 957/377/48
f 935/354/548 934/352/548 949/376/548 950/378/548
f 943/355/50 942/353/50 957/377/50 958/362/50
f 936/356/51 935/354/51 950/378/51 951/364/51
f 948/373/67 752/379/67 963/380/67
f 978/381/68 962/370/68 977/382/68
f 956/375/69 955/371/69 970/383/69 971/384/69
f 949/376/70 948/373/70 963/380/70 964/385/70
f 957/377/71 956/375/71 971/384/71 972/386/71
f 950/378/72 949/376/72 964/385/72 965/387/72
f 958/362/57 957/377/57 972/386/57 973/388/57
f 951/364/58 950/378/58 965/387/58 966/389/58
f 959/363/59 958/362/59 973/388/59 974/390/59
f 952/365/60 951/364/60 966/389/60 967/391/60
f 960/366/61 959/363/61 974/390/61 975/392/61
f 953/367/62 952/365/62 967/391/62 968/393/62
f 961/368/63 960/366/63 975/392/63 976/394/63
f 954/369/64 953/367/64 968/393/64 969/395/64
f 962/370/65 961/368/65 976/394/65 977/382/65
f 955/371/66 954/369/66 969/395/66 970/383/66
f 967/391/84 966/389/84 982/396/84 983/397/84
f 975/392/85 974/390/85 990/398/85 991/399/85
f 968/393/86 967/391/86 983/397/86 984/400/86
f 976/394/87 975/392/87 991/399/87 992/401/87
f 969/395/88 968/393/88 984/400/88 985/402/88
f 977/382/73 976/394/73 992/401/73 993/403/73
f 970/383/74 969/395/74 985/402/74 986/404/74
f 963/380/75 752/405/75 979/406/75
f 978/407/76 977/382/76 993/403/76
f 971/384/77 970/383/77 986/404/77 987/408/77
f 964/385/549 963/380/549 979/406/549 980/409/549
f 972/386/79 971/384/79 987/408/79 988/410/79
f 965/387/80 964/385/80 980/409/80 981/411/80
f 973/388/81 972/386/81 988/410/81 989/412/81
f 966/389/82 965/387/82 981/411/82 982/396/82
f 974/390/83 973/388/83 989/412/83 990/398/83
f 987/408/550 986/404/550 1001/413/550 1002/414/550
f 980/409/100 979/406/100 994/415/100 995/416/100
f 988/410/101 987/408/101 1002/414/101 1003/417/101
f 981/411/102 980/409/102 995/416/102 996/418/102
f 989/412/103 988/410/103 1003/417/103 1004/419/103
f 982/396/104 981/411/104 996/418/104 997/420/104
f 990/398/89 989/412/89 1004/419/89 1005/421/89
f 983/397/90 982/396/90 997/420/90 998/422/90
f 991/399/91 990/398/91 1005/421/91 1006/423/91
f 984/400/92 983/397/92 998/422/92 999/424/92
f 992/401/93 991/399/93 1006/423/93 1007/425/93
f 985/402/94 984/400/94 999/424/94 1000/426/94
f 993/403/551 992/401/551 1007/425/551 1008/427/551
f 986/404/552 985/402/552 1000/426/552 1001/413/552
f 979/406/97 752/428/97 994/415/97
f 978/429/98 993/403/98 1008/427/98
f 1006/423/115 1005/421/115 1020/430/115 1021/431/115
f 999/424/116 998/422/116 1013/432/116 1014/433/116
f 1007/425/117 1006/423/117 1021/431/117 1022/434/117
f 1000/426/118 999/424/118 1014/433/118 1015/435/118
f 1008/427/119 1007/425/119 1022/434/119 1023/436/119
f 1001/413/120 1000/426/120 1015/435/120 1016/437/120
f 994/415/105 752/438/105 1009/439/105
f 978/440/106 1008/427/106 1023/436/106
f 1002/414/107 1001/413/107 1016/437/107 1017/441/107
f 995/416/108 994/415/108 1009/439/108 1010/442/108
f 1003/417/109 1002/414/109 1017/441/109 1018/443/109
f 996/418/110 995/416/110 1010/442/110 1011/444/110
f 1004/419/111 1003/417/111 1018/443/111 1019/445/111
f 997/420/112 996/418/112 1011/444/112 1012/446/112
f 1005/421/113 1004/419/113 1019/445/113 1020/430/113
f 998/422/114 997/420/114 1012/446/114 1013/432/114
f 1018/443/132 1017/441/132 1032/447/132 1033/448/132
f 1011/444/133 1010/442/133 1025/449/133 1026/450/133
f 1019/445/134 1018/443/134 1033/448/134 1034/451/134
f 1012/446/135 1011/444/135 1026/450/135 1027/452/135
f 1020/430/136 1019/445/136 1034/451/136 1035/453/136
f 1013/432/121 1012/446/121 1027/452/121 1028/454/121
f 1021/431/122 1020/430/122 1035/453/122 1036/455/122
f 1014/433/123 1013/432/123 1028/454/123 1029/456/123
f 1022/434/124 1021/431/124 1036/455/124 1037/457/124
f 1015/435/125 1014/433/125 1029/456/125 1030/458/125
f 1023/436/126 1022/434/126 1037/457/126 1038/459/126
f 1016/437/127 1015/435/127 1030/458/127 1031/460/127
f 1009/439/128 752/461/128 1024/462/128
f 978/463/129 1023/436/129 1038/459/129
f 1017/441/130 1016/437/130 1031/460/130 1032/447/130
f 1010/442/131 1009/439/131 1024/462/131 1025/449/131
f 1037/464/147 1036/465/147 1051/466/147 1052/467/147
f 1030/468/148 1029/469/148 1044/470/148 1045/471/148
f 1038/472/149 1037/464/149 1052/467/149 1053/473/149
f 1031/474/553 1030/468/553 1045/471/553 1046/475/553
f 1024/476/151 752/477/151 1039/478/151
f 978/479/152 1038/472/152 1053/473/152
f 1032/480/554 1031/474/554 1046/475/554 1047/481/554
f 1025/482/138 1024/476/138 1039/478/138 1040/483/138
f 1033/484/139 1032/480/139 1047/481/139 1048/485/139
f 1026/486/140 1025/482/140 1040/483/140 1041/487/140
f 1034/488/141 1033/484/141 1048/485/141 1049/489/141
f 1027/490/142 1026/486/142 1041/487/142 1042/491/142
f 1035/492/143 1034/488/143 1049/489/143 1050/493/143
f 1028/494/144 1027/490/144 1042/491/144 1043/495/144
f 1036/465/145 1035/492/145 1050/493/145 1051/466/145
f 1029/469/146 1028/494/146 1043/495/146 1044/470/146
f 1041/487/164 1040/483/164 1055/496/164 1056/497/164
f 1049/489/165 1048/485/165 1063/498/165 1064/499/165
f 1042/491/166 1041/487/166 1056/497/166 1057/500/166
f 1050/493/167 1049/489/167 1064/499/167 1065/501/167
f 1043/495/168 1042/491/168 1057/500/168 1058/502/168
f 1051/466/153 1050/493/153 1065/501/153 1066/503/153
f 1044/470/154 1043/495/154 1058/502/154 1059/504/154
f 1052/467/155 1051/466/155 1066/503/155 1067/505/155
f 1045/471/156 1044/470/156 1059/504/156 1060/506/156
f 1053/473/157 1052/467/157 1067/505/157 1068/507/157
f 1046/475/158 1045/471/158 1060/506/158 1061/508/158
f 1039/478/159 752/509/159 1054/510/159
f 978/511/160 1053/473/160 1068/507/160
f 1047/481/161 1046/475/161 1061/508/161 1062/512/161
f 1040/483/162 1039/478/162 1054/510/162 1055/496/162
f 1048/485/163 1047/481/163 1062/512/163 1063/498/163
f 1060/506/179 1059/504/179 1074/513/179 1075/514/179
f 1068/507/180 1067/505/180 1082/515/180 1083/516/180
f 1061/508/181 1060/506/181 1075/514/181 1076/517/181
f 1054/510/182 752/518/182 1069/519/182
f 978/520/183 1068/507/183 1083/516/183
f 1062/512/184 1061/508/184 1076/517/184 1077/521/184
f 1055/496/169 1054/510/169 1069/519/169 1070/522/169
f 1063/498/170 1062/512/170 1077/521/170 1078/523/170
f 1056/497/171 1055/496/171 1070/522/171 1071/524/171
f 1064/499/172 1063/498/172 1078/523/172 1079/525/172
f 1057/500/173 1056/497/173 1071/524/173 1072/526/173
f 1065/501/174 1064/499/174 1079/525/174 1080/527/174
f 1058/502/175 1057/500/175 1072/526/175 1073/528/175
f 1066/503/176 1065/501/176 1080/527/176 1081/529/176
f 1059/504/177 1058/502/177 1073/528/177 1074/513/177
f 1067/505/178 1066/503/178 1081/529/178 1082/515/178
f 1079/525/196 1078/523/196 1093/530/196 1094/531/196
f 1072/526/197 1071/524/197 1086/532/197 1087/533/197
f 1080/527/198 1079/525/198 1094/531/198 1095/534/198
f 1073/528/199 1072/526/199 1087/533/199 1088/535/199
f 1081/529/200 1080/527/200 1095/534/200 1096/536/200
f 1074/513/185 1073/528/185 1088/535/185 1089/537/185
f 1082/515/186 1081/529/186 1096/536/186 1097/538/186
f 1075/514/187 1074/513/187 1089/537/187 1090/539/187
f 1083/516/188 1082/515/188 1097/538/188 1098/540/188
f 1076/517/189 1075/514/189 1090/539/189 1091/541/189
f 1069/519/190 752/542/190 1084/543/190
f 978/544/191 1083/516/191 1098/540/191
f 1077/521/192 1076/517/192 1091/541/192 1092/545/192
f 1070/522/555 1069/519/555 1084/543/555 1085/546/555
f 1078/523/194 1077/521/194 1092/545/194 1093/530/194
f 1071/524/195 1070/522/195 1085/546/195 1086/532/195
f 1098/540/556 1097/538/556 1112/547/556 1113/548/556
f 1091/541/212 1090/539/212 1105/549/212 1106/550/212
f 1084/543/213 752/551/213 1099/552/213
f 978/553/214 1098/540/214 1113/548/214
f 1092/545/215 1091/541/215 1106/550/215 1107/554/215
f 1085/546/216 1084/543/216 1099/552/216 1100/555/216
f 1093/530/201 1092/545/201 1107/554/201 1108/556/201
f 1086/532/202 1085/546/202 1100/555/202 1101/557/202
f 1094/531/203 1093/530/203 1108/556/203 1109/558/203
f 1087/533/204 1086/532/204 1101/557/204 1102/559/204
f 1095/534/205 1094/531/205 1109/558/205 1110/560/205
f 1088/535/206 1087/533/206 1102/559/206 1103/561/206
f 1096/536/207 1095/534/207 1110/560/207 1111/562/207
f 1089/537/208 1088/535/208 1103/561/208 1104/563/208
f 1097/538/209 1096/536/209 1111/562/209 1112/547/209
f 1090/539/210 1089/537/210 1104/563/210 1105/549/210
f 1102/559/228 1101/557/228 1116/564/228 1117/565/228
f 1110/560/229 1109/558/229 1124/566/229 1125/567/229
f 1103/561/230 1102/559/230 1117/565/230 1118/568/230
f 1111/562/231 1110/560/231 1125/567/231 1126/569/231
f 1104/563/232 1103/561/232 1118/568/232 1119/570/232
f 1112/547/217 1111/562/217 1126/569/217 1127/571/217
f 1105/549/218 1104/563/218 1119/570/218 1120/572/218
f 1113/548/219 1112/547/219 1127/571/219 1128/573/219
f 1106/550/220 1105/549/220 1120/572/220 1121/574/220
f 1099/552/221 752/575/221 1114/576/221
f 978/577/222 1113/548/222 1128/573/222
f 1107/554/223 1106/550/223 1121/574/223 1122/578/223
f 1100/555/224 1099/552/224 1114/576/224 1115/579/224
f 1108/556/225 1107/554/225 1122/578/225 1123/580/225
f 1101/557/226 1100/555/226 1115/579/226 1116/564/226
f 1109/558/227 1108/556/227 1123/580/227 1124/566/227
f 1121/574/242 1120/572/242 1135/581/242 1136/582/242
f 1114/576/243 752/583/243 1129/584/243
f 978/585/244 1128/573/244 1143/586/244
f 1122/578/245 1121/574/245 1136/582/245 1137/587/245
f 1115/579/557 1114/576/557 1129/584/557 1130/588/557
f 1123/580/247 1122/578/247 1137/587/247 1138/589/247
f 1116/564/248 1115/579/248 1130/588/248 1131/590/248
f 1124/566/233 1123/580/233 1138/589/233 1139/591/233
f 1117/565/234 1116/564/234 1131/590/234 1132/592/234
f 1125/567/235 1124/566/235 1139/591/235 1140/593/235
f 1118/568/236 1117/565/236 1132/592/236 1133/594/236
f 1126/569/237 1125/567/237 1140/593/237 1141/595/237
f 1119/570/238 1118/568/238 1133/594/238 1134/596/238
f 1127/571/239 1126/569/239 1141/595/239 1142/597/239
f 1120/572/240 1119/570/240 1134/596/240 1135/581/240
f 1128/573/558 1127/571/558 1142/597/558 1143/586/558
f 1140/593/259 1139/591/259 676/58/259 1149/57/259
f 1133/594/260 1132/592/260 1146/62/260 672/61/260
f 1141/595/261 1140/593/261 1149/57/261 1150/65/261
f 1134/596/262 1133/594/262 672/61/262 1147/67/262
f 1142/597/263 1141/595/263 1150/65/263 1151/69/263
f 1135/581/264 1134/596/264 1147/67/264 673/71/264
f 1143/586/249 1142/597/249 1151/69/249 1152/73/249
f 1136/582/559 1135/581/559 673/71/559 674/34/559
f 1129/584/560 752/598/560 1144/76/560
f 978/599/252 1143/586/252 1152/73/252
f 1137/587/561 1136/582/561 674/34/561 675/80/561
f 1130/588/254 1129/584/254 1144/76/254 1145/82/254
f 1138/589/255 1137/587/255 675/80/255 1148/84/255
f 1131/590/256 1130/588/256 1145/82/256 671/86/256
f 1139/591/257 1138/589/257 1148/84/257 676/58/257
f 1132/592/258 1131/590/258 671/86/258 1146/62/258
