# Blender 4.5.3 LTS
# www.blender.org
mtllib tocadiscos.mtl
o Cube.001
v -1.450000 -0.417473 0.509177
v -1.450000 0.245133 0.392342
v -1.350000 -0.417473 0.509177
v -1.350000 0.245133 0.392342
v -1.450000 -0.400109 0.607658
v -1.450000 0.262498 0.490823
v -1.350000 -0.400109 0.607658
v -1.350000 0.262498 0.490823
vn -0.0000 -0.1736 -0.9848
vn 1.0000 -0.0000 -0.0000
vn -0.0000 0.1736 0.9848
vn -1.0000 -0.0000 -0.0000
vn -0.0000 -0.9848 0.1736
vn -0.0000 0.9848 -0.1736
vt 0.375000 0.000000
vt 0.625000 0.000000
vt 0.625000 0.250000
vt 0.375000 0.250000
vt 0.625000 0.500000
vt 0.375000 0.500000
vt 0.625000 0.750000
vt 0.375000 0.750000
vt 0.625000 1.000000
vt 0.375000 1.000000
vt 0.125000 0.500000
vt 0.125000 0.750000
vt 0.875000 0.500000
vt 0.875000 0.750000
s 0
usemtl t2
f 1/1/1 2/2/1 4/3/1 3/4/1
f 3/4/2 4/3/2 8/5/2 7/6/2
f 7/6/3 8/5/3 6/7/3 5/8/3
f 5/8/4 6/7/4 2/9/4 1/10/4
f 3/11/5 7/6/5 5/8/5 1/12/5
f 8/5/6 4/13/6 2/14/6 6/7/6
o Cube.006
v 1.350000 -0.417473 0.509177
v 1.350000 0.245133 0.392342
v 1.450000 -0.417473 0.509177
v 1.450000 0.245133 0.392342
v 1.350000 -0.400109 0.607658
v 1.350000 0.262498 0.490823
v 1.450000 -0.400109 0.607658
v 1.450000 0.262498 0.490823
vn -0.0000 -0.1736 -0.9848
vn 1.0000 -0.0000 -0.0000
vn -0.0000 0.1736 0.9848
vn -1.0000 -0.0000 -0.0000
vn -0.0000 -0.9848 0.1736
vn -0.0000 0.9848 -0.1736
vt 0.375000 0.000000
vt 0.625000 0.000000
vt 0.625000 0.250000
vt 0.375000 0.250000
vt 0.625000 0.500000
vt 0.375000 0.500000
vt 0.625000 0.750000
vt 0.375000 0.750000
vt 0.625000 1.000000
vt 0.375000 1.000000
vt 0.125000 0.500000
vt 0.125000 0.750000
vt 0.875000 0.500000
vt 0.875000 0.750000
s 0
usemtl t2
f 9/15/7 10/16/7 12/17/7 11/18/7
f 11/18/8 12/17/8 16/19/8 15/20/8
f 15/20/9 16/19/9 14/21/9 13/22/9
f 13/22/10 14/21/10 10/23/10 9/24/10
f 11/25/11 15/20/11 13/22/11 9/26/11
f 16/19/12 12/27/12 10/28/12 14/21/12
o Cube.007
v 1.350000 -0.413902 -0.550000
v 1.350000 0.258926 -0.550000
v 1.450000 -0.413902 -0.550000
v 1.450000 0.258926 -0.550000
v 1.350000 -0.413902 -0.450000
v 1.350000 0.258926 -0.450000
v 1.450000 -0.413902 -0.450000
v 1.450000 0.258926 -0.450000
vn -0.0000 -0.0000 -1.0000
vn 1.0000 -0.0000 -0.0000
vn -0.0000 -0.0000 1.0000
vn -1.0000 -0.0000 -0.0000
vn -0.0000 -1.0000 -0.0000
vn -0.0000 1.0000 -0.0000
vt 0.375000 0.000000
vt 0.625000 0.000000
vt 0.625000 0.250000
vt 0.375000 0.250000
vt 0.625000 0.500000
vt 0.375000 0.500000
vt 0.625000 0.750000
vt 0.375000 0.750000
vt 0.625000 1.000000
vt 0.375000 1.000000
vt 0.125000 0.500000
vt 0.125000 0.750000
vt 0.875000 0.500000
vt 0.875000 0.750000
s 0
usemtl t2
f 17/29/13 18/30/13 20/31/13 19/32/13
f 19/32/14 20/31/14 24/33/14 23/34/14
f 23/34/15 24/33/15 22/35/15 21/36/15
f 21/36/16 22/35/16 18/37/16 17/38/16
f 19/39/17 23/34/17 21/36/17 17/40/17
f 24/33/18 20/41/18 18/42/18 22/35/18
o Cube.008
v -1.450000 -0.413902 -0.550000
v -1.450000 0.258926 -0.550000
v -1.350000 -0.413902 -0.550000
v -1.350000 0.258926 -0.550000
v -1.450000 -0.413902 -0.450000
v -1.450000 0.258926 -0.450000
v -1.350000 -0.413902 -0.450000
v -1.350000 0.258926 -0.450000
vn -0.0000 -0.0000 -1.0000
vn 1.0000 -0.0000 -0.0000
vn -0.0000 -0.0000 1.0000
vn -1.0000 -0.0000 -0.0000
vn -0.0000 -1.0000 -0.0000
vn -0.0000 1.0000 -0.0000
vt 0.375000 0.000000
vt 0.625000 0.000000
vt 0.625000 0.250000
vt 0.375000 0.250000
vt 0.625000 0.500000
vt 0.375000 0.500000
vt 0.625000 0.750000
vt 0.375000 0.750000
vt 0.625000 1.000000
vt 0.375000 1.000000
vt 0.125000 0.500000
vt 0.125000 0.750000
vt 0.875000 0.500000
vt 0.875000 0.750000
s 0
usemtl t2
f 25/43/19 26/44/19 28/45/19 27/46/19
f 27/46/20 28/45/20 32/47/20 31/48/20
f 31/48/21 32/47/21 30/49/21 29/50/21
f 29/50/22 30/49/22 26/51/22 25/52/22
f 27/53/23 31/48/23 29/50/23 25/54/23
f 32/47/24 28/55/24 26/56/24 30/49/24
o Cube.003
v -0.942758 0.078334 -0.676277
v -0.819150 4.112453 -0.676277
v 0.942758 0.078334 -0.676277
v 0.819150 4.112453 -0.676277
v -0.803699 0.078334 0.676277
v -0.819150 4.112453 0.676277
v 1.004562 0.078334 0.676277
v 0.819150 4.112453 0.676277
v -1.215808 1.455679 -0.695880
v 1.215808 1.455679 -0.695880
v 1.215808 1.455679 0.695880
v -1.215808 1.455679 0.695880
v 1.257011 0.044784 -0.000000
v 1.071599 4.482407 0.000000
v -1.257011 0.044784 -0.000000
v -1.071599 4.482407 0.000000
v -1.823712 1.455679 0.000000
v 1.823712 1.455679 0.000000
v 1.071599 4.482407 0.455752
v -1.215808 0.044784 0.455752
v 1.823712 1.455679 0.455752
v 1.267311 0.044784 0.455752
v -1.071599 4.482407 0.455752
v -1.823712 1.455679 0.455752
v 1.257011 0.044784 -0.455752
v -1.071599 4.482407 -0.455752
v -1.823712 1.455679 -0.455752
v 1.071599 4.482407 -0.455752
v -1.257011 0.044784 -0.455752
v 1.823712 1.455679 -0.455752
v 1.257011 0.380278 -0.695880
v 1.267312 0.380278 0.695880
v -1.215808 0.380278 0.695880
v -1.257011 0.380278 -0.695880
v 1.885516 0.380278 0.000000
v -1.885516 0.380278 0.000000
v -1.875216 0.380278 0.455752
v 1.885516 0.380278 0.455752
v 1.885516 0.380278 -0.455752
v -1.885516 0.380278 -0.455752
v 0.789748 0.071264 -0.680408
v 0.559338 0.063652 -0.684855
v 0.289239 0.058277 -0.687996
v -0.000000 0.056278 -0.689164
v -0.289240 0.058277 -0.687996
v -0.559338 0.063652 -0.684855
v -0.789748 0.071265 -0.680408
v -1.197958 1.786335 -0.695827
v -1.173438 2.159017 -0.695460
v -1.139443 2.552671 -0.694463
v -1.093164 2.946248 -0.692522
v -1.032883 3.319329 -0.689412
v -0.961234 3.654030 -0.685275
v -0.883609 3.931442 -0.680460
v -0.685053 4.190405 -0.680408
v -0.484420 4.274343 -0.684855
v -0.250260 4.333616 -0.687996
v 0.000000 4.355663 -0.689164
v 0.250260 4.333616 -0.687996
v 0.484420 4.274343 -0.684855
v 0.685053 4.190405 -0.680408
v 1.256170 0.330153 -0.695827
v 1.250282 0.281222 -0.695460
v 1.234301 0.234679 -0.694463
v 1.203180 0.191718 -0.692522
v 1.153332 0.153476 -0.689412
v 1.087003 0.120859 -0.685275
v 1.009814 0.094868 -0.680460
v 1.256170 0.044874 -0.499597
v 1.250282 0.045502 -0.539127
v 1.234301 0.047209 -0.574160
v 1.203181 0.050531 -0.604516
v 1.153332 0.055853 -0.630047
v 1.087003 0.062934 -0.650741
v 1.009814 0.071175 -0.666531
v 1.070930 4.481417 0.499597
v 1.066247 4.474485 0.539127
v 1.053537 4.455672 0.574160
v 1.028785 4.419035 0.604516
v 0.989086 4.360352 0.630047
v 0.935965 4.282265 0.650741
v 0.873661 4.191395 0.666531
v 1.270813 0.330153 0.695827
v 1.270213 0.281222 0.695460
v 1.260445 0.234679 0.694463
v 1.236443 0.191718 0.692522
v 1.194479 0.153476 0.689412
v 1.136186 0.120859 0.685275
v 1.066383 0.094868 0.680460
v -0.651663 0.071265 0.680408
v -0.425305 0.063652 0.684855
v -0.162813 0.058277 0.687996
v 0.115453 0.056278 0.689164
v 0.390908 0.058277 0.687996
v 0.645955 0.063652 0.684855
v 0.861968 0.071264 0.680408
v 0.685053 4.190405 0.680408
v 0.484420 4.274343 0.684855
v 0.250260 4.333616 0.687996
v 0.000000 4.355663 0.689164
v -0.250260 4.333616 0.687996
v -0.484420 4.274343 0.684855
v -0.685053 4.190405 0.680408
v -1.197920 0.330153 0.695827
v -1.173135 0.281222 0.695460
v -1.138417 0.234679 0.694463
v -1.090732 0.191718 0.692522
v -1.028173 0.153476 0.689412
v -0.953345 0.120859 0.685275
v -0.871776 0.094868 0.680460
v -1.197920 0.044874 0.499597
v -1.173135 0.045503 0.539127
v -1.138417 0.047209 0.574160
v -1.090732 0.050531 0.604516
v -1.028173 0.055853 0.630047
v -0.953345 0.062934 0.650741
v -0.871776 0.071175 0.666531
v -1.070930 4.481417 -0.499597
v -1.066247 4.474485 -0.539127
v -1.053537 4.455672 -0.574160
v -1.028785 4.419035 -0.604516
v -0.989086 4.360352 -0.630047
v -0.935965 4.282265 -0.650741
v -0.873661 4.191395 -0.666531
v -1.256930 0.431916 -0.695880
v -1.256367 0.491439 -0.695880
v -1.254838 0.566730 -0.695880
v -1.251860 0.665675 -0.695880
v -1.246952 0.796158 -0.695880
v -1.239628 0.966063 -0.695880
v -1.229408 1.183275 -0.695880
v 0.883609 3.931442 -0.680460
v 0.961234 3.654030 -0.685275
v 1.032884 3.319329 -0.689412
v 1.093164 2.946248 -0.692522
v 1.139443 2.552671 -0.694463
v 1.173439 2.159017 -0.695460
v 1.197958 1.786335 -0.695827
v 0.883609 3.931442 0.680460
v 0.961234 3.654030 0.685275
v 1.032883 3.319329 0.689412
v 1.093164 2.946248 0.692522
v 1.139443 2.552671 0.694463
v 1.173439 2.159017 0.695460
v 1.197958 1.786335 0.695827
v -0.883609 3.931442 0.680460
v -0.961234 3.654030 0.685275
v -1.032884 3.319329 0.689412
v -1.093164 2.946248 0.692522
v -1.139443 2.552671 0.694463
v -1.173439 2.159017 0.695460
v -1.197958 1.786335 0.695827
v -1.822525 1.455679 -0.499637
v -1.814214 1.455679 -0.539445
v -1.791655 1.455679 -0.575232
v -1.747724 1.455679 -0.607057
v -1.675298 1.455679 -0.634977
v -1.567253 1.455679 -0.659049
v -1.416464 1.455679 -0.679331
v 0.961723 1.455679 0.708744
v 0.664895 1.455679 0.717932
v 0.339571 1.455679 0.723445
v -0.000000 1.455679 0.725283
v -0.339572 1.455679 0.723445
v -0.664895 1.455679 0.717932
v -0.961723 1.455679 0.708744
v 1.822525 1.455679 0.499637
v 1.814214 1.455679 0.539445
v 1.791655 1.455679 0.575232
v 1.747724 1.455679 0.607057
v 1.675298 1.455679 0.634977
v 1.567253 1.455679 0.659049
v 1.416464 1.455679 0.679331
v -0.961723 1.455679 -0.708744
v -0.664895 1.455679 -0.717932
v -0.339571 1.455679 -0.723445
v 0.000000 1.455679 -0.725283
v 0.339571 1.455679 -0.723445
v 0.664895 1.455679 -0.717932
v 0.961723 1.455679 -0.708744
v 1.263911 0.044784 0.407828
v 1.261356 0.044784 0.356286
v 1.259526 0.044784 0.301643
v 1.258298 0.044784 0.244415
v 1.257554 0.044784 0.185121
v 1.257172 0.044784 0.124275
v 1.257031 0.044784 0.062396
v 1.071599 4.482407 -0.407828
v 1.071599 4.482407 -0.356286
v 1.071599 4.482407 -0.301643
v 1.071599 4.482407 -0.244415
v 1.071599 4.482407 -0.185121
v 1.071599 4.482407 -0.124275
v 1.071599 4.482407 -0.062396
v -1.257011 0.044784 -0.407828
v -1.257011 0.044784 -0.356286
v -1.257011 0.044784 -0.301643
v -1.257011 0.044784 -0.244415
v -1.257011 0.044784 -0.185121
v -1.257011 0.044784 -0.124275
v -1.257011 0.044784 -0.062396
v -1.071599 4.482407 0.407828
v -1.071599 4.482407 0.356286
v -1.071599 4.482408 0.301643
v -1.071599 4.482407 0.244415
v -1.071599 4.482408 0.185121
v -1.071599 4.482407 0.124275
v -1.071599 4.482407 0.062396
v -1.823712 1.455679 0.407828
v -1.823712 1.455679 0.356286
v -1.823712 1.455679 0.301643
v -1.823712 1.455679 0.244415
v -1.823712 1.455679 0.185121
v -1.823712 1.455679 0.124275
v -1.823712 1.455679 0.062396
v 1.823712 1.455679 -0.407828
v 1.823712 1.455679 -0.356286
v 1.823712 1.455679 -0.301643
v 1.823712 1.455679 -0.244415
v 1.823712 1.455679 -0.185121
v 1.823712 1.455679 -0.124275
v 1.823712 1.455679 -0.062396
v 1.884289 0.330085 -0.000000
v 1.875696 0.280678 0.000000
v 1.852372 0.232844 -0.000000
v 1.806953 0.187369 -0.000000
v 1.732073 0.145039 0.000000
v 1.620366 0.106641 0.000000
v 1.464467 0.072960 0.000000
v -1.884289 0.330085 0.000000
v -1.875696 0.280678 -0.000000
v -1.852372 0.232844 0.000000
v -1.806953 0.187369 0.000000
v -1.732073 0.145039 -0.000000
v -1.620366 0.106641 -0.000000
v -1.464467 0.072960 -0.000000
v 0.840047 4.725189 0.000000
v 0.577340 4.898604 0.000000
v 0.293862 5.002654 0.000000
v 0.000000 5.037337 0.000000
v -0.293862 5.002655 0.000000
v -0.577340 4.898605 0.000000
v -0.840047 4.725189 0.000000
v 0.994315 0.022768 -0.000000
v 0.687428 0.007041 -0.000000
v 0.351079 -0.002395 -0.000000
v -0.000000 -0.005540 0.000000
v -0.351079 -0.002395 0.000000
v -0.687428 0.007041 -0.000000
v -0.994315 0.022768 -0.000000
v -1.264087 4.173018 0.000000
v -1.419503 3.810817 0.000000
v -1.542315 3.412362 0.000000
v -1.636992 2.994205 0.000000
v -1.708002 2.572903 0.000000
v -1.759813 2.165011 -0.000000
v -1.796894 1.787085 0.000000
v 1.264087 4.173018 -0.000000
v 1.419503 3.810817 -0.000000
v 1.542315 3.412362 -0.000000
v 1.636992 2.994205 -0.000000
v 1.708002 2.572903 -0.000000
v 1.759813 2.165011 0.000000
v 1.796894 1.787085 -0.000000
v 1.071599 4.482407 0.062396
v 1.071599 4.482407 0.124275
v 1.071599 4.482407 0.185121
v 1.071599 4.482407 0.244415
v 1.071599 4.482407 0.301643
v 1.071599 4.482407 0.356286
v 1.071599 4.482407 0.407828
v -1.256930 0.044784 0.062396
v -1.256367 0.044784 0.124275
v -1.254838 0.044784 0.185121
v -1.251860 0.044784 0.244415
v -1.246952 0.044784 0.301643
v -1.239628 0.044784 0.356286
v -1.229408 0.044784 0.407828
v 1.823712 1.455679 0.062396
v 1.823712 1.455679 0.124275
v 1.823712 1.455679 0.185121
v 1.823712 1.455679 0.244415
v 1.823712 1.455679 0.301643
v 1.823712 1.455679 0.356286
v 1.823712 1.455679 0.407828
v 1.066383 0.071175 0.666531
v 1.136186 0.062934 0.650741
v 1.194479 0.055853 0.630047
v 1.236443 0.050531 0.604516
v 1.260445 0.047209 0.574160
v 1.270213 0.045503 0.539127
v 1.270813 0.044874 0.499597
v -0.873661 4.191395 0.666531
v -0.935965 4.282265 0.650741
v -0.989086 4.360352 0.630047
v -1.028785 4.419035 0.604516
v -1.053537 4.455672 0.574160
v -1.066247 4.474485 0.539127
v -1.070930 4.481417 0.499597
v -1.416464 1.455679 0.679331
v -1.567253 1.455679 0.659049
v -1.675298 1.455679 0.634977
v -1.747724 1.455679 0.607057
v -1.791655 1.455679 0.575232
v -1.814214 1.455679 0.539445
v -1.822525 1.455679 0.499637
v -1.264087 4.173018 0.455752
v -1.419503 3.810817 0.455752
v -1.542315 3.412362 0.455752
v -1.636992 2.994205 0.455752
v -1.708002 2.572903 0.455752
v -1.759813 2.165011 0.455752
v -1.796894 1.787085 0.455752
v 0.840047 4.725189 0.455752
v 0.577340 4.898604 0.455752
v 0.293862 5.002654 0.455752
v -0.000000 5.037337 0.455752
v -0.293862 5.002655 0.455752
v -0.577340 4.898605 0.455752
v -0.840047 4.725189 0.455752
v -1.869703 0.330085 0.455752
v -1.856221 0.280678 0.455752
v -1.827767 0.232844 0.455752
v -1.777339 0.187369 0.455752
v -1.697932 0.145039 0.455752
v -1.582543 0.106641 0.455752
v -1.424169 0.072960 0.455752
v 1.884309 0.330085 0.455752
v 1.875857 0.280678 0.455752
v 1.852916 0.232844 0.455752
v 1.808241 0.187369 0.455752
v 1.734588 0.145039 0.455752
v 1.624711 0.106641 0.455752
v 1.471367 0.072960 0.455752
v 1.008901 0.022768 0.455752
v 0.706902 0.007041 0.455752
v 0.375684 -0.002395 0.455752
v 0.029614 -0.005540 0.455752
v -0.316938 -0.002395 0.455752
v -0.649605 0.007041 0.455752
v -0.954018 0.022768 0.455752
v 1.264087 4.173018 0.455752
v 1.419503 3.810817 0.455752
v 1.542315 3.412362 0.455752
v 1.636992 2.994205 0.455752
v 1.708002 2.572903 0.455752
v 1.759813 2.165011 0.455752
v 1.796894 1.787085 0.455752
v 1.257011 0.044784 -0.062396
v 1.257011 0.044784 -0.124275
v 1.257011 0.044784 -0.185121
v 1.257011 0.044784 -0.244415
v 1.257011 0.044784 -0.301643
v 1.257011 0.044784 -0.356286
v 1.257011 0.044784 -0.407828
v -1.071599 4.482407 -0.062396
v -1.071599 4.482407 -0.124275
v -1.071599 4.482408 -0.185121
v -1.071599 4.482407 -0.244415
v -1.071599 4.482408 -0.301643
v -1.071599 4.482407 -0.356286
v -1.071599 4.482407 -0.407828
v -1.823712 1.455679 -0.062396
v -1.823712 1.455679 -0.124275
v -1.823712 1.455679 -0.185121
v -1.823712 1.455679 -0.244415
v -1.823712 1.455679 -0.301643
v -1.823712 1.455679 -0.356286
v -1.823712 1.455679 -0.407828
v 0.873661 4.191395 -0.666531
v 0.935965 4.282266 -0.650741
v 0.989086 4.360352 -0.630047
v 1.028785 4.419035 -0.604516
v 1.053537 4.455672 -0.574160
v 1.066247 4.474485 -0.539127
v 1.070930 4.481417 -0.499597
v -1.009814 0.071174 -0.666531
v -1.087003 0.062934 -0.650741
v -1.153332 0.055853 -0.630047
v -1.203181 0.050531 -0.604516
v -1.234301 0.047209 -0.574160
v -1.250282 0.045502 -0.539127
v -1.256170 0.044874 -0.499597
v 1.416464 1.455679 -0.679331
v 1.567253 1.455679 -0.659049
v 1.675298 1.455679 -0.634977
v 1.747724 1.455679 -0.607057
v 1.791655 1.455679 -0.575232
v 1.814214 1.455679 -0.539445
v 1.822525 1.455679 -0.499637
v 1.264087 4.173018 -0.455752
v 1.419503 3.810817 -0.455752
v 1.542315 3.412362 -0.455752
v 1.636992 2.994205 -0.455752
v 1.708002 2.572903 -0.455752
v 1.759813 2.165011 -0.455752
v 1.796894 1.787085 -0.455752
v 0.994315 0.022768 -0.455752
v 0.687428 0.007041 -0.455752
v 0.351079 -0.002395 -0.455752
v -0.000000 -0.005540 -0.455752
v -0.351079 -0.002395 -0.455752
v -0.687428 0.007041 -0.455752
v -0.994315 0.022768 -0.455752
v 1.884289 0.330085 -0.455752
v 1.875696 0.280678 -0.455752
v 1.852372 0.232844 -0.455752
v 1.806953 0.187369 -0.455752
v 1.732073 0.145039 -0.455752
v 1.620366 0.106641 -0.455752
v 1.464467 0.072960 -0.455752
v -1.884289 0.330085 -0.455752
v -1.875696 0.280678 -0.455752
v -1.852372 0.232844 -0.455752
v -1.806953 0.187369 -0.455752
v -1.732073 0.145039 -0.455752
v -1.620366 0.106641 -0.455752
v -1.464467 0.072960 -0.455752
v 0.840047 4.725189 -0.455752
v 0.577340 4.898604 -0.455752
v 0.293862 5.002654 -0.455752
v 0.000000 5.037337 -0.455752
v -0.293862 5.002655 -0.455752
v -0.577340 4.898605 -0.455752
v -0.840047 4.725189 -0.455752
v -1.264087 4.173018 -0.455752
v -1.419503 3.810817 -0.455752
v -1.542315 3.412362 -0.455752
v -1.636992 2.994205 -0.455752
v -1.708002 2.572903 -0.455752
v -1.759813 2.165011 -0.455752
v -1.796894 1.787085 -0.455752
v 1.229408 1.183275 -0.695880
v 1.239629 0.966063 -0.695880
v 1.246951 0.796158 -0.695880
v 1.251860 0.665675 -0.695880
v 1.254838 0.566730 -0.695880
v 1.256367 0.491439 -0.695880
v 1.256930 0.431916 -0.695880
v 1.229428 1.183275 0.695880
v 1.239789 0.966063 0.695880
v 1.247495 0.796158 0.695880
v 1.253148 0.665675 0.695880
v 1.257353 0.566730 0.695880
v 1.260713 0.491439 0.695880
v 1.263831 0.431916 0.695880
v -1.229328 1.183275 0.695880
v -1.238985 0.966063 0.695880
v -1.244779 0.796158 0.695880
v -1.246710 0.665675 0.695880
v -1.244779 0.566730 0.695880
v -1.238985 0.491439 0.695880
v -1.229328 0.431916 0.695880
v -1.009814 0.094868 -0.680460
v -1.087003 0.120859 -0.685275
v -1.153332 0.153476 -0.689412
v -1.203181 0.191718 -0.692522
v -1.234301 0.234679 -0.694463
v -1.250282 0.281222 -0.695460
v -1.256170 0.330153 -0.695827
v 1.844112 1.183275 0.000000
v 1.859443 0.966063 -0.000000
v 1.870427 0.796158 0.000000
v 1.877791 0.665675 0.000000
v 1.882257 0.566730 0.000000
v 1.884551 0.491439 -0.000000
v 1.885395 0.431916 -0.000000
v -1.844112 1.183275 -0.000000
v -1.859443 0.966063 0.000000
v -1.870427 0.796158 -0.000000
v -1.877791 0.665675 0.000000
v -1.882257 0.566730 -0.000000
v -1.884551 0.491439 0.000000
v -1.885395 0.431916 0.000000
v -1.844092 1.183275 0.455752
v -1.859282 0.966063 0.455752
v -1.869884 0.796158 0.455752
v -1.876503 0.665675 0.455752
v -1.879742 0.566730 0.455752
v -1.880205 0.491439 0.455752
v -1.878495 0.431916 0.455752
v 1.844112 1.183275 0.455752
v 1.859443 0.966063 0.455752
v 1.870427 0.796158 0.455752
v 1.877791 0.665675 0.455752
v 1.882257 0.566730 0.455752
v 1.884551 0.491439 0.455752
v 1.885395 0.431916 0.455752
v 1.844112 1.183275 -0.455752
v 1.859443 0.966063 -0.455752
v 1.870427 0.796158 -0.455752
v 1.877791 0.665675 -0.455752
v 1.882257 0.566730 -0.455752
v 1.884551 0.491439 -0.455752
v 1.885395 0.431916 -0.455752
v -1.844112 1.183275 -0.455752
v -1.859443 0.966063 -0.455752
v -1.870428 0.796158 -0.455752
v -1.877791 0.665675 -0.455752
v -1.882257 0.566730 -0.455752
v -1.884551 0.491439 -0.455752
v -1.885396 0.431916 -0.455752
v -1.885516 0.380278 -0.062396
v -1.885516 0.380278 -0.124275
v -1.885516 0.380278 -0.185121
v -1.885516 0.380278 -0.244415
v -1.885516 0.380278 -0.301643
v -1.885516 0.380278 -0.356286
v -1.885516 0.380278 -0.407828
v 1.464467 0.380278 -0.679331
v 1.620366 0.380278 -0.659049
v 1.732072 0.380278 -0.634977
v 1.806953 0.380278 -0.607057
v 1.852372 0.380278 -0.575232
v 1.875696 0.380278 -0.539444
v 1.884289 0.380278 -0.499637
v 1.885516 0.380278 0.062396
v 1.885516 0.380278 0.124275
v 1.885516 0.380278 0.185121
v 1.885516 0.380278 0.244415
v 1.885516 0.380278 0.301643
v 1.885516 0.380278 0.356286
v 1.885516 0.380278 0.407828
v -1.424169 0.380278 0.679331
v -1.582543 0.380278 0.659049
v -1.697931 0.380278 0.634977
v -1.777339 0.380278 0.607057
v -1.827767 0.380278 0.575232
v -1.856221 0.380278 0.539444
v -1.869703 0.380278 0.499637
v -1.878616 0.380278 0.407828
v -1.881171 0.380278 0.356286
v -1.883001 0.380278 0.301643
v -1.884229 0.380278 0.244415
v -1.884973 0.380278 0.185121
v -1.885356 0.380278 0.124275
v -1.885496 0.380278 0.062396
v 1.885516 0.380278 -0.407828
v 1.885516 0.380278 -0.356286
v 1.885516 0.380278 -0.301643
v 1.885516 0.380278 -0.244415
v 1.885516 0.380278 -0.185121
v 1.885516 0.380278 -0.124275
v 1.885516 0.380278 -0.062396
v -0.994315 0.380278 -0.708744
v -0.687428 0.380278 -0.717932
v -0.351079 0.380278 -0.723445
v 0.000000 0.380278 -0.725283
v 0.351079 0.380278 -0.723445
v 0.687428 0.380278 -0.717932
v 0.994315 0.380278 -0.708744
v 1.884309 0.380278 0.499637
v 1.875857 0.380278 0.539444
v 1.852916 0.380278 0.575232
v 1.808241 0.380278 0.607057
v 1.734587 0.380278 0.634977
v 1.624711 0.380278 0.659049
v 1.471367 0.380278 0.679331
v 1.008901 0.380278 0.708744
v 0.706902 0.380278 0.717932
v 0.375684 0.380278 0.723445
v 0.029614 0.380278 0.725283
v -0.316938 0.380278 0.723445
v -0.649605 0.380278 0.717932
v -0.954018 0.380278 0.708744
v -1.884289 0.380278 -0.499637
v -1.875696 0.380278 -0.539445
v -1.852372 0.380278 -0.575232
v -1.806953 0.380278 -0.607057
v -1.732072 0.380278 -0.634977
v -1.620366 0.380278 -0.659049
v -1.464467 0.380278 -0.679331
v -0.947607 1.786394 -0.708683
v -0.928236 2.159485 -0.708258
v -0.901412 2.554252 -0.707104
v -0.864936 2.949995 -0.704857
v -0.817920 3.326882 -0.701208
v -0.764732 3.668555 -0.696067
v -0.713514 3.960155 -0.689330
v -0.655137 1.786523 -0.717866
v -0.641756 2.160515 -0.717400
v -0.623242 2.557729 -0.716138
v -0.598082 2.958237 -0.713678
v -0.565951 3.343287 -0.709644
v -0.531258 3.698829 -0.703741
v -0.500579 4.012544 -0.695648
v -0.334588 1.786652 -0.723375
v -0.327758 2.161546 -0.722887
v -0.318311 2.561207 -0.721560
v -0.305479 2.966480 -0.718977
v -0.289185 3.359343 -0.714724
v -0.272128 3.726302 -0.708408
v -0.257818 4.055064 -0.699638
v 0.000000 1.786710 -0.725212
v -0.000000 2.162014 -0.724716
v -0.000000 2.562787 -0.723369
v -0.000000 2.970227 -0.720745
v -0.000000 3.366546 -0.716423
v -0.000000 3.738026 -0.709991
v -0.000000 4.071966 -0.701041
v 0.334589 1.786652 -0.723375
v 0.327758 2.161546 -0.722887
v 0.318311 2.561207 -0.721560
v 0.305479 2.966480 -0.718977
v 0.289185 3.359343 -0.714724
v 0.272128 3.726302 -0.708408
v 0.257818 4.055064 -0.699638
v 0.655137 1.786523 -0.717866
v 0.641756 2.160515 -0.717400
v 0.623242 2.557729 -0.716138
v 0.598082 2.958237 -0.713678
v 0.565951 3.343287 -0.709644
v 0.531258 3.698829 -0.703741
v 0.500579 4.012544 -0.695648
v 0.947607 1.786394 -0.708683
v 0.928236 2.159485 -0.708258
v 0.901412 2.554252 -0.707104
v 0.864936 2.949995 -0.704857
v 0.817920 3.326882 -0.701208
v 0.764732 3.668555 -0.696067
v 0.713514 3.960155 -0.689330
v 1.795725 1.787082 0.499637
v 1.758669 2.164988 0.499636
v 1.706894 2.572824 0.499633
v 1.635934 2.994018 0.499627
v 1.541325 3.412004 0.499618
v 1.418599 3.810249 0.499609
v 1.263290 4.172228 0.499601
v 1.787536 1.787061 0.539443
v 1.750655 2.164824 0.539435
v 1.699131 2.572271 0.539411
v 1.628524 2.992706 0.539365
v 1.534391 3.409498 0.539294
v 1.412274 3.806268 0.539216
v 1.257714 4.166702 0.539153
v 1.765311 1.787006 0.575228
v 1.728904 2.164379 0.575198
v 1.678060 2.570769 0.575119
v 1.608411 2.989147 0.574964
v 1.515570 3.402697 0.574725
v 1.395107 3.795463 0.574462
v 1.242577 4.151702 0.574248
v 1.722031 1.786897 0.607047
v 1.686545 2.163513 0.606978
v 1.637029 2.567845 0.606789
v 1.569243 2.982216 0.606422
v 1.478920 3.389453 0.605856
v 1.361676 3.774422 0.605231
v 1.213102 4.122492 0.604724
v 1.650676 1.786731 0.634958
v 1.616708 2.162178 0.634825
v 1.569371 2.563340 0.634465
v 1.504641 2.971538 0.633763
v 1.418471 3.369007 0.632680
v 1.306714 3.741657 0.631469
v 1.165116 4.076380 0.630467
v 1.544226 1.786546 0.659019
v 1.512505 2.160703 0.658808
v 1.468371 2.558362 0.658235
v 1.408110 2.959736 0.657120
v 1.328158 3.346151 0.655384
v 1.225571 3.703378 0.653356
v 1.096886 4.018859 0.651541
v 1.395661 1.786397 0.679289
v 1.367045 2.159508 0.678996
v 1.327304 2.554331 0.678201
v 1.273125 2.950182 0.676654
v 1.201803 3.327240 0.674210
v 1.113059 3.669123 0.671162
v 1.006177 3.960944 0.668094
v 0.947607 1.786394 0.708683
v 0.928236 2.159485 0.708258
v 0.901412 2.554252 0.707104
v 0.864936 2.949995 0.704857
v 0.817920 3.326882 0.701208
v 0.764732 3.668555 0.696067
v 0.713514 3.960155 0.689330
v 0.655137 1.786523 0.717866
v 0.641756 2.160515 0.717400
v 0.623242 2.557729 0.716137
v 0.598082 2.958237 0.713678
v 0.565951 3.343287 0.709644
v 0.531258 3.698829 0.703741
v 0.500579 4.012544 0.695648
v 0.334588 1.786652 0.723375
v 0.327758 2.161546 0.722887
v 0.318311 2.561207 0.721560
v 0.305479 2.966480 0.718977
v 0.289185 3.359343 0.714724
v 0.272128 3.726302 0.708408
v 0.257818 4.055064 0.699638
v -0.000000 1.786710 0.725212
v -0.000000 2.162014 0.724716
v 0.000000 2.562787 0.723369
v 0.000000 2.970227 0.720745
v 0.000000 3.366546 0.716423
v 0.000000 3.738026 0.709991
v 0.000000 4.071966 0.701041
v -0.334589 1.786652 0.723375
v -0.327758 2.161546 0.722887
v -0.318311 2.561207 0.721560
v -0.305479 2.966480 0.718977
v -0.289185 3.359343 0.714724
v -0.272128 3.726302 0.708408
v -0.257818 4.055064 0.699638
v -0.655137 1.786523 0.717866
v -0.641756 2.160515 0.717400
v -0.623242 2.557729 0.716138
v -0.598082 2.958237 0.713678
v -0.565951 3.343287 0.709644
v -0.531258 3.698829 0.703741
v -0.500579 4.012544 0.695648
v -0.947607 1.786394 0.708683
v -0.928236 2.159485 0.708258
v -0.901412 2.554252 0.707104
v -0.864936 2.949995 0.704857
v -0.817920 3.326882 0.701208
v -0.764732 3.668555 0.696067
v -0.713514 3.960155 0.689330
v -1.795725 1.787082 -0.499637
v -1.758669 2.164988 -0.499636
v -1.706894 2.572824 -0.499633
v -1.635934 2.994018 -0.499627
v -1.541325 3.412004 -0.499618
v -1.418599 3.810249 -0.499609
v -1.263290 4.172228 -0.499601
v -1.787536 1.787061 -0.539443
v -1.750655 2.164824 -0.539435
v -1.699131 2.572271 -0.539411
v -1.628524 2.992706 -0.539365
v -1.534391 3.409498 -0.539294
v -1.412274 3.806268 -0.539216
v -1.257714 4.166702 -0.539153
v -1.765311 1.787006 -0.575228
v -1.728904 2.164379 -0.575198
v -1.678060 2.570769 -0.575119
v -1.608411 2.989147 -0.574964
v -1.515570 3.402697 -0.574725
v -1.395107 3.795463 -0.574462
v -1.242577 4.151702 -0.574248
v -1.722031 1.786897 -0.607047
v -1.686545 2.163513 -0.606978
v -1.637030 2.567845 -0.606789
v -1.569243 2.982216 -0.606422
v -1.478920 3.389453 -0.605856
v -1.361676 3.774422 -0.605231
v -1.213102 4.122492 -0.604724
v -1.650676 1.786731 -0.634958
v -1.616708 2.162178 -0.634825
v -1.569371 2.563340 -0.634465
v -1.504641 2.971538 -0.633763
v -1.418471 3.369007 -0.632680
v -1.306714 3.741657 -0.631469
v -1.165116 4.076380 -0.630467
v -1.544227 1.786546 -0.659019
v -1.512505 2.160703 -0.658808
v -1.468371 2.558362 -0.658235
v -1.408110 2.959736 -0.657120
v -1.328158 3.346151 -0.655384
v -1.225571 3.703378 -0.653356
v -1.096886 4.018859 -0.651541
v -1.395661 1.786397 -0.679289
v -1.367045 2.159508 -0.678996
v -1.327304 2.554331 -0.678201
v -1.273125 2.950182 -0.676654
v -1.201803 3.327240 -0.674210
v -1.113059 3.669123 -0.671162
v -1.006177 3.960944 -0.668094
v 1.014348 0.022871 0.499600
v 1.016922 0.023599 0.539152
v 1.012385 0.025574 0.574244
v 0.996496 0.029419 0.604714
v 0.966607 0.035665 0.630448
v 0.926436 0.044463 0.651511
v 0.884091 0.055994 0.668052
v 0.714573 0.007155 0.499607
v 0.720798 0.007951 0.539206
v 0.722306 0.010112 0.574428
v 0.715826 0.014322 0.605151
v 0.699530 0.021225 0.631317
v 0.677360 0.031328 0.653115
v 0.655830 0.045180 0.670828
v 0.385696 -0.002275 0.499614
v 0.395802 -0.001439 0.539261
v 0.403791 0.000831 0.574612
v 0.407452 0.005252 0.605588
v 0.405435 0.012532 0.632168
v 0.399841 0.023341 0.654571
v 0.393776 0.038352 0.673081
v 0.041923 -0.005419 0.499617
v 0.055896 -0.004569 0.539286
v 0.070422 -0.002264 0.574696
v 0.084390 0.002226 0.605786
v 0.096735 0.009623 0.632549
v 0.106581 0.020632 0.655192
v 0.113097 0.035950 0.673976
v -0.302538 -0.002275 0.499614
v -0.284951 -0.001439 0.539261
v -0.264195 0.000832 0.574612
v -0.240284 0.005252 0.605588
v -0.213988 0.012532 0.632167
v -0.189093 0.023341 0.654571
v -0.170283 0.038352 0.673081
v -0.633473 0.007155 0.499607
v -0.612742 0.007951 0.539206
v -0.586359 0.010112 0.574428
v -0.553269 0.014322 0.605151
v -0.513724 0.021225 0.631317
v -0.473180 0.031329 0.653115
v -0.439545 0.045180 0.670828
v -0.936672 0.022871 0.499600
v -0.913471 0.023599 0.539152
v -0.882341 0.025574 0.574244
v -0.841205 0.029419 0.604714
v -0.789403 0.035665 0.630448
v -0.731939 0.044463 0.651511
v -0.678073 0.055994 0.668052
v 0.839526 4.724043 -0.499600
v 0.835881 4.716020 -0.539152
v 0.825988 4.694243 -0.574244
v 0.806723 4.651835 -0.604714
v 0.776331 4.582962 -0.630448
v 0.738544 4.485952 -0.651511
v 0.701072 4.358792 -0.668052
v 0.576984 4.897350 -0.499607
v 0.574490 4.888569 -0.539206
v 0.567724 4.864735 -0.574428
v 0.554546 4.818320 -0.605151
v 0.534085 4.742190 -0.631317
v 0.510526 4.630783 -0.653115
v 0.490383 4.478037 -0.670828
v 0.293682 5.001337 -0.499614
v 0.292416 4.992114 -0.539261
v 0.288981 4.967079 -0.574612
v 0.282292 4.918328 -0.605588
v 0.272013 4.838056 -0.632168
v 0.260800 4.718862 -0.654571
v 0.252192 4.553333 -0.673081
v -0.000000 5.036000 -0.499617
v 0.000000 5.026633 -0.539286
v -0.000000 5.001209 -0.574696
v -0.000000 4.951700 -0.605786
v -0.000000 4.870131 -0.632549
v 0.000000 4.748739 -0.655192
v 0.000000 4.579820 -0.673976
v -0.293682 5.001337 -0.499614
v -0.292416 4.992114 -0.539261
v -0.288981 4.967079 -0.574612
v -0.282292 4.918328 -0.605588
v -0.272013 4.838056 -0.632167
v -0.260800 4.718861 -0.654571
v -0.252192 4.553333 -0.673081
v -0.576984 4.897350 -0.499607
v -0.574490 4.888569 -0.539206
v -0.567724 4.864735 -0.574428
v -0.554546 4.818320 -0.605151
v -0.534085 4.742190 -0.631317
v -0.510526 4.630783 -0.653115
v -0.490383 4.478037 -0.670828
v -0.839526 4.724043 -0.499600
v -0.835881 4.716020 -0.539152
v -0.825988 4.694243 -0.574244
v -0.806723 4.651835 -0.604714
v -0.776331 4.582962 -0.630448
v -0.738544 4.485952 -0.651511
v -0.701072 4.358792 -0.668052
v -1.884168 0.431916 -0.499637
v -1.883324 0.491439 -0.499637
v -1.881032 0.566730 -0.499637
v -1.876568 0.665675 -0.499637
v -1.869210 0.796158 -0.499637
v -1.858232 0.966063 -0.499637
v -1.842912 1.183275 -0.499637
v -1.875576 0.431916 -0.539444
v -1.874735 0.491439 -0.539445
v -1.872454 0.566730 -0.539444
v -1.868011 0.665675 -0.539445
v -1.860686 0.796158 -0.539444
v -1.849758 0.966063 -0.539445
v -1.834508 1.183275 -0.539444
v -1.852254 0.431916 -0.575232
v -1.851424 0.491438 -0.575232
v -1.849171 0.566730 -0.575232
v -1.844783 0.665675 -0.575232
v -1.837549 0.796158 -0.575232
v -1.826757 0.966063 -0.575232
v -1.811696 1.183275 -0.575232
v -1.806838 0.431916 -0.607057
v -1.806028 0.491439 -0.607057
v -1.803830 0.566730 -0.607057
v -1.799550 0.665675 -0.607057
v -1.792493 0.796158 -0.607057
v -1.781966 0.966063 -0.607057
v -1.767274 1.183275 -0.607057
v -1.731962 0.431916 -0.634977
v -1.731186 0.491439 -0.634977
v -1.729079 0.566730 -0.634977
v -1.724976 0.665675 -0.634977
v -1.718212 0.796158 -0.634977
v -1.708121 0.966063 -0.634977
v -1.694038 1.183275 -0.634977
v -1.620262 0.431916 -0.659049
v -1.619536 0.491439 -0.659049
v -1.617565 0.566730 -0.659049
v -1.613726 0.665675 -0.659049
v -1.607399 0.796158 -0.659049
v -1.597959 0.966063 -0.659049
v -1.584784 1.183275 -0.659049
v -1.464373 0.431916 -0.679331
v -1.463717 0.491439 -0.679331
v -1.461935 0.566730 -0.679331
v -1.458466 0.665675 -0.679331
v -1.452747 0.796158 -0.679331
v -1.444216 0.966063 -0.679331
v -1.432309 1.183275 -0.679331
v 1.004023 0.431916 0.708743
v 0.999959 0.491439 0.708744
v 0.996158 0.566730 0.708743
v 0.992064 0.665675 0.708744
v 0.987127 0.796158 0.708743
v 0.980793 0.966063 0.708744
v 0.972510 1.183275 0.708743
v 0.700430 0.431916 0.717932
v 0.695292 0.491439 0.717932
v 0.690994 0.566730 0.717932
v 0.687045 0.665675 0.717932
v 0.682954 0.796158 0.717932
v 0.678226 0.966063 0.717932
v 0.672371 1.183276 0.717932
v 0.367540 0.431916 0.723445
v 0.361279 0.491439 0.723445
v 0.356479 0.566730 0.723445
v 0.352716 0.665675 0.723445
v 0.349567 0.796158 0.723445
v 0.346609 0.966063 0.723445
v 0.343418 1.183275 0.723445
v 0.019839 0.431916 0.725283
v 0.012494 0.491439 0.725283
v 0.007230 0.566730 0.725283
v 0.003702 0.665675 0.725283
v 0.001562 0.796158 0.725283
v 0.000463 0.966063 0.725283
v 0.000058 1.183275 0.725283
v -0.328185 0.431916 0.723445
v -0.336496 0.491439 0.723445
v -0.342137 0.566730 0.723445
v -0.345373 0.665675 0.723445
v -0.346469 0.796158 0.723445
v -0.345691 0.966063 0.723445
v -0.343303 1.183276 0.723445
v -0.662045 0.431916 0.717932
v -0.671119 0.491439 0.717932
v -0.677005 0.566730 0.717932
v -0.679883 0.665675 0.717932
v -0.679932 0.796158 0.717932
v -0.677331 0.966063 0.717932
v -0.672259 1.183276 0.717932
v -0.967255 0.431916 0.708744
v -0.976805 0.491439 0.708744
v -0.982758 0.566730 0.708744
v -0.985204 0.665675 0.708744
v -0.984233 0.796158 0.708744
v -0.979936 0.966063 0.708744
v -0.972402 1.183276 0.708744
v 1.884181 0.431916 0.499637
v 1.883332 0.491439 0.499637
v 1.881037 0.566730 0.499637
v 1.876571 0.665675 0.499637
v 1.869211 0.796158 0.499637
v 1.858232 0.966063 0.499637
v 1.842912 1.183275 0.499637
v 1.875683 0.431916 0.539444
v 1.874803 0.491439 0.539445
v 1.872493 0.566730 0.539445
v 1.868031 0.665675 0.539445
v 1.860694 0.796158 0.539445
v 1.849761 0.966063 0.539445
v 1.834508 1.183276 0.539444
v 1.852618 0.431916 0.575232
v 1.851653 0.491439 0.575232
v 1.849303 0.566730 0.575232
v 1.844851 0.665675 0.575232
v 1.837577 0.796158 0.575232
v 1.826766 0.966063 0.575232
v 1.811697 1.183275 0.575232
v 1.807700 0.431916 0.607057
v 1.806571 0.491439 0.607057
v 1.804144 0.566730 0.607057
v 1.799710 0.665675 0.607057
v 1.792561 0.796158 0.607057
v 1.781986 0.966063 0.607057
v 1.767277 1.183275 0.607057
v 1.733646 0.431916 0.634977
v 1.732247 0.491439 0.634977
v 1.729693 0.566730 0.634977
v 1.725290 0.665675 0.634977
v 1.718344 0.796158 0.634977
v 1.708160 0.966063 0.634977
v 1.694043 1.183276 0.634977
v 1.623173 0.431916 0.659049
v 1.621369 0.491439 0.659049
v 1.618626 0.566730 0.659049
v 1.614270 0.665675 0.659049
v 1.607628 0.796158 0.659049
v 1.598027 0.966063 0.659049
v 1.584792 1.183276 0.659049
v 1.468996 0.431916 0.679331
v 1.466628 0.491439 0.679331
v 1.463620 0.566730 0.679331
v 1.459329 0.665675 0.679331
v 1.453112 0.796158 0.679331
v 1.444323 0.966063 0.679331
v 1.432322 1.183276 0.679331
v -0.994252 0.431916 -0.708744
v -0.993806 0.491439 -0.708744
v -0.992597 0.566730 -0.708744
v -0.990241 0.665675 -0.708744
v -0.986358 0.796158 -0.708744
v -0.980565 0.966063 -0.708743
v -0.972481 1.183275 -0.708744
v -0.687384 0.431916 -0.717932
v -0.687076 0.491439 -0.717932
v -0.686240 0.566730 -0.717932
v -0.684611 0.665675 -0.717932
v -0.681927 0.796158 -0.717932
v -0.677922 0.966063 -0.717932
v -0.672333 1.183275 -0.717932
v -0.351057 0.431916 -0.723445
v -0.350899 0.491439 -0.723445
v -0.350472 0.566730 -0.723445
v -0.349641 0.665675 -0.723445
v -0.348270 0.796158 -0.723445
v -0.346224 0.966063 -0.723445
v -0.343370 1.183275 -0.723445
v 0.000000 0.431916 -0.725283
v 0.000000 0.491439 -0.725283
v 0.000000 0.566730 -0.725283
v 0.000000 0.665675 -0.725283
v 0.000000 0.796158 -0.725283
v 0.000000 0.966063 -0.725283
v 0.000000 1.183275 -0.725283
v 0.351057 0.431916 -0.723445
v 0.350899 0.491439 -0.723445
v 0.350472 0.566730 -0.723445
v 0.349641 0.665675 -0.723445
v 0.348270 0.796158 -0.723445
v 0.346224 0.966063 -0.723445
v 0.343370 1.183275 -0.723445
v 0.687384 0.431916 -0.717932
v 0.687076 0.491439 -0.717932
v 0.686240 0.566730 -0.717932
v 0.684611 0.665675 -0.717932
v 0.681927 0.796158 -0.717932
v 0.677922 0.966063 -0.717932
v 0.672333 1.183275 -0.717932
v 0.994252 0.431916 -0.708744
v 0.993806 0.491439 -0.708744
v 0.992597 0.566730 -0.708744
v 0.990241 0.665675 -0.708744
v 0.986358 0.796158 -0.708744
v 0.980566 0.966063 -0.708744
v 0.972481 1.183275 -0.708744
v 1.885395 0.431916 -0.407828
v 1.884550 0.491439 -0.407828
v 1.882257 0.566730 -0.407828
v 1.877791 0.665675 -0.407828
v 1.870427 0.796158 -0.407828
v 1.859443 0.966063 -0.407828
v 1.844112 1.183275 -0.407828
v 1.885395 0.431916 -0.356286
v 1.884551 0.491439 -0.356286
v 1.882257 0.566730 -0.356286
v 1.877791 0.665675 -0.356286
v 1.870427 0.796158 -0.356286
v 1.859443 0.966063 -0.356286
v 1.844112 1.183276 -0.356286
v 1.885395 0.431916 -0.301643
v 1.884551 0.491439 -0.301643
v 1.882257 0.566730 -0.301643
v 1.877791 0.665675 -0.301643
v 1.870427 0.796158 -0.301643
v 1.859443 0.966063 -0.301643
v 1.844113 1.183275 -0.301643
v 1.885395 0.431916 -0.244415
v 1.884551 0.491439 -0.244415
v 1.882257 0.566730 -0.244415
v 1.877791 0.665675 -0.244415
v 1.870427 0.796158 -0.244415
v 1.859443 0.966063 -0.244415
v 1.844113 1.183275 -0.244415
v 1.885395 0.431916 -0.185121
v 1.884551 0.491439 -0.185121
v 1.882257 0.566730 -0.185121
v 1.877791 0.665675 -0.185121
v 1.870427 0.796158 -0.185121
v 1.859443 0.966063 -0.185121
v 1.844112 1.183276 -0.185121
v 1.885396 0.431916 -0.124275
v 1.884550 0.491439 -0.124275
v 1.882257 0.566730 -0.124275
v 1.877791 0.665675 -0.124275
v 1.870427 0.796158 -0.124275
v 1.859443 0.966063 -0.124275
v 1.844112 1.183276 -0.124275
v 1.885395 0.431916 -0.062396
v 1.884550 0.491439 -0.062396
v 1.882257 0.566730 -0.062396
v 1.877791 0.665675 -0.062396
v 1.870427 0.796158 -0.062396
v 1.859442 0.966063 -0.062396
v 1.844112 1.183276 -0.062396
v -1.880772 0.431916 0.407828
v -1.881639 0.491439 0.407828
v -1.880572 0.566730 0.407828
v -1.876928 0.665675 0.407828
v -1.870063 0.796158 0.407828
v -1.859335 0.966063 0.407828
v -1.844099 1.183275 0.407828
v -1.882484 0.431916 0.356286
v -1.882717 0.491439 0.356286
v -1.881196 0.566730 0.356286
v -1.877247 0.665675 0.356286
v -1.870198 0.796158 0.356286
v -1.859375 0.966063 0.356286
v -1.844104 1.183276 0.356286
v -1.883711 0.431916 0.301643
v -1.883490 0.491439 0.301643
v -1.881643 0.566730 0.301643
v -1.877477 0.665675 0.301643
v -1.870295 0.796158 0.301643
v -1.859404 0.966063 0.301643
v -1.844108 1.183275 0.301643
v -1.884533 0.431916 0.244415
v -1.884007 0.491439 0.244415
v -1.881943 0.566730 0.244415
v -1.877630 0.665675 0.244415
v -1.870360 0.796158 0.244415
v -1.859423 0.966063 0.244415
v -1.844110 1.183275 0.244415
v -1.885031 0.431916 0.185121
v -1.884322 0.491439 0.185121
v -1.882125 0.566730 0.185121
v -1.877723 0.665675 0.185121
v -1.870399 0.796158 0.185121
v -1.859434 0.966063 0.185121
v -1.844111 1.183276 0.185121
v -1.885288 0.431916 0.124275
v -1.884483 0.491439 0.124275
v -1.882218 0.566730 0.124275
v -1.877770 0.665675 0.124275
v -1.870419 0.796158 0.124275
v -1.859440 0.966063 0.124275
v -1.844112 1.183276 0.124275
v -1.885382 0.431916 0.062396
v -1.884542 0.491439 0.062396
v -1.882252 0.566730 0.062396
v -1.877788 0.665675 0.062396
v -1.870426 0.796158 0.062396
v -1.859442 0.966063 0.062396
v -1.844112 1.183276 0.062396
v 0.840047 4.725189 0.407828
v 0.840047 4.725189 0.356286
v 0.840047 4.725189 0.301643
v 0.840047 4.725189 0.244415
v 0.840047 4.725189 0.185121
v 0.840047 4.725189 0.124275
v 0.840047 4.725189 0.062396
v 0.577340 4.898604 0.407828
v 0.577340 4.898605 0.356286
v 0.577340 4.898605 0.301643
v 0.577340 4.898605 0.244415
v 0.577340 4.898605 0.185121
v 0.577340 4.898605 0.124275
v 0.577340 4.898605 0.062396
v 0.293862 5.002654 0.407828
v 0.293862 5.002654 0.356286
v 0.293862 5.002655 0.301643
v 0.293862 5.002655 0.244415
v 0.293862 5.002655 0.185121
v 0.293862 5.002655 0.124275
v 0.293862 5.002654 0.062396
v -0.000000 5.037337 0.407828
v 0.000000 5.037337 0.356286
v 0.000000 5.037337 0.301643
v 0.000000 5.037337 0.244415
v 0.000000 5.037337 0.185121
v 0.000000 5.037337 0.124275
v 0.000000 5.037337 0.062396
v -0.293862 5.002655 0.407828
v -0.293862 5.002655 0.356286
v -0.293862 5.002655 0.301643
v -0.293862 5.002655 0.244415
v -0.293862 5.002655 0.185121
v -0.293862 5.002655 0.124275
v -0.293862 5.002655 0.062396
v -0.577340 4.898605 0.407828
v -0.577340 4.898605 0.356286
v -0.577340 4.898605 0.301643
v -0.577340 4.898605 0.244415
v -0.577340 4.898605 0.185121
v -0.577340 4.898605 0.124275
v -0.577340 4.898605 0.062396
v -0.840047 4.725189 0.407828
v -0.840047 4.725189 0.356286
v -0.840047 4.725189 0.301643
v -0.840047 4.725189 0.244415
v -0.840047 4.725189 0.185121
v -0.840047 4.725189 0.124275
v -0.840047 4.725189 0.062396
v 0.994315 0.022768 -0.407828
v 0.994315 0.022767 -0.356286
v 0.994315 0.022768 -0.301643
v 0.994315 0.022767 -0.244415
v 0.994315 0.022768 -0.185121
v 0.994315 0.022768 -0.124275
v 0.994315 0.022768 -0.062396
v 0.687428 0.007041 -0.407828
v 0.687428 0.007041 -0.356286
v 0.687428 0.007041 -0.301643
v 0.687428 0.007041 -0.244415
v 0.687428 0.007041 -0.185121
v 0.687428 0.007041 -0.124275
v 0.687428 0.007041 -0.062396
v 0.351079 -0.002395 -0.407828
v 0.351079 -0.002394 -0.356286
v 0.351079 -0.002395 -0.301643
v 0.351079 -0.002394 -0.244415
v 0.351079 -0.002395 -0.185121
v 0.351079 -0.002394 -0.124275
v 0.351079 -0.002394 -0.062396
v 0.000000 -0.005540 -0.407828
v 0.000000 -0.005540 -0.356286
v 0.000000 -0.005540 -0.301643
v -0.000000 -0.005540 -0.244415
v 0.000000 -0.005540 -0.185121
v 0.000000 -0.005540 -0.124275
v 0.000000 -0.005540 -0.062396
v -0.351079 -0.002394 -0.407828
v -0.351079 -0.002395 -0.356286
v -0.351079 -0.002394 -0.301643
v -0.351079 -0.002395 -0.244415
v -0.351079 -0.002394 -0.185121
v -0.351079 -0.002395 -0.124275
v -0.351079 -0.002394 -0.062396
v -0.687428 0.007041 -0.407828
v -0.687428 0.007041 -0.356286
v -0.687428 0.007041 -0.301643
v -0.687428 0.007041 -0.244415
v -0.687428 0.007041 -0.185121
v -0.687428 0.007041 -0.124275
v -0.687428 0.007041 -0.062396
v -0.994315 0.022768 -0.407828
v -0.994315 0.022767 -0.356286
v -0.994315 0.022768 -0.301643
v -0.994315 0.022767 -0.244415
v -0.994315 0.022768 -0.185121
v -0.994315 0.022768 -0.124275
v -0.994315 0.022768 -0.062396
v -1.796894 1.787085 0.407828
v -1.759814 2.165011 0.407828
v -1.708002 2.572903 0.407828
v -1.636992 2.994205 0.407828
v -1.542315 3.412362 0.407828
v -1.419503 3.810817 0.407828
v -1.264087 4.173018 0.407828
v -1.796894 1.787085 0.356286
v -1.759813 2.165011 0.356286
v -1.708003 2.572903 0.356286
v -1.636992 2.994205 0.356286
v -1.542315 3.412361 0.356286
v -1.419503 3.810817 0.356286
v -1.264087 4.173018 0.356286
v -1.796894 1.787085 0.301643
v -1.759813 2.165011 0.301643
v -1.708002 2.572903 0.301643
v -1.636992 2.994205 0.301643
v -1.542315 3.412361 0.301643
v -1.419503 3.810817 0.301643
v -1.264087 4.173018 0.301643
v -1.796894 1.787085 0.244415
v -1.759814 2.165011 0.244415
v -1.708002 2.572903 0.244415
v -1.636992 2.994205 0.244415
v -1.542315 3.412361 0.244415
v -1.419503 3.810817 0.244415
v -1.264087 4.173018 0.244415
v -1.796894 1.787085 0.185121
v -1.759814 2.165011 0.185121
v -1.708002 2.572903 0.185121
v -1.636992 2.994205 0.185121
v -1.542315 3.412361 0.185121
v -1.419503 3.810817 0.185121
v -1.264087 4.173018 0.185121
v -1.796894 1.787085 0.124275
v -1.759813 2.165011 0.124275
v -1.708003 2.572903 0.124275
v -1.636992 2.994205 0.124275
v -1.542315 3.412361 0.124275
v -1.419503 3.810817 0.124275
v -1.264087 4.173018 0.124275
v -1.796894 1.787085 0.062396
v -1.759813 2.165011 0.062396
v -1.708002 2.572903 0.062396
v -1.636992 2.994205 0.062396
v -1.542315 3.412361 0.062396
v -1.419503 3.810817 0.062396
v -1.264087 4.173018 0.062396
v 1.796894 1.787085 -0.407828
v 1.759814 2.165011 -0.407828
v 1.708002 2.572903 -0.407828
v 1.636992 2.994205 -0.407828
v 1.542315 3.412362 -0.407828
v 1.419503 3.810817 -0.407828
v 1.264087 4.173018 -0.407828
v 1.796894 1.787085 -0.356286
v 1.759813 2.165011 -0.356286
v 1.708003 2.572903 -0.356286
v 1.636992 2.994205 -0.356286
v 1.542315 3.412361 -0.356286
v 1.419503 3.810817 -0.356286
v 1.264087 4.173018 -0.356286
v 1.796894 1.787085 -0.301643
v 1.759813 2.165011 -0.301643
v 1.708002 2.572903 -0.301643
v 1.636992 2.994205 -0.301643
v 1.542315 3.412361 -0.301643
v 1.419503 3.810817 -0.301643
v 1.264087 4.173018 -0.301643
v 1.796894 1.787085 -0.244415
v 1.759814 2.165011 -0.244415
v 1.708002 2.572903 -0.244415
v 1.636992 2.994205 -0.244415
v 1.542315 3.412361 -0.244415
v 1.419503 3.810817 -0.244415
v 1.264087 4.173018 -0.244415
v 1.796894 1.787085 -0.185121
v 1.759814 2.165011 -0.185121
v 1.708002 2.572903 -0.185121
v 1.636992 2.994205 -0.185121
v 1.542315 3.412361 -0.185121
v 1.419503 3.810817 -0.185121
v 1.264087 4.173018 -0.185121
v 1.796894 1.787085 -0.124275
v 1.759813 2.165011 -0.124275
v 1.708003 2.572903 -0.124275
v 1.636992 2.994205 -0.124275
v 1.542315 3.412361 -0.124275
v 1.419503 3.810817 -0.124275
v 1.264087 4.173018 -0.124275
v 1.796894 1.787085 -0.062396
v 1.759813 2.165011 -0.062396
v 1.708002 2.572903 -0.062396
v 1.636992 2.994205 -0.062396
v 1.542315 3.412361 -0.062396
v 1.419503 3.810817 -0.062396
v 1.264087 4.173018 -0.062396
v -1.395661 1.786397 0.679289
v -1.367045 2.159508 0.678996
v -1.327304 2.554331 0.678201
v -1.273125 2.950182 0.676654
v -1.201803 3.327240 0.674210
v -1.113059 3.669123 0.671162
v -1.006177 3.960944 0.668094
v -1.544226 1.786546 0.659019
v -1.512504 2.160703 0.658808
v -1.468371 2.558362 0.658235
v -1.408110 2.959736 0.657120
v -1.328158 3.346151 0.655384
v -1.225571 3.703378 0.653356
v -1.096886 4.018859 0.651541
v -1.650676 1.786731 0.634958
v -1.616708 2.162178 0.634825
v -1.569371 2.563340 0.634465
v -1.504641 2.971538 0.633763
v -1.418471 3.369007 0.632680
v -1.306714 3.741657 0.631468
v -1.165116 4.076380 0.630466
v -1.722031 1.786897 0.607047
v -1.686545 2.163513 0.606978
v -1.637029 2.567845 0.606789
v -1.569243 2.982216 0.606422
v -1.478920 3.389453 0.605856
v -1.361676 3.774422 0.605231
v -1.213102 4.122492 0.604724
v -1.765311 1.787006 0.575228
v -1.728904 2.164379 0.575198
v -1.678061 2.570769 0.575119
v -1.608411 2.989147 0.574964
v -1.515570 3.402697 0.574725
v -1.395107 3.795463 0.574462
v -1.242578 4.151702 0.574248
v -1.787536 1.787061 0.539443
v -1.750655 2.164824 0.539435
v -1.699131 2.572271 0.539411
v -1.628524 2.992706 0.539365
v -1.534391 3.409498 0.539294
v -1.412275 3.806268 0.539216
v -1.257714 4.166702 0.539153
v -1.795724 1.787082 0.499637
v -1.758669 2.164988 0.499636
v -1.706893 2.572824 0.499633
v -1.635934 2.994018 0.499627
v -1.541325 3.412004 0.499618
v -1.418599 3.810249 0.499608
v -1.263290 4.172228 0.499601
v 0.701072 4.358792 0.668052
v 0.738544 4.485952 0.651511
v 0.776331 4.582962 0.630448
v 0.806723 4.651835 0.604714
v 0.825988 4.694243 0.574244
v 0.835881 4.716020 0.539152
v 0.839526 4.724043 0.499600
v 0.490383 4.478037 0.670828
v 0.510526 4.630783 0.653115
v 0.534085 4.742191 0.631317
v 0.554546 4.818320 0.605151
v 0.567724 4.864735 0.574428
v 0.574490 4.888569 0.539206
v 0.576984 4.897350 0.499607
v 0.252192 4.553333 0.673081
v 0.260800 4.718862 0.654571
v 0.272013 4.838056 0.632168
v 0.282292 4.918328 0.605588
v 0.288981 4.967079 0.574612
v 0.292416 4.992114 0.539261
v 0.293682 5.001337 0.499614
v -0.000000 4.579820 0.673976
v -0.000000 4.748739 0.655192
v -0.000000 4.870131 0.632549
v 0.000000 4.951700 0.605786
v 0.000000 5.001209 0.574696
v 0.000000 5.026633 0.539286
v 0.000000 5.035999 0.499617
v -0.252192 4.553333 0.673081
v -0.260800 4.718861 0.654571
v -0.272013 4.838056 0.632167
v -0.282292 4.918328 0.605588
v -0.288981 4.967079 0.574612
v -0.292416 4.992114 0.539261
v -0.293682 5.001337 0.499614
v -0.490383 4.478037 0.670828
v -0.510526 4.630783 0.653115
v -0.534085 4.742191 0.631317
v -0.554546 4.818320 0.605151
v -0.567724 4.864735 0.574428
v -0.574490 4.888569 0.539206
v -0.576983 4.897350 0.499607
v -0.701072 4.358792 0.668052
v -0.738544 4.485952 0.651511
v -0.776331 4.582961 0.630448
v -0.806723 4.651835 0.604714
v -0.825988 4.694243 0.574244
v -0.835881 4.716020 0.539152
v -0.839526 4.724043 0.499600
v -1.437377 0.431916 0.679331
v -1.446716 0.491439 0.679331
v -1.452097 0.566730 0.679331
v -1.453429 0.665675 0.679331
v -1.450622 0.796158 0.679331
v -1.443586 0.966063 0.679331
v -1.432230 1.183275 0.679331
v -1.594923 0.431916 0.659049
v -1.603579 0.491439 0.659049
v -1.608331 0.566730 0.659049
v -1.608999 0.665675 0.659049
v -1.605404 0.796158 0.659049
v -1.597368 0.966063 0.659049
v -1.584710 1.183276 0.659049
v -1.709090 0.431916 0.634977
v -1.716782 0.491439 0.634977
v -1.720743 0.566730 0.634977
v -1.720708 0.665675 0.634977
v -1.716411 0.796158 0.634977
v -1.707587 0.966063 0.634977
v -1.693972 1.183275 0.634977
v -1.786998 0.431916 0.607057
v -1.793534 0.491439 0.607057
v -1.796600 0.566730 0.607057
v -1.795848 0.665675 0.607057
v -1.790931 0.796158 0.607057
v -1.781503 0.966063 0.607057
v -1.767217 1.183275 0.607057
v -1.835770 0.431916 0.575232
v -1.841044 0.491439 0.575232
v -1.843163 0.566730 0.575232
v -1.841707 0.665675 0.575232
v -1.836251 0.796158 0.575232
v -1.826373 0.966063 0.575232
v -1.811648 1.183276 0.575232
v -1.862529 0.431916 0.539445
v -1.866519 0.491439 0.539445
v -1.867699 0.566730 0.539445
v -1.865576 0.665675 0.539445
v -1.859659 0.796158 0.539445
v -1.849454 0.966063 0.539445
v -1.834470 1.183276 0.539444
v -1.874396 0.431916 0.499637
v -1.877170 0.491439 0.499637
v -1.877470 0.566730 0.499637
v -1.874745 0.665675 0.499637
v -1.868440 0.796158 0.499637
v -1.858004 0.966063 0.499637
v -1.842883 1.183276 0.499637
v 1.885395 0.431916 0.062396
v 1.884550 0.491439 0.062396
v 1.882257 0.566730 0.062396
v 1.877791 0.665675 0.062396
v 1.870427 0.796158 0.062396
v 1.859443 0.966063 0.062396
v 1.844112 1.183275 0.062396
v 1.885395 0.431916 0.124275
v 1.884551 0.491439 0.124275
v 1.882257 0.566730 0.124275
v 1.877791 0.665675 0.124275
v 1.870427 0.796158 0.124275
v 1.859443 0.966063 0.124275
v 1.844112 1.183276 0.124275
v 1.885395 0.431916 0.185121
v 1.884551 0.491439 0.185121
v 1.882257 0.566730 0.185121
v 1.877791 0.665675 0.185121
v 1.870427 0.796158 0.185121
v 1.859443 0.966063 0.185121
v 1.844113 1.183275 0.185121
v 1.885395 0.431916 0.244415
v 1.884551 0.491439 0.244415
v 1.882257 0.566730 0.244415
v 1.877791 0.665675 0.244415
v 1.870427 0.796158 0.244415
v 1.859443 0.966063 0.244415
v 1.844113 1.183275 0.244415
v 1.885395 0.431916 0.301643
v 1.884551 0.491439 0.301643
v 1.882257 0.566730 0.301643
v 1.877791 0.665675 0.301643
v 1.870427 0.796158 0.301643
v 1.859443 0.966063 0.301643
v 1.844112 1.183276 0.301643
v 1.885396 0.431916 0.356286
v 1.884550 0.491439 0.356286
v 1.882257 0.566730 0.356286
v 1.877791 0.665675 0.356286
v 1.870427 0.796158 0.356286
v 1.859443 0.966063 0.356286
v 1.844112 1.183276 0.356286
v 1.885395 0.431916 0.407828
v 1.884550 0.491439 0.407828
v 1.882257 0.566730 0.407828
v 1.877791 0.665675 0.407828
v 1.870427 0.796158 0.407828
v 1.859442 0.966063 0.407828
v 1.844112 1.183276 0.407828
v 0.994344 0.022768 0.062396
v 0.994543 0.022767 0.124275
v 0.995084 0.022768 0.185121
v 0.996139 0.022767 0.244415
v 0.997876 0.022768 0.301643
v 1.000469 0.022768 0.356286
v 1.004087 0.022768 0.407828
v 0.687466 0.007041 0.062396
v 0.687732 0.007041 0.124275
v 0.688455 0.007041 0.185121
v 0.689862 0.007041 0.244415
v 0.692182 0.007041 0.301643
v 0.695644 0.007041 0.356286
v 0.700474 0.007041 0.407828
v 0.351127 -0.002395 0.062396
v 0.351464 -0.002394 0.124275
v 0.352377 -0.002395 0.185121
v 0.354155 -0.002394 0.244415
v 0.357086 -0.002395 0.301643
v 0.361459 -0.002394 0.356286
v 0.367563 -0.002394 0.407828
v 0.000058 -0.005540 0.062396
v 0.000463 -0.005540 0.124275
v 0.001562 -0.005540 0.185121
v 0.003702 -0.005540 0.244415
v 0.007230 -0.005540 0.301643
v 0.012494 -0.005540 0.356286
v 0.019839 -0.005540 0.407828
v -0.351013 -0.002394 0.062396
v -0.350546 -0.002395 0.124275
v -0.349279 -0.002394 0.185121
v -0.346812 -0.002395 0.244415
v -0.342744 -0.002394 0.301643
v -0.336676 -0.002395 0.356286
v -0.328207 -0.002394 0.407828
v -0.687354 0.007041 0.062396
v -0.686837 0.007041 0.124275
v -0.685433 0.007041 0.185121
v -0.682700 0.007041 0.244415
v -0.678194 0.007041 0.301643
v -0.671471 0.007041 0.356286
v -0.662090 0.007041 0.407828
v -0.994236 0.022768 0.062396
v -0.993686 0.022767 0.124275
v -0.992190 0.022768 0.185121
v -0.989278 0.022767 0.244415
v -0.984477 0.022768 0.301643
v -0.977315 0.022768 0.356286
v -0.967319 0.022768 0.407828
v 1.796894 1.787085 0.062396
v 1.759814 2.165011 0.062396
v 1.708002 2.572903 0.062396
v 1.636992 2.994205 0.062396
v 1.542315 3.412361 0.062396
v 1.419503 3.810817 0.062396
v 1.264087 4.173018 0.062396
v 1.796894 1.787085 0.124275
v 1.759813 2.165011 0.124275
v 1.708003 2.572903 0.124275
v 1.636992 2.994205 0.124275
v 1.542315 3.412361 0.124275
v 1.419503 3.810817 0.124275
v 1.264087 4.173018 0.124275
v 1.796894 1.787085 0.185121
v 1.759813 2.165011 0.185121
v 1.708002 2.572903 0.185121
v 1.636992 2.994205 0.185121
v 1.542315 3.412361 0.185121
v 1.419503 3.810817 0.185121
v 1.264087 4.173018 0.185121
v 1.796894 1.787085 0.244415
v 1.759814 2.165011 0.244415
v 1.708002 2.572903 0.244415
v 1.636992 2.994205 0.244415
v 1.542315 3.412361 0.244415
v 1.419503 3.810817 0.244415
v 1.264087 4.173018 0.244415
v 1.796894 1.787085 0.301643
v 1.759814 2.165011 0.301643
v 1.708002 2.572903 0.301643
v 1.636992 2.994205 0.301643
v 1.542315 3.412361 0.301643
v 1.419503 3.810817 0.301643
v 1.264087 4.173018 0.301643
v 1.796894 1.787085 0.356286
v 1.759813 2.165011 0.356286
v 1.708003 2.572903 0.356286
v 1.636992 2.994205 0.356286
v 1.542315 3.412362 0.356286
v 1.419503 3.810817 0.356286
v 1.264087 4.173018 0.356286
v 1.796894 1.787085 0.407828
v 1.759813 2.165011 0.407828
v 1.708002 2.572903 0.407828
v 1.636992 2.994205 0.407828
v 1.542315 3.412361 0.407828
v 1.419503 3.810817 0.407828
v 1.264087 4.173018 0.407828
v 1.395661 1.786397 -0.679289
v 1.367045 2.159508 -0.678996
v 1.327304 2.554331 -0.678201
v 1.273125 2.950182 -0.676654
v 1.201803 3.327240 -0.674210
v 1.113059 3.669123 -0.671162
v 1.006177 3.960944 -0.668094
v 1.544226 1.786546 -0.659019
v 1.512504 2.160703 -0.658808
v 1.468371 2.558362 -0.658235
v 1.408110 2.959736 -0.657120
v 1.328158 3.346151 -0.655384
v 1.225571 3.703378 -0.653356
v 1.096886 4.018859 -0.651541
v 1.650676 1.786731 -0.634958
v 1.616708 2.162178 -0.634825
v 1.569371 2.563340 -0.634465
v 1.504641 2.971538 -0.633763
v 1.418471 3.369007 -0.632680
v 1.306714 3.741657 -0.631468
v 1.165116 4.076380 -0.630466
v 1.722031 1.786897 -0.607047
v 1.686545 2.163513 -0.606978
v 1.637029 2.567845 -0.606789
v 1.569243 2.982216 -0.606422
v 1.478920 3.389453 -0.605856
v 1.361676 3.774422 -0.605231
v 1.213102 4.122492 -0.604724
v 1.765311 1.787006 -0.575228
v 1.728904 2.164379 -0.575198
v 1.678061 2.570769 -0.575119
v 1.608411 2.989147 -0.574964
v 1.515570 3.402697 -0.574725
v 1.395107 3.795463 -0.574462
v 1.242578 4.151702 -0.574248
v 1.787536 1.787061 -0.539443
v 1.750655 2.164824 -0.539435
v 1.699131 2.572271 -0.539411
v 1.628524 2.992706 -0.539365
v 1.534391 3.409498 -0.539294
v 1.412275 3.806268 -0.539216
v 1.257714 4.166702 -0.539153
v 1.795724 1.787082 -0.499637
v 1.758669 2.164988 -0.499636
v 1.706893 2.572824 -0.499633
v 1.635934 2.994018 -0.499627
v 1.541325 3.412004 -0.499618
v 1.418599 3.810249 -0.499608
v 1.263290 4.172228 -0.499601
v 0.814756 0.055994 -0.668052
v 0.863825 0.044462 -0.651511
v 0.912528 0.035665 -0.630448
v 0.951556 0.029419 -0.604714
v 0.976276 0.025573 -0.574244
v 0.988970 0.023599 -0.539152
v 0.993647 0.022871 -0.499600
v 0.571742 0.045180 -0.670828
v 0.599825 0.031329 -0.653115
v 0.631087 0.021225 -0.631317
v 0.657785 0.014322 -0.605151
v 0.674922 0.010113 -0.574428
v 0.683722 0.007951 -0.539206
v 0.686965 0.007155 -0.499607
v 0.294549 0.038352 -0.673081
v 0.307190 0.023341 -0.654571
v 0.322375 0.012532 -0.632168
v 0.335917 0.005252 -0.605588
v 0.344683 0.000831 -0.574612
v 0.349184 -0.001439 -0.539261
v 0.350842 -0.002275 -0.499614
v 0.000000 0.035950 -0.673976
v 0.000000 0.020632 -0.655192
v 0.000000 0.009623 -0.632549
v 0.000000 0.002226 -0.605786
v 0.000000 -0.002264 -0.574696
v -0.000000 -0.004569 -0.539286
v 0.000000 -0.005419 -0.499617
v -0.294549 0.038352 -0.673081
v -0.307190 0.023341 -0.654571
v -0.322375 0.012532 -0.632167
v -0.335917 0.005252 -0.605588
v -0.344682 0.000831 -0.574612
v -0.349184 -0.001439 -0.539261
v -0.350842 -0.002275 -0.499614
v -0.571742 0.045180 -0.670828
v -0.599825 0.031329 -0.653115
v -0.631086 0.021225 -0.631317
v -0.657785 0.014322 -0.605151
v -0.674922 0.010113 -0.574428
v -0.683722 0.007951 -0.539206
v -0.686965 0.007155 -0.499607
v -0.814756 0.055994 -0.668052
v -0.863825 0.044463 -0.651511
v -0.912528 0.035665 -0.630448
v -0.951555 0.029419 -0.604714
v -0.976276 0.025574 -0.574244
v -0.988970 0.023599 -0.539152
v -0.993647 0.022871 -0.499600
v 1.464373 0.431916 -0.679331
v 1.463717 0.491439 -0.679331
v 1.461935 0.566730 -0.679331
v 1.458467 0.665675 -0.679331
v 1.452747 0.796158 -0.679331
v 1.444215 0.966063 -0.679331
v 1.432309 1.183275 -0.679331
v 1.620262 0.431916 -0.659049
v 1.619536 0.491439 -0.659049
v 1.617565 0.566730 -0.659049
v 1.613726 0.665675 -0.659049
v 1.607399 0.796158 -0.659049
v 1.597959 0.966063 -0.659049
v 1.584784 1.183276 -0.659049
v 1.731962 0.431916 -0.634977
v 1.731185 0.491439 -0.634977
v 1.729079 0.566730 -0.634977
v 1.724976 0.665675 -0.634977
v 1.718212 0.796158 -0.634977
v 1.708121 0.966063 -0.634977
v 1.694038 1.183275 -0.634977
v 1.806837 0.431916 -0.607057
v 1.806028 0.491439 -0.607057
v 1.803830 0.566730 -0.607057
v 1.799549 0.665675 -0.607057
v 1.792493 0.796158 -0.607057
v 1.781966 0.966063 -0.607057
v 1.767274 1.183275 -0.607057
v 1.852254 0.431916 -0.575232
v 1.851424 0.491439 -0.575232
v 1.849171 0.566730 -0.575232
v 1.844783 0.665675 -0.575232
v 1.837549 0.796158 -0.575232
v 1.826757 0.966063 -0.575232
v 1.811696 1.183276 -0.575232
v 1.875576 0.431916 -0.539445
v 1.874735 0.491439 -0.539445
v 1.872454 0.566730 -0.539445
v 1.868010 0.665675 -0.539445
v 1.860685 0.796158 -0.539445
v 1.849758 0.966063 -0.539445
v 1.834508 1.183276 -0.539444
v 1.884168 0.431916 -0.499637
v 1.883324 0.491439 -0.499637
v 1.881031 0.566730 -0.499637
v 1.876568 0.665675 -0.499637
v 1.869210 0.796158 -0.499637
v 1.858232 0.966063 -0.499637
v 1.842912 1.183276 -0.499637
v -1.885395 0.431916 -0.062396
v -1.884550 0.491439 -0.062396
v -1.882257 0.566730 -0.062396
v -1.877791 0.665675 -0.062396
v -1.870427 0.796158 -0.062396
v -1.859443 0.966063 -0.062396
v -1.844112 1.183275 -0.062396
v -1.885395 0.431916 -0.124275
v -1.884551 0.491439 -0.124275
v -1.882257 0.566730 -0.124275
v -1.877791 0.665675 -0.124275
v -1.870427 0.796158 -0.124275
v -1.859443 0.966063 -0.124275
v -1.844112 1.183276 -0.124275
v -1.885395 0.431916 -0.185121
v -1.884551 0.491439 -0.185121
v -1.882257 0.566730 -0.185121
v -1.877791 0.665675 -0.185121
v -1.870427 0.796158 -0.185121
v -1.859443 0.966063 -0.185121
v -1.844113 1.183275 -0.185121
v -1.885395 0.431916 -0.244415
v -1.884551 0.491439 -0.244415
v -1.882257 0.566730 -0.244415
v -1.877791 0.665675 -0.244415
v -1.870427 0.796158 -0.244415
v -1.859443 0.966063 -0.244415
v -1.844113 1.183275 -0.244415
v -1.885395 0.431916 -0.301643
v -1.884551 0.491439 -0.301643
v -1.882257 0.566730 -0.301643
v -1.877791 0.665675 -0.301643
v -1.870427 0.796158 -0.301643
v -1.859443 0.966063 -0.301643
v -1.844112 1.183276 -0.301643
v -1.885396 0.431916 -0.356286
v -1.884550 0.491439 -0.356286
v -1.882257 0.566730 -0.356286
v -1.877791 0.665675 -0.356286
v -1.870427 0.796158 -0.356286
v -1.859443 0.966063 -0.356286
v -1.844112 1.183276 -0.356286
v -1.885395 0.431916 -0.407828
v -1.884550 0.491439 -0.407828
v -1.882257 0.566730 -0.407828
v -1.877791 0.665675 -0.407828
v -1.870427 0.796158 -0.407828
v -1.859442 0.966063 -0.407828
v -1.844112 1.183276 -0.407828
v 0.840047 4.725189 -0.062396
v 0.840047 4.725189 -0.124275
v 0.840047 4.725189 -0.185121
v 0.840047 4.725189 -0.244415
v 0.840047 4.725189 -0.301643
v 0.840047 4.725189 -0.356286
v 0.840047 4.725189 -0.407828
v 0.577340 4.898605 -0.062396
v 0.577340 4.898605 -0.124275
v 0.577340 4.898605 -0.185121
v 0.577340 4.898605 -0.244415
v 0.577340 4.898605 -0.301643
v 0.577340 4.898605 -0.356286
v 0.577340 4.898605 -0.407828
v 0.293862 5.002654 -0.062396
v 0.293862 5.002655 -0.124275
v 0.293862 5.002655 -0.185121
v 0.293862 5.002655 -0.244415
v 0.293862 5.002655 -0.301643
v 0.293862 5.002655 -0.356286
v 0.293862 5.002654 -0.407828
v 0.000000 5.037337 -0.062396
v 0.000000 5.037337 -0.124275
v 0.000000 5.037337 -0.185121
v -0.000000 5.037337 -0.244415
v 0.000000 5.037337 -0.301643
v 0.000000 5.037337 -0.356286
v 0.000000 5.037337 -0.407828
v -0.293862 5.002655 -0.062396
v -0.293862 5.002655 -0.124275
v -0.293862 5.002655 -0.185121
v -0.293862 5.002655 -0.244415
v -0.293862 5.002655 -0.301643
v -0.293862 5.002655 -0.356286
v -0.293862 5.002655 -0.407828
v -0.577340 4.898605 -0.062396
v -0.577340 4.898605 -0.124275
v -0.577340 4.898605 -0.185121
v -0.577340 4.898605 -0.244415
v -0.577340 4.898605 -0.301643
v -0.577340 4.898605 -0.356286
v -0.577340 4.898605 -0.407828
v -0.840047 4.725189 -0.062396
v -0.840047 4.725189 -0.124275
v -0.840047 4.725189 -0.185121
v -0.840047 4.725189 -0.244415
v -0.840047 4.725189 -0.301643
v -0.840047 4.725189 -0.356286
v -0.840047 4.725189 -0.407828
v -1.796894 1.787085 -0.062396
v -1.759814 2.165011 -0.062396
v -1.708002 2.572903 -0.062396
v -1.636992 2.994205 -0.062396
v -1.542315 3.412361 -0.062396
v -1.419503 3.810817 -0.062396
v -1.264087 4.173018 -0.062396
v -1.796894 1.787085 -0.124275
v -1.759813 2.165011 -0.124275
v -1.708003 2.572903 -0.124275
v -1.636992 2.994205 -0.124275
v -1.542315 3.412361 -0.124275
v -1.419503 3.810817 -0.124275
v -1.264087 4.173018 -0.124275
v -1.796894 1.787085 -0.185121
v -1.759813 2.165011 -0.185121
v -1.708002 2.572903 -0.185121
v -1.636992 2.994205 -0.185121
v -1.542315 3.412361 -0.185121
v -1.419503 3.810817 -0.185121
v -1.264087 4.173018 -0.185121
v -1.796894 1.787085 -0.244415
v -1.759814 2.165011 -0.244415
v -1.708002 2.572903 -0.244415
v -1.636992 2.994205 -0.244415
v -1.542315 3.412361 -0.244415
v -1.419503 3.810817 -0.244415
v -1.264087 4.173018 -0.244415
v -1.796894 1.787085 -0.301643
v -1.759814 2.165011 -0.301643
v -1.708002 2.572903 -0.301643
v -1.636992 2.994205 -0.301643
v -1.542315 3.412361 -0.301643
v -1.419503 3.810817 -0.301643
v -1.264087 4.173018 -0.301643
v -1.796894 1.787085 -0.356286
v -1.759813 2.165011 -0.356286
v -1.708003 2.572903 -0.356286
v -1.636992 2.994205 -0.356286
v -1.542315 3.412362 -0.356286
v -1.419503 3.810817 -0.356286
v -1.264087 4.173018 -0.356286
v -1.796894 1.787085 -0.407828
v -1.759813 2.165011 -0.407828
v -1.708002 2.572903 -0.407828
v -1.636992 2.994205 -0.407828
v -1.542315 3.412361 -0.407828
v -1.419503 3.810817 -0.407828
v -1.264087 4.173018 -0.407828
v -1.464467 0.072960 -0.062396
v -1.620366 0.106641 -0.062396
v -1.732073 0.145039 -0.062396
v -1.806953 0.187369 -0.062396
v -1.852373 0.232844 -0.062396
v -1.875696 0.280678 -0.062396
v -1.884289 0.330085 -0.062396
v -1.464467 0.072960 -0.124275
v -1.620366 0.106641 -0.124275
v -1.732073 0.145039 -0.124275
v -1.806953 0.187369 -0.124275
v -1.852372 0.232844 -0.124275
v -1.875696 0.280678 -0.124275
v -1.884289 0.330085 -0.124275
v -1.464467 0.072960 -0.185121
v -1.620366 0.106641 -0.185121
v -1.732072 0.145039 -0.185121
v -1.806953 0.187369 -0.185121
v -1.852372 0.232844 -0.185121
v -1.875696 0.280678 -0.185121
v -1.884289 0.330085 -0.185121
v -1.464467 0.072960 -0.244415
v -1.620365 0.106641 -0.244415
v -1.732073 0.145039 -0.244415
v -1.806953 0.187369 -0.244415
v -1.852372 0.232844 -0.244415
v -1.875696 0.280678 -0.244415
v -1.884289 0.330085 -0.244415
v -1.464467 0.072960 -0.301643
v -1.620366 0.106641 -0.301643
v -1.732072 0.145039 -0.301643
v -1.806953 0.187369 -0.301643
v -1.852373 0.232844 -0.301643
v -1.875696 0.280678 -0.301643
v -1.884289 0.330085 -0.301643
v -1.464467 0.072960 -0.356286
v -1.620366 0.106641 -0.356286
v -1.732073 0.145039 -0.356286
v -1.806953 0.187369 -0.356286
v -1.852372 0.232844 -0.356286
v -1.875696 0.280678 -0.356286
v -1.884289 0.330085 -0.356286
v -1.464467 0.072960 -0.407828
v -1.620366 0.106641 -0.407828
v -1.732073 0.145039 -0.407828
v -1.806953 0.187369 -0.407828
v -1.852372 0.232844 -0.407828
v -1.875696 0.280679 -0.407828
v -1.884289 0.330085 -0.407828
v 1.152982 0.092192 -0.668094
v 1.261093 0.119490 -0.671162
v 1.343564 0.152758 -0.674210
v 1.402112 0.191361 -0.676654
v 1.438161 0.234528 -0.678201
v 1.456672 0.281177 -0.678996
v 1.463493 0.330147 -0.679289
v 1.261093 0.086940 -0.651541
v 1.391617 0.116384 -0.653356
v 1.486788 0.151043 -0.655384
v 1.551805 0.190495 -0.657120
v 1.591441 0.234163 -0.658235
v 1.611795 0.281069 -0.658808
v 1.619294 0.330134 -0.659019
v 1.343564 0.081724 -0.630466
v 1.486788 0.112912 -0.631468
v 1.589849 0.148971 -0.632680
v 1.659215 0.189425 -0.633763
v 1.701336 0.233711 -0.634465
v 1.722965 0.280935 -0.634825
v 1.730934 0.330117 -0.634958
v 1.402112 0.077542 -0.604724
v 1.551804 0.109941 -0.605231
v 1.659215 0.147116 -0.605856
v 1.731300 0.188456 -0.606422
v 1.775037 0.233303 -0.606789
v 1.797497 0.280814 -0.606978
v 1.805771 0.330102 -0.607047
v 1.438161 0.074893 -0.574248
v 1.591441 0.108033 -0.574462
v 1.701336 0.145916 -0.574725
v 1.775037 0.187828 -0.574964
v 1.819747 0.233037 -0.575119
v 1.842705 0.280735 -0.575198
v 1.851164 0.330092 -0.575228
v 1.456672 0.073533 -0.539153
v 1.611795 0.107053 -0.539216
v 1.722966 0.145298 -0.539294
v 1.797496 0.187505 -0.539365
v 1.842705 0.232902 -0.539411
v 1.865921 0.280695 -0.539435
v 1.874474 0.330087 -0.539443
v 1.463493 0.073032 -0.499601
v 1.619294 0.106692 -0.499609
v 1.730934 0.145072 -0.499618
v 1.805771 0.187386 -0.499627
v 1.851164 0.232851 -0.499633
v 1.874474 0.280680 -0.499636
v 1.883062 0.330085 -0.499637
v 1.464480 0.072960 0.062396
v 1.620374 0.106641 0.062396
v 1.732077 0.145039 0.062396
v 1.806955 0.187369 0.062396
v 1.852374 0.232844 0.062396
v 1.875696 0.280678 0.062396
v 1.884289 0.330085 0.062396
v 1.464575 0.072960 0.124275
v 1.620434 0.106641 0.124275
v 1.732112 0.145039 0.124275
v 1.806973 0.187369 0.124275
v 1.852381 0.232844 0.124275
v 1.875698 0.280678 0.124275
v 1.884289 0.330085 0.124275
v 1.464831 0.072960 0.185121
v 1.620595 0.106641 0.185121
v 1.732205 0.145039 0.185121
v 1.807021 0.187369 0.185121
v 1.852401 0.232844 0.185121
v 1.875704 0.280678 0.185121
v 1.884290 0.330085 0.185121
v 1.465329 0.072960 0.244415
v 1.620909 0.106641 0.244415
v 1.732387 0.145039 0.244415
v 1.807114 0.187369 0.244415
v 1.852440 0.232844 0.244415
v 1.875716 0.280678 0.244415
v 1.884291 0.330085 0.244415
v 1.466151 0.072960 0.301643
v 1.621426 0.106641 0.301643
v 1.732687 0.145039 0.301643
v 1.807268 0.187369 0.301643
v 1.852505 0.232844 0.301643
v 1.875735 0.280678 0.301643
v 1.884294 0.330085 0.301643
v 1.467378 0.072960 0.356286
v 1.622199 0.106641 0.356286
v 1.733134 0.145039 0.356286
v 1.807496 0.187369 0.356286
v 1.852602 0.232844 0.356286
v 1.875764 0.280678 0.356286
v 1.884297 0.330085 0.356286
v 1.469090 0.072960 0.407828
v 1.623277 0.106641 0.407828
v 1.733757 0.145039 0.407828
v 1.807816 0.187369 0.407828
v 1.852736 0.232844 0.407828
v 1.875804 0.280679 0.407828
v 1.884302 0.330085 0.407828
v -1.016342 0.092192 0.668094
v -1.129242 0.119490 0.671162
v -1.220461 0.152758 0.674210
v -1.291773 0.191361 0.676654
v -1.344231 0.234528 0.678201
v -1.381175 0.281177 0.678996
v -1.406517 0.330147 0.679289
v -1.129242 0.086940 0.651541
v -1.265243 0.116384 0.653356
v -1.369603 0.151043 0.655384
v -1.447383 0.190495 0.657120
v -1.502917 0.234163 0.658235
v -1.540827 0.281069 0.658808
v -1.565804 0.330134 0.659019
v -1.220461 0.081724 0.630466
v -1.369603 0.112912 0.631469
v -1.482061 0.148971 0.632680
v -1.563900 0.189425 0.633763
v -1.620982 0.233711 0.634465
v -1.658772 0.280935 0.634825
v -1.682634 0.330117 0.634958
v -1.291773 0.077542 0.604724
v -1.447383 0.109941 0.605231
v -1.563900 0.147116 0.605856
v -1.647660 0.188456 0.606422
v -1.704931 0.233303 0.606789
v -1.741695 0.280814 0.606978
v -1.763860 0.330102 0.607047
v -1.344231 0.074893 0.574248
v -1.502918 0.108033 0.574462
v -1.620982 0.145916 0.574725
v -1.704931 0.187828 0.574964
v -1.761241 0.233037 0.575119
v -1.796266 0.280735 0.575198
v -1.816333 0.330092 0.575228
v -1.381175 0.073533 0.539153
v -1.540827 0.107053 0.539216
v -1.658773 0.145298 0.539294
v -1.741694 0.187505 0.539365
v -1.796266 0.232902 0.539411
v -1.829125 0.280695 0.539435
v -1.846901 0.330087 0.539443
v -1.406517 0.073032 0.499601
v -1.565805 0.106692 0.499609
v -1.682635 0.145072 0.499618
v -1.763860 0.187386 0.499627
v -1.816333 0.232851 0.499633
v -1.846900 0.280680 0.499636
v -1.862408 0.330085 0.499637
v -1.437471 0.072960 0.407828
v -1.595027 0.106641 0.407828
v -1.709201 0.145039 0.407828
v -1.787114 0.187369 0.407828
v -1.835889 0.232844 0.407828
v -1.862649 0.280678 0.407828
v -1.874517 0.330085 0.407828
v -1.447466 0.072960 0.356286
v -1.604409 0.106641 0.356286
v -1.717669 0.145039 0.356286
v -1.794459 0.187369 0.356286
v -1.841992 0.232844 0.356286
v -1.867480 0.280678 0.356286
v -1.878135 0.330085 0.356286
v -1.454629 0.072960 0.301643
v -1.611132 0.106641 0.301643
v -1.723737 0.145039 0.301643
v -1.799723 0.187369 0.301643
v -1.846365 0.232844 0.301643
v -1.870941 0.280678 0.301643
v -1.880728 0.330085 0.301643
v -1.459430 0.072960 0.244415
v -1.615638 0.106641 0.244415
v -1.727805 0.145039 0.244415
v -1.803251 0.187369 0.244415
v -1.849297 0.232844 0.244415
v -1.873262 0.280678 0.244415
v -1.882465 0.330085 0.244415
v -1.462342 0.072960 0.185121
v -1.618371 0.106641 0.185121
v -1.730272 0.145039 0.185121
v -1.805391 0.187369 0.185121
v -1.851075 0.232844 0.185121
v -1.874669 0.280678 0.185121
v -1.883520 0.330085 0.185121
v -1.463837 0.072960 0.124275
v -1.619775 0.106641 0.124275
v -1.731539 0.145039 0.124275
v -1.806490 0.187369 0.124275
v -1.851988 0.232844 0.124275
v -1.875392 0.280678 0.124275
v -1.884061 0.330085 0.124275
v -1.464388 0.072960 0.062396
v -1.620292 0.106641 0.062396
v -1.732006 0.145039 0.062396
v -1.806895 0.187369 0.062396
v -1.852324 0.232844 0.062396
v -1.875658 0.280678 0.062396
v -1.884260 0.330085 0.062396
v 1.464467 0.072960 -0.407828
v 1.620366 0.106641 -0.407828
v 1.732073 0.145039 -0.407828
v 1.806953 0.187369 -0.407828
v 1.852373 0.232844 -0.407828
v 1.875696 0.280678 -0.407828
v 1.884289 0.330085 -0.407828
v 1.464467 0.072960 -0.356286
v 1.620366 0.106641 -0.356286
v 1.732073 0.145039 -0.356286
v 1.806953 0.187369 -0.356286
v 1.852372 0.232844 -0.356286
v 1.875696 0.280678 -0.356286
v 1.884289 0.330085 -0.356286
v 1.464467 0.072960 -0.301643
v 1.620366 0.106641 -0.301643
v 1.732072 0.145039 -0.301643
v 1.806953 0.187369 -0.301643
v 1.852372 0.232844 -0.301643
v 1.875696 0.280678 -0.301643
v 1.884289 0.330085 -0.301643
v 1.464467 0.072960 -0.244415
v 1.620365 0.106641 -0.244415
v 1.732073 0.145039 -0.244415
v 1.806953 0.187369 -0.244415
v 1.852372 0.232844 -0.244415
v 1.875696 0.280678 -0.244415
v 1.884289 0.330085 -0.244415
v 1.464467 0.072960 -0.185121
v 1.620366 0.106641 -0.185121
v 1.732072 0.145039 -0.185121
v 1.806953 0.187369 -0.185121
v 1.852373 0.232844 -0.185121
v 1.875696 0.280678 -0.185121
v 1.884289 0.330085 -0.185121
v 1.464467 0.072960 -0.124275
v 1.620366 0.106641 -0.124275
v 1.732073 0.145039 -0.124275
v 1.806953 0.187369 -0.124275
v 1.852372 0.232844 -0.124275
v 1.875696 0.280678 -0.124275
v 1.884289 0.330085 -0.124275
v 1.464467 0.072960 -0.062396
v 1.620366 0.106641 -0.062396
v 1.732073 0.145039 -0.062396
v 1.806953 0.187369 -0.062396
v 1.852372 0.232844 -0.062396
v 1.875696 0.280678 -0.062396
v 1.884289 0.330085 -0.062396
v -0.814756 0.092264 -0.689330
v -0.863825 0.119542 -0.696067
v -0.912528 0.152791 -0.701208
v -0.951556 0.191378 -0.704857
v -0.976276 0.234535 -0.707104
v -0.988970 0.281179 -0.708258
v -0.993647 0.330148 -0.708683
v -0.571742 0.087513 -0.695648
v -0.599825 0.116796 -0.703741
v -0.631087 0.151303 -0.709644
v -0.657785 0.190630 -0.713678
v -0.674922 0.234220 -0.716138
v -0.683722 0.281086 -0.717400
v -0.686965 0.330136 -0.717866
v -0.294549 0.083657 -0.699638
v -0.307190 0.114305 -0.708408
v -0.322375 0.149847 -0.714724
v -0.335917 0.189883 -0.718977
v -0.344682 0.233905 -0.721560
v -0.349184 0.280993 -0.722887
v -0.350842 0.330125 -0.723375
v -0.000000 0.082124 -0.701041
v 0.000000 0.113242 -0.709991
v 0.000000 0.149194 -0.716423
v -0.000000 0.189543 -0.720745
v 0.000000 0.233762 -0.723369
v -0.000000 0.280950 -0.724716
v 0.000000 0.330119 -0.725212
v 0.294549 0.083657 -0.699638
v 0.307190 0.114305 -0.708408
v 0.322375 0.149847 -0.714724
v 0.335917 0.189883 -0.718977
v 0.344683 0.233905 -0.721560
v 0.349184 0.280992 -0.722887
v 0.350842 0.330124 -0.723375
v 0.571742 0.087513 -0.695648
v 0.599825 0.116796 -0.703741
v 0.631086 0.151303 -0.709644
v 0.657785 0.190631 -0.713678
v 0.674922 0.234220 -0.716138
v 0.683722 0.281086 -0.717400
v 0.686965 0.330136 -0.717866
v 0.814756 0.092264 -0.689330
v 0.863825 0.119542 -0.696067
v 0.912528 0.152791 -0.701208
v 0.951556 0.191378 -0.704857
v 0.976276 0.234535 -0.707104
v 0.988970 0.281179 -0.708258
v 0.993647 0.330148 -0.708683
v 1.473326 0.073032 0.499601
v 1.625511 0.106692 0.499608
v 1.734556 0.145072 0.499618
v 1.807649 0.187386 0.499627
v 1.851980 0.232851 0.499633
v 1.874740 0.280680 0.499636
v 1.883119 0.330085 0.499637
v 1.470216 0.073533 0.539153
v 1.620515 0.107054 0.539216
v 1.728202 0.145298 0.539294
v 1.800367 0.187505 0.539365
v 1.844105 0.232902 0.539411
v 1.866526 0.280695 0.539435
v 1.874739 0.330087 0.539443
v 1.456322 0.074893 0.574248
v 1.603522 0.108033 0.574462
v 1.708968 0.145916 0.574725
v 1.779584 0.187828 0.574964
v 1.822303 0.233038 0.575119
v 1.844106 0.280735 0.575198
v 1.851980 0.330092 0.575228
v 1.425929 0.077542 0.604724
v 1.568328 0.109941 0.605231
v 1.670297 0.147116 0.605856
v 1.738489 0.188456 0.606422
v 1.779583 0.233303 0.606789
v 1.800367 0.280814 0.606978
v 1.807649 0.330102 0.607047
v 1.374137 0.081724 0.630467
v 1.509046 0.112912 0.631469
v 1.605710 0.148971 0.632680
v 1.670297 0.189425 0.633763
v 1.708968 0.233711 0.634465
v 1.728202 0.280935 0.634825
v 1.734555 0.330117 0.634958
v 1.299312 0.086940 0.651541
v 1.421039 0.116384 0.653356
v 1.509046 0.151043 0.655384
v 1.568328 0.190495 0.657120
v 1.603522 0.234163 0.658235
v 1.620515 0.281069 0.658808
v 1.625510 0.330134 0.659019
v 1.199616 0.092192 0.668094
v 1.299312 0.119490 0.671162
v 1.374137 0.152758 0.674210
v 1.425928 0.191361 0.676654
v 1.456322 0.234529 0.678201
v 1.470216 0.281177 0.678996
v 1.473326 0.330148 0.679289
v 0.884091 0.092264 0.689330
v 0.926436 0.119542 0.696067
v 0.966607 0.152791 0.701208
v 0.996496 0.191379 0.704857
v 1.012385 0.234535 0.707104
v 1.016922 0.281179 0.708258
v 1.014348 0.330148 0.708683
v 0.655830 0.087513 0.695648
v 0.677360 0.116796 0.703741
v 0.699530 0.151303 0.709644
v 0.715826 0.190630 0.713678
v 0.722306 0.234220 0.716137
v 0.720798 0.281086 0.717400
v 0.714573 0.330136 0.717866
v 0.393776 0.083657 0.699638
v 0.399841 0.114305 0.708408
v 0.405435 0.149847 0.714724
v 0.407452 0.189883 0.718977
v 0.403791 0.233905 0.721560
v 0.395802 0.280993 0.722887
v 0.385696 0.330124 0.723375
v 0.113097 0.082124 0.701041
v 0.106581 0.113242 0.709991
v 0.096735 0.149194 0.716423
v 0.084390 0.189543 0.720745
v 0.070422 0.233762 0.723369
v 0.055896 0.280950 0.724716
v 0.041923 0.330119 0.725212
v -0.170283 0.083657 0.699638
v -0.189093 0.114305 0.708408
v -0.213988 0.149847 0.714724
v -0.240284 0.189883 0.718977
v -0.264195 0.233905 0.721560
v -0.284951 0.280992 0.722887
v -0.302538 0.330124 0.723375
v -0.439545 0.087513 0.695648
v -0.473180 0.116796 0.703741
v -0.513724 0.151303 0.709644
v -0.553269 0.190631 0.713678
v -0.586358 0.234220 0.716138
v -0.612742 0.281086 0.717400
v -0.633473 0.330136 0.717866
v -0.678073 0.092264 0.689330
v -0.731939 0.119542 0.696067
v -0.789403 0.152791 0.701208
v -0.841205 0.191378 0.704857
v -0.882341 0.234535 0.707104
v -0.913471 0.281179 0.708258
v -0.936672 0.330148 0.708683
v -1.463492 0.073032 -0.499601
v -1.619294 0.106692 -0.499608
v -1.730935 0.145072 -0.499618
v -1.805771 0.187386 -0.499627
v -1.851164 0.232851 -0.499633
v -1.874474 0.280680 -0.499636
v -1.883062 0.330085 -0.499637
v -1.456673 0.073533 -0.539153
v -1.611795 0.107054 -0.539216
v -1.722966 0.145298 -0.539294
v -1.797496 0.187505 -0.539365
v -1.842705 0.232902 -0.539411
v -1.865921 0.280695 -0.539435
v -1.874474 0.330087 -0.539443
v -1.438161 0.074893 -0.574248
v -1.591442 0.108033 -0.574462
v -1.701336 0.145916 -0.574725
v -1.775037 0.187828 -0.574964
v -1.819747 0.233038 -0.575119
v -1.842705 0.280735 -0.575198
v -1.851164 0.330092 -0.575228
v -1.402112 0.077542 -0.604724
v -1.551804 0.109941 -0.605231
v -1.659215 0.147116 -0.605856
v -1.731300 0.188456 -0.606422
v -1.775037 0.233303 -0.606789
v -1.797496 0.280814 -0.606978
v -1.805771 0.330102 -0.607047
v -1.343564 0.081724 -0.630467
v -1.486788 0.112912 -0.631469
v -1.589849 0.148971 -0.632680
v -1.659215 0.189424 -0.633763
v -1.701336 0.233711 -0.634465
v -1.722965 0.280935 -0.634825
v -1.730934 0.330117 -0.634958
v -1.261093 0.086940 -0.651541
v -1.391617 0.116384 -0.653356
v -1.486788 0.151043 -0.655384
v -1.551805 0.190495 -0.657120
v -1.591441 0.234163 -0.658235
v -1.611795 0.281069 -0.658808
v -1.619294 0.330133 -0.659019
v -1.152982 0.092192 -0.668094
v -1.261093 0.119490 -0.671162
v -1.343564 0.152758 -0.674210
v -1.402112 0.191361 -0.676654
v -1.438161 0.234529 -0.678201
v -1.456672 0.281177 -0.678996
v -1.463493 0.330147 -0.679289
vn -0.0316 0.0026 -0.9995
vn -0.0322 0.0049 -0.9995
vn -0.0329 0.0085 -0.9994
vn -0.0339 0.0136 -0.9993
vn -0.0351 0.0203 -0.9992
vn -0.0368 0.0294 -0.9989
vn -0.0173 0.0017 -0.9998
vn -0.0177 0.0039 -0.9998
vn -0.0181 0.0071 -0.9998
vn -0.0187 0.0118 -0.9998
vn -0.0197 0.0183 -0.9996
vn -0.0211 0.0277 -0.9994
vn -0.0055 0.0014 -1.0000
vn -0.0056 0.0034 -1.0000
vn -0.0058 0.0065 -1.0000
vn -0.0060 0.0110 -0.9999
vn -0.0064 0.0174 -0.9998
vn -0.0071 0.0269 -0.9996
vn 0.0055 0.0014 -1.0000
vn 0.0056 0.0034 -1.0000
vn 0.0058 0.0065 -1.0000
vn 0.0060 0.0110 -0.9999
vn 0.0064 0.0174 -0.9998
vn 0.0071 0.0269 -0.9996
vn 0.0173 0.0017 -0.9998
vn 0.0177 0.0039 -0.9998
vn 0.0181 0.0071 -0.9998
vn 0.0187 0.0118 -0.9998
vn 0.0197 0.0183 -0.9996
vn 0.0211 0.0277 -0.9994
vn 0.0316 0.0026 -0.9995
vn 0.0322 0.0049 -0.9995
vn 0.0329 0.0085 -0.9994
vn 0.0339 0.0136 -0.9993
vn 0.0351 0.0203 -0.9992
vn 0.0368 0.0294 -0.9989
vn -0.0509 0.0026 -0.9987
vn -0.0517 0.0041 -0.9987
vn -0.0526 0.0068 -0.9986
vn -0.0536 0.0109 -0.9985
vn -0.0548 0.0168 -0.9984
vn -0.0561 0.0240 -0.9981
vn -0.0574 0.0333 -0.9978
vn -0.0584 0.0450 -0.9973
vn -0.0404 0.0437 -0.9982
vn -0.0240 0.0425 -0.9988
vn -0.0083 0.0419 -0.9991
vn 0.0083 0.0419 -0.9991
vn 0.0240 0.0425 -0.9988
vn 0.0404 0.0437 -0.9982
vn 0.0584 0.0450 -0.9973
vn 0.0574 0.0333 -0.9978
vn 0.0561 0.0240 -0.9981
vn 0.0548 0.0168 -0.9984
vn 0.0536 0.0109 -0.9985
vn 0.0526 0.0068 -0.9986
vn 0.0517 0.0041 -0.9987
vn 0.0509 0.0026 -0.9987
vn 0.0312 0.0013 -0.9995
vn 0.0171 0.0006 -0.9999
vn 0.0055 0.0003 -1.0000
vn -0.0055 0.0003 -1.0000
vn -0.0171 0.0006 -0.9999
vn -0.0312 0.0013 -0.9995
vn 0.9754 0.0954 0.1988
vn 0.9732 0.1233 0.1941
vn 0.9684 0.1629 0.1886
vn 0.9588 0.2168 0.1836
vn 0.9399 0.2895 0.1809
vn 0.9036 0.3876 0.1824
vn 0.8488 0.0824 0.5223
vn 0.8516 0.1072 0.5131
vn 0.8527 0.1427 0.5026
vn 0.8487 0.1913 0.4931
vn 0.8340 0.2565 0.4885
vn 0.7996 0.3428 0.4930
vn 0.5948 0.0568 0.8018
vn 0.6017 0.0747 0.7952
vn 0.6077 0.1008 0.7878
vn 0.6088 0.1366 0.7815
vn 0.5987 0.1839 0.7796
vn 0.5693 0.2442 0.7851
vn 0.3668 0.0341 0.9297
vn 0.3724 0.0454 0.9270
vn 0.3773 0.0620 0.9240
vn 0.3782 0.0848 0.9218
vn 0.3710 0.1144 0.9216
vn 0.3508 0.1511 0.9242
vn 0.2222 0.0199 0.9748
vn 0.2258 0.0270 0.9738
vn 0.2289 0.0375 0.9727
vn 0.2299 0.0522 0.9718
vn 0.2273 0.0711 0.9712
vn 0.2184 0.0950 0.9712
vn 0.1363 0.0117 0.9906
vn 0.1385 0.0164 0.9902
vn 0.1405 0.0235 0.9898
vn 0.1416 0.0335 0.9894
vn 0.1414 0.0459 0.9889
vn 0.1390 0.0619 0.9884
vn 0.9964 0.0806 0.0268
vn 0.9949 0.0976 0.0263
vn 0.9917 0.1259 0.0256
vn 0.9858 0.1661 0.0249
vn 0.9750 0.2207 0.0241
vn 0.9554 0.2944 0.0237
vn 0.9187 0.3942 0.0239
vn 0.8488 0.5281 0.0249
vn 0.8337 0.5186 0.1898
vn 0.7307 0.4546 0.5093
vn 0.5105 0.3178 0.7990
vn 0.3116 0.1944 0.9301
vn 0.1969 0.1234 0.9726
vn 0.1295 0.0817 0.9882
vn 0.0894 0.0567 0.9944
vn 0.0891 0.0427 0.9951
vn 0.0887 0.0316 0.9956
vn 0.0879 0.0228 0.9959
vn 0.0868 0.0154 0.9961
vn 0.0854 0.0103 0.9963
vn 0.0840 0.0069 0.9964
vn 0.0828 0.0050 0.9966
vn 0.1342 0.0090 0.9909
vn 0.2189 0.0158 0.9756
vn 0.3618 0.0275 0.9318
vn 0.5888 0.0463 0.8069
vn 0.8458 0.0677 0.5293
vn 0.9761 0.0788 0.2023
vn 0.0316 0.0026 0.9995
vn 0.0322 0.0049 0.9995
vn 0.0329 0.0085 0.9994
vn 0.0339 0.0136 0.9993
vn 0.0351 0.0203 0.9992
vn 0.0368 0.0294 0.9989
vn 0.0173 0.0017 0.9998
vn 0.0177 0.0039 0.9998
vn 0.0181 0.0071 0.9998
vn 0.0187 0.0118 0.9998
vn 0.0197 0.0183 0.9996
vn 0.0211 0.0277 0.9994
vn 0.0055 0.0014 1.0000
vn 0.0056 0.0034 1.0000
vn 0.0058 0.0065 1.0000
vn 0.0060 0.0110 0.9999
vn 0.0064 0.0174 0.9998
vn 0.0071 0.0269 0.9996
vn -0.0055 0.0014 1.0000
vn -0.0056 0.0034 1.0000
vn -0.0058 0.0065 1.0000
vn -0.0060 0.0110 0.9999
vn -0.0064 0.0174 0.9998
vn -0.0071 0.0269 0.9996
vn -0.0173 0.0017 0.9998
vn -0.0177 0.0039 0.9998
vn -0.0181 0.0071 0.9998
vn -0.0187 0.0118 0.9998
vn -0.0197 0.0183 0.9996
vn -0.0211 0.0277 0.9994
vn -0.0316 0.0026 0.9995
vn -0.0322 0.0049 0.9995
vn -0.0329 0.0085 0.9994
vn -0.0339 0.0136 0.9993
vn -0.0351 0.0203 0.9992
vn -0.0368 0.0294 0.9989
vn 0.0509 0.0026 0.9987
vn 0.0517 0.0041 0.9987
vn 0.0526 0.0068 0.9986
vn 0.0536 0.0109 0.9985
vn 0.0548 0.0168 0.9984
vn 0.0561 0.0240 0.9981
vn 0.0574 0.0333 0.9978
vn 0.0584 0.0450 0.9973
vn 0.0404 0.0437 0.9982
vn 0.0240 0.0425 0.9988
vn 0.0083 0.0419 0.9991
vn -0.0083 0.0419 0.9991
vn -0.0240 0.0425 0.9988
vn -0.0404 0.0437 0.9982
vn -0.0584 0.0450 0.9973
vn -0.0574 0.0333 0.9978
vn -0.0561 0.0240 0.9981
vn -0.0548 0.0168 0.9984
vn -0.0536 0.0109 0.9985
vn -0.0526 0.0068 0.9986
vn -0.0517 0.0041 0.9987
vn -0.0509 0.0026 0.9987
vn -0.0312 0.0013 0.9995
vn -0.0171 0.0006 0.9999
vn -0.0055 0.0003 1.0000
vn 0.0055 0.0003 1.0000
vn 0.0171 0.0006 0.9999
vn 0.0312 0.0013 0.9995
vn -0.9754 0.0954 -0.1988
vn -0.9732 0.1233 -0.1941
vn -0.9684 0.1629 -0.1886
vn -0.9588 0.2168 -0.1836
vn -0.9399 0.2895 -0.1809
vn -0.9036 0.3876 -0.1824
vn -0.8488 0.0824 -0.5223
vn -0.8516 0.1072 -0.5131
vn -0.8527 0.1427 -0.5026
vn -0.8487 0.1913 -0.4931
vn -0.8340 0.2565 -0.4885
vn -0.7996 0.3428 -0.4930
vn -0.5948 0.0568 -0.8018
vn -0.6017 0.0747 -0.7952
vn -0.6077 0.1008 -0.7878
vn -0.6088 0.1366 -0.7815
vn -0.5987 0.1839 -0.7796
vn -0.5693 0.2442 -0.7851
vn -0.3668 0.0341 -0.9297
vn -0.3724 0.0454 -0.9270
vn -0.3773 0.0620 -0.9240
vn -0.3782 0.0848 -0.9218
vn -0.3710 0.1144 -0.9216
vn -0.3508 0.1511 -0.9242
vn -0.2222 0.0199 -0.9748
vn -0.2258 0.0270 -0.9738
vn -0.2289 0.0375 -0.9727
vn -0.2299 0.0522 -0.9718
vn -0.2273 0.0711 -0.9712
vn -0.2184 0.0950 -0.9712
vn -0.1363 0.0117 -0.9906
vn -0.1385 0.0164 -0.9902
vn -0.1405 0.0235 -0.9898
vn -0.1416 0.0335 -0.9894
vn -0.1414 0.0459 -0.9889
vn -0.1390 0.0619 -0.9884
vn -0.9964 0.0806 -0.0268
vn -0.9949 0.0976 -0.0263
vn -0.9917 0.1259 -0.0256
vn -0.9858 0.1661 -0.0249
vn -0.9750 0.2207 -0.0241
vn -0.9554 0.2944 -0.0237
vn -0.9187 0.3942 -0.0239
vn -0.8488 0.5281 -0.0249
vn -0.8337 0.5186 -0.1898
vn -0.7307 0.4546 -0.5093
vn -0.5105 0.3178 -0.7990
vn -0.3116 0.1944 -0.9301
vn -0.1969 0.1234 -0.9726
vn -0.1295 0.0817 -0.9882
vn -0.0894 0.0567 -0.9944
vn -0.0891 0.0427 -0.9951
vn -0.0887 0.0316 -0.9956
vn -0.0879 0.0228 -0.9959
vn -0.0868 0.0154 -0.9961
vn -0.0854 0.0103 -0.9963
vn -0.0840 0.0069 -0.9964
vn -0.0828 0.0050 -0.9966
vn -0.1342 0.0090 -0.9909
vn -0.2189 0.0158 -0.9756
vn -0.3618 0.0275 -0.9318
vn -0.5888 0.0463 -0.8069
vn -0.8458 0.0677 -0.5293
vn -0.9761 0.0788 -0.2023
vn 0.0526 -0.9985 0.0134
vn 0.0529 -0.9967 0.0609
vn 0.0530 -0.9874 0.1493
vn 0.0522 -0.9560 0.2887
vn 0.0495 -0.8853 0.4624
vn 0.0441 -0.7615 0.6466
vn 0.0288 -0.9995 0.0147
vn 0.0290 -0.9979 0.0588
vn 0.0291 -0.9898 0.1398
vn 0.0290 -0.9627 0.2689
vn 0.0279 -0.8967 0.4418
vn 0.0256 -0.7722 0.6348
vn 0.0092 -0.9998 0.0185
vn 0.0092 -0.9981 0.0616
vn 0.0093 -0.9902 0.1395
vn 0.0093 -0.9646 0.2636
vn 0.0091 -0.9003 0.4352
vn 0.0086 -0.7759 0.6308
vn -0.0092 -0.9996 0.0249
vn -0.0092 -0.9976 0.0691
vn -0.0092 -0.9890 0.1476
vn -0.0092 -0.9624 0.2715
vn -0.0090 -0.8972 0.4415
vn -0.0085 -0.7730 0.6344
vn -0.0285 -0.9990 0.0344
vn -0.0286 -0.9962 0.0817
vn -0.0286 -0.9860 0.1644
vn -0.0283 -0.9559 0.2924
vn -0.0272 -0.8875 0.4601
vn -0.0248 -0.7641 0.6447
vn -0.0518 -0.9975 0.0480
vn -0.0518 -0.9936 0.1008
vn -0.0515 -0.9801 0.1915
vn -0.0502 -0.9435 0.3274
vn -0.0471 -0.8697 0.4913
vn -0.0419 -0.7486 0.6617
vn 0.0852 -0.9963 -0.0065
vn 0.0858 -0.9962 0.0149
vn 0.0863 -0.9938 0.0698
vn 0.0861 -0.9813 0.1721
vn 0.0835 -0.9406 0.3292
vn 0.0771 -0.8578 0.5081
vn 0.0667 -0.7313 0.6788
vn 0.0544 -0.5901 0.8055
vn 0.0377 -0.5931 0.8042
vn 0.0225 -0.5970 0.8019
vn 0.0077 -0.5988 0.8009
vn -0.0076 -0.5977 0.8017
vn -0.0218 -0.5939 0.8042
vn -0.0359 -0.5884 0.8078
vn -0.0508 -0.5841 0.8101
vn -0.0618 -0.7151 0.6963
vn -0.0716 -0.8357 0.5446
vn -0.0783 -0.9206 0.3825
vn -0.0820 -0.9688 0.2340
vn -0.0834 -0.9880 0.1302
vn -0.0838 -0.9942 0.0679
vn -0.0838 -0.9958 0.0359
vn -0.0517 -0.9984 0.0222
vn -0.0284 -0.9995 0.0126
vn -0.0091 -0.9999 0.0055
vn 0.0091 -1.0000 0.0004
vn 0.0286 -0.9996 -0.0031
vn 0.0522 -0.9986 -0.0053
vn 0.5381 0.8151 -0.2148
vn 0.4575 0.6926 -0.5577
vn 0.3059 0.4618 -0.8325
vn 0.1829 0.2738 -0.9442
vn 0.1137 0.1679 -0.9792
vn 0.0738 0.1062 -0.9916
vn 0.3359 0.9149 -0.2238
vn 0.2826 0.7690 -0.5734
vn 0.1870 0.5066 -0.8416
vn 0.1115 0.2978 -0.9481
vn 0.0683 0.1779 -0.9817
vn 0.0441 0.1090 -0.9931
vn 0.1141 0.9668 -0.2284
vn 0.0955 0.8083 -0.5810
vn 0.0630 0.5299 -0.8457
vn 0.0377 0.3106 -0.9498
vn 0.0231 0.1829 -0.9829
vn 0.0151 0.1104 -0.9938
vn -0.1141 0.9668 -0.2284
vn -0.0955 0.8083 -0.5810
vn -0.0630 0.5299 -0.8457
vn -0.0377 0.3106 -0.9498
vn -0.0231 0.1829 -0.9829
vn -0.0151 0.1104 -0.9938
vn -0.3359 0.9149 -0.2238
vn -0.2826 0.7690 -0.5734
vn -0.1870 0.5066 -0.8416
vn -0.1115 0.2978 -0.9481
vn -0.0683 0.1779 -0.9817
vn -0.0441 0.1090 -0.9931
vn -0.5381 0.8151 -0.2148
vn -0.4575 0.6926 -0.5577
vn -0.3059 0.4618 -0.8325
vn -0.1829 0.2738 -0.9442
vn -0.1137 0.1679 -0.9792
vn -0.0738 0.1062 -0.9916
vn 0.7234 0.6899 -0.0266
vn 0.7087 0.6759 -0.2024
vn 0.6116 0.5832 -0.5347
vn 0.4168 0.3971 -0.8177
vn 0.2514 0.2388 -0.9380
vn 0.1589 0.1502 -0.9758
vn 0.1051 0.0987 -0.9896
vn 0.0729 0.0681 -0.9950
vn 0.0509 0.0676 -0.9964
vn 0.0306 0.0676 -0.9972
vn 0.0106 0.0676 -0.9977
vn -0.0106 0.0676 -0.9977
vn -0.0306 0.0676 -0.9972
vn -0.0509 0.0676 -0.9964
vn -0.0729 0.0681 -0.9950
vn -0.1051 0.0987 -0.9896
vn -0.1589 0.1502 -0.9758
vn -0.2514 0.2388 -0.9380
vn -0.4168 0.3971 -0.8177
vn -0.6116 0.5832 -0.5347
vn -0.7087 0.6759 -0.2024
vn -0.7234 0.6899 -0.0266
vn -0.5507 0.8342 -0.0283
vn -0.3444 0.9383 -0.0296
vn -0.1172 0.9927 -0.0303
vn 0.1172 0.9927 -0.0303
vn 0.3444 0.9383 -0.0296
vn 0.5507 0.8342 -0.0283
vn -0.9774 0.0138 -0.2109
vn -0.9771 0.0297 -0.2107
vn -0.9767 0.0440 -0.2102
vn -0.9763 0.0549 -0.2095
vn -0.9760 0.0629 -0.2084
vn -0.9759 0.0687 -0.2069
vn -0.8378 0.0118 -0.5459
vn -0.8378 0.0252 -0.5454
vn -0.8379 0.0374 -0.5445
vn -0.8384 0.0468 -0.5431
vn -0.8393 0.0536 -0.5410
vn -0.8408 0.0587 -0.5382
vn -0.5739 0.0079 -0.8189
vn -0.5742 0.0170 -0.8185
vn -0.5748 0.0252 -0.8179
vn -0.5759 0.0315 -0.8169
vn -0.5777 0.0362 -0.8155
vn -0.5803 0.0397 -0.8134
vn -0.3494 0.0047 -0.9369
vn -0.3497 0.0100 -0.9368
vn -0.3502 0.0148 -0.9366
vn -0.3512 0.0186 -0.9361
vn -0.3527 0.0214 -0.9355
vn -0.3548 0.0235 -0.9346
vn -0.2107 0.0027 -0.9775
vn -0.2109 0.0057 -0.9775
vn -0.2112 0.0085 -0.9774
vn -0.2119 0.0106 -0.9772
vn -0.2129 0.0122 -0.9770
vn -0.2143 0.0134 -0.9767
vn -0.1290 0.0015 -0.9916
vn -0.1291 0.0032 -0.9916
vn -0.1294 0.0048 -0.9916
vn -0.1298 0.0060 -0.9915
vn -0.1304 0.0069 -0.9914
vn -0.1313 0.0076 -0.9913
vn -0.9996 0.0023 -0.0280
vn -0.9995 0.0142 -0.0280
vn -0.9991 0.0304 -0.0279
vn -0.9986 0.0451 -0.0278
vn -0.9980 0.0563 -0.0278
vn -0.9975 0.0645 -0.0276
vn -0.9971 0.0704 -0.0274
vn -0.9968 0.0746 -0.0271
vn -0.9761 0.0729 -0.2049
vn -0.8430 0.0624 -0.5343
vn -0.5840 0.0424 -0.8106
vn -0.3578 0.0251 -0.9334
vn -0.2163 0.0144 -0.9762
vn -0.1326 0.0081 -0.9911
vn -0.0817 0.0044 -0.9966
vn -0.0810 0.0041 -0.9967
vn -0.0804 0.0038 -0.9968
vn -0.0800 0.0033 -0.9968
vn -0.0797 0.0026 -0.9968
vn -0.0796 0.0018 -0.9968
vn -0.0795 0.0008 -0.9968
vn -0.0795 0.0001 -0.9968
vn -0.1290 0.0002 -0.9916
vn -0.2107 0.0004 -0.9776
vn -0.3494 0.0008 -0.9370
vn -0.5739 0.0013 -0.8190
vn -0.8378 0.0019 -0.5460
vn -0.9775 0.0023 -0.2110
vn 0.0302 0.0023 0.9995
vn 0.0301 0.0016 0.9995
vn 0.0301 0.0012 0.9995
vn 0.0302 0.0010 0.9995
vn 0.0303 0.0010 0.9995
vn 0.0305 0.0010 0.9995
vn 0.0165 0.0016 0.9999
vn 0.0165 0.0010 0.9999
vn 0.0165 0.0006 0.9999
vn 0.0165 0.0005 0.9999
vn 0.0166 0.0004 0.9999
vn 0.0167 0.0003 0.9999
vn 0.0053 0.0006 1.0000
vn 0.0053 0.0004 1.0000
vn 0.0053 0.0002 1.0000
vn 0.0053 0.0001 1.0000
vn 0.0053 -0.0000 1.0000
vn -0.0053 -0.0007 1.0000
vn -0.0053 -0.0004 1.0000
vn -0.0053 -0.0002 1.0000
vn -0.0053 -0.0001 1.0000
vn -0.0053 -0.0000 1.0000
vn -0.0165 -0.0024 0.9999
vn -0.0165 -0.0013 0.9999
vn -0.0165 -0.0005 0.9999
vn -0.0165 -0.0001 0.9999
vn -0.0166 0.0002 0.9999
vn -0.0167 0.0003 0.9999
vn -0.0301 -0.0047 0.9995
vn -0.0300 -0.0024 0.9995
vn -0.0301 -0.0008 0.9995
vn -0.0301 0.0001 0.9995
vn -0.0303 0.0006 0.9995
vn -0.0305 0.0009 0.9995
vn 0.0496 0.0040 0.9988
vn 0.0494 0.0030 0.9988
vn 0.0492 0.0023 0.9988
vn 0.0492 0.0021 0.9988
vn 0.0493 0.0020 0.9988
vn 0.0495 0.0020 0.9988
vn 0.0498 0.0021 0.9988
vn 0.0503 0.0023 0.9987
vn 0.0308 0.0010 0.9995
vn 0.0169 0.0004 0.9999
vn 0.0054 -0.0000 1.0000
vn -0.0054 -0.0000 1.0000
vn -0.0169 0.0003 0.9999
vn -0.0308 0.0010 0.9995
vn -0.0503 0.0022 0.9987
vn -0.0498 0.0020 0.9988
vn -0.0495 0.0015 0.9988
vn -0.0492 0.0005 0.9988
vn -0.0491 -0.0011 0.9988
vn -0.0490 -0.0038 0.9988
vn -0.0490 -0.0079 0.9988
vn -0.0490 -0.0127 0.9987
vn -0.0301 -0.0075 0.9995
vn -0.0165 -0.0038 0.9999
vn -0.0053 -0.0011 1.0000
vn 0.0053 0.0009 1.0000
vn 0.0166 0.0023 0.9999
vn 0.0303 0.0033 0.9995
vn 0.9778 0.0142 0.2091
vn 0.9773 0.0299 0.2096
vn 0.9768 0.0441 0.2096
vn 0.9763 0.0550 0.2092
vn 0.9760 0.0629 0.2083
vn 0.9760 0.0687 0.2069
vn 0.8400 0.0130 0.5424
vn 0.8391 0.0260 0.5433
vn 0.8387 0.0378 0.5433
vn 0.8387 0.0470 0.5425
vn 0.8394 0.0537 0.5408
vn 0.8408 0.0587 0.5381
vn 0.5774 0.0102 0.8164
vn 0.5763 0.0183 0.8170
vn 0.5759 0.0259 0.8171
vn 0.5764 0.0319 0.8165
vn 0.5779 0.0364 0.8153
vn 0.5804 0.0398 0.8134
vn 0.3522 0.0075 0.9359
vn 0.3514 0.0116 0.9362
vn 0.3512 0.0157 0.9362
vn 0.3516 0.0190 0.9360
vn 0.3528 0.0216 0.9354
vn 0.3549 0.0235 0.9346
vn 0.2125 0.0057 0.9771
vn 0.2120 0.0075 0.9772
vn 0.2119 0.0094 0.9773
vn 0.2122 0.0110 0.9772
vn 0.2130 0.0124 0.9770
vn 0.2143 0.0135 0.9767
vn 0.1302 0.0046 0.9915
vn 0.1298 0.0050 0.9915
vn 0.1298 0.0057 0.9915
vn 0.1300 0.0064 0.9915
vn 0.1305 0.0071 0.9914
vn 0.1313 0.0076 0.9913
vn 0.9996 0.0024 0.0276
vn 0.9995 0.0142 0.0277
vn 0.9992 0.0305 0.0278
vn 0.9986 0.0451 0.0278
vn 0.9980 0.0563 0.0277
vn 0.9975 0.0645 0.0276
vn 0.9971 0.0704 0.0274
vn 0.9968 0.0746 0.0271
vn 0.9761 0.0729 0.2049
vn 0.8430 0.0624 0.5343
vn 0.5840 0.0424 0.8106
vn 0.3578 0.0252 0.9334
vn 0.2163 0.0144 0.9762
vn 0.1326 0.0081 0.9911
vn 0.0817 0.0044 0.9966
vn 0.0810 0.0042 0.9967
vn 0.0804 0.0039 0.9968
vn 0.0801 0.0036 0.9968
vn 0.0800 0.0034 0.9968
vn 0.0803 0.0037 0.9968
vn 0.0806 0.0046 0.9967
vn 0.1308 0.0050 0.9914
vn 0.2135 0.0051 0.9769
vn 0.3536 0.0051 0.9354
vn 0.5792 0.0047 0.8152
vn 0.8412 0.0038 0.5407
vn 0.9781 0.0029 0.2082
vn -0.0299 0.0002 -0.9996
vn -0.0300 0.0004 -0.9996
vn -0.0300 0.0006 -0.9995
vn -0.0301 0.0008 -0.9995
vn -0.0303 0.0009 -0.9995
vn -0.0305 0.0010 -0.9995
vn -0.0164 0.0001 -0.9999
vn -0.0164 0.0002 -0.9999
vn -0.0165 0.0003 -0.9999
vn -0.0166 0.0003 -0.9999
vn -0.0167 0.0003 -0.9999
vn -0.0052 -0.0000 -1.0000
vn -0.0053 -0.0000 -1.0000
vn 0.0052 -0.0000 -1.0000
vn 0.0053 -0.0000 -1.0000
vn 0.0164 0.0001 -0.9999
vn 0.0164 0.0002 -0.9999
vn 0.0165 0.0003 -0.9999
vn 0.0166 0.0003 -0.9999
vn 0.0167 0.0003 -0.9999
vn 0.0299 0.0002 -0.9996
vn 0.0300 0.0004 -0.9996
vn 0.0300 0.0006 -0.9995
vn 0.0301 0.0008 -0.9995
vn 0.0303 0.0009 -0.9995
vn 0.0305 0.0010 -0.9995
vn -0.0489 0.0001 -0.9988
vn -0.0489 0.0004 -0.9988
vn -0.0490 0.0009 -0.9988
vn -0.0491 0.0013 -0.9988
vn -0.0492 0.0017 -0.9988
vn -0.0494 0.0019 -0.9988
vn -0.0498 0.0021 -0.9988
vn -0.0503 0.0022 -0.9987
vn -0.0308 0.0010 -0.9995
vn -0.0168 0.0003 -0.9999
vn -0.0054 -0.0000 -1.0000
vn 0.0054 -0.0000 -1.0000
vn 0.0168 0.0003 -0.9999
vn 0.0308 0.0010 -0.9995
vn 0.0503 0.0022 -0.9987
vn 0.0498 0.0021 -0.9988
vn 0.0494 0.0019 -0.9988
vn 0.0492 0.0017 -0.9988
vn 0.0491 0.0013 -0.9988
vn 0.0490 0.0009 -0.9988
vn 0.0489 0.0004 -0.9988
vn 0.0489 0.0001 -0.9988
vn 0.0299 -0.0000 -0.9996
vn 0.0164 -0.0000 -0.9999
vn -0.0164 -0.0000 -0.9999
vn -0.0299 -0.0000 -0.9996
vn 0.9999 0.0142 -0.0000
vn 0.9995 0.0304 -0.0000
vn 0.9990 0.0451 -0.0000
vn 0.9984 0.0563 -0.0000
vn 0.9979 0.0645 -0.0000
vn 0.9975 0.0704 -0.0000
vn 0.9995 0.0305 -0.0000
vn 1.0000 0.0023 -0.0000
vn 0.9972 0.0747 -0.0000
vn -0.9996 -0.0092 0.0271
vn -0.9997 0.0172 0.0165
vn -0.9992 0.0383 0.0091
vn -0.9986 0.0532 0.0044
vn -0.9980 0.0633 0.0017
vn -0.9975 0.0701 0.0004
vn -0.9998 -0.0001 0.0183
vn -0.9997 0.0224 0.0112
vn -0.9991 0.0410 0.0062
vn -0.9985 0.0544 0.0030
vn -0.9980 0.0638 0.0011
vn -0.9975 0.0702 0.0003
vn -0.9999 0.0063 0.0117
vn -0.9996 0.0260 0.0071
vn -0.9991 0.0428 0.0040
vn -0.9985 0.0553 0.0019
vn -0.9979 0.0641 0.0007
vn -0.9975 0.0703 0.0002
vn -0.9999 0.0104 0.0069
vn -0.9996 0.0283 0.0042
vn -0.9990 0.0440 0.0023
vn -0.9984 0.0558 0.0011
vn -0.9979 0.0643 0.0004
vn -0.9975 0.0703 0.0001
vn -0.9999 0.0127 0.0034
vn -0.9996 0.0296 0.0021
vn -0.9990 0.0447 0.0012
vn -0.9984 0.0561 0.0006
vn -0.9979 0.0644 0.0002
vn -0.9975 0.0704 0.0001
vn -0.9999 0.0138 0.0012
vn -0.9995 0.0302 0.0008
vn -0.9990 0.0450 0.0004
vn -0.9984 0.0563 0.0002
vn -0.9979 0.0645 0.0001
vn -0.9975 0.0704 -0.0000
vn -0.9969 -0.0525 0.0591
vn -0.9990 -0.0216 0.0387
vn -0.9997 0.0102 0.0236
vn -0.9993 0.0348 0.0131
vn -0.9986 0.0516 0.0063
vn -0.9980 0.0626 0.0024
vn -0.9976 0.0699 0.0006
vn -0.9972 0.0746 0.0001
vn -0.9972 0.0747 -0.0000
vn -0.9979 0.0645 -0.0000
vn -0.9984 0.0563 -0.0000
vn -0.9990 0.0451 0.0001
vn -0.9995 0.0304 0.0001
vn -0.9999 0.0141 0.0002
vn -1.0000 0.0023 0.0003
vn -1.0000 0.0018 0.0019
vn -1.0000 0.0001 0.0053
vn -0.9999 -0.0035 0.0105
vn -0.9998 -0.0098 0.0179
vn -0.9994 -0.0196 0.0280
vn -0.9986 -0.0336 0.0413
vn 0.5509 0.8346 -0.0000
vn 0.3446 0.9388 -0.0000
vn 0.1172 0.9931 -0.0000
vn -0.1172 0.9931 -0.0000
vn -0.3446 0.9388 -0.0000
vn -0.5509 0.8346 -0.0000
vn 0.7236 0.6902 -0.0000
vn -0.7236 0.6902 -0.0000
vn 0.0512 -0.9987 -0.0000
vn 0.0280 -0.9996 -0.0000
vn 0.0090 -1.0000 -0.0000
vn -0.0090 -1.0000 -0.0000
vn -0.0280 -0.9996 -0.0000
vn -0.0512 -0.9987 -0.0000
vn 0.0835 -0.9965 -0.0000
vn -0.0835 -0.9965 -0.0000
vn -0.9952 0.0976 -0.0000
vn -0.9920 0.1260 -0.0000
vn -0.9861 0.1662 -0.0000
vn -0.9753 0.2208 -0.0000
vn -0.9556 0.2945 -0.0000
vn -0.9190 0.3943 -0.0000
vn -0.9967 0.0807 -0.0000
vn -0.8491 0.5283 -0.0000
vn 0.9952 0.0976 -0.0000
vn 0.9920 0.1260 -0.0000
vn 0.9861 0.1662 -0.0000
vn 0.9753 0.2208 -0.0000
vn 0.9556 0.2945 -0.0000
vn 0.9190 0.3943 -0.0000
vn 0.9967 0.0807 -0.0000
vn 0.8491 0.5283 -0.0000
vn -0.1363 0.0117 0.9906
vn -0.1385 0.0164 0.9902
vn -0.1405 0.0235 0.9898
vn -0.1416 0.0335 0.9894
vn -0.1414 0.0459 0.9889
vn -0.1390 0.0619 0.9884
vn -0.2222 0.0199 0.9748
vn -0.2258 0.0270 0.9738
vn -0.2289 0.0375 0.9727
vn -0.2299 0.0522 0.9718
vn -0.2273 0.0711 0.9712
vn -0.2184 0.0950 0.9712
vn -0.3668 0.0341 0.9297
vn -0.3724 0.0454 0.9270
vn -0.3773 0.0620 0.9240
vn -0.3782 0.0848 0.9218
vn -0.3710 0.1144 0.9216
vn -0.3508 0.1511 0.9242
vn -0.5948 0.0568 0.8018
vn -0.6017 0.0747 0.7952
vn -0.6077 0.1008 0.7878
vn -0.6088 0.1366 0.7815
vn -0.5987 0.1839 0.7796
vn -0.5693 0.2442 0.7851
vn -0.8488 0.0824 0.5223
vn -0.8516 0.1072 0.5131
vn -0.8527 0.1427 0.5026
vn -0.8487 0.1913 0.4931
vn -0.8340 0.2565 0.4886
vn -0.7996 0.3428 0.4930
vn -0.9754 0.0954 0.1987
vn -0.9732 0.1233 0.1941
vn -0.9684 0.1629 0.1886
vn -0.9588 0.2168 0.1836
vn -0.9399 0.2895 0.1809
vn -0.9036 0.3876 0.1824
vn -0.0828 0.0050 0.9966
vn -0.0840 0.0069 0.9964
vn -0.0854 0.0103 0.9963
vn -0.0868 0.0154 0.9961
vn -0.0879 0.0228 0.9959
vn -0.0887 0.0316 0.9956
vn -0.0891 0.0427 0.9951
vn -0.0894 0.0567 0.9944
vn -0.1295 0.0817 0.9882
vn -0.1969 0.1234 0.9726
vn -0.3116 0.1944 0.9301
vn -0.5105 0.3178 0.7990
vn -0.7307 0.4546 0.5093
vn -0.8337 0.5186 0.1898
vn -0.8488 0.5281 0.0249
vn -0.9187 0.3942 0.0239
vn -0.9554 0.2944 0.0237
vn -0.9750 0.2207 0.0241
vn -0.9858 0.1661 0.0249
vn -0.9917 0.1259 0.0256
vn -0.9949 0.0976 0.0263
vn -0.9964 0.0806 0.0268
vn -0.9761 0.0788 0.2023
vn -0.8458 0.0677 0.5293
vn -0.5888 0.0463 0.8069
vn -0.3618 0.0275 0.9318
vn -0.2189 0.0158 0.9756
vn -0.1342 0.0090 0.9909
vn 0.0738 0.1062 0.9916
vn 0.1137 0.1679 0.9792
vn 0.1829 0.2738 0.9442
vn 0.3059 0.4618 0.8325
vn 0.4575 0.6926 0.5577
vn 0.5381 0.8151 0.2148
vn 0.0441 0.1090 0.9931
vn 0.0683 0.1779 0.9817
vn 0.1115 0.2978 0.9481
vn 0.1870 0.5066 0.8416
vn 0.2826 0.7690 0.5734
vn 0.3359 0.9149 0.2238
vn 0.0151 0.1104 0.9938
vn 0.0231 0.1829 0.9829
vn 0.0377 0.3106 0.9498
vn 0.0630 0.5299 0.8457
vn 0.0955 0.8083 0.5810
vn 0.1141 0.9668 0.2284
vn -0.0151 0.1104 0.9938
vn -0.0231 0.1829 0.9829
vn -0.0377 0.3106 0.9498
vn -0.0630 0.5299 0.8457
vn -0.0955 0.8083 0.5810
vn -0.1141 0.9668 0.2284
vn -0.0441 0.1090 0.9931
vn -0.0683 0.1779 0.9817
vn -0.1115 0.2978 0.9481
vn -0.1870 0.5066 0.8416
vn -0.2826 0.7690 0.5734
vn -0.3359 0.9149 0.2238
vn -0.0738 0.1062 0.9916
vn -0.1137 0.1679 0.9792
vn -0.1829 0.2738 0.9442
vn -0.3059 0.4618 0.8325
vn -0.4575 0.6926 0.5577
vn -0.5381 0.8151 0.2148
vn 0.0729 0.0681 0.9950
vn 0.1051 0.0987 0.9896
vn 0.1589 0.1502 0.9758
vn 0.2514 0.2388 0.9380
vn 0.4168 0.3971 0.8177
vn 0.6116 0.5832 0.5347
vn 0.7087 0.6759 0.2024
vn 0.7234 0.6899 0.0266
vn 0.5507 0.8342 0.0283
vn 0.3444 0.9383 0.0296
vn 0.1172 0.9927 0.0303
vn -0.1172 0.9927 0.0303
vn -0.3444 0.9383 0.0296
vn -0.5507 0.8342 0.0283
vn -0.7234 0.6899 0.0266
vn -0.7087 0.6759 0.2024
vn -0.6116 0.5832 0.5347
vn -0.4168 0.3971 0.8177
vn -0.2514 0.2388 0.9380
vn -0.1589 0.1502 0.9758
vn -0.1051 0.0987 0.9896
vn -0.0729 0.0681 0.9950
vn -0.0509 0.0676 0.9964
vn -0.0306 0.0676 0.9972
vn -0.0106 0.0676 0.9977
vn 0.0106 0.0676 0.9977
vn 0.0306 0.0676 0.9972
vn 0.0509 0.0676 0.9964
vn -0.1279 -0.0193 0.9916
vn -0.1285 -0.0086 0.9917
vn -0.1290 -0.0013 0.9916
vn -0.1296 0.0032 0.9916
vn -0.1303 0.0058 0.9915
vn -0.1313 0.0073 0.9913
vn -0.2071 -0.0284 0.9779
vn -0.2087 -0.0121 0.9779
vn -0.2100 -0.0007 0.9777
vn -0.2113 0.0064 0.9774
vn -0.2126 0.0106 0.9771
vn -0.2142 0.0130 0.9767
vn -0.3393 -0.0406 0.9398
vn -0.3436 -0.0160 0.9390
vn -0.3469 0.0014 0.9379
vn -0.3495 0.0123 0.9368
vn -0.3520 0.0189 0.9358
vn -0.3547 0.0228 0.9347
vn -0.5506 -0.0546 0.8330
vn -0.5603 -0.0193 0.8281
vn -0.5672 0.0063 0.8236
vn -0.5723 0.0227 0.8198
vn -0.5763 0.0327 0.8166
vn -0.5800 0.0387 0.8137
vn -0.8062 -0.0627 0.5883
vn -0.8196 -0.0180 0.5727
vn -0.8283 0.0150 0.5601
vn -0.8339 0.0363 0.5508
vn -0.8376 0.0495 0.5440
vn -0.8404 0.0575 0.5389
vn -0.9608 -0.0546 0.2718
vn -0.9686 -0.0095 0.2485
vn -0.9726 0.0238 0.2314
vn -0.9745 0.0456 0.2197
vn -0.9754 0.0592 0.2123
vn -0.9758 0.0676 0.2079
vn -0.0792 -0.0205 0.9966
vn -0.0793 -0.0127 0.9968
vn -0.0795 -0.0059 0.9968
vn -0.0797 -0.0013 0.9968
vn -0.0800 0.0015 0.9968
vn -0.0804 0.0030 0.9968
vn -0.0810 0.0039 0.9967
vn -0.0817 0.0044 0.9966
vn -0.1326 0.0081 0.9911
vn -0.2163 0.0143 0.9762
vn -0.3578 0.0251 0.9335
vn -0.5840 0.0423 0.8107
vn -0.8429 0.0623 0.5344
vn -0.9760 0.0728 0.2050
vn -0.9968 0.0745 0.0272
vn -0.9972 0.0696 0.0282
vn -0.9976 0.0618 0.0309
vn -0.9981 0.0494 0.0364
vn -0.9985 0.0301 0.0458
vn -0.9982 0.0011 0.0604
vn -0.9960 -0.0375 0.0809
vn -0.9911 -0.0765 0.1085
vn -0.9480 -0.1010 0.3018
vn -0.7871 -0.1091 0.6071
vn -0.5377 -0.0920 0.8381
vn -0.3337 -0.0673 0.9403
vn -0.2050 -0.0467 0.9776
vn -0.1273 -0.0315 0.9914
vn 0.0512 -0.9987 -0.0002
vn 0.0512 -0.9987 -0.0005
vn 0.0512 -0.9987 -0.0011
vn 0.0513 -0.9987 -0.0018
vn 0.0514 -0.9987 -0.0029
vn 0.0516 -0.9987 -0.0042
vn 0.0280 -0.9996 -0.0001
vn 0.0281 -0.9996 -0.0004
vn 0.0281 -0.9996 -0.0008
vn 0.0281 -0.9996 -0.0013
vn 0.0282 -0.9996 -0.0020
vn 0.0283 -0.9996 -0.0030
vn 0.0090 -1.0000 -0.0001
vn 0.0090 -1.0000 -0.0003
vn 0.0090 -1.0000 -0.0005
vn 0.0090 -1.0000 -0.0008
vn 0.0090 -1.0000 -0.0012
vn -0.0090 -1.0000 0.0001
vn -0.0090 -1.0000 0.0002
vn -0.0090 -1.0000 0.0003
vn -0.0090 -1.0000 0.0006
vn -0.0090 -1.0000 0.0009
vn -0.0090 -1.0000 0.0014
vn -0.0280 -0.9996 0.0002
vn -0.0281 -0.9996 0.0006
vn -0.0281 -0.9996 0.0012
vn -0.0281 -0.9996 0.0021
vn -0.0281 -0.9996 0.0033
vn -0.0282 -0.9996 0.0049
vn -0.0512 -0.9987 0.0004
vn -0.0512 -0.9987 0.0012
vn -0.0512 -0.9987 0.0024
vn -0.0513 -0.9987 0.0042
vn -0.0513 -0.9987 0.0065
vn -0.0514 -0.9986 0.0097
vn 0.0835 -0.9965 -0.0002
vn 0.0836 -0.9965 -0.0006
vn 0.0836 -0.9965 -0.0013
vn 0.0838 -0.9965 -0.0022
vn 0.0840 -0.9965 -0.0034
vn 0.0843 -0.9964 -0.0050
vn 0.0847 -0.9964 -0.0073
vn 0.0519 -0.9986 -0.0061
vn 0.0284 -0.9996 -0.0043
vn 0.0091 -1.0000 -0.0017
vn -0.0091 -1.0000 0.0020
vn -0.0283 -0.9996 0.0070
vn -0.0515 -0.9986 0.0139
vn -0.0837 -0.9962 0.0235
vn -0.0837 -0.9964 0.0164
vn -0.0836 -0.9964 0.0111
vn -0.0836 -0.9965 0.0071
vn -0.0835 -0.9965 0.0041
vn -0.0835 -0.9965 0.0021
vn -0.0835 -0.9965 0.0007
vn -0.0835 -0.9965 0.0001
vn -0.0512 -0.9987 0.0001
vn 0.1363 0.0117 -0.9906
vn 0.1385 0.0164 -0.9902
vn 0.1405 0.0235 -0.9898
vn 0.1416 0.0335 -0.9894
vn 0.1414 0.0459 -0.9889
vn 0.1390 0.0619 -0.9884
vn 0.2222 0.0199 -0.9748
vn 0.2258 0.0270 -0.9738
vn 0.2289 0.0375 -0.9727
vn 0.2299 0.0522 -0.9718
vn 0.2273 0.0711 -0.9712
vn 0.2184 0.0950 -0.9712
vn 0.3668 0.0341 -0.9297
vn 0.3724 0.0454 -0.9270
vn 0.3773 0.0620 -0.9240
vn 0.3782 0.0848 -0.9218
vn 0.3710 0.1144 -0.9216
vn 0.3508 0.1511 -0.9242
vn 0.5948 0.0568 -0.8018
vn 0.6017 0.0747 -0.7952
vn 0.6077 0.1008 -0.7878
vn 0.6088 0.1366 -0.7815
vn 0.5987 0.1839 -0.7796
vn 0.5693 0.2442 -0.7851
vn 0.8488 0.0824 -0.5223
vn 0.8516 0.1072 -0.5131
vn 0.8527 0.1427 -0.5026
vn 0.8487 0.1913 -0.4931
vn 0.8340 0.2565 -0.4886
vn 0.7996 0.3428 -0.4930
vn 0.9754 0.0954 -0.1987
vn 0.9732 0.1233 -0.1941
vn 0.9684 0.1629 -0.1886
vn 0.9588 0.2168 -0.1836
vn 0.9399 0.2895 -0.1809
vn 0.9036 0.3876 -0.1824
vn 0.0828 0.0050 -0.9966
vn 0.0840 0.0069 -0.9964
vn 0.0854 0.0103 -0.9963
vn 0.0868 0.0154 -0.9961
vn 0.0879 0.0228 -0.9959
vn 0.0887 0.0316 -0.9956
vn 0.0891 0.0427 -0.9951
vn 0.0894 0.0567 -0.9944
vn 0.1295 0.0817 -0.9882
vn 0.1969 0.1234 -0.9726
vn 0.3116 0.1944 -0.9301
vn 0.5105 0.3178 -0.7990
vn 0.7307 0.4546 -0.5093
vn 0.8337 0.5186 -0.1898
vn 0.8488 0.5281 -0.0249
vn 0.9187 0.3942 -0.0239
vn 0.9554 0.2944 -0.0237
vn 0.9750 0.2207 -0.0241
vn 0.9858 0.1661 -0.0249
vn 0.9917 0.1259 -0.0256
vn 0.9949 0.0976 -0.0263
vn 0.9964 0.0806 -0.0268
vn 0.9761 0.0788 -0.2023
vn 0.8458 0.0677 -0.5293
vn 0.5888 0.0463 -0.8069
vn 0.3618 0.0275 -0.9318
vn 0.2189 0.0158 -0.9756
vn 0.1342 0.0090 -0.9909
vn 0.0413 -0.7560 -0.6533
vn 0.0466 -0.8790 -0.4745
vn 0.0495 -0.9514 -0.3038
vn 0.0508 -0.9851 -0.1644
vn 0.0511 -0.9959 -0.0742
vn 0.0512 -0.9984 -0.0243
vn 0.0241 -0.7685 -0.6395
vn 0.0265 -0.8926 -0.4501
vn 0.0276 -0.9598 -0.2792
vn 0.0280 -0.9883 -0.1500
vn 0.0280 -0.9973 -0.0679
vn 0.0280 -0.9994 -0.0223
vn 0.0082 -0.7744 -0.6326
vn 0.0087 -0.8988 -0.4383
vn 0.0089 -0.9636 -0.2674
vn 0.0090 -0.9896 -0.1433
vn 0.0090 -0.9978 -0.0651
vn 0.0090 -0.9997 -0.0214
vn -0.0082 -0.7744 -0.6326
vn -0.0087 -0.8988 -0.4383
vn -0.0089 -0.9635 -0.2674
vn -0.0090 -0.9896 -0.1433
vn -0.0090 -0.9978 -0.0651
vn -0.0090 -0.9997 -0.0214
vn -0.0241 -0.7684 -0.6395
vn -0.0265 -0.8926 -0.4501
vn -0.0276 -0.9598 -0.2792
vn -0.0280 -0.9883 -0.1500
vn -0.0280 -0.9973 -0.0679
vn -0.0280 -0.9994 -0.0223
vn -0.0414 -0.7560 -0.6533
vn -0.0466 -0.8790 -0.4745
vn -0.0495 -0.9514 -0.3038
vn -0.0508 -0.9851 -0.1644
vn -0.0511 -0.9959 -0.0742
vn -0.0512 -0.9984 -0.0243
vn 0.0507 -0.5877 -0.8075
vn 0.0621 -0.7250 -0.6859
vn 0.0721 -0.8499 -0.5219
vn 0.0788 -0.9344 -0.3474
vn 0.0822 -0.9782 -0.1907
vn 0.0832 -0.9928 -0.0862
vn 0.0835 -0.9961 -0.0282
vn 0.0835 -0.9965 -0.0036
vn 0.0512 -0.9987 -0.0031
vn 0.0280 -0.9996 -0.0029
vn 0.0090 -1.0000 -0.0028
vn -0.0090 -1.0000 -0.0028
vn -0.0280 -0.9996 -0.0029
vn -0.0512 -0.9987 -0.0031
vn -0.0835 -0.9965 -0.0036
vn -0.0835 -0.9961 -0.0282
vn -0.0832 -0.9928 -0.0861
vn -0.0822 -0.9782 -0.1907
vn -0.0788 -0.9344 -0.3474
vn -0.0721 -0.8499 -0.5219
vn -0.0621 -0.7250 -0.6859
vn -0.0507 -0.5877 -0.8075
vn -0.0353 -0.5910 -0.8059
vn -0.0212 -0.5955 -0.8031
vn -0.0073 -0.5983 -0.8013
vn 0.0073 -0.5983 -0.8013
vn 0.0212 -0.5955 -0.8030
vn 0.0353 -0.5910 -0.8059
vn 0.1290 0.0015 -0.9916
vn 0.1292 0.0032 -0.9916
vn 0.1294 0.0048 -0.9916
vn 0.1298 0.0060 -0.9915
vn 0.1304 0.0069 -0.9914
vn 0.1313 0.0076 -0.9913
vn 0.2107 0.0027 -0.9775
vn 0.2109 0.0057 -0.9775
vn 0.2112 0.0085 -0.9774
vn 0.2119 0.0106 -0.9772
vn 0.2129 0.0122 -0.9770
vn 0.2143 0.0134 -0.9767
vn 0.3494 0.0047 -0.9369
vn 0.3497 0.0100 -0.9368
vn 0.3502 0.0148 -0.9366
vn 0.3512 0.0186 -0.9361
vn 0.3527 0.0214 -0.9355
vn 0.3548 0.0235 -0.9346
vn 0.5739 0.0079 -0.8189
vn 0.5742 0.0170 -0.8185
vn 0.5748 0.0252 -0.8179
vn 0.5759 0.0315 -0.8169
vn 0.5777 0.0362 -0.8155
vn 0.5803 0.0397 -0.8134
vn 0.8378 0.0118 -0.5459
vn 0.8378 0.0252 -0.5454
vn 0.8379 0.0374 -0.5445
vn 0.8384 0.0468 -0.5431
vn 0.8393 0.0536 -0.5410
vn 0.8408 0.0587 -0.5382
vn 0.9774 0.0138 -0.2109
vn 0.9771 0.0297 -0.2107
vn 0.9767 0.0440 -0.2102
vn 0.9763 0.0549 -0.2095
vn 0.9760 0.0629 -0.2084
vn 0.9759 0.0687 -0.2069
vn 0.0795 0.0001 -0.9968
vn 0.0795 0.0008 -0.9968
vn 0.0796 0.0017 -0.9968
vn 0.0797 0.0026 -0.9968
vn 0.0800 0.0033 -0.9968
vn 0.0804 0.0038 -0.9968
vn 0.0810 0.0041 -0.9967
vn 0.0817 0.0044 -0.9966
vn 0.1326 0.0081 -0.9911
vn 0.2163 0.0144 -0.9762
vn 0.3578 0.0251 -0.9334
vn 0.5840 0.0424 -0.8106
vn 0.8430 0.0624 -0.5343
vn 0.9761 0.0729 -0.2049
vn 0.9968 0.0746 -0.0271
vn 0.9971 0.0704 -0.0274
vn 0.9975 0.0645 -0.0276
vn 0.9980 0.0563 -0.0277
vn 0.9986 0.0451 -0.0279
vn 0.9991 0.0304 -0.0279
vn 0.9995 0.0142 -0.0280
vn 0.9996 0.0023 -0.0280
vn 0.9775 0.0023 -0.2110
vn 0.8378 0.0019 -0.5460
vn 0.5739 0.0013 -0.8190
vn 0.3494 0.0008 -0.9370
vn 0.2107 0.0004 -0.9776
vn 0.1290 0.0002 -0.9916
vn -0.9999 0.0142 -0.0000
vn -0.9995 0.0304 -0.0000
vn -0.9990 0.0451 -0.0000
vn -0.9995 0.0305 -0.0000
vn -1.0000 0.0023 -0.0000
vn -0.2112 -0.9774 -0.0000
vn -0.3251 -0.9457 -0.0000
vn -0.4921 -0.8705 -0.0000
vn -0.7075 -0.7067 -0.0000
vn -0.8988 -0.4383 -0.0000
vn -0.9852 -0.1713 -0.0000
vn -0.9852 -0.1714 -0.0000
vn -0.1346 -0.9909 -0.0000
vn -0.9997 -0.0245 -0.0000
vn -0.9997 -0.0244 -0.0000
vn 0.1046 -0.5134 -0.8517
vn 0.1166 -0.3736 -0.9202
vn 0.1237 -0.2472 -0.9610
vn 0.1274 -0.1412 -0.9818
vn 0.1287 -0.0679 -0.9894
vn 0.1290 -0.0239 -0.9914
vn 0.1421 -0.6751 -0.7240
vn 0.1731 -0.5233 -0.8344
vn 0.1944 -0.3592 -0.9128
vn 0.2058 -0.2110 -0.9556
vn 0.2098 -0.1032 -0.9723
vn 0.2106 -0.0366 -0.9769
vn 0.1767 -0.8269 -0.5339
vn 0.2390 -0.7036 -0.6692
vn 0.2949 -0.5261 -0.7976
vn 0.3307 -0.3291 -0.8845
vn 0.3454 -0.1661 -0.9236
vn 0.3491 -0.0595 -0.9352
vn 0.1999 -0.9275 -0.3160
vn 0.2932 -0.8539 -0.4301
vn 0.4035 -0.7122 -0.5744
vn 0.5010 -0.4962 -0.7090
vn 0.5549 -0.2670 -0.7879
vn 0.5717 -0.0978 -0.8146
vn 0.2088 -0.9668 -0.1475
vn 0.3181 -0.9246 -0.2098
vn 0.4699 -0.8292 -0.3027
vn 0.6453 -0.6413 -0.4151
vn 0.7777 -0.3766 -0.5034
vn 0.8297 -0.1431 -0.5396
vn 0.2109 -0.9763 -0.0488
vn 0.3244 -0.9433 -0.0703
vn 0.4898 -0.8656 -0.1039
vn 0.7002 -0.6983 -0.1488
vn 0.8830 -0.4297 -0.1891
vn 0.9638 -0.1672 -0.2076
vn 0.0668 -0.5057 -0.8601
vn 0.0718 -0.3859 -0.9197
vn 0.0755 -0.2751 -0.9584
vn 0.0778 -0.1806 -0.9805
vn 0.0790 -0.1018 -0.9917
vn 0.0794 -0.0485 -0.9957
vn 0.0795 -0.0170 -0.9967
vn 0.0795 -0.0024 -0.9968
vn 0.1290 -0.0033 -0.9916
vn 0.2107 -0.0051 -0.9775
vn 0.3494 -0.0084 -0.9369
vn 0.5739 -0.0138 -0.8188
vn 0.8377 -0.0203 -0.5458
vn 0.9772 -0.0238 -0.2109
vn 0.9993 -0.0244 -0.0279
vn 0.9848 -0.1712 -0.0275
vn 0.8986 -0.4381 -0.0249
vn 0.7075 -0.7065 -0.0195
vn 0.4921 -0.8704 -0.0135
vn 0.3251 -0.9456 -0.0091
vn 0.2112 -0.9774 -0.0063
vn 0.1346 -0.9909 -0.0046
vn 0.1345 -0.9903 -0.0357
vn 0.1337 -0.9850 -0.1089
vn 0.1305 -0.9623 -0.2386
vn 0.1213 -0.8980 -0.4230
vn 0.1057 -0.7868 -0.6081
vn 0.0858 -0.6442 -0.7601
vn 0.2112 -0.9774 -0.0003
vn 0.3251 -0.9457 -0.0002
vn 0.4922 -0.8705 -0.0002
vn 0.7076 -0.7066 -0.0001
vn 0.8989 -0.4382 -0.0001
vn 0.9852 -0.1713 -0.0000
vn 0.2113 -0.9774 -0.0007
vn 0.3252 -0.9456 -0.0007
vn 0.4923 -0.8704 -0.0006
vn 0.7077 -0.7065 -0.0004
vn 0.8989 -0.4381 -0.0002
vn 0.9852 -0.1713 -0.0001
vn 0.2115 -0.9774 -0.0014
vn 0.3255 -0.9455 -0.0014
vn 0.4927 -0.8702 -0.0011
vn 0.7081 -0.7062 -0.0008
vn 0.8991 -0.4378 -0.0004
vn 0.9853 -0.1711 -0.0001
vn 0.2118 -0.9773 -0.0025
vn 0.3260 -0.9454 -0.0023
vn 0.4932 -0.8699 -0.0020
vn 0.7086 -0.7056 -0.0014
vn 0.8994 -0.4372 -0.0007
vn 0.9853 -0.1708 -0.0002
vn 0.2123 -0.9772 -0.0039
vn 0.3267 -0.9451 -0.0036
vn 0.4942 -0.8694 -0.0031
vn 0.7095 -0.7047 -0.0021
vn 0.8998 -0.4363 -0.0010
vn 0.9854 -0.1704 -0.0003
vn 0.2130 -0.9770 -0.0058
vn 0.3277 -0.9448 -0.0054
vn 0.4955 -0.8686 -0.0045
vn 0.7107 -0.7035 -0.0031
vn 0.9004 -0.4351 -0.0015
vn 0.9855 -0.1699 -0.0004
vn 0.1346 -0.9909 -0.0000
vn 0.2112 -0.9774 -0.0000
vn 0.3251 -0.9457 -0.0000
vn 0.4921 -0.8705 -0.0000
vn 0.7075 -0.7067 -0.0000
vn 0.8988 -0.4383 -0.0000
vn 0.9997 -0.0245 -0.0000
vn 0.9997 -0.0244 -0.0000
vn 0.9997 -0.0243 -0.0000
vn 0.9997 -0.0242 -0.0000
vn 0.9997 -0.0241 -0.0001
vn 0.9856 -0.1691 -0.0006
vn 0.9012 -0.4334 -0.0022
vn 0.7124 -0.7018 -0.0045
vn 0.4972 -0.8676 -0.0065
vn 0.3291 -0.9443 -0.0078
vn 0.2140 -0.9768 -0.0083
vn 0.1364 -0.9906 -0.0081
vn 0.1358 -0.9907 -0.0056
vn 0.1353 -0.9908 -0.0038
vn 0.1350 -0.9908 -0.0024
vn 0.1348 -0.9909 -0.0014
vn 0.1347 -0.9909 -0.0007
vn 0.1346 -0.9909 -0.0003
vn -0.1004 -0.5137 0.8521
vn -0.1110 -0.3879 0.9150
vn -0.1177 -0.2760 0.9539
vn -0.1219 -0.1815 0.9758
vn -0.1242 -0.1138 0.9857
vn -0.1255 -0.0695 0.9897
vn -0.1331 -0.6601 0.7393
vn -0.1586 -0.5246 0.8364
vn -0.1769 -0.3853 0.9057
vn -0.1885 -0.2609 0.9468
vn -0.1952 -0.1665 0.9665
vn -0.1994 -0.1025 0.9745
vn -0.1637 -0.7984 0.5794
vn -0.2123 -0.6813 0.7005
vn -0.2549 -0.5324 0.8072
vn -0.2859 -0.3773 0.8809
vn -0.3053 -0.2456 0.9200
vn -0.3179 -0.1505 0.9361
vn -0.1866 -0.8991 0.3959
vn -0.2597 -0.8178 0.5136
vn -0.3392 -0.6895 0.6399
vn -0.4110 -0.5227 0.7469
vn -0.4640 -0.3522 0.8128
vn -0.4988 -0.2144 0.8398
vn -0.1986 -0.9495 0.2429
vn -0.2893 -0.8985 0.3302
vn -0.4046 -0.8042 0.4353
vn -0.5320 -0.6523 0.5398
vn -0.6439 -0.4584 0.6127
vn -0.7192 -0.2758 0.6377
vn -0.2040 -0.9689 0.1403
vn -0.3043 -0.9325 0.1944
vn -0.4420 -0.8586 0.2599
vn -0.6116 -0.7207 0.3264
vn -0.7746 -0.5139 0.3688
vn -0.8810 -0.2968 0.3684
vn -0.0661 -0.5057 0.8602
vn -0.0708 -0.3938 0.9165
vn -0.0743 -0.2912 0.9538
vn -0.0765 -0.2039 0.9760
vn -0.0779 -0.1306 0.9884
vn -0.0785 -0.0795 0.9937
vn -0.0789 -0.0471 0.9958
vn -0.0791 -0.0290 0.9964
vn -0.1265 -0.0441 0.9910
vn -0.2025 -0.0652 0.9771
vn -0.3268 -0.0940 0.9404
vn -0.5216 -0.1296 0.8433
vn -0.7619 -0.1576 0.6283
vn -0.9285 -0.1537 0.3381
vn -0.9817 -0.1253 0.1433
vn -0.9441 -0.2770 0.1787
vn -0.8343 -0.5148 0.1974
vn -0.6508 -0.7364 0.1850
vn -0.4608 -0.8745 0.1516
vn -0.3118 -0.9432 0.1148
vn -0.2067 -0.9749 0.0824
vn -0.1337 -0.9894 0.0560
vn -0.1330 -0.9862 0.0984
vn -0.1313 -0.9755 0.1768
vn -0.1268 -0.9450 0.3015
vn -0.1170 -0.8760 0.4679
vn -0.1020 -0.7684 0.6318
vn -0.0836 -0.6353 0.7677
vn -0.2093 -0.9771 0.0393
vn -0.3194 -0.9460 0.0553
vn -0.4788 -0.8749 0.0735
vn -0.6839 -0.7241 0.0892
vn -0.8739 -0.4773 0.0927
vn -0.9719 -0.2215 0.0797
vn -0.2100 -0.9773 0.0267
vn -0.3217 -0.9461 0.0376
vn -0.4841 -0.8736 0.0502
vn -0.6934 -0.7180 0.0611
vn -0.8842 -0.4627 0.0634
vn -0.9778 -0.2023 0.0542
vn -0.2105 -0.9774 0.0171
vn -0.3232 -0.9460 0.0242
vn -0.4877 -0.8724 0.0324
vn -0.6998 -0.7132 0.0395
vn -0.8910 -0.4521 0.0409
vn -0.9814 -0.1886 0.0348
vn -0.2109 -0.9775 0.0100
vn -0.3242 -0.9459 0.0142
vn -0.4900 -0.8715 0.0190
vn -0.7039 -0.7099 0.0233
vn -0.8952 -0.4450 0.0240
vn -0.9835 -0.1797 0.0204
vn -0.2111 -0.9775 0.0050
vn -0.3247 -0.9458 0.0071
vn -0.4913 -0.8709 0.0096
vn -0.7062 -0.7080 0.0117
vn -0.8975 -0.4409 0.0121
vn -0.9846 -0.1746 0.0102
vn -0.2111 -0.9775 0.0018
vn -0.3250 -0.9457 0.0026
vn -0.4919 -0.8706 0.0035
vn -0.7072 -0.7070 0.0042
vn -0.8985 -0.4389 0.0044
vn -0.9851 -0.1722 0.0037
vn -0.1340 -0.9903 0.0376
vn -0.2082 -0.9765 0.0560
vn -0.3163 -0.9454 0.0784
vn -0.4713 -0.8759 0.1035
vn -0.6705 -0.7313 0.1252
vn -0.8587 -0.4956 0.1304
vn -0.9624 -0.2469 0.1129
vn -0.9918 -0.0950 0.0850
vn -0.9957 -0.0708 0.0596
vn -0.9978 -0.0528 0.0404
vn -0.9989 -0.0402 0.0259
vn -0.9994 -0.0320 0.0152
vn -0.9996 -0.0274 0.0076
vn -0.9997 -0.0252 0.0027
vn -0.9997 -0.0245 0.0004
vn -0.9852 -0.1714 0.0005
vn -0.8988 -0.4383 0.0006
vn -0.7075 -0.7067 0.0006
vn -0.4921 -0.8705 0.0005
vn -0.3251 -0.9457 0.0004
vn -0.2112 -0.9775 0.0003
vn -0.1346 -0.9909 0.0002
vn -0.1346 -0.9909 0.0012
vn -0.1346 -0.9909 0.0033
vn -0.1345 -0.9909 0.0067
vn -0.1345 -0.9909 0.0114
vn -0.1344 -0.9908 0.0178
vn -0.1342 -0.9906 0.0263
vn 0.9852 -0.1714 -0.0000
vn -0.0307 -0.2925 -0.9558
vn -0.0305 -0.1957 -0.9802
vn -0.0302 -0.1233 -0.9919
vn -0.0300 -0.0686 -0.9972
vn -0.0300 -0.0327 -0.9990
vn -0.0299 -0.0115 -0.9995
vn -0.0177 -0.2820 -0.9593
vn -0.0171 -0.1828 -0.9830
vn -0.0167 -0.1122 -0.9935
vn -0.0165 -0.0623 -0.9979
vn -0.0164 -0.0299 -0.9994
vn -0.0164 -0.0105 -0.9998
vn -0.0060 -0.2769 -0.9609
vn -0.0056 -0.1767 -0.9843
vn -0.0054 -0.1070 -0.9942
vn -0.0053 -0.0594 -0.9982
vn -0.0052 -0.0286 -0.9996
vn -0.0052 -0.0101 -0.9999
vn 0.0060 -0.2769 -0.9609
vn 0.0056 -0.1767 -0.9843
vn 0.0054 -0.1070 -0.9942
vn 0.0053 -0.0594 -0.9982
vn 0.0052 -0.0286 -0.9996
vn 0.0052 -0.0101 -0.9999
vn 0.0177 -0.2820 -0.9593
vn 0.0171 -0.1828 -0.9830
vn 0.0167 -0.1122 -0.9935
vn 0.0165 -0.0623 -0.9979
vn 0.0164 -0.0299 -0.9994
vn 0.0164 -0.0105 -0.9998
vn 0.0307 -0.2925 -0.9558
vn 0.0305 -0.1957 -0.9802
vn 0.0302 -0.1233 -0.9919
vn 0.0300 -0.0686 -0.9972
vn 0.0300 -0.0327 -0.9990
vn 0.0299 -0.0115 -0.9995
vn -0.0456 -0.4271 -0.9030
vn -0.0475 -0.3179 -0.9469
vn -0.0484 -0.2217 -0.9739
vn -0.0487 -0.1433 -0.9885
vn -0.0489 -0.0801 -0.9956
vn -0.0489 -0.0381 -0.9981
vn -0.0489 -0.0134 -0.9987
vn -0.0489 -0.0019 -0.9988
vn -0.0299 -0.0016 -0.9996
vn -0.0164 -0.0015 -0.9999
vn -0.0052 -0.0014 -1.0000
vn 0.0052 -0.0014 -1.0000
vn 0.0164 -0.0015 -0.9999
vn 0.0299 -0.0016 -0.9996
vn 0.0489 -0.0019 -0.9988
vn 0.0489 -0.0134 -0.9987
vn 0.0489 -0.0381 -0.9981
vn 0.0489 -0.0801 -0.9956
vn 0.0487 -0.1433 -0.9885
vn 0.0484 -0.2217 -0.9739
vn 0.0475 -0.3179 -0.9469
vn 0.0456 -0.4271 -0.9030
vn 0.0317 -0.4241 -0.9050
vn 0.0189 -0.4202 -0.9073
vn 0.0065 -0.4178 -0.9085
vn -0.0065 -0.4178 -0.9085
vn -0.0189 -0.4202 -0.9073
vn -0.0317 -0.4241 -0.9050
vn 0.2167 -0.9757 0.0328
vn 0.3328 -0.9414 0.0546
vn 0.5009 -0.8609 0.0897
vn 0.7112 -0.6895 0.1370
vn 0.8893 -0.4203 0.1801
vn 0.9660 -0.1623 0.2014
vn 0.2168 -0.9679 0.1274
vn 0.3300 -0.9247 0.1900
vn 0.4861 -0.8262 0.2848
vn 0.6627 -0.6332 0.3998
vn 0.7907 -0.3667 0.4902
vn 0.8376 -0.1367 0.5290
vn 0.2102 -0.9322 0.2945
vn 0.3086 -0.8577 0.4113
vn 0.4235 -0.7116 0.5606
vn 0.5214 -0.4893 0.6991
vn 0.5710 -0.2576 0.7795
vn 0.5830 -0.0904 0.8074
vn 0.1885 -0.8345 0.5177
vn 0.2548 -0.7076 0.6591
vn 0.3124 -0.5231 0.7930
vn 0.3463 -0.3205 0.8817
vn 0.3575 -0.1563 0.9207
vn 0.3578 -0.0515 0.9324
vn 0.1528 -0.6802 0.7169
vn 0.1853 -0.5221 0.8325
vn 0.2062 -0.3518 0.9131
vn 0.2157 -0.2008 0.9556
vn 0.2174 -0.0933 0.9716
vn 0.2163 -0.0284 0.9759
vn 0.1127 -0.5130 0.8510
vn 0.1246 -0.3676 0.9216
vn 0.1309 -0.2378 0.9624
vn 0.1334 -0.1309 0.9824
vn 0.1334 -0.0585 0.9893
vn 0.1325 -0.0161 0.9910
vn 0.1372 -0.9905 -0.0067
vn 0.2152 -0.9765 -0.0054
vn 0.3309 -0.9436 -0.0020
vn 0.4996 -0.8662 0.0040
vn 0.7146 -0.6994 0.0126
vn 0.9021 -0.4310 0.0211
vn 0.9855 -0.1679 0.0259
vn 0.9993 -0.0239 0.0273
vn 0.9781 -0.0225 0.2068
vn 0.8427 -0.0173 0.5381
vn 0.5816 -0.0090 0.8134
vn 0.3556 -0.0025 0.9346
vn 0.2147 0.0012 0.9767
vn 0.1316 0.0029 0.9913
vn 0.0811 0.0035 0.9967
vn 0.0817 -0.0098 0.9966
vn 0.0823 -0.0400 0.9958
vn 0.0826 -0.0924 0.9923
vn 0.0821 -0.1712 0.9818
vn 0.0805 -0.2673 0.9602
vn 0.0771 -0.3815 0.9212
vn 0.0720 -0.5055 0.8598
vn 0.0925 -0.6486 0.7555
vn 0.1136 -0.7950 0.5960
vn 0.1291 -0.9057 0.4038
vn 0.1370 -0.9664 0.2174
vn 0.1388 -0.9862 0.0899
vn 0.1382 -0.9902 0.0206
vn 0.0326 -0.2878 0.9571
vn 0.0322 -0.1896 0.9813
vn 0.0318 -0.1167 0.9927
vn 0.0313 -0.0622 0.9976
vn 0.0310 -0.0268 0.9992
vn 0.0307 -0.0063 0.9995
vn 0.0187 -0.2788 0.9602
vn 0.0180 -0.1787 0.9837
vn 0.0175 -0.1078 0.9940
vn 0.0172 -0.0580 0.9982
vn 0.0170 -0.0258 0.9995
vn 0.0168 -0.0069 0.9998
vn 0.0062 -0.2757 0.9612
vn 0.0059 -0.1752 0.9845
vn 0.0056 -0.1054 0.9944
vn 0.0055 -0.0578 0.9983
vn 0.0054 -0.0271 0.9996
vn 0.0054 -0.0087 0.9999
vn -0.0062 -0.2781 0.9605
vn -0.0058 -0.1783 0.9840
vn -0.0056 -0.1087 0.9941
vn -0.0055 -0.0612 0.9981
vn -0.0054 -0.0304 0.9995
vn -0.0053 -0.0117 0.9999
vn -0.0183 -0.2856 0.9582
vn -0.0177 -0.1878 0.9820
vn -0.0172 -0.1180 0.9929
vn -0.0170 -0.0684 0.9975
vn -0.0168 -0.0360 0.9992
vn -0.0167 -0.0162 0.9997
vn -0.0313 -0.2986 0.9539
vn -0.0311 -0.2045 0.9784
vn -0.0309 -0.1339 0.9905
vn -0.0306 -0.0802 0.9963
vn -0.0304 -0.0445 0.9985
vn -0.0303 -0.0227 0.9993
vn 0.0488 -0.4248 0.9040
vn 0.0507 -0.3125 0.9486
vn 0.0513 -0.2141 0.9755
vn 0.0513 -0.1351 0.9895
vn 0.0511 -0.0721 0.9961
vn 0.0507 -0.0308 0.9982
vn 0.0503 -0.0071 0.9987
vn 0.0499 0.0033 0.9987
vn 0.0305 0.0027 0.9995
vn 0.0167 0.0016 0.9999
vn 0.0053 -0.0002 1.0000
vn -0.0053 -0.0028 1.0000
vn -0.0166 -0.0064 0.9998
vn -0.0302 -0.0114 0.9995
vn -0.0491 -0.0184 0.9986
vn -0.0492 -0.0322 0.9983
vn -0.0492 -0.0578 0.9971
vn -0.0492 -0.0991 0.9939
vn -0.0491 -0.1598 0.9859
vn -0.0487 -0.2345 0.9709
vn -0.0478 -0.3263 0.9441
vn -0.0459 -0.4304 0.9015
vn -0.0323 -0.4265 0.9039
vn -0.0195 -0.4216 0.9066
vn -0.0068 -0.4183 0.9083
vn 0.0069 -0.4173 0.9087
vn 0.0200 -0.4188 0.9079
vn 0.0337 -0.4222 0.9059
vn -0.2109 -0.9763 -0.0488
vn -0.3244 -0.9433 -0.0703
vn -0.4898 -0.8656 -0.1039
vn -0.7002 -0.6983 -0.1488
vn -0.8830 -0.4297 -0.1891
vn -0.9638 -0.1672 -0.2076
vn -0.2088 -0.9668 -0.1475
vn -0.3181 -0.9246 -0.2098
vn -0.4699 -0.8292 -0.3027
vn -0.6453 -0.6413 -0.4151
vn -0.7777 -0.3766 -0.5034
vn -0.8297 -0.1431 -0.5396
vn -0.1999 -0.9275 -0.3160
vn -0.2932 -0.8539 -0.4301
vn -0.4035 -0.7122 -0.5744
vn -0.5011 -0.4962 -0.7090
vn -0.5549 -0.2669 -0.7879
vn -0.5717 -0.0978 -0.8146
vn -0.1767 -0.8268 -0.5339
vn -0.2390 -0.7036 -0.6692
vn -0.2949 -0.5261 -0.7976
vn -0.3307 -0.3291 -0.8845
vn -0.3454 -0.1661 -0.9237
vn -0.3491 -0.0595 -0.9352
vn -0.1421 -0.6751 -0.7239
vn -0.1731 -0.5233 -0.8344
vn -0.1944 -0.3592 -0.9128
vn -0.2058 -0.2110 -0.9556
vn -0.2098 -0.1032 -0.9723
vn -0.2106 -0.0366 -0.9769
vn -0.1046 -0.5134 -0.8517
vn -0.1166 -0.3736 -0.9202
vn -0.1237 -0.2472 -0.9610
vn -0.1274 -0.1412 -0.9818
vn -0.1287 -0.0679 -0.9894
vn -0.1290 -0.0239 -0.9914
vn -0.1346 -0.9909 -0.0046
vn -0.2112 -0.9774 -0.0063
vn -0.3251 -0.9456 -0.0091
vn -0.4921 -0.8704 -0.0135
vn -0.7075 -0.7065 -0.0195
vn -0.8986 -0.4381 -0.0249
vn -0.9848 -0.1712 -0.0275
vn -0.9993 -0.0244 -0.0279
vn -0.9772 -0.0238 -0.2109
vn -0.8377 -0.0203 -0.5458
vn -0.5739 -0.0138 -0.8188
vn -0.3494 -0.0083 -0.9369
vn -0.2107 -0.0051 -0.9775
vn -0.1290 -0.0033 -0.9916
vn -0.0795 -0.0024 -0.9968
vn -0.0795 -0.0170 -0.9967
vn -0.0794 -0.0485 -0.9957
vn -0.0790 -0.1018 -0.9917
vn -0.0778 -0.1806 -0.9805
vn -0.0755 -0.2751 -0.9584
vn -0.0718 -0.3859 -0.9197
vn -0.0668 -0.5057 -0.8601
vn -0.0858 -0.6442 -0.7601
vn -0.1057 -0.7868 -0.6081
vn -0.1213 -0.8980 -0.4230
vn -0.1305 -0.9623 -0.2386
vn -0.1337 -0.9850 -0.1089
vn -0.1345 -0.9903 -0.0358
vt 0.517976 0.031189
vt 0.532488 0.031190
vt 0.533586 0.062022
vt 0.519801 0.062013
vt 0.547523 0.031193
vt 0.548122 0.062046
vt 0.562822 0.031199
vt 0.563124 0.062093
vt 0.578261 0.031209
vt 0.578388 0.062168
vt 0.593790 0.031221
vt 0.593828 0.062266
vt 0.609380 0.031235
vt 0.609385 0.062379
vt 0.534432 0.092136
vt 0.521033 0.092106
vt 0.548628 0.092218
vt 0.563385 0.092377
vt 0.578498 0.092630
vt 0.593861 0.092960
vt 0.609389 0.093342
vt 0.535021 0.121175
vt 0.521807 0.121104
vt 0.549008 0.121368
vt 0.563585 0.121745
vt 0.578583 0.122345
vt 0.593886 0.123128
vt 0.609392 0.124034
vt 0.535381 0.148774
vt 0.522267 0.148640
vt 0.549245 0.149140
vt 0.563711 0.149852
vt 0.578636 0.150991
vt 0.593901 0.152508
vt 0.609394 0.154306
vt 0.535567 0.174550
vt 0.522504 0.174346
vt 0.549367 0.175106
vt 0.563775 0.176188
vt 0.578663 0.177954
vt 0.593909 0.180491
vt 0.609395 0.183786
vt 0.535635 0.198114
vt 0.522591 0.197852
vt 0.549412 0.198823
vt 0.563799 0.200205
vt 0.578673 0.202526
vt 0.593912 0.206221
vt 0.609395 0.211697
vt 0.500000 0.000000
vt 0.515625 0.000000
vt 0.504924 0.031189
vt 0.531250 0.000000
vt 0.546875 0.000000
vt 0.562500 0.000000
vt 0.578125 0.000000
vt 0.593750 0.000000
vt 0.609375 0.000000
vt 0.625000 0.000000
vt 0.625000 0.031250
vt 0.625000 0.062500
vt 0.625000 0.093750
vt 0.625000 0.125000
vt 0.625000 0.156250
vt 0.625000 0.187500
vt 0.625000 0.218750
vt 0.625000 0.250000
vt 0.609395 0.235230
vt 0.593913 0.228190
vt 0.578674 0.223918
vt 0.563802 0.221354
vt 0.549418 0.219849
vt 0.535645 0.219076
vt 0.522603 0.218791
vt 0.510403 0.197815
vt 0.510417 0.218750
vt 0.510308 0.174316
vt 0.510050 0.148621
vt 0.509549 0.121094
vt 0.508694 0.092102
vt 0.507270 0.062012
vt 0.522603 0.445373
vt 0.535645 0.445372
vt 0.535645 0.453603
vt 0.522603 0.453612
vt 0.549418 0.445369
vt 0.549418 0.453579
vt 0.563802 0.445363
vt 0.563802 0.453532
vt 0.578674 0.445354
vt 0.578674 0.453457
vt 0.593913 0.445342
vt 0.593913 0.453359
vt 0.609395 0.445328
vt 0.609395 0.453246
vt 0.535645 0.462551
vt 0.522603 0.462581
vt 0.549418 0.462470
vt 0.563802 0.462311
vt 0.578674 0.462058
vt 0.593913 0.461727
vt 0.609395 0.461345
vt 0.535645 0.472575
vt 0.522603 0.472646
vt 0.549418 0.472382
vt 0.563802 0.472005
vt 0.578674 0.471405
vt 0.593913 0.470622
vt 0.609395 0.469716
vt 0.535644 0.484038
vt 0.522603 0.484173
vt 0.549417 0.483673
vt 0.563799 0.482961
vt 0.578668 0.481821
vt 0.593906 0.480305
vt 0.609391 0.478507
vt 0.535641 0.497325
vt 0.522603 0.497529
vt 0.549407 0.496769
vt 0.563775 0.495687
vt 0.578626 0.493921
vt 0.593855 0.491384
vt 0.609358 0.488089
vt 0.535633 0.512824
vt 0.522602 0.513085
vt 0.549380 0.512114
vt 0.563711 0.510732
vt 0.578507 0.508412
vt 0.593695 0.504721
vt 0.609218 0.499251
vt 0.510417 0.437500
vt 0.522603 0.437500
vt 0.510417 0.445374
vt 0.535645 0.437500
vt 0.549418 0.437500
vt 0.563802 0.437500
vt 0.578674 0.437500
vt 0.593913 0.437500
vt 0.609395 0.437500
vt 0.625000 0.437500
vt 0.625000 0.445313
vt 0.625000 0.453125
vt 0.625000 0.460938
vt 0.625000 0.468750
vt 0.625000 0.476563
vt 0.625000 0.484375
vt 0.625000 0.492188
vt 0.625000 0.500000
vt 0.608557 0.514918
vt 0.593262 0.521851
vt 0.578261 0.526088
vt 0.563585 0.528646
vt 0.549327 0.530151
vt 0.535617 0.530924
vt 0.522600 0.531209
vt 0.510417 0.513123
vt 0.510417 0.531250
vt 0.510417 0.497559
vt 0.510417 0.484192
vt 0.510417 0.472656
vt 0.510417 0.462585
vt 0.510417 0.453613
vt 0.522597 0.552087
vt 0.535593 0.551827
vt 0.535567 0.574972
vt 0.522594 0.575167
vt 0.549245 0.551120
vt 0.549155 0.574440
vt 0.563392 0.549744
vt 0.563178 0.573405
vt 0.577865 0.547447
vt 0.577430 0.571734
vt 0.592466 0.543866
vt 0.591597 0.569438
vt 0.606875 0.538828
vt 0.605279 0.566714
vt 0.535545 0.599612
vt 0.522591 0.599717
vt 0.549082 0.599328
vt 0.563005 0.598775
vt 0.577088 0.597903
vt 0.590987 0.596815
vt 0.604319 0.595673
vt 0.535536 0.625000
vt 0.522590 0.625000
vt 0.549052 0.625000
vt 0.562934 0.625000
vt 0.576952 0.625000
vt 0.590766 0.625000
vt 0.604011 0.625000
vt 0.535545 0.650388
vt 0.522591 0.650284
vt 0.549082 0.650672
vt 0.563005 0.651225
vt 0.577088 0.652097
vt 0.590987 0.653186
vt 0.604319 0.654327
vt 0.535567 0.675029
vt 0.522594 0.674833
vt 0.549155 0.675560
vt 0.563178 0.676595
vt 0.577429 0.678266
vt 0.591597 0.680562
vt 0.605279 0.683286
vt 0.535593 0.698174
vt 0.522597 0.697913
vt 0.549245 0.698880
vt 0.563392 0.700256
vt 0.577865 0.702553
vt 0.592466 0.706134
vt 0.606875 0.711172
vt 0.510417 0.552124
vt 0.620041 0.533755
vt 0.617825 0.564372
vt 0.616670 0.594716
vt 0.616319 0.625000
vt 0.616670 0.655284
vt 0.617825 0.685628
vt 0.620041 0.716245
vt 0.625000 0.750000
vt 0.608557 0.735082
vt 0.593262 0.728149
vt 0.578261 0.723913
vt 0.563585 0.721354
vt 0.549327 0.719849
vt 0.535617 0.719076
vt 0.522600 0.718791
vt 0.510417 0.697876
vt 0.510417 0.718750
vt 0.510417 0.674805
vt 0.510417 0.650269
vt 0.510417 0.625000
vt 0.510417 0.599731
vt 0.510417 0.575195
vt 0.522591 0.945313
vt 0.535635 0.945313
vt 0.535567 0.953125
vt 0.522504 0.953125
vt 0.549412 0.945313
vt 0.549367 0.953125
vt 0.563799 0.945313
vt 0.563775 0.953125
vt 0.578673 0.945312
vt 0.578663 0.953125
vt 0.593912 0.945312
vt 0.593909 0.953125
vt 0.609395 0.945312
vt 0.609395 0.953125
vt 0.535381 0.960938
vt 0.522267 0.960938
vt 0.549245 0.960938
vt 0.563711 0.960938
vt 0.578636 0.960938
vt 0.593901 0.960938
vt 0.609394 0.960938
vt 0.535021 0.968750
vt 0.521807 0.968750
vt 0.549008 0.968750
vt 0.563585 0.968750
vt 0.578583 0.968750
vt 0.593886 0.968750
vt 0.609392 0.968750
vt 0.534432 0.976563
vt 0.521033 0.976563
vt 0.548628 0.976563
vt 0.563385 0.976563
vt 0.578498 0.976563
vt 0.593861 0.976563
vt 0.609389 0.976562
vt 0.533586 0.984375
vt 0.519801 0.984375
vt 0.548122 0.984375
vt 0.563124 0.984375
vt 0.578388 0.984375
vt 0.593828 0.984375
vt 0.609385 0.984375
vt 0.532488 0.992188
vt 0.517976 0.992188
vt 0.547523 0.992188
vt 0.562822 0.992188
vt 0.578261 0.992188
vt 0.593790 0.992188
vt 0.609380 0.992188
vt 0.510417 0.937500
vt 0.522603 0.937500
vt 0.510403 0.945313
vt 0.535645 0.937500
vt 0.549418 0.937500
vt 0.563802 0.937500
vt 0.578674 0.937500
vt 0.593913 0.937500
vt 0.609395 0.937500
vt 0.625000 0.937500
vt 0.625000 0.945313
vt 0.625000 0.953125
vt 0.625000 0.960938
vt 0.625000 0.968750
vt 0.625000 0.976563
vt 0.625000 0.984375
vt 0.625000 0.992188
vt 0.625000 1.000000
vt 0.609375 1.000000
vt 0.593750 1.000000
vt 0.578125 1.000000
vt 0.562500 1.000000
vt 0.546875 1.000000
vt 0.531250 1.000000
vt 0.515625 1.000000
vt 0.504924 0.992188
vt 0.500000 1.000000
vt 0.507270 0.984375
vt 0.508694 0.976563
vt 0.509549 0.968750
vt 0.510050 0.960938
vt 0.510308 0.953125
vt 0.320313 0.531250
vt 0.328125 0.531250
vt 0.328125 0.562500
vt 0.320313 0.562500
vt 0.335938 0.531250
vt 0.335938 0.562500
vt 0.343750 0.531250
vt 0.343750 0.562500
vt 0.351563 0.531264
vt 0.351563 0.562520
vt 0.359375 0.531362
vt 0.359375 0.562663
vt 0.367188 0.531779
vt 0.367188 0.563121
vt 0.328125 0.593750
vt 0.320313 0.593750
vt 0.335938 0.593750
vt 0.343750 0.593750
vt 0.351563 0.593764
vt 0.359375 0.593862
vt 0.367188 0.594137
vt 0.328125 0.625000
vt 0.320313 0.625000
vt 0.335938 0.625000
vt 0.343750 0.625000
vt 0.351563 0.625000
vt 0.359375 0.625000
vt 0.367188 0.625000
vt 0.328125 0.656250
vt 0.320313 0.656250
vt 0.335938 0.656250
vt 0.343750 0.656250
vt 0.351563 0.656236
vt 0.359375 0.656138
vt 0.367188 0.655864
vt 0.328125 0.687500
vt 0.320313 0.687500
vt 0.335938 0.687500
vt 0.343750 0.687500
vt 0.351563 0.687480
vt 0.359375 0.687337
vt 0.367188 0.686880
vt 0.328125 0.718750
vt 0.320313 0.718750
vt 0.335938 0.718750
vt 0.343750 0.718750
vt 0.351563 0.718736
vt 0.359375 0.718638
vt 0.367188 0.718221
vt 0.312500 0.500000
vt 0.320313 0.500000
vt 0.312500 0.531250
vt 0.328125 0.500000
vt 0.335938 0.500000
vt 0.343750 0.500000
vt 0.351563 0.500000
vt 0.359375 0.500000
vt 0.367188 0.500000
vt 0.375000 0.500000
vt 0.375000 0.533755
vt 0.375000 0.564372
vt 0.375000 0.594716
vt 0.375000 0.625000
vt 0.375000 0.655284
vt 0.375000 0.685628
vt 0.375000 0.716245
vt 0.375000 0.750000
vt 0.367188 0.750000
vt 0.359375 0.750000
vt 0.351563 0.750000
vt 0.343750 0.750000
vt 0.335938 0.750000
vt 0.328125 0.750000
vt 0.320313 0.750000
vt 0.312500 0.718750
vt 0.312500 0.750000
vt 0.312500 0.687500
vt 0.312500 0.656250
vt 0.312500 0.625000
vt 0.312500 0.593750
vt 0.312500 0.562500
vt 0.820312 0.531250
vt 0.828125 0.531250
vt 0.828125 0.562500
vt 0.820313 0.562500
vt 0.835938 0.531250
vt 0.835938 0.562500
vt 0.843750 0.531250
vt 0.843750 0.562500
vt 0.851563 0.531250
vt 0.851563 0.562500
vt 0.859375 0.531250
vt 0.859375 0.562500
vt 0.867188 0.531250
vt 0.867188 0.562500
vt 0.828125 0.593750
vt 0.820313 0.593750
vt 0.835938 0.593750
vt 0.843750 0.593750
vt 0.851563 0.593750
vt 0.859375 0.593750
vt 0.867188 0.593750
vt 0.828125 0.625000
vt 0.820313 0.625000
vt 0.835938 0.625000
vt 0.843750 0.625000
vt 0.851563 0.625000
vt 0.859375 0.625000
vt 0.867188 0.625000
vt 0.828125 0.656250
vt 0.820313 0.656250
vt 0.835938 0.656250
vt 0.843750 0.656250
vt 0.851563 0.656250
vt 0.859375 0.656250
vt 0.867188 0.656250
vt 0.828125 0.687500
vt 0.820312 0.687500
vt 0.835938 0.687500
vt 0.843750 0.687500
vt 0.851563 0.687500
vt 0.859375 0.687500
vt 0.867188 0.687500
vt 0.828125 0.718750
vt 0.820312 0.718750
vt 0.835938 0.718750
vt 0.843750 0.718750
vt 0.851563 0.718750
vt 0.859375 0.718750
vt 0.867188 0.718750
vt 0.812500 0.500000
vt 0.820313 0.500000
vt 0.812500 0.531250
vt 0.828125 0.500000
vt 0.835938 0.500000
vt 0.843750 0.500000
vt 0.851563 0.500000
vt 0.859375 0.500000
vt 0.867188 0.500000
vt 0.875000 0.500000
vt 0.875000 0.531250
vt 0.875000 0.562500
vt 0.875000 0.593750
vt 0.875000 0.625000
vt 0.875000 0.656250
vt 0.875000 0.687500
vt 0.875000 0.718750
vt 0.875000 0.750000
vt 0.867188 0.750000
vt 0.859375 0.750000
vt 0.851563 0.750000
vt 0.843750 0.750000
vt 0.835938 0.750000
vt 0.828125 0.750000
vt 0.820313 0.750000
vt 0.812500 0.718750
vt 0.812500 0.750000
vt 0.812500 0.687500
vt 0.812500 0.656250
vt 0.812500 0.625000
vt 0.812500 0.593750
vt 0.812500 0.562500
vt 0.445333 0.945313
vt 0.453287 0.945313
vt 0.453284 0.953125
vt 0.445332 0.953125
vt 0.461485 0.945313
vt 0.461475 0.953125
vt 0.470049 0.945313
vt 0.470025 0.953125
vt 0.479099 0.945313
vt 0.479054 0.953125
vt 0.488760 0.945313
vt 0.488692 0.953125
vt 0.499153 0.945313
vt 0.499066 0.953125
vt 0.453276 0.960938
vt 0.445331 0.960938
vt 0.461448 0.960938
vt 0.469961 0.960938
vt 0.478933 0.960938
vt 0.488506 0.960938
vt 0.498830 0.960938
vt 0.453261 0.968750
vt 0.445330 0.968750
vt 0.461395 0.968750
vt 0.469835 0.968750
vt 0.478695 0.968750
vt 0.488146 0.968750
vt 0.498369 0.968750
vt 0.453236 0.976563
vt 0.445326 0.976563
vt 0.461311 0.976563
vt 0.469635 0.976563
vt 0.478315 0.976563
vt 0.487557 0.976563
vt 0.497595 0.976563
vt 0.453203 0.984375
vt 0.445322 0.984375
vt 0.461201 0.984375
vt 0.469374 0.984375
vt 0.477810 0.984375
vt 0.486711 0.984375
vt 0.496364 0.984375
vt 0.453165 0.992188
vt 0.445318 0.992188
vt 0.461073 0.992188
vt 0.469072 0.992188
vt 0.477211 0.992188
vt 0.485613 0.992188
vt 0.494538 0.992188
vt 0.437500 0.937500
vt 0.445333 0.937500
vt 0.437500 0.945313
vt 0.453288 0.937500
vt 0.461487 0.937500
vt 0.470052 0.937500
vt 0.479106 0.937500
vt 0.488770 0.937500
vt 0.499166 0.937500
vt 0.492188 1.000000
vt 0.484375 1.000000
vt 0.476563 1.000000
vt 0.468750 1.000000
vt 0.460938 1.000000
vt 0.453125 1.000000
vt 0.445313 1.000000
vt 0.437500 0.992188
vt 0.437500 1.000000
vt 0.437500 0.984375
vt 0.437500 0.976563
vt 0.437500 0.968750
vt 0.437500 0.960938
vt 0.437500 0.953125
vt 0.445333 0.552124
vt 0.453288 0.552124
vt 0.453288 0.575195
vt 0.445333 0.575195
vt 0.461487 0.552124
vt 0.461487 0.575195
vt 0.470052 0.552124
vt 0.470052 0.575195
vt 0.479106 0.552124
vt 0.479106 0.575195
vt 0.488770 0.552124
vt 0.488770 0.575195
vt 0.499166 0.552124
vt 0.499166 0.575195
vt 0.453288 0.599732
vt 0.445333 0.599732
vt 0.461487 0.599732
vt 0.470052 0.599732
vt 0.479106 0.599732
vt 0.488770 0.599732
vt 0.499166 0.599732
vt 0.453288 0.625000
vt 0.445333 0.625000
vt 0.461487 0.625000
vt 0.470052 0.625000
vt 0.479106 0.625000
vt 0.488770 0.625000
vt 0.499166 0.625000
vt 0.453288 0.650268
vt 0.445333 0.650269
vt 0.461487 0.650269
vt 0.470052 0.650269
vt 0.479106 0.650269
vt 0.488770 0.650269
vt 0.499166 0.650269
vt 0.453288 0.674805
vt 0.445333 0.674805
vt 0.461487 0.674805
vt 0.470052 0.674805
vt 0.479106 0.674805
vt 0.488770 0.674805
vt 0.499166 0.674805
vt 0.453288 0.697876
vt 0.445333 0.697876
vt 0.461487 0.697876
vt 0.470052 0.697876
vt 0.479106 0.697876
vt 0.488770 0.697876
vt 0.499166 0.697876
vt 0.437500 0.531250
vt 0.445333 0.531250
vt 0.437500 0.552124
vt 0.453288 0.531250
vt 0.461487 0.531250
vt 0.470052 0.531250
vt 0.479106 0.531250
vt 0.488770 0.531250
vt 0.499166 0.531250
vt 0.510417 0.531250
vt 0.510417 0.552124
vt 0.510417 0.575195
vt 0.510417 0.599732
vt 0.510417 0.625000
vt 0.510417 0.650269
vt 0.510417 0.674805
vt 0.510417 0.697876
vt 0.510417 0.718750
vt 0.499166 0.718750
vt 0.488770 0.718750
vt 0.479106 0.718750
vt 0.470052 0.718750
vt 0.461487 0.718750
vt 0.453288 0.718750
vt 0.445333 0.718750
vt 0.437500 0.697876
vt 0.437500 0.718750
vt 0.437500 0.674805
vt 0.437500 0.650269
vt 0.437500 0.625000
vt 0.437500 0.599732
vt 0.437500 0.575195
vt 0.445333 0.445374
vt 0.453288 0.445374
vt 0.453288 0.453613
vt 0.445333 0.453613
vt 0.461487 0.445374
vt 0.461487 0.453613
vt 0.470052 0.445374
vt 0.470052 0.453613
vt 0.479106 0.445374
vt 0.479106 0.453613
vt 0.488770 0.445374
vt 0.488770 0.453613
vt 0.499166 0.445374
vt 0.499166 0.453613
vt 0.453288 0.462585
vt 0.445333 0.462585
vt 0.461487 0.462586
vt 0.470052 0.462586
vt 0.479106 0.462586
vt 0.488770 0.462585
vt 0.499166 0.462585
vt 0.453288 0.472656
vt 0.445333 0.472656
vt 0.461487 0.472656
vt 0.470052 0.472656
vt 0.479106 0.472656
vt 0.488770 0.472656
vt 0.499166 0.472656
vt 0.453288 0.484192
vt 0.445333 0.484192
vt 0.461487 0.484192
vt 0.470052 0.484192
vt 0.479106 0.484192
vt 0.488770 0.484192
vt 0.499166 0.484192
vt 0.453288 0.497559
vt 0.445333 0.497559
vt 0.461487 0.497559
vt 0.470052 0.497559
vt 0.479106 0.497559
vt 0.488770 0.497559
vt 0.499166 0.497559
vt 0.453288 0.513123
vt 0.445333 0.513123
vt 0.461487 0.513123
vt 0.470052 0.513123
vt 0.479106 0.513123
vt 0.488770 0.513123
vt 0.499166 0.513123
vt 0.437500 0.437500
vt 0.445333 0.437500
vt 0.437500 0.445374
vt 0.453288 0.437500
vt 0.461487 0.437500
vt 0.470052 0.437500
vt 0.479106 0.437500
vt 0.488770 0.437500
vt 0.499166 0.437500
vt 0.510417 0.437500
vt 0.510417 0.445374
vt 0.510417 0.453613
vt 0.510417 0.462586
vt 0.510417 0.472656
vt 0.510417 0.484192
vt 0.510417 0.497559
vt 0.510417 0.513123
vt 0.437500 0.513123
vt 0.437500 0.497559
vt 0.437500 0.484192
vt 0.437500 0.472656
vt 0.437500 0.462586
vt 0.437500 0.453613
vt 0.445318 0.031189
vt 0.453165 0.031189
vt 0.453203 0.062012
vt 0.445322 0.062012
vt 0.461073 0.031189
vt 0.461201 0.062012
vt 0.469072 0.031189
vt 0.469374 0.062012
vt 0.477211 0.031189
vt 0.477810 0.062012
vt 0.485613 0.031189
vt 0.486711 0.062012
vt 0.494538 0.031189
vt 0.496364 0.062012
vt 0.453236 0.092102
vt 0.445326 0.092102
vt 0.461311 0.092102
vt 0.469635 0.092102
vt 0.478315 0.092102
vt 0.487557 0.092102
vt 0.497595 0.092102
vt 0.453261 0.121094
vt 0.445330 0.121094
vt 0.461395 0.121094
vt 0.469835 0.121094
vt 0.478695 0.121094
vt 0.488146 0.121094
vt 0.498369 0.121094
vt 0.453276 0.148621
vt 0.445332 0.148621
vt 0.461448 0.148621
vt 0.469961 0.148621
vt 0.478933 0.148621
vt 0.488506 0.148621
vt 0.498830 0.148621
vt 0.453284 0.174316
vt 0.445332 0.174316
vt 0.461475 0.174316
vt 0.470025 0.174316
vt 0.479054 0.174316
vt 0.488692 0.174316
vt 0.499066 0.174316
vt 0.453287 0.197815
vt 0.445333 0.197815
vt 0.461485 0.197815
vt 0.470049 0.197815
vt 0.479099 0.197815
vt 0.488760 0.197815
vt 0.499153 0.197815
vt 0.437500 0.000000
vt 0.445313 0.000000
vt 0.437500 0.031189
vt 0.453125 0.000000
vt 0.460938 0.000000
vt 0.468750 0.000000
vt 0.476563 0.000000
vt 0.484375 0.000000
vt 0.492188 0.000000
vt 0.499166 0.218750
vt 0.488770 0.218750
vt 0.479106 0.218750
vt 0.470052 0.218750
vt 0.461487 0.218750
vt 0.453288 0.218750
vt 0.445333 0.218750
vt 0.437500 0.197815
vt 0.437500 0.218750
vt 0.437500 0.174316
vt 0.437500 0.148621
vt 0.437500 0.121094
vt 0.437500 0.092102
vt 0.437500 0.062012
vt 0.445333 0.320313
vt 0.453288 0.320312
vt 0.453288 0.328125
vt 0.445333 0.328125
vt 0.461487 0.320312
vt 0.461487 0.328125
vt 0.470052 0.320313
vt 0.470052 0.328125
vt 0.479106 0.320312
vt 0.479106 0.328125
vt 0.488770 0.320312
vt 0.488770 0.328125
vt 0.499166 0.320313
vt 0.499166 0.328125
vt 0.453288 0.335938
vt 0.445333 0.335938
vt 0.461487 0.335938
vt 0.470052 0.335938
vt 0.479106 0.335938
vt 0.488770 0.335938
vt 0.499166 0.335938
vt 0.453288 0.343750
vt 0.445333 0.343750
vt 0.461487 0.343750
vt 0.470052 0.343750
vt 0.479106 0.343750
vt 0.488770 0.343750
vt 0.499166 0.343750
vt 0.453288 0.351563
vt 0.445333 0.351562
vt 0.461487 0.351563
vt 0.470052 0.351563
vt 0.479106 0.351563
vt 0.488770 0.351563
vt 0.499166 0.351562
vt 0.453288 0.359375
vt 0.445333 0.359375
vt 0.461487 0.359375
vt 0.470052 0.359375
vt 0.479106 0.359375
vt 0.488770 0.359375
vt 0.499166 0.359375
vt 0.453288 0.367188
vt 0.445333 0.367188
vt 0.461487 0.367188
vt 0.470052 0.367188
vt 0.479106 0.367188
vt 0.488770 0.367188
vt 0.499166 0.367188
vt 0.437500 0.312500
vt 0.445333 0.312500
vt 0.437500 0.320312
vt 0.453288 0.312500
vt 0.461487 0.312500
vt 0.470052 0.312500
vt 0.479106 0.312500
vt 0.488770 0.312500
vt 0.499166 0.312500
vt 0.510417 0.312500
vt 0.510417 0.320312
vt 0.510417 0.328125
vt 0.510417 0.335938
vt 0.510417 0.343750
vt 0.510417 0.351563
vt 0.510417 0.359375
vt 0.510417 0.367188
vt 0.510417 0.375000
vt 0.499166 0.375000
vt 0.488770 0.375000
vt 0.479106 0.375000
vt 0.470052 0.375000
vt 0.461487 0.375000
vt 0.453288 0.375000
vt 0.445333 0.375000
vt 0.437500 0.367188
vt 0.437500 0.375000
vt 0.437500 0.359375
vt 0.437500 0.351563
vt 0.437500 0.343750
vt 0.437500 0.335938
vt 0.437500 0.328125
vt 0.445333 0.820313
vt 0.453288 0.820312
vt 0.453288 0.828125
vt 0.445333 0.828125
vt 0.461487 0.820312
vt 0.461487 0.828125
vt 0.470052 0.820313
vt 0.470052 0.828125
vt 0.479106 0.820312
vt 0.479106 0.828125
vt 0.488770 0.820312
vt 0.488770 0.828125
vt 0.499166 0.820313
vt 0.499166 0.828125
vt 0.453288 0.835938
vt 0.445333 0.835938
vt 0.461487 0.835938
vt 0.470052 0.835938
vt 0.479106 0.835938
vt 0.488770 0.835938
vt 0.499166 0.835938
vt 0.453288 0.843750
vt 0.445333 0.843750
vt 0.461487 0.843750
vt 0.470052 0.843750
vt 0.479106 0.843750
vt 0.488770 0.843750
vt 0.499166 0.843750
vt 0.453288 0.851563
vt 0.445333 0.851563
vt 0.461487 0.851563
vt 0.470052 0.851563
vt 0.479106 0.851563
vt 0.488770 0.851563
vt 0.499166 0.851563
vt 0.453288 0.859375
vt 0.445333 0.859375
vt 0.461487 0.859375
vt 0.470052 0.859375
vt 0.479106 0.859375
vt 0.488770 0.859375
vt 0.499166 0.859375
vt 0.453288 0.867187
vt 0.445333 0.867188
vt 0.461487 0.867187
vt 0.470052 0.867188
vt 0.479106 0.867187
vt 0.488770 0.867187
vt 0.499166 0.867188
vt 0.437500 0.812500
vt 0.445333 0.812500
vt 0.437500 0.820312
vt 0.453288 0.812500
vt 0.461487 0.812500
vt 0.470052 0.812500
vt 0.479106 0.812500
vt 0.488770 0.812500
vt 0.499166 0.812500
vt 0.510417 0.812500
vt 0.510417 0.820312
vt 0.510417 0.828125
vt 0.510417 0.835938
vt 0.510417 0.843750
vt 0.510417 0.851563
vt 0.510417 0.859375
vt 0.510417 0.867187
vt 0.510417 0.875000
vt 0.499166 0.875000
vt 0.488770 0.875000
vt 0.479106 0.875000
vt 0.470052 0.875000
vt 0.461487 0.875000
vt 0.453288 0.875000
vt 0.445333 0.875000
vt 0.437500 0.867187
vt 0.437500 0.875000
vt 0.437500 0.859375
vt 0.437500 0.851563
vt 0.437500 0.843750
vt 0.437500 0.835938
vt 0.437500 0.828125
vt 0.695312 0.531250
vt 0.703125 0.531250
vt 0.703125 0.562500
vt 0.695313 0.562500
vt 0.710938 0.531250
vt 0.710938 0.562500
vt 0.718750 0.531250
vt 0.718750 0.562500
vt 0.726562 0.531250
vt 0.726563 0.562500
vt 0.734375 0.531250
vt 0.734375 0.562500
vt 0.742188 0.531250
vt 0.742188 0.562500
vt 0.703125 0.593750
vt 0.695313 0.593750
vt 0.710938 0.593750
vt 0.718750 0.593750
vt 0.726563 0.593750
vt 0.734375 0.593750
vt 0.742188 0.593750
vt 0.703125 0.625000
vt 0.695313 0.625000
vt 0.710938 0.625000
vt 0.718750 0.625000
vt 0.726563 0.625000
vt 0.734375 0.625000
vt 0.742188 0.625000
vt 0.703125 0.656250
vt 0.695313 0.656250
vt 0.710938 0.656250
vt 0.718750 0.656250
vt 0.726563 0.656250
vt 0.734375 0.656250
vt 0.742188 0.656250
vt 0.703125 0.687500
vt 0.695312 0.687500
vt 0.710938 0.687500
vt 0.718750 0.687500
vt 0.726563 0.687500
vt 0.734375 0.687500
vt 0.742188 0.687500
vt 0.703125 0.718750
vt 0.695312 0.718750
vt 0.710938 0.718750
vt 0.718750 0.718750
vt 0.726563 0.718750
vt 0.734375 0.718750
vt 0.742188 0.718750
vt 0.687500 0.500000
vt 0.695313 0.500000
vt 0.687500 0.531250
vt 0.703125 0.500000
vt 0.710938 0.500000
vt 0.718750 0.500000
vt 0.726563 0.500000
vt 0.734375 0.500000
vt 0.742188 0.500000
vt 0.750000 0.500000
vt 0.750000 0.531250
vt 0.750000 0.562500
vt 0.750000 0.593750
vt 0.750000 0.625000
vt 0.750000 0.656250
vt 0.750000 0.687500
vt 0.750000 0.718750
vt 0.750000 0.750000
vt 0.742188 0.750000
vt 0.734375 0.750000
vt 0.726563 0.750000
vt 0.718750 0.750000
vt 0.710938 0.750000
vt 0.703125 0.750000
vt 0.695313 0.750000
vt 0.687500 0.718750
vt 0.687500 0.750000
vt 0.687500 0.687500
vt 0.687500 0.656250
vt 0.687500 0.625000
vt 0.687500 0.593750
vt 0.687500 0.562500
vt 0.195313 0.531250
vt 0.203125 0.531250
vt 0.203125 0.562500
vt 0.195313 0.562500
vt 0.210938 0.531250
vt 0.210938 0.562500
vt 0.218750 0.531250
vt 0.218750 0.562500
vt 0.226562 0.531250
vt 0.226563 0.562500
vt 0.234375 0.531250
vt 0.234375 0.562500
vt 0.242188 0.531250
vt 0.242188 0.562500
vt 0.203125 0.593750
vt 0.195313 0.593750
vt 0.210938 0.593750
vt 0.218750 0.593750
vt 0.226563 0.593750
vt 0.234375 0.593750
vt 0.242188 0.593750
vt 0.203125 0.625000
vt 0.195313 0.625000
vt 0.210938 0.625000
vt 0.218750 0.625000
vt 0.226563 0.625000
vt 0.234375 0.625000
vt 0.242188 0.625000
vt 0.203125 0.656250
vt 0.195313 0.656250
vt 0.210938 0.656250
vt 0.218750 0.656250
vt 0.226563 0.656250
vt 0.234375 0.656250
vt 0.242188 0.656250
vt 0.203125 0.687500
vt 0.195313 0.687500
vt 0.210938 0.687500
vt 0.218750 0.687500
vt 0.226563 0.687500
vt 0.234375 0.687500
vt 0.242188 0.687500
vt 0.203125 0.718750
vt 0.195313 0.718750
vt 0.210938 0.718750
vt 0.218750 0.718750
vt 0.226562 0.718750
vt 0.234375 0.718750
vt 0.242188 0.718750
vt 0.187500 0.500000
vt 0.195313 0.500000
vt 0.187500 0.531250
vt 0.203125 0.500000
vt 0.210938 0.500000
vt 0.218750 0.500000
vt 0.226563 0.500000
vt 0.234375 0.500000
vt 0.242188 0.500000
vt 0.250000 0.500000
vt 0.250000 0.531250
vt 0.250000 0.562500
vt 0.250000 0.593750
vt 0.250000 0.625000
vt 0.250000 0.656250
vt 0.250000 0.687500
vt 0.250000 0.718750
vt 0.250000 0.750000
vt 0.242188 0.750000
vt 0.234375 0.750000
vt 0.226563 0.750000
vt 0.218750 0.750000
vt 0.210938 0.750000
vt 0.203125 0.750000
vt 0.195313 0.750000
vt 0.187500 0.718750
vt 0.187500 0.750000
vt 0.187500 0.687500
vt 0.187500 0.656250
vt 0.187500 0.625000
vt 0.187500 0.593750
vt 0.187500 0.562500
vt 0.522603 0.820312
vt 0.535645 0.820312
vt 0.535645 0.828125
vt 0.522603 0.828125
vt 0.549418 0.820313
vt 0.549418 0.828125
vt 0.563802 0.820313
vt 0.563802 0.828125
vt 0.578674 0.820313
vt 0.578674 0.828125
vt 0.593913 0.820313
vt 0.593913 0.828125
vt 0.609395 0.820313
vt 0.609395 0.828125
vt 0.535645 0.835938
vt 0.522603 0.835938
vt 0.549418 0.835938
vt 0.563802 0.835938
vt 0.578674 0.835938
vt 0.593913 0.835938
vt 0.609395 0.835938
vt 0.535645 0.843750
vt 0.522603 0.843750
vt 0.549418 0.843750
vt 0.563802 0.843750
vt 0.578674 0.843750
vt 0.593913 0.843750
vt 0.609395 0.843750
vt 0.535645 0.851562
vt 0.522603 0.851562
vt 0.549418 0.851562
vt 0.563802 0.851562
vt 0.578674 0.851563
vt 0.593913 0.851562
vt 0.609395 0.851563
vt 0.535645 0.859375
vt 0.522603 0.859375
vt 0.549418 0.859375
vt 0.563802 0.859375
vt 0.578674 0.859375
vt 0.593913 0.859375
vt 0.609395 0.859375
vt 0.535645 0.867188
vt 0.522603 0.867188
vt 0.549418 0.867188
vt 0.563802 0.867188
vt 0.578674 0.867188
vt 0.593913 0.867188
vt 0.609396 0.867188
vt 0.510417 0.812500
vt 0.522603 0.812500
vt 0.510417 0.820313
vt 0.535645 0.812500
vt 0.549418 0.812500
vt 0.563802 0.812500
vt 0.578674 0.812500
vt 0.593913 0.812500
vt 0.609395 0.812500
vt 0.625000 0.812500
vt 0.625000 0.820313
vt 0.625000 0.828125
vt 0.625000 0.835938
vt 0.625000 0.843750
vt 0.625000 0.851563
vt 0.625000 0.859375
vt 0.625000 0.867188
vt 0.625000 0.875000
vt 0.609395 0.875000
vt 0.593913 0.875000
vt 0.578674 0.875000
vt 0.563802 0.875000
vt 0.549418 0.875000
vt 0.535645 0.875000
vt 0.522603 0.875000
vt 0.510417 0.867188
vt 0.510417 0.875000
vt 0.510417 0.859375
vt 0.510417 0.851562
vt 0.510417 0.843750
vt 0.510417 0.835938
vt 0.510417 0.828125
vt 0.522603 0.320312
vt 0.535645 0.320313
vt 0.535645 0.328125
vt 0.522603 0.328125
vt 0.549418 0.320312
vt 0.549418 0.328125
vt 0.563802 0.320313
vt 0.563802 0.328125
vt 0.578674 0.320312
vt 0.578674 0.328125
vt 0.593913 0.320313
vt 0.593913 0.328125
vt 0.609395 0.320313
vt 0.609395 0.328125
vt 0.535645 0.335938
vt 0.522603 0.335938
vt 0.549418 0.335938
vt 0.563802 0.335938
vt 0.578674 0.335938
vt 0.593913 0.335938
vt 0.609395 0.335938
vt 0.535645 0.343750
vt 0.522603 0.343750
vt 0.549418 0.343750
vt 0.563802 0.343750
vt 0.578674 0.343750
vt 0.593913 0.343750
vt 0.609395 0.343750
vt 0.535645 0.351563
vt 0.522603 0.351563
vt 0.549418 0.351562
vt 0.563802 0.351563
vt 0.578674 0.351563
vt 0.593913 0.351563
vt 0.609395 0.351562
vt 0.535645 0.359375
vt 0.522603 0.359375
vt 0.549418 0.359375
vt 0.563802 0.359375
vt 0.578674 0.359375
vt 0.593913 0.359375
vt 0.609395 0.359375
vt 0.535645 0.367188
vt 0.522603 0.367188
vt 0.549418 0.367188
vt 0.563802 0.367188
vt 0.578674 0.367188
vt 0.593913 0.367187
vt 0.609396 0.367188
vt 0.510417 0.312500
vt 0.522603 0.312500
vt 0.510417 0.320312
vt 0.535645 0.312500
vt 0.549418 0.312500
vt 0.563802 0.312500
vt 0.578674 0.312500
vt 0.593913 0.312500
vt 0.609395 0.312500
vt 0.625000 0.312500
vt 0.625000 0.320313
vt 0.625000 0.328125
vt 0.625000 0.335938
vt 0.625000 0.343750
vt 0.625000 0.351563
vt 0.625000 0.359375
vt 0.625000 0.367188
vt 0.625000 0.375000
vt 0.609395 0.375000
vt 0.593913 0.375000
vt 0.578674 0.375000
vt 0.563802 0.375000
vt 0.549418 0.375000
vt 0.535645 0.375000
vt 0.522603 0.375000
vt 0.510417 0.367188
vt 0.510417 0.375000
vt 0.510417 0.359375
vt 0.510417 0.351562
vt 0.510417 0.343750
vt 0.510417 0.335938
vt 0.510417 0.328125
vt 0.522602 0.736915
vt 0.535633 0.737176
vt 0.535641 0.752675
vt 0.522603 0.752471
vt 0.549380 0.737886
vt 0.549407 0.753231
vt 0.563711 0.739268
vt 0.563775 0.754313
vt 0.578507 0.741588
vt 0.578626 0.756079
vt 0.593695 0.745279
vt 0.593855 0.758616
vt 0.609218 0.750749
vt 0.609358 0.761911
vt 0.535644 0.765962
vt 0.522603 0.765827
vt 0.549417 0.766327
vt 0.563799 0.767039
vt 0.578668 0.768179
vt 0.593906 0.769695
vt 0.609391 0.771493
vt 0.535645 0.777425
vt 0.522603 0.777354
vt 0.549418 0.777618
vt 0.563802 0.777995
vt 0.578674 0.778595
vt 0.593913 0.779378
vt 0.609395 0.780284
vt 0.535645 0.787449
vt 0.522603 0.787419
vt 0.549418 0.787530
vt 0.563802 0.787689
vt 0.578674 0.787942
vt 0.593913 0.788273
vt 0.609395 0.788655
vt 0.535645 0.796397
vt 0.522603 0.796388
vt 0.549418 0.796421
vt 0.563802 0.796468
vt 0.578674 0.796543
vt 0.593913 0.796641
vt 0.609395 0.796754
vt 0.535645 0.804628
vt 0.522603 0.804627
vt 0.549418 0.804631
vt 0.563802 0.804637
vt 0.578674 0.804646
vt 0.593913 0.804658
vt 0.609396 0.804673
vt 0.510417 0.736878
vt 0.625000 0.757813
vt 0.625000 0.765625
vt 0.625000 0.773438
vt 0.625000 0.781250
vt 0.625000 0.789063
vt 0.625000 0.796875
vt 0.625000 0.804688
vt 0.510417 0.804626
vt 0.510417 0.796387
vt 0.510417 0.787415
vt 0.510417 0.777344
vt 0.510417 0.765808
vt 0.510417 0.752442
vt 0.630470 0.531779
vt 0.639397 0.531362
vt 0.638367 0.562663
vt 0.628734 0.563121
vt 0.647796 0.531264
vt 0.647241 0.562520
vt 0.655931 0.531250
vt 0.655653 0.562500
vt 0.663928 0.531250
vt 0.663811 0.562500
vt 0.671835 0.531250
vt 0.671800 0.562500
vt 0.679683 0.531250
vt 0.679678 0.562500
vt 0.637706 0.593862
vt 0.627741 0.594137
vt 0.646858 0.593764
vt 0.655457 0.593750
vt 0.663728 0.593750
vt 0.671776 0.593750
vt 0.679675 0.593750
vt 0.637478 0.625000
vt 0.627428 0.625000
vt 0.646715 0.625000
vt 0.655382 0.625000
vt 0.663696 0.625000
vt 0.671767 0.625000
vt 0.679674 0.625000
vt 0.637706 0.656138
vt 0.627741 0.655864
vt 0.646858 0.656236
vt 0.655457 0.656250
vt 0.663728 0.656250
vt 0.671776 0.656250
vt 0.679675 0.656250
vt 0.638367 0.687337
vt 0.628734 0.686880
vt 0.647241 0.687480
vt 0.655653 0.687500
vt 0.663811 0.687500
vt 0.671800 0.687500
vt 0.679678 0.687500
vt 0.639397 0.718638
vt 0.630470 0.718221
vt 0.647796 0.718736
vt 0.655931 0.718750
vt 0.663928 0.718750
vt 0.671835 0.718750
vt 0.679683 0.718750
vt 0.632813 0.500000
vt 0.640625 0.500000
vt 0.648438 0.500000
vt 0.656250 0.500000
vt 0.664063 0.500000
vt 0.671875 0.500000
vt 0.679688 0.500000
vt 0.679688 0.750000
vt 0.671875 0.750000
vt 0.664063 0.750000
vt 0.656250 0.750000
vt 0.648438 0.750000
vt 0.640625 0.750000
vt 0.632813 0.750000
vt 0.445333 0.736878
vt 0.453288 0.736877
vt 0.453288 0.752442
vt 0.445333 0.752441
vt 0.461487 0.736878
vt 0.461487 0.752441
vt 0.470052 0.736878
vt 0.470052 0.752441
vt 0.479106 0.736877
vt 0.479106 0.752441
vt 0.488770 0.736877
vt 0.488770 0.752441
vt 0.499166 0.736878
vt 0.499166 0.752441
vt 0.453288 0.765808
vt 0.445333 0.765808
vt 0.461487 0.765808
vt 0.470052 0.765808
vt 0.479106 0.765808
vt 0.488770 0.765808
vt 0.499166 0.765808
vt 0.453288 0.777344
vt 0.445333 0.777344
vt 0.461487 0.777344
vt 0.470052 0.777344
vt 0.479106 0.777344
vt 0.488770 0.777344
vt 0.499166 0.777344
vt 0.453288 0.787415
vt 0.445333 0.787414
vt 0.461487 0.787415
vt 0.470052 0.787415
vt 0.479106 0.787415
vt 0.488770 0.787415
vt 0.499166 0.787414
vt 0.453288 0.796387
vt 0.445333 0.796387
vt 0.461487 0.796387
vt 0.470052 0.796387
vt 0.479106 0.796387
vt 0.488770 0.796387
vt 0.499166 0.796387
vt 0.453288 0.804626
vt 0.445333 0.804627
vt 0.461487 0.804626
vt 0.470052 0.804627
vt 0.479106 0.804627
vt 0.488770 0.804626
vt 0.499166 0.804627
vt 0.437500 0.736878
vt 0.510417 0.736878
vt 0.510417 0.752441
vt 0.510417 0.765808
vt 0.510417 0.777344
vt 0.510417 0.787415
vt 0.510417 0.796387
vt 0.437500 0.804626
vt 0.437500 0.796387
vt 0.437500 0.787415
vt 0.437500 0.777344
vt 0.437500 0.765808
vt 0.437500 0.752441
vt 0.445333 0.382813
vt 0.453288 0.382812
vt 0.453288 0.390625
vt 0.445333 0.390625
vt 0.461487 0.382812
vt 0.461487 0.390625
vt 0.470052 0.382813
vt 0.470052 0.390625
vt 0.479106 0.382812
vt 0.479106 0.390625
vt 0.488770 0.382812
vt 0.488770 0.390625
vt 0.499166 0.382813
vt 0.499166 0.390625
vt 0.453288 0.398438
vt 0.445333 0.398438
vt 0.461487 0.398438
vt 0.470052 0.398438
vt 0.479106 0.398438
vt 0.488770 0.398438
vt 0.499166 0.398438
vt 0.453288 0.406250
vt 0.445333 0.406250
vt 0.461487 0.406250
vt 0.470052 0.406250
vt 0.479106 0.406250
vt 0.488770 0.406250
vt 0.499166 0.406250
vt 0.453288 0.414063
vt 0.445333 0.414063
vt 0.461487 0.414063
vt 0.470052 0.414063
vt 0.479106 0.414063
vt 0.488770 0.414063
vt 0.499166 0.414062
vt 0.453288 0.421875
vt 0.445333 0.421875
vt 0.461487 0.421875
vt 0.470052 0.421875
vt 0.479106 0.421875
vt 0.488770 0.421875
vt 0.499166 0.421875
vt 0.453288 0.429688
vt 0.445333 0.429688
vt 0.461487 0.429688
vt 0.470052 0.429688
vt 0.479106 0.429688
vt 0.488770 0.429688
vt 0.499166 0.429688
vt 0.437500 0.382812
vt 0.510417 0.382812
vt 0.510417 0.390625
vt 0.510417 0.398438
vt 0.510417 0.406250
vt 0.510417 0.414063
vt 0.510417 0.421875
vt 0.510417 0.429688
vt 0.437500 0.429688
vt 0.437500 0.421875
vt 0.437500 0.414063
vt 0.437500 0.406250
vt 0.437500 0.398438
vt 0.437500 0.390625
vt 0.257813 0.531250
vt 0.265625 0.531250
vt 0.265625 0.562500
vt 0.257813 0.562500
vt 0.273438 0.531250
vt 0.273438 0.562500
vt 0.281250 0.531250
vt 0.281250 0.562500
vt 0.289062 0.531250
vt 0.289063 0.562500
vt 0.296875 0.531250
vt 0.296875 0.562500
vt 0.304688 0.531250
vt 0.304688 0.562500
vt 0.265625 0.593750
vt 0.257812 0.593750
vt 0.273438 0.593750
vt 0.281250 0.593750
vt 0.289063 0.593750
vt 0.296875 0.593750
vt 0.304688 0.593750
vt 0.265625 0.625000
vt 0.257813 0.625000
vt 0.273438 0.625000
vt 0.281250 0.625000
vt 0.289063 0.625000
vt 0.296875 0.625000
vt 0.304688 0.625000
vt 0.265625 0.656250
vt 0.257812 0.656250
vt 0.273438 0.656250
vt 0.281250 0.656250
vt 0.289063 0.656250
vt 0.296875 0.656250
vt 0.304688 0.656250
vt 0.265625 0.687500
vt 0.257813 0.687500
vt 0.273438 0.687500
vt 0.281250 0.687500
vt 0.289063 0.687500
vt 0.296875 0.687500
vt 0.304688 0.687500
vt 0.265625 0.718750
vt 0.257813 0.718750
vt 0.273438 0.718750
vt 0.281250 0.718750
vt 0.289062 0.718750
vt 0.296875 0.718750
vt 0.304688 0.718750
vt 0.257813 0.500000
vt 0.265625 0.500000
vt 0.273438 0.500000
vt 0.281250 0.500000
vt 0.289063 0.500000
vt 0.296875 0.500000
vt 0.304688 0.500000
vt 0.304688 0.750000
vt 0.296875 0.750000
vt 0.289063 0.750000
vt 0.281250 0.750000
vt 0.273438 0.750000
vt 0.265625 0.750000
vt 0.257813 0.750000
vt 0.522603 0.382813
vt 0.535645 0.382812
vt 0.535645 0.390625
vt 0.522603 0.390625
vt 0.549418 0.382813
vt 0.549418 0.390625
vt 0.563802 0.382813
vt 0.563802 0.390625
vt 0.578674 0.382812
vt 0.578674 0.390625
vt 0.593913 0.382813
vt 0.593913 0.390625
vt 0.609395 0.382813
vt 0.609395 0.390625
vt 0.535645 0.398438
vt 0.522603 0.398438
vt 0.549418 0.398438
vt 0.563802 0.398438
vt 0.578674 0.398438
vt 0.593913 0.398438
vt 0.609395 0.398438
vt 0.535645 0.406250
vt 0.522603 0.406250
vt 0.549418 0.406250
vt 0.563802 0.406250
vt 0.578674 0.406250
vt 0.593913 0.406250
vt 0.609395 0.406250
vt 0.535645 0.414063
vt 0.522603 0.414062
vt 0.549418 0.414063
vt 0.563802 0.414062
vt 0.578674 0.414063
vt 0.593913 0.414062
vt 0.609395 0.414063
vt 0.535645 0.421875
vt 0.522603 0.421875
vt 0.549418 0.421875
vt 0.563802 0.421875
vt 0.578674 0.421875
vt 0.593913 0.421875
vt 0.609395 0.421875
vt 0.535645 0.429688
vt 0.522603 0.429688
vt 0.549418 0.429688
vt 0.563802 0.429688
vt 0.578674 0.429688
vt 0.593913 0.429688
vt 0.609396 0.429688
vt 0.510417 0.382813
vt 0.625000 0.382813
vt 0.625000 0.390625
vt 0.625000 0.398438
vt 0.625000 0.406250
vt 0.625000 0.414063
vt 0.625000 0.421875
vt 0.625000 0.429688
vt 0.510417 0.429688
vt 0.510417 0.421875
vt 0.510417 0.414063
vt 0.510417 0.406250
vt 0.510417 0.398438
vt 0.510417 0.390625
vt 0.522603 0.236915
vt 0.535645 0.237176
vt 0.535645 0.252675
vt 0.522603 0.252471
vt 0.549418 0.237886
vt 0.549418 0.253231
vt 0.563802 0.239268
vt 0.563802 0.254313
vt 0.578674 0.241589
vt 0.578674 0.256079
vt 0.593913 0.245284
vt 0.593913 0.258616
vt 0.609395 0.250760
vt 0.609395 0.261911
vt 0.535645 0.265962
vt 0.522603 0.265827
vt 0.549418 0.266327
vt 0.563802 0.267039
vt 0.578674 0.268179
vt 0.593913 0.269695
vt 0.609395 0.271493
vt 0.535645 0.277425
vt 0.522603 0.277354
vt 0.549418 0.277618
vt 0.563802 0.277995
vt 0.578674 0.278595
vt 0.593913 0.279378
vt 0.609395 0.280284
vt 0.535645 0.287449
vt 0.522603 0.287419
vt 0.549418 0.287530
vt 0.563802 0.287689
vt 0.578674 0.287942
vt 0.593913 0.288273
vt 0.609395 0.288655
vt 0.535645 0.296397
vt 0.522603 0.296388
vt 0.549418 0.296421
vt 0.563802 0.296468
vt 0.578674 0.296543
vt 0.593913 0.296641
vt 0.609395 0.296754
vt 0.535645 0.304628
vt 0.522603 0.304627
vt 0.549418 0.304631
vt 0.563802 0.304637
vt 0.578674 0.304646
vt 0.593913 0.304658
vt 0.609396 0.304672
vt 0.510417 0.236877
vt 0.625000 0.257813
vt 0.625000 0.265625
vt 0.625000 0.273438
vt 0.625000 0.281250
vt 0.625000 0.289063
vt 0.625000 0.296875
vt 0.625000 0.304688
vt 0.510417 0.304626
vt 0.510417 0.296387
vt 0.510417 0.287415
vt 0.510417 0.277344
vt 0.510417 0.265808
vt 0.510417 0.252441
vt 0.132813 0.531250
vt 0.140625 0.531250
vt 0.140625 0.562500
vt 0.132813 0.562500
vt 0.148438 0.531250
vt 0.148438 0.562500
vt 0.156250 0.531250
vt 0.156250 0.562500
vt 0.164063 0.531250
vt 0.164063 0.562500
vt 0.171875 0.531250
vt 0.171875 0.562500
vt 0.179688 0.531250
vt 0.179688 0.562500
vt 0.140625 0.593750
vt 0.132812 0.593750
vt 0.148438 0.593750
vt 0.156250 0.593750
vt 0.164063 0.593750
vt 0.171875 0.593750
vt 0.179687 0.593750
vt 0.140625 0.625000
vt 0.132813 0.625000
vt 0.148438 0.625000
vt 0.156250 0.625000
vt 0.164063 0.625000
vt 0.171875 0.625000
vt 0.179688 0.625000
vt 0.140625 0.656250
vt 0.132812 0.656250
vt 0.148438 0.656250
vt 0.156250 0.656250
vt 0.164063 0.656250
vt 0.171875 0.656250
vt 0.179687 0.656250
vt 0.140625 0.687500
vt 0.132813 0.687500
vt 0.148438 0.687500
vt 0.156250 0.687500
vt 0.164063 0.687500
vt 0.171875 0.687500
vt 0.179688 0.687500
vt 0.140625 0.718750
vt 0.132813 0.718750
vt 0.148438 0.718750
vt 0.156250 0.718750
vt 0.164063 0.718750
vt 0.171875 0.718750
vt 0.179688 0.718750
vt 0.125000 0.500000
vt 0.132813 0.500000
vt 0.125000 0.531250
vt 0.140625 0.500000
vt 0.148438 0.500000
vt 0.156250 0.500000
vt 0.164063 0.500000
vt 0.171875 0.500000
vt 0.179688 0.500000
vt 0.179688 0.750000
vt 0.171875 0.750000
vt 0.164063 0.750000
vt 0.156250 0.750000
vt 0.148438 0.750000
vt 0.140625 0.750000
vt 0.132813 0.750000
vt 0.125000 0.718750
vt 0.125000 0.750000
vt 0.125000 0.687500
vt 0.125000 0.656250
vt 0.125000 0.625000
vt 0.125000 0.593750
vt 0.125000 0.562500
vt 0.445333 0.236877
vt 0.453288 0.236877
vt 0.453288 0.252441
vt 0.445333 0.252441
vt 0.461487 0.236877
vt 0.461487 0.252441
vt 0.470052 0.236877
vt 0.470052 0.252441
vt 0.479106 0.236877
vt 0.479106 0.252441
vt 0.488770 0.236877
vt 0.488770 0.252441
vt 0.499166 0.236877
vt 0.499166 0.252441
vt 0.453288 0.265808
vt 0.445333 0.265808
vt 0.461487 0.265808
vt 0.470052 0.265808
vt 0.479106 0.265808
vt 0.488770 0.265808
vt 0.499166 0.265808
vt 0.453288 0.277344
vt 0.445333 0.277344
vt 0.461487 0.277344
vt 0.470052 0.277344
vt 0.479106 0.277344
vt 0.488770 0.277344
vt 0.499166 0.277344
vt 0.453288 0.287415
vt 0.445333 0.287415
vt 0.461487 0.287415
vt 0.470052 0.287415
vt 0.479106 0.287415
vt 0.488770 0.287415
vt 0.499166 0.287415
vt 0.453288 0.296387
vt 0.445333 0.296387
vt 0.461487 0.296387
vt 0.470052 0.296387
vt 0.479106 0.296387
vt 0.488770 0.296387
vt 0.499166 0.296387
vt 0.453288 0.304626
vt 0.445333 0.304626
vt 0.461487 0.304627
vt 0.470052 0.304626
vt 0.479106 0.304626
vt 0.488770 0.304627
vt 0.499166 0.304626
vt 0.437500 0.218750
vt 0.445333 0.218750
vt 0.437500 0.236877
vt 0.453288 0.218750
vt 0.470052 0.218750
vt 0.479106 0.218750
vt 0.488770 0.218750
vt 0.499166 0.218750
vt 0.510417 0.218750
vt 0.510417 0.236877
vt 0.510417 0.252441
vt 0.510417 0.277344
vt 0.510417 0.287415
vt 0.510417 0.296387
vt 0.510417 0.304626
vt 0.437500 0.304626
vt 0.437500 0.296387
vt 0.437500 0.287415
vt 0.437500 0.277344
vt 0.437500 0.265808
vt 0.437500 0.252441
vt 0.445333 0.882813
vt 0.453288 0.882813
vt 0.453288 0.890625
vt 0.445333 0.890625
vt 0.461487 0.882813
vt 0.461487 0.890625
vt 0.470052 0.882813
vt 0.470052 0.890625
vt 0.479106 0.882813
vt 0.479106 0.890625
vt 0.488770 0.882813
vt 0.488770 0.890625
vt 0.499166 0.882813
vt 0.499166 0.890625
vt 0.453288 0.898438
vt 0.445333 0.898438
vt 0.461487 0.898438
vt 0.470052 0.898438
vt 0.479106 0.898438
vt 0.488770 0.898438
vt 0.499166 0.898438
vt 0.453288 0.906250
vt 0.445333 0.906250
vt 0.461487 0.906250
vt 0.470052 0.906250
vt 0.479106 0.906250
vt 0.488770 0.906250
vt 0.499166 0.906250
vt 0.453288 0.914063
vt 0.445333 0.914062
vt 0.461487 0.914063
vt 0.470052 0.914063
vt 0.479106 0.914063
vt 0.488770 0.914063
vt 0.499166 0.914062
vt 0.453288 0.921875
vt 0.445333 0.921875
vt 0.461487 0.921875
vt 0.470052 0.921875
vt 0.479106 0.921875
vt 0.488770 0.921875
vt 0.499166 0.921875
vt 0.453288 0.929688
vt 0.445333 0.929688
vt 0.461487 0.929688
vt 0.470052 0.929688
vt 0.479106 0.929688
vt 0.488770 0.929688
vt 0.499166 0.929688
vt 0.437500 0.882813
vt 0.510417 0.882813
vt 0.510417 0.890625
vt 0.510417 0.898438
vt 0.510417 0.906250
vt 0.510417 0.914063
vt 0.510417 0.921875
vt 0.510417 0.929688
vt 0.510417 0.937500
vt 0.499166 0.937500
vt 0.479106 0.937500
vt 0.470052 0.937500
vt 0.445333 0.937500
vt 0.437500 0.929688
vt 0.437500 0.937500
vt 0.437500 0.921875
vt 0.437500 0.914063
vt 0.437500 0.906250
vt 0.437500 0.898438
vt 0.437500 0.890625
vt 0.757813 0.531250
vt 0.765625 0.531250
vt 0.765625 0.562500
vt 0.757812 0.562500
vt 0.773438 0.531250
vt 0.773438 0.562500
vt 0.781250 0.531250
vt 0.781250 0.562500
vt 0.789062 0.531250
vt 0.789063 0.562500
vt 0.796875 0.531250
vt 0.796875 0.562500
vt 0.804688 0.531250
vt 0.804688 0.562500
vt 0.765625 0.593750
vt 0.757813 0.593750
vt 0.773438 0.593750
vt 0.781250 0.593750
vt 0.789062 0.593750
vt 0.796875 0.593750
vt 0.804688 0.593750
vt 0.765625 0.625000
vt 0.757812 0.625000
vt 0.773438 0.625000
vt 0.781250 0.625000
vt 0.789063 0.625000
vt 0.796875 0.625000
vt 0.804688 0.625000
vt 0.765625 0.656250
vt 0.757813 0.656250
vt 0.773438 0.656250
vt 0.781250 0.656250
vt 0.789062 0.656250
vt 0.796875 0.656250
vt 0.804688 0.656250
vt 0.765625 0.687500
vt 0.757813 0.687500
vt 0.773438 0.687500
vt 0.781250 0.687500
vt 0.789063 0.687500
vt 0.796875 0.687500
vt 0.804688 0.687500
vt 0.765625 0.718750
vt 0.757813 0.718750
vt 0.773438 0.718750
vt 0.781250 0.718750
vt 0.789063 0.718750
vt 0.796875 0.718750
vt 0.804688 0.718750
vt 0.757813 0.500000
vt 0.765625 0.500000
vt 0.773438 0.500000
vt 0.781250 0.500000
vt 0.789063 0.500000
vt 0.796875 0.500000
vt 0.804688 0.500000
vt 0.804688 0.750000
vt 0.796875 0.750000
vt 0.789063 0.750000
vt 0.781250 0.750000
vt 0.773438 0.750000
vt 0.765625 0.750000
vt 0.757813 0.750000
vt 0.522603 0.882813
vt 0.535645 0.882813
vt 0.535645 0.890625
vt 0.522603 0.890625
vt 0.549418 0.882813
vt 0.549418 0.890625
vt 0.563802 0.882813
vt 0.563802 0.890625
vt 0.578674 0.882813
vt 0.578674 0.890625
vt 0.593913 0.882813
vt 0.593913 0.890625
vt 0.609395 0.882813
vt 0.609395 0.890625
vt 0.535645 0.898438
vt 0.522603 0.898438
vt 0.549418 0.898438
vt 0.563802 0.898438
vt 0.578674 0.898438
vt 0.593913 0.898438
vt 0.609395 0.898438
vt 0.535645 0.906250
vt 0.522603 0.906250
vt 0.549418 0.906250
vt 0.563802 0.906250
vt 0.578674 0.906250
vt 0.593913 0.906250
vt 0.609395 0.906250
vt 0.535645 0.914063
vt 0.522603 0.914063
vt 0.549418 0.914063
vt 0.563802 0.914063
vt 0.578674 0.914062
vt 0.593913 0.914063
vt 0.609395 0.914063
vt 0.535645 0.921875
vt 0.522603 0.921875
vt 0.549418 0.921875
vt 0.563802 0.921875
vt 0.578674 0.921875
vt 0.593913 0.921875
vt 0.609395 0.921875
vt 0.535645 0.929688
vt 0.522603 0.929688
vt 0.549418 0.929688
vt 0.563802 0.929688
vt 0.578674 0.929688
vt 0.593913 0.929688
vt 0.609396 0.929688
vt 0.510417 0.882813
vt 0.625000 0.882813
vt 0.625000 0.890625
vt 0.625000 0.898438
vt 0.625000 0.906250
vt 0.625000 0.914063
vt 0.625000 0.921875
vt 0.625000 0.929688
vt 0.510417 0.929688
vt 0.510417 0.921875
vt 0.510417 0.914063
vt 0.510417 0.906250
vt 0.510417 0.898438
vt 0.510417 0.890625
vt 0.382813 0.882813
vt 0.390625 0.882813
vt 0.390625 0.890625
vt 0.382813 0.890625
vt 0.398438 0.882813
vt 0.398438 0.890625
vt 0.406250 0.882813
vt 0.406250 0.890625
vt 0.414063 0.882813
vt 0.414063 0.890625
vt 0.421875 0.882813
vt 0.421875 0.890625
vt 0.429688 0.882813
vt 0.429688 0.890625
vt 0.390625 0.898438
vt 0.382812 0.898438
vt 0.398438 0.898438
vt 0.406250 0.898438
vt 0.414063 0.898438
vt 0.421875 0.898438
vt 0.429688 0.898438
vt 0.390625 0.906250
vt 0.382813 0.906250
vt 0.398438 0.906250
vt 0.406250 0.906250
vt 0.414063 0.906250
vt 0.421875 0.906250
vt 0.429688 0.906250
vt 0.390625 0.914063
vt 0.382812 0.914063
vt 0.398438 0.914062
vt 0.406250 0.914063
vt 0.414063 0.914063
vt 0.421875 0.914063
vt 0.429688 0.914063
vt 0.390625 0.921875
vt 0.382813 0.921875
vt 0.398438 0.921875
vt 0.406250 0.921875
vt 0.414063 0.921875
vt 0.421875 0.921875
vt 0.429688 0.921875
vt 0.390625 0.929688
vt 0.382813 0.929688
vt 0.398438 0.929688
vt 0.406250 0.929688
vt 0.414063 0.929688
vt 0.421875 0.929688
vt 0.429688 0.929688
vt 0.375000 0.875000
vt 0.382813 0.875000
vt 0.375000 0.882813
vt 0.390625 0.875000
vt 0.398438 0.875000
vt 0.406250 0.875000
vt 0.414063 0.875000
vt 0.421875 0.875000
vt 0.429688 0.875000
vt 0.437500 0.875000
vt 0.437500 0.882813
vt 0.437500 0.890625
vt 0.437500 0.898438
vt 0.437500 0.906250
vt 0.437500 0.921875
vt 0.437500 0.929688
vt 0.429688 0.937500
vt 0.421875 0.937500
vt 0.414063 0.937500
vt 0.406250 0.937500
vt 0.398438 0.937500
vt 0.390625 0.937500
vt 0.382813 0.937500
vt 0.375000 0.929688
vt 0.375000 0.937500
vt 0.375000 0.921875
vt 0.375000 0.914063
vt 0.375000 0.906250
vt 0.375000 0.898438
vt 0.375000 0.890625
vt 0.382813 0.250760
vt 0.390625 0.245284
vt 0.390625 0.258616
vt 0.382813 0.261911
vt 0.398438 0.241589
vt 0.398438 0.256079
vt 0.406250 0.239268
vt 0.406250 0.254313
vt 0.414063 0.237886
vt 0.414063 0.253231
vt 0.421875 0.237176
vt 0.421875 0.252675
vt 0.429688 0.236915
vt 0.429688 0.252471
vt 0.390625 0.269695
vt 0.382812 0.271493
vt 0.398438 0.268179
vt 0.406250 0.267039
vt 0.414063 0.266327
vt 0.421875 0.265962
vt 0.429688 0.265827
vt 0.390625 0.279378
vt 0.382813 0.280284
vt 0.398438 0.278595
vt 0.406250 0.277995
vt 0.414063 0.277618
vt 0.421875 0.277425
vt 0.429688 0.277354
vt 0.390625 0.288273
vt 0.382812 0.288655
vt 0.398438 0.287942
vt 0.406250 0.287689
vt 0.414063 0.287530
vt 0.421875 0.287449
vt 0.429688 0.287419
vt 0.390625 0.296641
vt 0.382813 0.296754
vt 0.398438 0.296543
vt 0.406250 0.296468
vt 0.414063 0.296421
vt 0.421875 0.296397
vt 0.429688 0.296388
vt 0.390625 0.304658
vt 0.382813 0.304672
vt 0.398438 0.304646
vt 0.406250 0.304637
vt 0.414063 0.304631
vt 0.421875 0.304628
vt 0.429688 0.304627
vt 0.375000 0.250000
vt 0.382813 0.235230
vt 0.375000 0.257813
vt 0.390625 0.228190
vt 0.398438 0.223918
vt 0.406250 0.221354
vt 0.414063 0.219849
vt 0.421875 0.219076
vt 0.429688 0.218791
vt 0.437500 0.252441
vt 0.437500 0.265808
vt 0.437500 0.277344
vt 0.437500 0.296387
vt 0.437500 0.304626
vt 0.437500 0.312500
vt 0.429688 0.312500
vt 0.421875 0.312500
vt 0.414063 0.312500
vt 0.406250 0.312500
vt 0.398438 0.312500
vt 0.390625 0.312500
vt 0.382813 0.312500
vt 0.375000 0.304688
vt 0.375000 0.312500
vt 0.375000 0.296875
vt 0.375000 0.289063
vt 0.375000 0.281250
vt 0.375000 0.273438
vt 0.375000 0.265625
vt 0.382813 0.382813
vt 0.390625 0.382813
vt 0.390625 0.390625
vt 0.382813 0.390625
vt 0.398438 0.382812
vt 0.398438 0.390625
vt 0.406250 0.382813
vt 0.406250 0.390625
vt 0.414063 0.382813
vt 0.414063 0.390625
vt 0.421875 0.382812
vt 0.421875 0.390625
vt 0.429688 0.382813
vt 0.429688 0.390625
vt 0.390625 0.398438
vt 0.382812 0.398438
vt 0.398438 0.398438
vt 0.406250 0.398438
vt 0.414063 0.398438
vt 0.421875 0.398438
vt 0.429688 0.398438
vt 0.390625 0.406250
vt 0.382813 0.406250
vt 0.398438 0.406250
vt 0.406250 0.406250
vt 0.414063 0.406250
vt 0.421875 0.406250
vt 0.429688 0.406250
vt 0.390625 0.414062
vt 0.382812 0.414063
vt 0.398438 0.414063
vt 0.406250 0.414063
vt 0.414063 0.414062
vt 0.421875 0.414063
vt 0.429688 0.414063
vt 0.390625 0.421875
vt 0.382813 0.421875
vt 0.398438 0.421875
vt 0.406250 0.421875
vt 0.414063 0.421875
vt 0.421875 0.421875
vt 0.429688 0.421875
vt 0.390625 0.429688
vt 0.382813 0.429688
vt 0.398438 0.429688
vt 0.406250 0.429688
vt 0.414063 0.429688
vt 0.421875 0.429688
vt 0.429688 0.429688
vt 0.375000 0.375000
vt 0.382813 0.375000
vt 0.375000 0.382813
vt 0.390625 0.375000
vt 0.398438 0.375000
vt 0.406250 0.375000
vt 0.414063 0.375000
vt 0.421875 0.375000
vt 0.429688 0.375000
vt 0.437500 0.375000
vt 0.437500 0.382813
vt 0.437500 0.390625
vt 0.437500 0.398438
vt 0.437500 0.406250
vt 0.437500 0.421875
vt 0.437500 0.429688
vt 0.437500 0.437500
vt 0.429688 0.437500
vt 0.421875 0.437500
vt 0.414063 0.437500
vt 0.406250 0.437500
vt 0.398438 0.437500
vt 0.390625 0.437500
vt 0.382813 0.437500
vt 0.375000 0.429688
vt 0.375000 0.437500
vt 0.375000 0.421875
vt 0.375000 0.414063
vt 0.375000 0.406250
vt 0.375000 0.398438
vt 0.375000 0.390625
vt 0.382813 0.750749
vt 0.390625 0.745279
vt 0.390625 0.758616
vt 0.382813 0.761911
vt 0.398438 0.741588
vt 0.398438 0.756079
vt 0.406250 0.739268
vt 0.406250 0.754313
vt 0.414063 0.737886
vt 0.414063 0.753231
vt 0.421875 0.737176
vt 0.421875 0.752675
vt 0.429688 0.736915
vt 0.429688 0.752471
vt 0.390625 0.769695
vt 0.382812 0.771493
vt 0.398438 0.768179
vt 0.406250 0.767039
vt 0.414063 0.766327
vt 0.421875 0.765962
vt 0.429688 0.765827
vt 0.390625 0.779378
vt 0.382813 0.780284
vt 0.398438 0.778595
vt 0.406250 0.777995
vt 0.414063 0.777618
vt 0.421875 0.777425
vt 0.429688 0.777354
vt 0.390625 0.788273
vt 0.382812 0.788655
vt 0.398438 0.787942
vt 0.406250 0.787689
vt 0.414063 0.787530
vt 0.421875 0.787449
vt 0.429688 0.787419
vt 0.390625 0.796641
vt 0.382813 0.796754
vt 0.398438 0.796543
vt 0.406250 0.796468
vt 0.414063 0.796421
vt 0.421875 0.796397
vt 0.429688 0.796388
vt 0.390625 0.804658
vt 0.382813 0.804672
vt 0.398438 0.804646
vt 0.406250 0.804637
vt 0.414063 0.804631
vt 0.421875 0.804628
vt 0.429688 0.804627
vt 0.382813 0.735082
vt 0.375000 0.757813
vt 0.390625 0.728149
vt 0.398438 0.723913
vt 0.406250 0.721354
vt 0.414063 0.719849
vt 0.421875 0.719076
vt 0.429688 0.718791
vt 0.437500 0.718750
vt 0.437500 0.736878
vt 0.437500 0.752442
vt 0.437500 0.765808
vt 0.437500 0.777344
vt 0.437500 0.787415
vt 0.437500 0.796387
vt 0.437500 0.812500
vt 0.429688 0.812500
vt 0.421875 0.812500
vt 0.414063 0.812500
vt 0.406250 0.812500
vt 0.398438 0.812500
vt 0.390625 0.812500
vt 0.382813 0.812500
vt 0.375000 0.804688
vt 0.375000 0.812500
vt 0.375000 0.796875
vt 0.375000 0.789063
vt 0.375000 0.781250
vt 0.375000 0.773438
vt 0.375000 0.765625
vt 0.382813 0.820313
vt 0.390625 0.820313
vt 0.390625 0.828125
vt 0.382813 0.828125
vt 0.398438 0.820313
vt 0.398438 0.828125
vt 0.406250 0.820313
vt 0.406250 0.828125
vt 0.414063 0.820312
vt 0.414063 0.828125
vt 0.421875 0.820312
vt 0.421875 0.828125
vt 0.429688 0.820313
vt 0.429688 0.828125
vt 0.390625 0.835938
vt 0.382812 0.835938
vt 0.398438 0.835938
vt 0.406250 0.835938
vt 0.414063 0.835938
vt 0.421875 0.835938
vt 0.429688 0.835938
vt 0.390625 0.843750
vt 0.382813 0.843750
vt 0.398438 0.843750
vt 0.406250 0.843750
vt 0.414063 0.843750
vt 0.421875 0.843750
vt 0.429688 0.843750
vt 0.390625 0.851562
vt 0.382812 0.851563
vt 0.398438 0.851563
vt 0.406250 0.851562
vt 0.414063 0.851562
vt 0.421875 0.851562
vt 0.429688 0.851562
vt 0.390625 0.859375
vt 0.382813 0.859375
vt 0.398438 0.859375
vt 0.406250 0.859375
vt 0.414063 0.859375
vt 0.421875 0.859375
vt 0.429688 0.859375
vt 0.390625 0.867188
vt 0.382813 0.867188
vt 0.398438 0.867188
vt 0.406250 0.867188
vt 0.414063 0.867188
vt 0.421875 0.867188
vt 0.429688 0.867188
vt 0.375000 0.820313
vt 0.437500 0.820313
vt 0.437500 0.828125
vt 0.437500 0.835938
vt 0.437500 0.843750
vt 0.437500 0.851562
vt 0.437500 0.859375
vt 0.437500 0.867188
vt 0.375000 0.867188
vt 0.375000 0.859375
vt 0.375000 0.851563
vt 0.375000 0.843750
vt 0.375000 0.835938
vt 0.375000 0.828125
vt 0.382813 0.320313
vt 0.390625 0.320313
vt 0.390625 0.328125
vt 0.382813 0.328125
vt 0.398438 0.320312
vt 0.398438 0.328125
vt 0.406250 0.320312
vt 0.406250 0.328125
vt 0.414063 0.320312
vt 0.414063 0.328125
vt 0.421875 0.320313
vt 0.421875 0.328125
vt 0.429688 0.320312
vt 0.429688 0.328125
vt 0.390625 0.335938
vt 0.382812 0.335938
vt 0.398438 0.335938
vt 0.406250 0.335938
vt 0.414063 0.335938
vt 0.421875 0.335938
vt 0.429688 0.335938
vt 0.390625 0.343750
vt 0.382813 0.343750
vt 0.398438 0.343750
vt 0.406250 0.343750
vt 0.414063 0.343750
vt 0.421875 0.343750
vt 0.429688 0.343750
vt 0.390625 0.351563
vt 0.382812 0.351562
vt 0.398438 0.351563
vt 0.406250 0.351562
vt 0.414063 0.351563
vt 0.421875 0.351563
vt 0.429688 0.351562
vt 0.390625 0.359375
vt 0.382813 0.359375
vt 0.398438 0.359375
vt 0.406250 0.359375
vt 0.414063 0.359375
vt 0.421875 0.359375
vt 0.429688 0.359375
vt 0.390625 0.367188
vt 0.382813 0.367187
vt 0.398438 0.367188
vt 0.406250 0.367188
vt 0.414063 0.367188
vt 0.421875 0.367188
vt 0.429688 0.367188
vt 0.375000 0.320313
vt 0.437500 0.328125
vt 0.437500 0.335938
vt 0.437500 0.343750
vt 0.437500 0.351562
vt 0.437500 0.359375
vt 0.437500 0.367188
vt 0.375000 0.367188
vt 0.375000 0.359375
vt 0.375000 0.351563
vt 0.375000 0.343750
vt 0.375000 0.335938
vt 0.375000 0.328125
vt 0.382813 0.031235
vt 0.390625 0.031221
vt 0.390625 0.062266
vt 0.382813 0.062379
vt 0.398438 0.031209
vt 0.398438 0.062168
vt 0.406250 0.031199
vt 0.406250 0.062093
vt 0.414063 0.031193
vt 0.414063 0.062046
vt 0.421875 0.031190
vt 0.421875 0.062022
vt 0.429688 0.031189
vt 0.429688 0.062013
vt 0.390625 0.092960
vt 0.382812 0.093342
vt 0.398438 0.092630
vt 0.406250 0.092377
vt 0.414063 0.092218
vt 0.421875 0.092136
vt 0.429688 0.092106
vt 0.390625 0.123128
vt 0.382813 0.124034
vt 0.398438 0.122345
vt 0.406250 0.121745
vt 0.414063 0.121368
vt 0.421875 0.121175
vt 0.429688 0.121104
vt 0.390625 0.152508
vt 0.382812 0.154306
vt 0.398438 0.150991
vt 0.406250 0.149851
vt 0.414063 0.149140
vt 0.421875 0.148774
vt 0.429688 0.148640
vt 0.390625 0.180491
vt 0.382813 0.183786
vt 0.398438 0.177954
vt 0.406250 0.176188
vt 0.414063 0.175106
vt 0.421875 0.174550
vt 0.429688 0.174346
vt 0.390625 0.206221
vt 0.382813 0.211697
vt 0.398438 0.202526
vt 0.406250 0.200205
vt 0.414063 0.198823
vt 0.421875 0.198114
vt 0.429688 0.197852
vt 0.375000 0.000000
vt 0.382813 0.000000
vt 0.375000 0.031250
vt 0.390625 0.000000
vt 0.398438 0.000000
vt 0.406250 0.000000
vt 0.414063 0.000000
vt 0.421875 0.000000
vt 0.429688 0.000000
vt 0.375000 0.218750
vt 0.375000 0.187500
vt 0.375000 0.156250
vt 0.375000 0.125000
vt 0.375000 0.093750
vt 0.375000 0.062500
vt 0.382813 0.445328
vt 0.390625 0.445342
vt 0.390625 0.453359
vt 0.382813 0.453246
vt 0.398438 0.445354
vt 0.398438 0.453457
vt 0.406250 0.445363
vt 0.406250 0.453532
vt 0.414063 0.445369
vt 0.414063 0.453579
vt 0.421875 0.445372
vt 0.421875 0.453603
vt 0.429688 0.445373
vt 0.429688 0.453612
vt 0.390625 0.461727
vt 0.382812 0.461345
vt 0.398438 0.462058
vt 0.406250 0.462311
vt 0.414063 0.462470
vt 0.421875 0.462551
vt 0.429688 0.462581
vt 0.390625 0.470622
vt 0.382813 0.469716
vt 0.398438 0.471405
vt 0.406250 0.472005
vt 0.414063 0.472382
vt 0.421875 0.472575
vt 0.429688 0.472646
vt 0.390625 0.480305
vt 0.382812 0.478507
vt 0.398438 0.481821
vt 0.406250 0.482961
vt 0.414063 0.483673
vt 0.421875 0.484038
vt 0.429688 0.484173
vt 0.390625 0.491384
vt 0.382813 0.488089
vt 0.398438 0.493921
vt 0.406250 0.495687
vt 0.414063 0.496769
vt 0.421875 0.497325
vt 0.429688 0.497529
vt 0.390625 0.504721
vt 0.382813 0.499251
vt 0.398438 0.508412
vt 0.406250 0.510732
vt 0.414063 0.512114
vt 0.421875 0.512824
vt 0.429688 0.513085
vt 0.375000 0.445313
vt 0.437500 0.445374
vt 0.437500 0.453613
vt 0.437500 0.462585
vt 0.437500 0.472656
vt 0.437500 0.484192
vt 0.437500 0.497559
vt 0.437500 0.513123
vt 0.437500 0.531250
vt 0.429688 0.531209
vt 0.421875 0.530925
vt 0.414063 0.530151
vt 0.406250 0.528646
vt 0.398438 0.526088
vt 0.390625 0.521851
vt 0.382813 0.514918
vt 0.375000 0.492188
vt 0.375000 0.484375
vt 0.375000 0.476563
vt 0.375000 0.468750
vt 0.375000 0.460938
vt 0.375000 0.453125
vt 0.382813 0.538828
vt 0.390625 0.543867
vt 0.390625 0.569438
vt 0.382813 0.566714
vt 0.398438 0.547447
vt 0.398438 0.571734
vt 0.406250 0.549744
vt 0.406250 0.573405
vt 0.414063 0.551120
vt 0.414063 0.574440
vt 0.421875 0.551827
vt 0.421875 0.574972
vt 0.429688 0.552087
vt 0.429688 0.575167
vt 0.390625 0.596815
vt 0.382812 0.595673
vt 0.398438 0.597903
vt 0.406250 0.598775
vt 0.414063 0.599328
vt 0.421875 0.599612
vt 0.429688 0.599717
vt 0.390625 0.625000
vt 0.382813 0.625000
vt 0.398438 0.625000
vt 0.406250 0.625000
vt 0.414063 0.625000
vt 0.421875 0.625000
vt 0.429688 0.625000
vt 0.390625 0.653186
vt 0.382812 0.654327
vt 0.398438 0.652097
vt 0.406250 0.651225
vt 0.414063 0.650672
vt 0.421875 0.650388
vt 0.429688 0.650284
vt 0.390625 0.680562
vt 0.382813 0.683286
vt 0.398438 0.678266
vt 0.406250 0.676595
vt 0.414063 0.675560
vt 0.421875 0.675029
vt 0.429688 0.674833
vt 0.390625 0.706134
vt 0.382813 0.711172
vt 0.398438 0.702553
vt 0.406250 0.700256
vt 0.414063 0.698880
vt 0.421875 0.698174
vt 0.429688 0.697913
vt 0.437500 0.575195
vt 0.437500 0.599731
vt 0.437500 0.625000
vt 0.437500 0.650269
vt 0.437500 0.674805
vt 0.437500 0.697876
vt 0.382813 0.945312
vt 0.390625 0.945313
vt 0.390625 0.953125
vt 0.382813 0.953125
vt 0.398438 0.945312
vt 0.398438 0.953125
vt 0.406250 0.945313
vt 0.406250 0.953125
vt 0.414063 0.945313
vt 0.414063 0.953125
vt 0.421875 0.945313
vt 0.421875 0.953125
vt 0.429688 0.945313
vt 0.429688 0.953125
vt 0.390625 0.960938
vt 0.382812 0.960938
vt 0.398438 0.960938
vt 0.406250 0.960938
vt 0.414063 0.960938
vt 0.421875 0.960938
vt 0.429688 0.960938
vt 0.390625 0.968750
vt 0.382813 0.968750
vt 0.398438 0.968750
vt 0.406250 0.968750
vt 0.414063 0.968750
vt 0.421875 0.968750
vt 0.429688 0.968750
vt 0.390625 0.976563
vt 0.382812 0.976562
vt 0.398438 0.976563
vt 0.406250 0.976563
vt 0.414063 0.976563
vt 0.421875 0.976563
vt 0.429688 0.976563
vt 0.390625 0.984375
vt 0.382813 0.984375
vt 0.398438 0.984375
vt 0.406250 0.984375
vt 0.414063 0.984375
vt 0.421875 0.984375
vt 0.429688 0.984375
vt 0.390625 0.992188
vt 0.382813 0.992188
vt 0.398438 0.992188
vt 0.406250 0.992188
vt 0.414062 0.992188
vt 0.421875 0.992188
vt 0.429688 0.992188
vt 0.375000 0.945313
vt 0.429688 1.000000
vt 0.421875 1.000000
vt 0.414063 1.000000
vt 0.406250 1.000000
vt 0.398438 1.000000
vt 0.390625 1.000000
vt 0.382813 1.000000
vt 0.375000 0.992188
vt 0.375000 1.000000
vt 0.375000 0.984375
vt 0.375000 0.976563
vt 0.375000 0.968750
vt 0.375000 0.960938
vt 0.375000 0.953125
s 0
usemtl t1
f 605/57/25 606/58/25 613/59/25 612/60/25
f 606/58/26 607/61/26 614/62/26 613/59/26
f 607/61/27 608/63/27 615/64/27 614/62/27
f 608/63/28 609/65/28 616/66/28 615/64/28
f 609/65/29 610/67/29 617/68/29 616/66/29
f 610/67/30 611/69/30 618/70/30 617/68/30
f 612/60/31 613/59/31 620/71/31 619/72/31
f 613/59/32 614/62/32 621/73/32 620/71/32
f 614/62/33 615/64/33 622/74/33 621/73/33
f 615/64/34 616/66/34 623/75/34 622/74/34
f 616/66/35 617/68/35 624/76/35 623/75/35
f 617/68/36 618/70/36 625/77/36 624/76/36
f 619/72/37 620/71/37 627/78/37 626/79/37
f 620/71/38 621/73/38 628/80/38 627/78/38
f 621/73/39 622/74/39 629/81/39 628/80/39
f 622/74/40 623/75/40 630/82/40 629/81/40
f 623/75/41 624/76/41 631/83/41 630/82/41
f 624/76/42 625/77/42 632/84/42 631/83/42
f 626/79/43 627/78/43 634/85/43 633/86/43
f 627/78/44 628/80/44 635/87/44 634/85/44
f 628/80/45 629/81/45 636/88/45 635/87/45
f 629/81/46 630/82/46 637/89/46 636/88/46
f 630/82/47 631/83/47 638/90/47 637/89/47
f 631/83/48 632/84/48 639/91/48 638/90/48
f 633/86/49 634/85/49 641/92/49 640/93/49
f 634/85/50 635/87/50 642/94/50 641/92/50
f 635/87/51 636/88/51 643/95/51 642/94/51
f 636/88/52 637/89/52 644/96/52 643/95/52
f 637/89/53 638/90/53 645/97/53 644/96/53
f 638/90/54 639/91/54 646/98/54 645/97/54
f 640/93/55 641/92/55 648/99/55 647/100/55
f 641/92/56 642/94/56 649/101/56 648/99/56
f 642/94/57 643/95/57 650/102/57 649/101/57
f 643/95/58 644/96/58 651/103/58 650/102/58
f 644/96/59 645/97/59 652/104/59 651/103/59
f 645/97/60 646/98/60 653/105/60 652/104/60
f 41/106/61 80/107/61 605/57/61 206/108/61
f 80/107/62 81/109/62 606/58/62 605/57/62
f 81/109/63 82/110/63 607/61/63 606/58/63
f 82/110/64 83/111/64 608/63/64 607/61/64
f 83/111/65 84/112/65 609/65/65 608/63/65
f 84/112/66 85/113/66 610/67/66 609/65/66
f 85/113/67 86/114/67 611/69/67 610/67/67
f 86/114/68 34/115/68 87/116/68 611/69/68
f 611/69/69 87/116/69 88/117/69 618/70/69
f 618/70/70 88/117/70 89/118/70 625/77/70
f 625/77/71 89/118/71 90/119/71 632/84/71
f 632/84/72 90/119/72 91/120/72 639/91/72
f 639/91/73 91/120/73 92/121/73 646/98/73
f 646/98/74 92/121/74 93/122/74 653/105/74
f 653/105/75 93/122/75 36/123/75 164/124/75
f 652/104/76 653/105/76 164/124/76 165/125/76
f 651/103/77 652/104/77 165/125/77 166/126/77
f 650/102/78 651/103/78 166/126/78 167/127/78
f 649/101/79 650/102/79 167/127/79 168/128/79
f 648/99/80 649/101/80 168/128/80 169/129/80
f 647/100/81 648/99/81 169/129/81 170/130/81
f 212/131/82 647/100/82 170/130/82 42/132/82
f 211/133/83 640/93/83 647/100/83 212/131/83
f 210/134/84 633/86/84 640/93/84 211/133/84
f 209/135/85 626/79/85 633/86/85 210/134/85
f 208/136/86 619/72/86 626/79/86 209/135/86
f 207/137/87 612/60/87 619/72/87 208/136/87
f 206/108/88 605/57/88 612/60/88 207/137/88
f 654/138/89 655/139/89 662/140/89 661/141/89
f 655/139/90 656/142/90 663/143/90 662/140/90
f 656/142/91 657/144/91 664/145/91 663/143/91
f 657/144/92 658/146/92 665/147/92 664/145/92
f 658/146/93 659/148/93 666/149/93 665/147/93
f 659/148/94 660/150/94 667/151/94 666/149/94
f 661/141/95 662/140/95 669/152/95 668/153/95
f 662/140/96 663/143/96 670/154/96 669/152/96
f 663/143/97 664/145/97 671/155/97 670/154/97
f 664/145/98 665/147/98 672/156/98 671/155/98
f 665/147/99 666/149/99 673/157/99 672/156/99
f 666/149/100 667/151/100 674/158/100 673/157/100
f 668/153/101 669/152/101 676/159/101 675/160/101
f 669/152/102 670/154/102 677/161/102 676/159/102
f 670/154/103 671/155/103 678/162/103 677/161/103
f 671/155/104 672/156/104 679/163/104 678/162/104
f 672/156/105 673/157/105 680/164/105 679/163/105
f 673/157/106 674/158/106 681/165/106 680/164/106
f 675/160/107 676/159/107 683/166/107 682/167/107
f 676/159/108 677/161/108 684/168/108 683/166/108
f 677/161/109 678/162/109 685/169/109 684/168/109
f 678/162/110 679/163/110 686/170/110 685/169/110
f 679/163/111 680/164/111 687/171/111 686/170/111
f 680/164/112 681/165/112 688/172/112 687/171/112
f 682/167/113 683/166/113 690/173/113 689/174/113
f 683/166/114 684/168/114 691/175/114 690/173/114
f 684/168/115 685/169/115 692/176/115 691/175/115
f 685/169/116 686/170/116 693/177/116 692/176/116
f 686/170/117 687/171/117 694/178/117 693/177/117
f 687/171/118 688/172/118 695/179/118 694/178/118
f 689/174/119 690/173/119 697/180/119 696/181/119
f 690/173/120 691/175/120 698/182/120 697/180/120
f 691/175/121 692/176/121 699/183/121 698/182/121
f 692/176/122 693/177/122 700/184/122 699/183/122
f 693/177/123 694/178/123 701/185/123 700/184/123
f 694/178/124 695/179/124 702/186/124 701/185/124
f 53/187/125 380/188/125 654/138/125 199/189/125
f 380/188/126 379/190/126 655/139/126 654/138/126
f 379/190/127 378/191/127 656/142/127 655/139/127
f 378/191/128 377/192/128 657/144/128 656/142/128
f 377/192/129 376/193/129 658/146/129 657/144/129
f 376/193/130 375/194/130 659/148/130 658/146/130
f 375/194/131 374/195/131 660/150/131 659/148/131
f 374/195/132 51/196/132 108/197/132 660/150/132
f 660/150/133 108/197/133 109/198/133 667/151/133
f 667/151/134 109/198/134 110/199/134 674/158/134
f 674/158/135 110/199/135 111/200/135 681/165/135
f 681/165/136 111/200/136 112/201/136 688/172/136
f 688/172/137 112/201/137 113/202/137 695/179/137
f 695/179/138 113/202/138 114/203/138 702/186/138
f 702/186/139 114/203/139 40/204/139 171/205/139
f 701/185/140 702/186/140 171/205/140 172/206/140
f 700/184/141 701/185/141 172/206/141 173/207/141
f 699/183/142 700/184/142 173/207/142 174/208/142
f 698/182/143 699/183/143 174/208/143 175/209/143
f 697/180/144 698/182/144 175/209/144 176/210/144
f 696/181/145 697/180/145 176/210/145 177/211/145
f 205/212/146 696/181/146 177/211/146 43/213/146
f 204/214/147 689/174/147 696/181/147 205/212/147
f 203/215/148 682/167/148 689/174/148 204/214/148
f 202/216/149 675/160/149 682/167/149 203/215/149
f 201/217/150 668/153/150 675/160/150 202/216/150
f 200/218/151 661/141/151 668/153/151 201/217/151
f 199/189/152 654/138/152 661/141/152 200/218/152
f 703/219/153 704/220/153 711/221/153 710/222/153
f 704/220/154 705/223/154 712/224/154 711/221/154
f 705/223/155 706/225/155 713/226/155 712/224/155
f 706/225/156 707/227/156 714/228/156 713/226/156
f 707/227/157 708/229/157 715/230/157 714/228/157
f 708/229/158 709/231/158 716/232/158 715/230/158
f 710/222/159 711/221/159 718/233/159 717/234/159
f 711/221/160 712/224/160 719/235/160 718/233/160
f 712/224/161 713/226/161 720/236/161 719/235/161
f 713/226/162 714/228/162 721/237/162 720/236/162
f 714/228/163 715/230/163 722/238/163 721/237/163
f 715/230/164 716/232/164 723/239/164 722/238/164
f 717/234/165 718/233/165 725/240/165 724/241/165
f 718/233/166 719/235/166 726/242/166 725/240/166
f 719/235/167 720/236/167 727/243/167 726/242/167
f 720/236/168 721/237/168 728/244/168 727/243/168
f 721/237/169 722/238/169 729/245/169 728/244/169
f 722/238/170 723/239/170 730/246/170 729/245/170
f 724/241/171 725/240/171 732/247/171 731/248/171
f 725/240/172 726/242/172 733/249/172 732/247/172
f 726/242/173 727/243/173 734/250/173 733/249/173
f 727/243/174 728/244/174 735/251/174 734/250/174
f 728/244/175 729/245/175 736/252/175 735/251/175
f 729/245/176 730/246/176 737/253/176 736/252/176
f 731/248/177 732/247/177 739/254/177 738/255/177
f 732/247/178 733/249/178 740/256/178 739/254/178
f 733/249/179 734/250/179 741/257/179 740/256/179
f 734/250/180 735/251/180 742/258/180 741/257/180
f 735/251/181 736/252/181 743/259/181 742/258/181
f 736/252/182 737/253/182 744/260/182 743/259/182
f 738/255/183 739/254/183 746/261/183 745/262/183
f 739/254/184 740/256/184 747/263/184 746/261/184
f 740/256/185 741/257/185 748/264/185 747/263/185
f 741/257/186 742/258/186 749/265/186 748/264/186
f 742/258/187 743/259/187 750/266/187 749/265/187
f 743/259/188 744/260/188 751/267/188 750/266/188
f 43/213/189 177/211/189 703/219/189 192/268/189
f 177/211/190 176/210/190 704/220/190 703/219/190
f 176/210/191 175/209/191 705/223/191 704/220/191
f 175/209/192 174/208/192 706/225/192 705/223/192
f 174/208/193 173/207/193 707/227/193 706/225/193
f 173/207/194 172/206/194 708/229/194 707/227/194
f 172/206/195 171/205/195 709/231/195 708/229/195
f 171/205/196 40/204/196 129/269/196 709/231/196
f 709/231/197 129/269/197 130/270/197 716/232/197
f 716/232/198 130/270/198 131/271/198 723/239/198
f 723/239/199 131/271/199 132/272/199 730/246/199
f 730/246/200 132/272/200 133/273/200 737/253/200
f 737/253/201 133/273/201 134/274/201 744/260/201
f 744/260/202 134/274/202 135/275/202 751/267/202
f 751/267/203 135/275/203 38/276/203 178/277/203
f 750/266/204 751/267/204 178/277/204 179/278/204
f 749/265/205 750/266/205 179/278/205 180/279/205
f 748/264/206 749/265/206 180/279/206 181/280/206
f 747/263/207 748/264/207 181/280/207 182/281/207
f 746/261/208 747/263/208 182/281/208 183/282/208
f 745/262/209 746/261/209 183/282/209 184/283/209
f 198/284/210 745/262/210 184/283/210 44/285/210
f 197/286/211 738/255/211 745/262/211 198/284/211
f 196/287/212 731/248/212 738/255/212 197/286/212
f 195/288/213 724/241/213 731/248/213 196/287/213
f 194/289/214 717/234/214 724/241/214 195/288/214
f 193/290/215 710/222/215 717/234/215 194/289/215
f 192/268/216 703/219/216 710/222/216 193/290/216
f 752/291/217 753/292/217 760/293/217 759/294/217
f 753/292/218 754/295/218 761/296/218 760/293/218
f 754/295/219 755/297/219 762/298/219 761/296/219
f 755/297/220 756/299/220 763/300/220 762/298/220
f 756/299/221 757/301/221 764/302/221 763/300/221
f 757/301/222 758/303/222 765/304/222 764/302/222
f 759/294/223 760/293/223 767/305/223 766/306/223
f 760/293/224 761/296/224 768/307/224 767/305/224
f 761/296/225 762/298/225 769/308/225 768/307/225
f 762/298/226 763/300/226 770/309/226 769/308/226
f 763/300/227 764/302/227 771/310/227 770/309/227
f 764/302/228 765/304/228 772/311/228 771/310/228
f 766/306/229 767/305/229 774/312/229 773/313/229
f 767/305/230 768/307/230 775/314/230 774/312/230
f 768/307/231 769/308/231 776/315/231 775/314/231
f 769/308/232 770/309/232 777/316/232 776/315/232
f 770/309/233 771/310/233 778/317/233 777/316/233
f 771/310/234 772/311/234 779/318/234 778/317/234
f 773/313/235 774/312/235 781/319/235 780/320/235
f 774/312/236 775/314/236 782/321/236 781/319/236
f 775/314/237 776/315/237 783/322/237 782/321/237
f 776/315/238 777/316/238 784/323/238 783/322/238
f 777/316/239 778/317/239 785/324/239 784/323/239
f 778/317/240 779/318/240 786/325/240 785/324/240
f 780/320/241 781/319/241 788/326/241 787/327/241
f 781/319/242 782/321/242 789/328/242 788/326/242
f 782/321/243 783/322/243 790/329/243 789/328/243
f 783/322/244 784/323/244 791/330/244 790/329/244
f 784/323/245 785/324/245 792/331/245 791/330/245
f 785/324/246 786/325/246 793/332/246 792/331/246
f 787/327/247 788/326/247 795/333/247 794/334/247
f 788/326/248 789/328/248 796/335/248 795/333/248
f 789/328/249 790/329/249 797/336/249 796/335/249
f 790/329/250 791/330/250 798/337/250 797/336/250
f 791/330/251 792/331/251 799/338/251 798/337/251
f 792/331/252 793/332/252 800/339/252 799/338/252
f 59/340/253 464/341/253 752/291/253 185/342/253
f 464/341/254 463/343/254 753/292/254 752/291/254
f 463/343/255 462/344/255 754/295/255 753/292/255
f 462/344/256 461/345/256 755/297/256 754/295/256
f 461/345/257 460/346/257 756/299/257 755/297/257
f 460/346/258 459/347/258 757/301/258 756/299/258
f 459/347/259 458/348/259 758/303/259 757/301/259
f 458/348/260 58/349/260 150/350/260 758/303/260
f 758/303/261 150/350/261 151/351/261 765/304/261
f 765/304/262 151/351/262 152/352/262 772/311/262
f 772/311/263 152/352/263 153/353/263 779/318/263
f 779/318/264 153/353/264 154/354/264 786/325/264
f 786/325/265 154/354/265 155/355/265 793/332/265
f 793/332/266 155/355/266 156/356/266 800/339/266
f 800/339/267 156/356/267 34/357/267 86/358/267
f 799/338/268 800/339/268 86/358/268 85/359/268
f 798/337/269 799/338/269 85/359/269 84/360/269
f 797/336/270 798/337/270 84/360/270 83/361/270
f 796/335/271 797/336/271 83/361/271 82/362/271
f 795/333/272 796/335/272 82/362/272 81/363/272
f 794/334/273 795/333/273 81/363/273 80/364/273
f 191/365/274 794/334/274 80/364/274 41/366/274
f 190/367/275 787/327/275 794/334/275 191/365/275
f 189/368/276 780/320/276 787/327/276 190/367/276
f 188/369/277 773/313/277 780/320/277 189/368/277
f 187/370/278 766/306/278 773/313/278 188/369/278
f 186/371/279 759/294/279 766/306/279 187/370/279
f 185/342/280 752/291/280 759/294/280 186/371/280
f 801/372/281 802/373/281 809/374/281 808/375/281
f 802/373/282 803/376/282 810/377/282 809/374/282
f 803/376/283 804/378/283 811/379/283 810/377/283
f 804/378/284 805/380/284 812/381/284 811/379/284
f 805/380/285 806/382/285 813/383/285 812/381/285
f 806/382/286 807/384/286 814/385/286 813/383/286
f 808/375/287 809/374/287 816/386/287 815/387/287
f 809/374/288 810/377/288 817/388/288 816/386/288
f 810/377/289 811/379/289 818/389/289 817/388/289
f 811/379/290 812/381/290 819/390/290 818/389/290
f 812/381/291 813/383/291 820/391/291 819/390/291
f 813/383/292 814/385/292 821/392/292 820/391/292
f 815/387/293 816/386/293 823/393/293 822/394/293
f 816/386/294 817/388/294 824/395/294 823/393/294
f 817/388/295 818/389/295 825/396/295 824/395/295
f 818/389/296 819/390/296 826/397/296 825/396/296
f 819/390/297 820/391/297 827/398/297 826/397/297
f 820/391/298 821/392/298 828/399/298 827/398/298
f 822/394/299 823/393/299 830/400/299 829/401/299
f 823/393/300 824/395/300 831/402/300 830/400/300
f 824/395/301 825/396/301 832/403/301 831/402/301
f 825/396/302 826/397/302 833/404/302 832/403/302
f 826/397/303 827/398/303 834/405/303 833/404/303
f 827/398/304 828/399/304 835/406/304 834/405/304
f 829/401/305 830/400/305 837/407/305 836/408/305
f 830/400/306 831/402/306 838/409/306 837/407/306
f 831/402/307 832/403/307 839/410/307 838/409/307
f 832/403/308 833/404/308 840/411/308 839/410/308
f 833/404/309 834/405/309 841/412/309 840/411/309
f 834/405/310 835/406/310 842/413/310 841/412/310
f 836/408/311 837/407/311 844/414/311 843/415/311
f 837/407/312 838/409/312 845/416/312 844/414/312
f 838/409/313 839/410/313 846/417/313 845/416/313
f 839/410/314 840/411/314 847/418/314 846/417/314
f 840/411/315 841/412/315 848/419/315 847/418/315
f 841/412/316 842/413/316 849/420/316 848/419/316
f 54/421/317 324/422/317 801/372/317 367/423/317
f 324/422/318 323/424/318 802/373/318 801/372/318
f 323/424/319 322/425/319 803/376/319 802/373/319
f 322/425/320 321/426/320 804/378/320 803/376/320
f 321/426/321 320/427/321 805/380/321 804/378/321
f 320/427/322 319/428/322 806/382/322 805/380/322
f 319/428/323 318/429/323 807/384/323 806/382/323
f 318/429/324 39/430/324 128/431/324 807/384/324
f 807/384/325 128/431/325 127/432/325 814/385/325
f 814/385/326 127/432/326 126/433/326 821/392/326
f 821/392/327 126/433/327 125/434/327 828/399/327
f 828/399/328 125/434/328 124/435/328 835/406/328
f 835/406/329 124/435/329 123/436/329 842/413/329
f 842/413/330 123/436/330 122/437/330 849/420/330
f 849/420/331 122/437/331 37/438/331 149/439/331
f 848/419/332 849/420/332 149/439/332 148/440/332
f 847/418/333 848/419/333 148/440/333 147/441/333
f 846/417/334 847/418/334 147/441/334 146/442/334
f 845/416/335 846/417/335 146/442/335 145/443/335
f 844/414/336 845/416/336 145/443/336 144/444/336
f 843/415/337 844/414/337 144/444/337 143/445/337
f 373/446/338 843/415/338 143/445/338 52/447/338
f 372/448/339 836/408/339 843/415/339 373/446/339
f 371/449/340 829/401/340 836/408/340 372/448/340
f 370/450/341 822/394/341 829/401/341 371/449/341
f 369/451/342 815/387/342 822/394/342 370/450/342
f 368/452/343 808/375/343 815/387/343 369/451/343
f 367/423/344 801/372/344 808/375/344 368/452/344
f 850/453/345 851/454/345 858/455/345 857/456/345
f 851/454/346 852/457/346 859/458/346 858/455/346
f 852/457/347 853/459/347 860/460/347 859/458/347
f 853/459/348 854/461/348 861/462/348 860/460/348
f 854/461/349 855/463/349 862/464/349 861/462/349
f 855/463/350 856/465/350 863/466/350 862/464/350
f 857/456/351 858/455/351 865/467/351 864/468/351
f 858/455/352 859/458/352 866/469/352 865/467/352
f 859/458/353 860/460/353 867/470/353 866/469/353
f 860/460/354 861/462/354 868/471/354 867/470/354
f 861/462/355 862/464/355 869/472/355 868/471/355
f 862/464/356 863/466/356 870/473/356 869/472/356
f 864/468/357 865/467/357 872/474/357 871/475/357
f 865/467/358 866/469/358 873/476/358 872/474/358
f 866/469/359 867/470/359 874/477/359 873/476/359
f 867/470/360 868/471/360 875/478/360 874/477/360
f 868/471/361 869/472/361 876/479/361 875/478/361
f 869/472/362 870/473/362 877/480/362 876/479/362
f 871/475/363 872/474/363 879/481/363 878/482/363
f 872/474/364 873/476/364 880/483/364 879/481/364
f 873/476/365 874/477/365 881/484/365 880/483/365
f 874/477/366 875/478/366 882/485/366 881/484/366
f 875/478/367 876/479/367 883/486/367 882/485/367
f 876/479/368 877/480/368 884/487/368 883/486/368
f 878/482/369 879/481/369 886/488/369 885/489/369
f 879/481/370 880/483/370 887/490/370 886/488/370
f 880/483/371 881/484/371 888/491/371 887/490/371
f 881/484/372 882/485/372 889/492/372 888/491/372
f 882/485/373 883/486/373 890/493/373 889/492/373
f 883/486/374 884/487/374 891/494/374 890/493/374
f 885/489/375 886/488/375 893/495/375 892/496/375
f 886/488/376 887/490/376 894/497/376 893/495/376
f 887/490/377 888/491/377 895/498/377 894/497/377
f 888/491/378 889/492/378 896/499/378 895/498/378
f 889/492/379 890/493/379 897/500/379 896/499/379
f 890/493/380 891/494/380 898/501/380 897/500/380
f 60/502/381 408/503/381 850/453/381 451/504/381
f 408/503/382 407/505/382 851/454/382 850/453/382
f 407/505/383 406/506/383 852/457/383 851/454/383
f 406/506/384 405/507/384 853/459/384 852/457/384
f 405/507/385 404/508/385 854/461/385 853/459/385
f 404/508/386 403/509/386 855/463/386 854/461/386
f 403/509/387 402/510/387 856/465/387 855/463/387
f 402/510/388 36/511/388 93/512/388 856/465/388
f 856/465/389 93/512/389 92/513/389 863/466/389
f 863/466/390 92/513/390 91/514/390 870/473/390
f 870/473/391 91/514/391 90/515/391 877/480/391
f 877/480/392 90/515/392 89/516/392 884/487/392
f 884/487/393 89/516/393 88/517/393 891/494/393
f 891/494/394 88/517/394 87/518/394 898/501/394
f 898/501/395 87/518/395 34/519/395 156/520/395
f 897/500/396 898/501/396 156/520/396 155/521/396
f 896/499/397 897/500/397 155/521/397 154/522/397
f 895/498/398 896/499/398 154/522/398 153/523/398
f 894/497/399 895/498/399 153/523/399 152/524/399
f 893/495/400 894/497/400 152/524/400 151/525/400
f 892/496/401 893/495/401 151/525/401 150/526/401
f 457/527/402 892/496/402 150/526/402 58/528/402
f 456/529/403 885/489/403 892/496/403 457/527/403
f 455/530/404 878/482/404 885/489/404 456/529/404
f 454/531/405 871/475/405 878/482/405 455/530/405
f 453/532/406 864/468/406 871/475/406 454/531/406
f 452/533/407 857/456/407 864/468/407 453/532/407
f 451/504/408 850/453/408 857/456/408 452/533/408
f 899/534/409 900/535/409 907/536/409 906/537/409
f 900/535/410 901/538/410 908/539/410 907/536/410
f 901/538/411 902/540/411 909/541/411 908/539/411
f 902/540/412 903/542/412 910/543/412 909/541/412
f 903/542/413 904/544/413 911/545/413 910/543/413
f 904/544/414 905/546/414 912/547/414 911/545/414
f 906/537/415 907/536/415 914/548/415 913/549/415
f 907/536/416 908/539/416 915/550/416 914/548/416
f 908/539/417 909/541/417 916/551/417 915/550/417
f 909/541/418 910/543/418 917/552/418 916/551/418
f 910/543/419 911/545/419 918/553/419 917/552/419
f 911/545/420 912/547/420 919/554/420 918/553/420
f 913/549/421 914/548/421 921/555/421 920/556/421
f 914/548/422 915/550/422 922/557/422 921/555/422
f 915/550/423 916/551/423 923/558/423 922/557/423
f 916/551/424 917/552/424 924/559/424 923/558/424
f 917/552/425 918/553/425 925/560/425 924/559/425
f 918/553/426 919/554/426 926/561/426 925/560/426
f 920/556/427 921/555/427 928/562/427 927/563/427
f 921/555/428 922/557/428 929/564/428 928/562/428
f 922/557/429 923/558/429 930/565/429 929/564/429
f 923/558/430 924/559/430 931/566/430 930/565/430
f 924/559/431 925/560/431 932/567/431 931/566/431
f 925/560/432 926/561/432 933/568/432 932/567/432
f 927/563/433 928/562/433 935/569/433 934/570/433
f 928/562/434 929/564/434 936/571/434 935/569/434
f 929/564/435 930/565/435 937/572/435 936/571/435
f 930/565/436 931/566/436 938/573/436 937/572/436
f 931/566/437 932/567/437 939/574/437 938/573/437
f 932/567/438 933/568/438 940/575/438 939/574/438
f 934/570/439 935/569/439 942/576/439 941/577/439
f 935/569/440 936/571/440 943/578/440 942/576/440
f 936/571/441 937/572/441 944/579/441 943/578/441
f 937/572/442 938/573/442 945/580/442 944/579/442
f 938/573/443 939/574/443 946/581/443 945/580/443
f 939/574/444 940/575/444 947/582/444 946/581/444
f 72/583/445 534/584/445 899/534/445 598/585/445
f 534/584/446 533/586/446 900/535/446 899/534/446
f 533/586/447 532/587/447 901/538/447 900/535/447
f 532/587/448 531/588/448 902/540/448 901/538/448
f 531/588/449 530/589/449 903/542/449 902/540/449
f 530/589/450 529/590/450 904/544/450 903/542/450
f 529/590/451 528/591/451 905/546/451 904/544/451
f 528/591/452 59/340/452 185/342/452 905/546/452
f 905/546/453 185/342/453 186/371/453 912/547/453
f 912/547/454 186/371/454 187/370/454 919/554/454
f 919/554/455 187/370/455 188/369/455 926/561/455
f 926/561/456 188/369/456 189/368/456 933/568/456
f 933/568/457 189/368/457 190/367/457 940/575/457
f 940/575/458 190/367/458 191/365/458 947/582/458
f 947/582/459 191/365/459 41/366/459 163/592/459
f 946/581/460 947/582/460 163/592/460 162/593/460
f 945/580/461 946/581/461 162/593/461 161/594/461
f 944/579/462 945/580/462 161/594/462 160/595/462
f 943/578/463 944/579/463 160/595/463 159/596/463
f 942/576/464 943/578/464 159/596/464 158/597/464
f 941/577/465 942/576/465 158/597/465 157/598/465
f 604/599/466 941/577/466 157/598/466 66/600/466
f 603/601/467 934/570/467 941/577/467 604/599/467
f 602/602/468 927/563/468 934/570/468 603/601/468
f 601/603/469 920/556/469 927/563/469 602/602/469
f 600/604/470 913/549/470 920/556/470 601/603/470
f 599/605/471 906/537/471 913/549/471 600/604/471
f 598/585/472 899/534/472 906/537/472 599/605/472
f 948/606/473 949/607/473 956/608/473 955/609/473
f 949/607/474 950/610/474 957/611/474 956/608/474
f 950/610/475 951/612/475 958/613/475 957/611/475
f 951/612/476 952/614/476 959/615/476 958/613/476
f 952/614/477 953/616/477 960/617/477 959/615/477
f 953/616/478 954/618/478 961/619/478 960/617/478
f 955/609/479 956/608/479 963/620/479 962/621/479
f 956/608/480 957/611/480 964/622/480 963/620/480
f 957/611/481 958/613/481 965/623/481 964/622/481
f 958/613/482 959/615/482 966/624/482 965/623/482
f 959/615/483 960/617/483 967/625/483 966/624/483
f 960/617/484 961/619/484 968/626/484 967/625/484
f 962/621/485 963/620/485 970/627/485 969/628/485
f 963/620/486 964/622/486 971/629/486 970/627/486
f 964/622/487 965/623/487 972/630/487 971/629/487
f 965/623/488 966/624/488 973/631/488 972/630/488
f 966/624/488 967/625/488 974/632/488 973/631/488
f 967/625/489 968/626/489 975/633/489 974/632/489
f 969/628/490 970/627/490 977/634/490 976/635/490
f 970/627/491 971/629/491 978/636/491 977/634/491
f 971/629/492 972/630/492 979/637/492 978/636/492
f 972/630/493 973/631/493 980/638/493 979/637/493
f 973/631/494 974/632/494 981/639/494 980/638/494
f 974/632/494 975/633/494 982/640/494 981/639/494
f 976/635/495 977/634/495 984/641/495 983/642/495
f 977/634/496 978/636/496 985/643/496 984/641/496
f 978/636/497 979/637/497 986/644/497 985/643/497
f 979/637/498 980/638/498 987/645/498 986/644/498
f 980/638/499 981/639/499 988/646/499 987/645/499
f 981/639/500 982/640/500 989/647/500 988/646/500
f 983/642/501 984/641/501 991/648/501 990/649/501
f 984/641/502 985/643/502 992/650/502 991/648/502
f 985/643/503 986/644/503 993/651/503 992/650/503
f 986/644/504 987/645/504 994/652/504 993/651/504
f 987/645/505 988/646/505 995/653/505 994/652/505
f 988/646/506 989/647/506 996/654/506 995/653/506
f 64/655/507 478/656/507 948/606/507 591/657/507
f 478/656/508 477/658/508 949/607/508 948/606/508
f 477/658/509 476/659/509 950/610/509 949/607/509
f 476/659/510 475/660/510 951/612/510 950/610/510
f 475/660/511 474/661/511 952/614/511 951/612/511
f 474/661/512 473/662/512 953/616/512 952/614/512
f 473/662/513 472/663/513 954/618/513 953/616/513
f 472/663/514 43/664/514 192/665/514 954/618/514
f 954/618/515 192/665/515 193/666/515 961/619/515
f 961/619/516 193/666/516 194/667/516 968/626/516
f 968/626/517 194/667/517 195/668/517 975/633/517
f 975/633/518 195/668/518 196/669/518 982/640/518
f 982/640/519 196/669/519 197/670/519 989/647/519
f 989/647/520 197/670/520 198/671/520 996/654/520
f 996/654/521 198/671/521 44/672/521 479/673/521
f 995/653/522 996/654/522 479/673/522 480/674/522
f 994/652/523 995/653/523 480/674/523 481/675/523
f 993/651/524 994/652/524 481/675/524 482/676/524
f 992/650/525 993/651/525 482/676/525 483/677/525
f 991/648/526 992/650/526 483/677/526 484/678/526
f 990/649/527 991/648/527 484/678/527 485/679/527
f 597/680/528 990/649/528 485/679/528 65/681/528
f 596/682/529 983/642/529 990/649/529 597/680/529
f 595/683/530 976/635/530 983/642/530 596/682/530
f 594/684/531 969/628/531 976/635/531 595/683/531
f 593/685/532 962/621/532 969/628/532 594/684/532
f 592/686/533 955/609/533 962/621/533 593/685/533
f 591/657/534 948/606/534 955/609/534 592/686/534
f 997/687/535 998/688/535 1005/689/535 1004/690/535
f 998/688/536 999/691/536 1006/692/536 1005/689/536
f 999/691/537 1000/693/537 1007/694/537 1006/692/537
f 1000/693/538 1001/695/538 1008/696/538 1007/694/538
f 1001/695/539 1002/697/539 1009/698/539 1008/696/539
f 1002/697/540 1003/699/540 1010/700/540 1009/698/540
f 1004/690/541 1005/689/541 1012/701/541 1011/702/541
f 1005/689/542 1006/692/542 1013/703/542 1012/701/542
f 1006/692/543 1007/694/543 1014/704/543 1013/703/543
f 1007/694/544 1008/696/544 1015/705/544 1014/704/544
f 1008/696/545 1009/698/545 1016/706/545 1015/705/545
f 1009/698/546 1010/700/546 1017/707/546 1016/706/546
f 1011/702/547 1012/701/547 1019/708/547 1018/709/547
f 1012/701/548 1013/703/548 1020/710/548 1019/708/548
f 1013/703/549 1014/704/549 1021/711/549 1020/710/549
f 1014/704/550 1015/705/550 1022/712/550 1021/711/550
f 1015/705/551 1016/706/551 1023/713/551 1022/712/551
f 1016/706/552 1017/707/552 1024/714/552 1023/713/552
f 1018/709/553 1019/708/553 1026/715/553 1025/716/553
f 1019/708/554 1020/710/554 1027/717/554 1026/715/554
f 1020/710/555 1021/711/555 1028/718/555 1027/717/555
f 1021/711/556 1022/712/556 1029/719/556 1028/718/556
f 1022/712/557 1023/713/557 1030/720/557 1029/719/557
f 1023/713/558 1024/714/558 1031/721/558 1030/720/558
f 1025/716/559 1026/715/559 1033/722/559 1032/723/559
f 1026/715/560 1027/717/560 1034/724/560 1033/722/560
f 1027/717/561 1028/718/561 1035/725/561 1034/724/561
f 1028/718/562 1029/719/562 1036/726/562 1035/725/562
f 1029/719/563 1030/720/563 1037/727/563 1036/726/563
f 1030/720/564 1031/721/564 1038/728/564 1037/727/564
f 1032/723/565 1033/722/565 1040/729/565 1039/730/565
f 1033/722/566 1034/724/566 1041/731/566 1040/729/566
f 1034/724/567 1035/725/567 1042/732/567 1041/731/567
f 1035/725/568 1036/726/568 1043/733/568 1042/732/568
f 1036/726/569 1037/727/569 1044/734/569 1043/733/569
f 1037/727/570 1038/728/570 1045/735/570 1044/734/570
f 70/736/571 520/737/571 997/687/571 584/738/571
f 520/737/572 519/739/572 998/688/572 997/687/572
f 519/739/573 518/740/573 999/691/573 998/688/573
f 518/740/574 517/741/574 1000/693/574 999/691/574
f 517/741/575 516/742/575 1001/695/575 1000/693/575
f 516/742/576 515/743/576 1002/697/576 1001/695/576
f 515/743/577 514/744/577 1003/699/577 1002/697/577
f 514/744/578 53/745/578 199/746/578 1003/699/578
f 1003/699/579 199/746/579 200/747/579 1010/700/579
f 1010/700/580 200/747/580 201/748/580 1017/707/580
f 1017/707/581 201/748/581 202/749/581 1024/714/581
f 1024/714/582 202/749/582 203/750/582 1031/721/582
f 1031/721/583 203/750/583 204/751/583 1038/728/583
f 1038/728/584 204/751/584 205/752/584 1045/735/584
f 1045/735/585 205/752/585 43/664/585 472/663/585
f 1044/734/586 1045/735/586 472/663/586 473/662/586
f 1043/733/587 1044/734/587 473/662/587 474/661/587
f 1042/732/588 1043/733/588 474/661/588 475/660/588
f 1041/731/589 1042/732/589 475/660/589 476/659/589
f 1040/729/589 1041/731/589 476/659/589 477/658/589
f 1039/730/590 1040/729/590 477/658/590 478/656/590
f 590/753/591 1039/730/591 478/656/591 64/655/591
f 589/754/592 1032/723/592 1039/730/592 590/753/592
f 588/755/593 1025/716/593 1032/723/593 589/754/593
f 587/756/594 1018/709/594 1025/716/594 588/755/594
f 586/757/595 1011/702/595 1018/709/595 587/756/595
f 585/758/596 1004/690/596 1011/702/596 586/757/596
f 584/738/597 997/687/597 1004/690/597 585/758/597
f 1046/759/598 1047/760/598 1054/761/598 1053/762/598
f 1047/760/599 1048/763/599 1055/764/599 1054/761/599
f 1048/763/600 1049/765/600 1056/766/600 1055/764/600
f 1049/765/601 1050/767/601 1057/768/601 1056/766/601
f 1050/767/602 1051/769/602 1058/770/602 1057/768/602
f 1051/769/603 1052/771/603 1059/772/603 1058/770/603
f 1053/762/604 1054/761/604 1061/773/604 1060/774/604
f 1054/761/604 1055/764/604 1062/775/604 1061/773/604
f 1055/764/605 1056/766/605 1063/776/605 1062/775/605
f 1056/766/606 1057/768/606 1064/777/606 1063/776/606
f 1057/768/607 1058/770/607 1065/778/607 1064/777/607
f 1058/770/608 1059/772/608 1066/779/608 1065/778/608
f 1060/774/609 1061/773/609 1068/780/609 1067/781/609
f 1061/773/609 1062/775/609 1069/782/609 1068/780/609
f 1062/775/609 1063/776/609 1070/783/609 1069/782/609
f 1063/776/610 1064/777/610 1071/784/610 1070/783/610
f 1064/777/610 1065/778/610 1072/785/610 1071/784/610
f 1065/778/610 1066/779/610 1073/786/610 1072/785/610
f 1067/781/611 1068/780/611 1075/787/611 1074/788/611
f 1068/780/611 1069/782/611 1076/789/611 1075/787/611
f 1069/782/611 1070/783/611 1077/790/611 1076/789/611
f 1070/783/612 1071/784/612 1078/791/612 1077/790/612
f 1071/784/612 1072/785/612 1079/792/612 1078/791/612
f 1072/785/612 1073/786/612 1080/793/612 1079/792/612
f 1074/788/613 1075/787/613 1082/794/613 1081/795/613
f 1075/787/613 1076/789/613 1083/796/613 1082/794/613
f 1076/789/614 1077/790/614 1084/797/614 1083/796/614
f 1077/790/615 1078/791/615 1085/798/615 1084/797/615
f 1078/791/616 1079/792/616 1086/799/616 1085/798/616
f 1079/792/617 1080/793/617 1087/800/617 1086/799/617
f 1081/795/618 1082/794/618 1089/801/618 1088/802/618
f 1082/794/619 1083/796/619 1090/803/619 1089/801/619
f 1083/796/620 1084/797/620 1091/804/620 1090/803/620
f 1084/797/621 1085/798/621 1092/805/621 1091/804/621
f 1085/798/622 1086/799/622 1093/806/622 1092/805/622
f 1086/799/623 1087/800/623 1094/807/623 1093/806/623
f 66/808/624 157/809/624 1046/759/624 577/810/624
f 157/809/625 158/811/625 1047/760/625 1046/759/625
f 158/811/626 159/812/626 1048/763/626 1047/760/626
f 159/812/627 160/813/627 1049/765/627 1048/763/627
f 160/813/628 161/814/628 1050/767/628 1049/765/628
f 161/814/629 162/815/629 1051/769/629 1050/767/629
f 162/815/630 163/816/630 1052/771/630 1051/769/630
f 163/816/631 41/106/631 206/108/631 1052/771/631
f 1052/771/632 206/108/632 207/137/632 1059/772/632
f 1059/772/633 207/137/633 208/136/633 1066/779/633
f 1066/779/634 208/136/634 209/135/634 1073/786/634
f 1073/786/635 209/135/635 210/134/635 1080/793/635
f 1080/793/636 210/134/636 211/133/636 1087/800/636
f 1087/800/637 211/133/637 212/131/637 1094/807/637
f 1094/807/638 212/131/638 42/132/638 465/817/638
f 1093/806/639 1094/807/639 465/817/639 466/818/639
f 1092/805/640 1093/806/640 466/818/640 467/819/640
f 1091/804/641 1092/805/641 467/819/641 468/820/641
f 1090/803/642 1091/804/642 468/820/642 469/821/642
f 1089/801/643 1090/803/643 469/821/643 470/822/643
f 1088/802/644 1089/801/644 470/822/644 471/823/644
f 583/824/645 1088/802/645 471/823/645 63/825/645
f 582/826/646 1081/795/646 1088/802/646 583/824/646
f 581/827/647 1074/788/647 1081/795/647 582/826/647
f 580/828/611 1067/781/611 1074/788/611 581/827/611
f 579/829/609 1060/774/609 1067/781/609 580/828/609
f 578/830/648 1053/762/648 1060/774/648 579/829/648
f 577/810/649 1046/759/649 1053/762/649 578/830/649
f 1389/1317/748 1390/1318/748 1397/1319/748 1396/1320/748
f 1390/1318/749 1391/1321/749 1398/1322/749 1397/1319/749
f 1391/1321/750 1392/1323/750 1399/1324/750 1398/1322/750
f 1392/1323/751 1393/1325/751 1400/1326/751 1399/1324/751
f 1393/1325/752 1394/1327/752 1401/1328/752 1400/1326/752
f 1394/1327/753 1395/1329/753 1402/1330/753 1401/1328/753
f 1396/1320/754 1397/1319/754 1404/1331/754 1403/1332/754
f 1397/1319/755 1398/1322/755 1405/1333/755 1404/1331/755
f 1398/1322/756 1399/1324/756 1406/1334/756 1405/1333/756
f 1399/1324/757 1400/1326/757 1407/1335/757 1406/1334/757
f 1400/1326/758 1401/1328/758 1408/1336/758 1407/1335/758
f 1401/1328/759 1402/1330/759 1409/1337/759 1408/1336/759
f 1403/1332/760 1404/1331/760 1411/1338/760 1410/1339/760
f 1404/1331/761 1405/1333/761 1412/1340/761 1411/1338/761
f 1405/1333/762 1406/1334/762 1413/1341/762 1412/1340/762
f 1406/1334/763 1407/1335/763 1414/1342/763 1413/1341/763
f 1407/1335/764 1408/1336/764 1415/1343/764 1414/1342/764
f 1408/1336/765 1409/1337/765 1416/1344/765 1415/1343/765
f 1410/1339/766 1411/1338/766 1418/1345/766 1417/1346/766
f 1411/1338/767 1412/1340/767 1419/1347/767 1418/1345/767
f 1412/1340/768 1413/1341/768 1420/1348/768 1419/1347/768
f 1413/1341/769 1414/1342/769 1421/1349/769 1420/1348/769
f 1414/1342/770 1415/1343/770 1422/1350/770 1421/1349/770
f 1415/1343/771 1416/1344/771 1423/1351/771 1422/1350/771
f 1417/1346/772 1418/1345/772 1425/1352/772 1424/1353/772
f 1418/1345/773 1419/1347/773 1426/1354/773 1425/1352/773
f 1419/1347/774 1420/1348/774 1427/1355/774 1426/1354/774
f 1420/1348/775 1421/1349/775 1428/1356/775 1427/1355/775
f 1421/1349/776 1422/1350/776 1429/1357/776 1428/1356/776
f 1422/1350/777 1423/1351/777 1430/1358/777 1429/1357/777
f 1424/1353/778 1425/1352/778 1432/1359/778 1431/1360/778
f 1425/1352/779 1426/1354/779 1433/1361/779 1432/1359/779
f 1426/1354/780 1427/1355/780 1434/1362/780 1433/1361/780
f 1427/1355/781 1428/1356/781 1435/1363/781 1434/1362/781
f 1428/1356/782 1429/1357/782 1436/1364/782 1435/1363/782
f 1429/1357/783 1430/1358/783 1437/1365/783 1436/1364/783
f 44/285/784 184/283/784 1389/1317/784 332/1366/784
f 184/283/785 183/282/785 1390/1318/785 1389/1317/785
f 183/282/786 182/281/786 1391/1321/786 1390/1318/786
f 182/281/787 181/280/787 1392/1323/787 1391/1321/787
f 181/280/788 180/279/788 1393/1325/788 1392/1323/788
f 180/279/789 179/278/789 1394/1327/789 1393/1325/789
f 179/278/790 178/277/790 1395/1329/790 1394/1327/790
f 178/277/791 38/276/791 325/1367/791 1395/1329/791
f 1395/1329/792 325/1367/792 326/1368/792 1402/1330/792
f 1402/1330/793 326/1368/793 327/1369/793 1409/1337/793
f 1409/1337/794 327/1369/794 328/1370/794 1416/1344/794
f 1416/1344/795 328/1370/795 329/1371/795 1423/1351/795
f 1423/1351/796 329/1371/796 330/1372/796 1430/1358/796
f 1430/1358/797 330/1372/797 331/1373/797 1437/1365/797
f 1437/1365/798 331/1373/798 55/1213/798 339/1212/798
f 1436/1364/799 1437/1365/799 339/1212/799 340/1211/799
f 1435/1363/800 1436/1364/800 340/1211/800 341/1210/800
f 1434/1362/801 1435/1363/801 341/1210/801 342/1209/801
f 1433/1361/802 1434/1362/802 342/1209/802 343/1208/802
f 1432/1359/803 1433/1361/803 343/1208/803 344/1207/803
f 1431/1360/804 1432/1359/804 344/1207/804 345/1205/804
f 338/1374/805 1431/1360/805 345/1205/805 56/1204/805
f 337/1375/806 1424/1353/806 1431/1360/806 338/1374/806
f 336/1376/807 1417/1346/807 1424/1353/807 337/1375/807
f 335/1377/808 1410/1339/808 1417/1346/808 336/1376/808
f 334/1378/809 1403/1332/809 1410/1339/809 335/1377/809
f 333/1379/810 1396/1320/810 1403/1332/810 334/1378/810
f 332/1366/811 1389/1317/811 1396/1320/811 333/1379/811
f 1438/1380/812 1439/1381/812 1446/1382/812 1445/1383/812
f 1439/1381/813 1440/1384/813 1447/1385/813 1446/1382/813
f 1440/1384/814 1441/1386/814 1448/1387/814 1447/1385/814
f 1441/1386/815 1442/1388/815 1449/1389/815 1448/1387/815
f 1442/1388/816 1443/1390/816 1450/1391/816 1449/1389/816
f 1443/1390/817 1444/1392/817 1451/1393/817 1450/1391/817
f 1445/1383/818 1446/1382/818 1453/1394/818 1452/1395/818
f 1446/1382/819 1447/1385/819 1454/1396/819 1453/1394/819
f 1447/1385/820 1448/1387/820 1455/1397/820 1454/1396/820
f 1448/1387/821 1449/1389/821 1456/1398/821 1455/1397/821
f 1449/1389/822 1450/1391/822 1457/1399/822 1456/1398/822
f 1450/1391/823 1451/1393/823 1458/1400/823 1457/1399/823
f 1452/1395/824 1453/1394/824 1460/1401/824 1459/1402/824
f 1453/1394/825 1454/1396/825 1461/1403/825 1460/1401/825
f 1454/1396/826 1455/1397/826 1462/1404/826 1461/1403/826
f 1455/1397/827 1456/1398/827 1463/1405/827 1462/1404/827
f 1456/1398/828 1457/1399/828 1464/1406/828 1463/1405/828
f 1457/1399/829 1458/1400/829 1465/1407/829 1464/1406/829
f 1459/1402/830 1460/1401/830 1467/1408/830 1466/1409/830
f 1460/1401/831 1461/1403/831 1468/1410/831 1467/1408/831
f 1461/1403/832 1462/1404/832 1469/1411/832 1468/1410/832
f 1462/1404/833 1463/1405/833 1470/1412/833 1469/1411/833
f 1463/1405/834 1464/1406/834 1471/1413/834 1470/1412/834
f 1464/1406/835 1465/1407/835 1472/1414/835 1471/1413/835
f 1466/1409/836 1467/1408/836 1474/1415/836 1473/1416/836
f 1467/1408/837 1468/1410/837 1475/1417/837 1474/1415/837
f 1468/1410/838 1469/1411/838 1476/1418/838 1475/1417/838
f 1469/1411/839 1470/1412/839 1477/1419/839 1476/1418/839
f 1470/1412/840 1471/1413/840 1478/1420/840 1477/1419/840
f 1471/1413/841 1472/1414/841 1479/1421/841 1478/1420/841
f 1473/1416/842 1474/1415/842 1481/1422/842 1480/1423/842
f 1474/1415/843 1475/1417/843 1482/1424/843 1481/1422/843
f 1475/1417/844 1476/1418/844 1483/1425/844 1482/1424/844
f 1476/1418/845 1477/1419/845 1484/1426/845 1483/1425/845
f 1477/1419/846 1478/1420/846 1485/1427/846 1484/1426/846
f 1478/1420/847 1479/1421/847 1486/1428/847 1485/1427/847
f 40/204/848 114/1429/848 1438/1380/848 129/269/848
f 114/1429/849 113/1430/849 1439/1381/849 1438/1380/849
f 113/1430/850 112/1431/850 1440/1384/850 1439/1381/850
f 112/1431/851 111/1432/851 1441/1386/851 1440/1384/851
f 111/1432/852 110/1433/852 1442/1388/852 1441/1386/852
f 110/1433/853 109/1434/853 1443/1390/853 1442/1388/853
f 109/1434/854 108/1435/854 1444/1392/854 1443/1390/854
f 108/1435/855 51/1042/855 346/1044/855 1444/1392/855
f 1444/1392/856 346/1044/856 347/1073/856 1451/1393/856
f 1451/1393/857 347/1073/857 348/1072/857 1458/1400/857
f 1458/1400/858 348/1072/858 349/1071/858 1465/1407/858
f 1465/1407/859 349/1071/859 350/1070/859 1472/1414/859
f 1472/1414/860 350/1070/860 351/1069/860 1479/1421/860
f 1479/1421/861 351/1069/861 352/1067/861 1486/1428/861
f 1486/1428/862 352/1067/862 55/1068/862 331/1436/862
f 1485/1427/863 1486/1428/863 331/1436/863 330/1437/863
f 1484/1426/864 1485/1427/864 330/1437/864 329/1438/864
f 1483/1425/865 1484/1426/865 329/1438/865 328/1439/865
f 1482/1424/866 1483/1425/866 328/1439/866 327/1440/866
f 1481/1422/867 1482/1424/867 327/1440/867 326/1441/867
f 1480/1423/868 1481/1422/868 326/1441/868 325/1442/868
f 135/275/869 1480/1423/869 325/1442/869 38/276/869
f 134/274/870 1473/1416/870 1480/1423/870 135/275/870
f 133/273/871 1466/1409/871 1473/1416/871 134/274/871
f 132/272/872 1459/1402/872 1466/1409/872 133/273/872
f 131/271/873 1452/1395/873 1459/1402/873 132/272/873
f 130/270/874 1445/1383/874 1452/1395/874 131/271/874
f 129/269/875 1438/1380/875 1445/1383/875 130/270/875
f 1487/1443/876 1488/1444/876 1495/1445/876 1494/1446/876
f 1488/1444/877 1489/1447/877 1496/1448/877 1495/1445/877
f 1489/1447/878 1490/1449/878 1497/1450/878 1496/1448/878
f 1490/1449/879 1491/1451/879 1498/1452/879 1497/1450/879
f 1491/1451/880 1492/1453/880 1499/1454/880 1498/1452/880
f 1492/1453/881 1493/1455/881 1500/1456/881 1499/1454/881
f 1494/1446/882 1495/1445/882 1502/1457/882 1501/1458/882
f 1495/1445/883 1496/1448/883 1503/1459/883 1502/1457/883
f 1496/1448/884 1497/1450/884 1504/1460/884 1503/1459/884
f 1497/1450/885 1498/1452/885 1505/1461/885 1504/1460/885
f 1498/1452/886 1499/1454/886 1506/1462/886 1505/1461/886
f 1499/1454/887 1500/1456/887 1507/1463/887 1506/1462/887
f 1501/1458/888 1502/1457/888 1509/1464/888 1508/1465/888
f 1502/1457/889 1503/1459/889 1510/1466/889 1509/1464/889
f 1503/1459/890 1504/1460/890 1511/1467/890 1510/1466/890
f 1504/1460/891 1505/1461/891 1512/1468/891 1511/1467/891
f 1505/1461/892 1506/1462/892 1513/1469/892 1512/1468/892
f 1506/1462/893 1507/1463/893 1514/1470/893 1513/1469/893
f 1508/1465/894 1509/1464/894 1516/1471/894 1515/1472/894
f 1509/1464/895 1510/1466/895 1517/1473/895 1516/1471/895
f 1510/1466/896 1511/1467/896 1518/1474/896 1517/1473/896
f 1511/1467/897 1512/1468/897 1519/1475/897 1518/1474/897
f 1512/1468/898 1513/1469/898 1520/1476/898 1519/1475/898
f 1513/1469/899 1514/1470/899 1521/1477/899 1520/1476/899
f 1515/1472/900 1516/1471/900 1523/1478/900 1522/1479/900
f 1516/1471/901 1517/1473/901 1524/1480/901 1523/1478/901
f 1517/1473/902 1518/1474/902 1525/1481/902 1524/1480/902
f 1518/1474/903 1519/1475/903 1526/1482/903 1525/1481/903
f 1519/1475/904 1520/1476/904 1527/1483/904 1526/1482/904
f 1520/1476/905 1521/1477/905 1528/1484/905 1527/1483/905
f 1522/1479/906 1523/1478/906 1530/1485/906 1529/1486/906
f 1523/1478/907 1524/1480/907 1531/1487/907 1530/1485/907
f 1524/1480/908 1525/1481/908 1532/1488/908 1531/1487/908
f 1525/1481/909 1526/1482/909 1533/1489/909 1532/1488/909
f 1526/1482/910 1527/1483/910 1534/1490/910 1533/1489/910
f 1527/1483/911 1528/1484/911 1535/1491/911 1534/1490/911
f 65/681/912 485/679/912 1487/1443/912 556/1492/912
f 485/679/913 484/678/913 1488/1444/913 1487/1443/913
f 484/678/914 483/677/914 1489/1447/914 1488/1444/914
f 483/677/915 482/676/915 1490/1449/915 1489/1447/915
f 482/676/916 481/675/916 1491/1451/916 1490/1449/916
f 481/675/917 480/674/917 1492/1453/917 1491/1451/917
f 480/674/918 479/673/918 1493/1455/918 1492/1453/918
f 479/673/919 44/672/919 332/1493/919 1493/1455/919
f 1493/1455/920 332/1493/920 333/1494/920 1500/1456/920
f 1500/1456/921 333/1494/921 334/1495/921 1507/1463/921
f 1507/1463/922 334/1495/922 335/1496/922 1514/1470/922
f 1514/1470/923 335/1496/923 336/1497/923 1521/1477/923
f 1521/1477/924 336/1497/924 337/1498/924 1528/1484/924
f 1528/1484/925 337/1498/925 338/1374/925 1535/1491/925
f 1535/1491/926 338/1374/926 56/970/926 507/969/926
f 1534/1490/927 1535/1491/927 507/969/927 508/968/927
f 1533/1489/928 1534/1490/928 508/968/928 509/967/928
f 1532/1488/929 1533/1489/929 509/967/929 510/966/929
f 1531/1487/930 1532/1488/930 510/966/930 511/965/930
f 1530/1485/931 1531/1487/931 511/965/931 512/964/931
f 1529/1486/932 1530/1485/932 512/964/932 513/962/932
f 562/1499/933 1529/1486/933 513/962/933 69/961/933
f 561/1500/934 1522/1479/934 1529/1486/934 562/1499/934
f 560/1501/935 1515/1472/935 1522/1479/935 561/1500/935
f 559/1502/936 1508/1465/936 1515/1472/936 560/1501/936
f 558/1503/937 1501/1458/937 1508/1465/937 559/1502/937
f 557/1504/938 1494/1446/938 1501/1458/938 558/1503/938
f 556/1492/939 1487/1443/939 1494/1446/939 557/1504/939
f 1683/1694/997 1684/1695/997 1691/1696/997 1690/1697/997
f 1684/1695/998 1685/1698/998 1692/1699/998 1691/1696/998
f 1685/1698/999 1686/1700/999 1693/1701/999 1692/1699/999
f 1686/1700/1000 1687/1702/1000 1694/1703/1000 1693/1701/1000
f 1687/1702/1001 1688/1704/1001 1695/1705/1001 1694/1703/1001
f 1688/1704/1002 1689/1706/1002 1696/1707/1002 1695/1705/1002
f 1690/1697/1003 1691/1696/1003 1698/1708/1003 1697/1709/1003
f 1691/1696/1004 1692/1699/1004 1699/1710/1004 1698/1708/1004
f 1692/1699/1005 1693/1701/1005 1700/1711/1005 1699/1710/1005
f 1693/1701/1006 1694/1703/1006 1701/1712/1006 1700/1711/1006
f 1694/1703/1007 1695/1705/1007 1702/1713/1007 1701/1712/1007
f 1695/1705/1008 1696/1707/1008 1703/1714/1008 1702/1713/1008
f 1697/1709/1009 1698/1708/1009 1705/1715/1009 1704/1716/1009
f 1698/1708/1010 1699/1710/1010 1706/1717/1010 1705/1715/1010
f 1699/1710/1011 1700/1711/1011 1707/1718/1011 1706/1717/1011
f 1700/1711/1012 1701/1712/1012 1708/1719/1012 1707/1718/1012
f 1701/1712/1013 1702/1713/1013 1709/1720/1013 1708/1719/1013
f 1702/1713/1014 1703/1714/1014 1710/1721/1014 1709/1720/1014
f 1704/1716/1015 1705/1715/1015 1712/1722/1015 1711/1723/1015
f 1705/1715/1016 1706/1717/1016 1713/1724/1016 1712/1722/1016
f 1706/1717/1017 1707/1718/1017 1714/1725/1017 1713/1724/1017
f 1707/1718/1018 1708/1719/1018 1715/1726/1018 1714/1725/1018
f 1708/1719/1019 1709/1720/1019 1716/1727/1019 1715/1726/1019
f 1709/1720/1020 1710/1721/1020 1717/1728/1020 1716/1727/1020
f 1711/1723/1021 1712/1722/1021 1719/1729/1021 1718/1730/1021
f 1712/1722/1022 1713/1724/1022 1720/1731/1022 1719/1729/1022
f 1713/1724/1023 1714/1725/1023 1721/1732/1023 1720/1731/1023
f 1714/1725/1024 1715/1726/1024 1722/1733/1024 1721/1732/1024
f 1715/1726/1025 1716/1727/1025 1723/1734/1025 1722/1733/1025
f 1716/1727/1026 1717/1728/1026 1724/1735/1026 1723/1734/1026
f 1718/1730/1027 1719/1729/1027 1726/1736/1027 1725/1737/1027
f 1719/1729/1028 1720/1731/1028 1727/1738/1028 1726/1736/1028
f 1720/1731/1029 1721/1732/1029 1728/1739/1029 1727/1738/1029
f 1721/1732/1030 1722/1733/1030 1729/1740/1030 1728/1739/1030
f 1722/1733/1031 1723/1734/1031 1730/1741/1031 1729/1740/1031
f 1723/1734/1032 1724/1735/1032 1731/1742/1032 1730/1741/1032
f 42/132/1033 170/130/1033 1683/1694/1033 416/1743/1033
f 170/130/1034 169/129/1034 1684/1695/1034 1683/1694/1034
f 169/129/1035 168/128/1035 1685/1698/1035 1684/1695/1035
f 168/128/1036 167/127/1036 1686/1700/1036 1685/1698/1036
f 167/127/1037 166/126/1037 1687/1702/1037 1686/1700/1037
f 166/126/1038 165/125/1038 1688/1704/1038 1687/1702/1038
f 165/125/1039 164/124/1039 1689/1706/1039 1688/1704/1039
f 164/124/1040 36/123/1040 402/1744/1040 1689/1706/1040
f 1689/1706/1041 402/1744/1041 403/1745/1041 1696/1707/1041
f 1696/1707/1042 403/1745/1042 404/1746/1042 1703/1714/1042
f 1703/1714/1043 404/1746/1043 405/1747/1043 1710/1721/1043
f 1710/1721/1044 405/1747/1044 406/1748/1044 1717/1728/1044
f 1717/1728/1045 406/1748/1045 407/1749/1045 1724/1735/1045
f 1724/1735/1046 407/1749/1046 408/1750/1046 1731/1742/1046
f 1731/1742/1047 408/1750/1047 60/1294/1047 423/1293/1047
f 1730/1741/1048 1731/1742/1048 423/1293/1048 424/1292/1048
f 1729/1740/1049 1730/1741/1049 424/1292/1049 425/1291/1049
f 1728/1739/1050 1729/1740/1050 425/1291/1050 426/1290/1050
f 1727/1738/1051 1728/1739/1051 426/1290/1051 427/1289/1051
f 1726/1736/1052 1727/1738/1052 427/1289/1052 428/1288/1052
f 1725/1737/1053 1726/1736/1053 428/1288/1053 429/1286/1053
f 422/1751/1054 1725/1737/1054 429/1286/1054 62/1285/1054
f 421/1752/1055 1718/1730/1055 1725/1737/1055 422/1751/1055
f 420/1753/1056 1711/1723/1056 1718/1730/1056 421/1752/1056
f 419/1754/1057 1704/1716/1057 1711/1723/1057 420/1753/1057
f 418/1755/1058 1697/1709/1058 1704/1716/1058 419/1754/1058
f 417/1756/1059 1690/1697/1059 1697/1709/1059 418/1755/1059
f 416/1743/1060 1683/1694/1060 1690/1697/1060 417/1756/1060
f 1732/1757/1061 1733/1758/1061 1740/1759/1061 1739/1760/1061
f 1733/1758/1062 1734/1761/1062 1741/1762/1062 1740/1759/1062
f 1734/1761/1063 1735/1763/1063 1742/1764/1063 1741/1762/1063
f 1735/1763/1064 1736/1765/1064 1743/1766/1064 1742/1764/1064
f 1736/1765/1065 1737/1767/1065 1744/1768/1065 1743/1766/1065
f 1737/1767/1066 1738/1769/1066 1745/1770/1066 1744/1768/1066
f 1739/1760/1067 1740/1759/1067 1747/1771/1067 1746/1772/1067
f 1740/1759/1068 1741/1762/1068 1748/1773/1068 1747/1771/1068
f 1741/1762/1069 1742/1764/1069 1749/1774/1069 1748/1773/1069
f 1742/1764/1070 1743/1766/1070 1750/1775/1070 1749/1774/1070
f 1743/1766/1071 1744/1768/1071 1751/1776/1071 1750/1775/1071
f 1744/1768/1072 1745/1770/1072 1752/1777/1072 1751/1776/1072
f 1746/1772/1073 1747/1771/1073 1754/1778/1073 1753/1779/1073
f 1747/1771/1074 1748/1773/1074 1755/1780/1074 1754/1778/1074
f 1748/1773/1075 1749/1774/1075 1756/1781/1075 1755/1780/1075
f 1749/1774/1076 1750/1775/1076 1757/1782/1076 1756/1781/1076
f 1750/1775/1077 1751/1776/1077 1758/1783/1077 1757/1782/1077
f 1751/1776/1078 1752/1777/1078 1759/1784/1078 1758/1783/1078
f 1753/1779/1079 1754/1778/1079 1761/1785/1079 1760/1786/1079
f 1754/1778/1080 1755/1780/1080 1762/1787/1080 1761/1785/1080
f 1755/1780/1081 1756/1781/1081 1763/1788/1081 1762/1787/1081
f 1756/1781/1082 1757/1782/1082 1764/1789/1082 1763/1788/1082
f 1757/1782/1083 1758/1783/1083 1765/1790/1083 1764/1789/1083
f 1758/1783/1084 1759/1784/1084 1766/1791/1084 1765/1790/1084
f 1760/1786/1085 1761/1785/1085 1768/1792/1085 1767/1793/1085
f 1761/1785/1086 1762/1787/1086 1769/1794/1086 1768/1792/1086
f 1762/1787/1087 1763/1788/1087 1770/1795/1087 1769/1794/1087
f 1763/1788/1088 1764/1789/1088 1771/1796/1088 1770/1795/1088
f 1764/1789/1089 1765/1790/1089 1772/1797/1089 1771/1796/1089
f 1765/1790/1090 1766/1791/1090 1773/1798/1090 1772/1797/1090
f 1767/1793/1091 1768/1792/1091 1775/1799/1091 1774/1800/1091
f 1768/1792/1092 1769/1794/1092 1776/1801/1092 1775/1799/1092
f 1769/1794/1093 1770/1795/1093 1777/1802/1093 1776/1801/1093
f 1770/1795/1094 1771/1796/1094 1778/1803/1094 1777/1802/1094
f 1771/1796/1095 1772/1797/1095 1779/1804/1095 1778/1803/1095
f 1772/1797/1096 1773/1798/1096 1780/1805/1096 1779/1804/1096
f 35/1806/1097 107/1807/1097 1732/1757/1097 73/1808/1097
f 107/1807/1098 106/1809/1098 1733/1758/1098 1732/1757/1098
f 106/1809/1099 105/1810/1099 1734/1761/1099 1733/1758/1099
f 105/1810/1100 104/1811/1100 1735/1763/1100 1734/1761/1100
f 104/1811/1101 103/1812/1101 1736/1765/1101 1735/1763/1101
f 103/1812/1102 102/1813/1102 1737/1767/1102 1736/1765/1102
f 102/1813/1103 101/1814/1103 1738/1769/1103 1737/1767/1103
f 101/1814/1104 57/1123/1104 430/1125/1104 1738/1769/1104
f 1738/1769/1105 430/1125/1105 431/1154/1105 1745/1770/1105
f 1745/1770/1106 431/1154/1106 432/1153/1106 1752/1777/1106
f 1752/1777/1107 432/1153/1107 433/1152/1107 1759/1784/1107
f 1759/1784/1108 433/1152/1108 434/1151/1108 1766/1791/1108
f 1766/1791/1109 434/1151/1109 435/1150/1109 1773/1798/1109
f 1773/1798/1110 435/1150/1110 436/1148/1110 1780/1805/1110
f 1780/1805/1111 436/1148/1111 61/1149/1111 415/1815/1111
f 1779/1804/1112 1780/1805/1112 415/1815/1112 414/1816/1112
f 1778/1803/1113 1779/1804/1113 414/1816/1113 413/1817/1113
f 1777/1802/1114 1778/1803/1114 413/1817/1114 412/1818/1114
f 1776/1801/1115 1777/1802/1115 412/1818/1115 411/1819/1115
f 1775/1799/1116 1776/1801/1116 411/1819/1116 410/1820/1116
f 1774/1800/1117 1775/1799/1117 410/1820/1117 409/1821/1117
f 79/1822/1118 1774/1800/1118 409/1821/1118 33/1823/1118
f 78/1824/1119 1767/1793/1119 1774/1800/1119 79/1822/1119
f 77/1825/1120 1760/1786/1120 1767/1793/1120 78/1824/1120
f 76/1826/1121 1753/1779/1121 1760/1786/1121 77/1825/1121
f 75/1827/1122 1746/1772/1122 1753/1779/1122 76/1826/1122
f 74/1828/1123 1739/1760/1123 1746/1772/1123 75/1827/1123
f 73/1808/1124 1732/1757/1124 1739/1760/1124 74/1828/1124
f 1781/1829/1125 1782/1830/1125 1789/1831/1125 1788/1832/1125
f 1782/1830/1126 1783/1833/1126 1790/1834/1126 1789/1831/1126
f 1783/1833/1127 1784/1835/1127 1791/1836/1127 1790/1834/1127
f 1784/1835/1128 1785/1837/1128 1792/1838/1128 1791/1836/1128
f 1785/1837/1129 1786/1839/1129 1793/1840/1129 1792/1838/1129
f 1786/1839/1130 1787/1841/1130 1794/1842/1130 1793/1840/1130
f 1788/1832/1131 1789/1831/1131 1796/1843/1131 1795/1844/1131
f 1789/1831/1132 1790/1834/1132 1797/1845/1132 1796/1843/1132
f 1790/1834/1133 1791/1836/1133 1798/1846/1133 1797/1845/1133
f 1791/1836/1134 1792/1838/1134 1799/1847/1134 1798/1846/1134
f 1792/1838/1135 1793/1840/1135 1800/1848/1135 1799/1847/1135
f 1793/1840/1136 1794/1842/1136 1801/1849/1136 1800/1848/1136
f 1795/1844/1137 1796/1843/1137 1803/1850/1137 1802/1851/1137
f 1796/1843/1138 1797/1845/1138 1804/1852/1138 1803/1850/1138
f 1797/1845/1139 1798/1846/1139 1805/1853/1139 1804/1852/1139
f 1798/1846/1140 1799/1847/1140 1806/1854/1140 1805/1853/1140
f 1799/1847/1141 1800/1848/1141 1807/1855/1141 1806/1854/1141
f 1800/1848/1142 1801/1849/1142 1808/1856/1142 1807/1855/1142
f 1802/1851/1143 1803/1850/1143 1810/1857/1143 1809/1858/1143
f 1803/1850/1144 1804/1852/1144 1811/1859/1144 1810/1857/1144
f 1804/1852/1145 1805/1853/1145 1812/1860/1145 1811/1859/1145
f 1805/1853/1146 1806/1854/1146 1813/1861/1146 1812/1860/1146
f 1806/1854/1147 1807/1855/1147 1814/1862/1147 1813/1861/1147
f 1807/1855/1148 1808/1856/1148 1815/1863/1148 1814/1862/1148
f 1809/1858/1149 1810/1857/1149 1817/1864/1149 1816/1865/1149
f 1810/1857/1150 1811/1859/1150 1818/1866/1150 1817/1864/1150
f 1811/1859/1151 1812/1860/1151 1819/1867/1151 1818/1866/1151
f 1812/1860/1152 1813/1861/1152 1820/1868/1152 1819/1867/1152
f 1813/1861/1153 1814/1862/1153 1821/1869/1153 1820/1868/1153
f 1814/1862/1154 1815/1863/1154 1822/1870/1154 1821/1869/1154
f 1816/1865/1155 1817/1864/1155 1824/1871/1155 1823/1872/1155
f 1817/1864/1156 1818/1866/1156 1825/1873/1156 1824/1871/1156
f 1818/1866/1157 1819/1867/1157 1826/1874/1157 1825/1873/1157
f 1819/1867/1158 1820/1868/1158 1827/1875/1158 1826/1874/1158
f 1820/1868/1159 1821/1869/1159 1828/1876/1159 1827/1875/1159
f 1821/1869/1160 1822/1870/1160 1829/1877/1160 1828/1876/1160
f 63/1878/1161 471/1879/1161 1781/1829/1161 542/1880/1161
f 471/1879/1162 470/1881/1162 1782/1830/1162 1781/1829/1162
f 470/1881/1163 469/821/1163 1783/1833/1163 1782/1830/1163
f 469/821/1164 468/1882/1164 1784/1835/1164 1783/1833/1164
f 468/1882/1165 467/1883/1165 1785/1837/1165 1784/1835/1165
f 467/1883/1166 466/1884/1166 1786/1839/1166 1785/1837/1166
f 466/1884/1167 465/1885/1167 1787/1841/1167 1786/1839/1167
f 465/1885/1168 42/1886/1168 416/1887/1168 1787/1841/1168
f 1787/1841/1169 416/1887/1169 417/1888/1169 1794/1842/1169
f 1794/1842/1170 417/1888/1170 418/1755/1170 1801/1849/1170
f 1801/1849/1171 418/1755/1171 419/1889/1171 1808/1856/1171
f 1808/1856/1172 419/1889/1172 420/1890/1172 1815/1863/1172
f 1815/1863/1173 420/1890/1173 421/1891/1173 1822/1870/1173
f 1822/1870/1174 421/1891/1174 422/1892/1174 1829/1877/1174
f 1829/1877/1175 422/1892/1175 62/889/1175 521/888/1175
f 1828/1876/1176 1829/1877/1176 521/888/1176 522/887/1176
f 1827/1875/1177 1828/1876/1177 522/887/1177 523/886/1177
f 1826/1874/1178 1827/1875/1178 523/886/1178 524/885/1178
f 1825/1873/1179 1826/1874/1179 524/885/1179 525/884/1179
f 1824/1871/1180 1825/1873/1180 525/884/1180 526/883/1180
f 1823/1872/1181 1824/1871/1181 526/883/1181 527/881/1181
f 548/1893/1182 1823/1872/1182 527/881/1182 71/880/1182
f 547/1894/1183 1816/1865/1183 1823/1872/1183 548/1893/1183
f 546/1895/1184 1809/1858/1184 1816/1865/1184 547/1894/1184
f 545/1896/1185 1802/1851/1185 1809/1858/1185 546/1895/1185
f 544/1897/1186 1795/1844/1186 1802/1851/1186 545/1896/1186
f 543/1898/1187 1788/1832/1187 1795/1844/1187 544/1897/1187
f 542/1880/1188 1781/1829/1188 1788/1832/1188 543/1898/1188
f 2026/2173/1204 2027/2174/1204 2034/2175/1204 2033/2176/1204
f 2027/2174/1205 2028/2177/1205 2035/2178/1205 2034/2175/1205
f 2028/2177/1206 2029/2179/1206 2036/2180/1206 2035/2178/1206
f 2029/2179/1207 2030/2181/1207 2037/2182/1207 2036/2180/1207
f 2030/2181/1208 2031/2183/1208 2038/2184/1208 2037/2182/1208
f 2031/2183/1209 2032/2185/1209 2039/2186/1209 2038/2184/1209
f 2033/2176/1210 2034/2175/1210 2041/2187/1210 2040/2188/1210
f 2034/2175/1211 2035/2178/1211 2042/2189/1211 2041/2187/1211
f 2035/2178/1212 2036/2180/1212 2043/2190/1212 2042/2189/1212
f 2036/2180/1213 2037/2182/1213 2044/2191/1213 2043/2190/1213
f 2037/2182/1214 2038/2184/1214 2045/2192/1214 2044/2191/1214
f 2038/2184/1215 2039/2186/1215 2046/2193/1215 2045/2192/1215
f 2040/2188/1216 2041/2187/1216 2048/2194/1216 2047/2195/1216
f 2041/2187/1217 2042/2189/1217 2049/2196/1217 2048/2194/1217
f 2042/2189/1218 2043/2190/1218 2050/2197/1218 2049/2196/1218
f 2043/2190/1219 2044/2191/1219 2051/2198/1219 2050/2197/1219
f 2044/2191/1220 2045/2192/1220 2052/2199/1220 2051/2198/1220
f 2045/2192/1221 2046/2193/1221 2053/2200/1221 2052/2199/1221
f 2047/2195/1222 2048/2194/1222 2055/2201/1222 2054/2202/1222
f 2048/2194/1223 2049/2196/1223 2056/2203/1223 2055/2201/1223
f 2049/2196/1224 2050/2197/1224 2057/2204/1224 2056/2203/1224
f 2050/2197/1225 2051/2198/1225 2058/2205/1225 2057/2204/1225
f 2051/2198/1226 2052/2199/1226 2059/2206/1226 2058/2205/1226
f 2052/2199/1227 2053/2200/1227 2060/2207/1227 2059/2206/1227
f 2054/2202/1228 2055/2201/1228 2062/2208/1228 2061/2209/1228
f 2055/2201/1229 2056/2203/1229 2063/2210/1229 2062/2208/1229
f 2056/2203/1230 2057/2204/1230 2064/2211/1230 2063/2210/1230
f 2057/2204/1231 2058/2205/1231 2065/2212/1231 2064/2211/1231
f 2058/2205/1232 2059/2206/1232 2066/2213/1232 2065/2212/1232
f 2059/2206/1233 2060/2207/1233 2067/2214/1233 2066/2213/1233
f 2061/2209/1234 2062/2208/1234 2069/2215/1234 2068/2216/1234
f 2062/2208/1235 2063/2210/1235 2070/2217/1235 2069/2215/1235
f 2063/2210/1236 2064/2211/1236 2071/2218/1236 2070/2217/1236
f 2064/2211/1237 2065/2212/1237 2072/2219/1237 2071/2218/1237
f 2065/2212/1238 2066/2213/1238 2073/2220/1238 2072/2219/1238
f 2066/2213/1239 2067/2214/1239 2074/2221/1239 2073/2220/1239
f 35/2222/1240 100/2223/1240 2026/2173/1240 107/2224/1240
f 100/2223/1241 99/2225/1241 2027/2174/1241 2026/2173/1241
f 99/2225/1242 98/2226/1242 2028/2177/1242 2027/2174/1242
f 98/2226/1243 97/2227/1243 2029/2179/1243 2028/2177/1243
f 97/2227/1244 96/2228/1244 2030/2181/1244 2029/2179/1244
f 96/2228/1245 95/2229/1245 2031/2183/1245 2030/2181/1245
f 95/2229/1246 94/2230/1246 2032/2185/1246 2031/2183/1246
f 94/2230/1247 63/825/1247 542/1880/1247 2032/2185/1247
f 2032/2185/1248 542/1880/1248 543/2231/1248 2039/2186/1248
f 2039/2186/1249 543/2231/1249 544/2232/1249 2046/2193/1249
f 2046/2193/1250 544/2232/1250 545/2233/1250 2053/2200/1250
f 2053/2200/1251 545/2233/1251 546/1895/1251 2060/2207/1251
f 2060/2207/1252 546/1895/1252 547/2234/1252 2067/2214/1252
f 2067/2214/1253 547/2234/1253 548/2235/1253 2074/2221/1253
f 2074/2221/1254 548/2235/1254 71/2236/1254 437/2237/1254
f 2073/2220/1255 2074/2221/1255 437/2237/1255 438/2238/1255
f 2072/2219/1256 2073/2220/1256 438/2238/1256 439/2239/1256
f 2071/2218/1257 2072/2219/1257 439/2239/1257 440/2240/1257
f 2070/2217/1258 2071/2218/1258 440/2240/1258 441/2241/1258
f 2069/2215/1259 2070/2217/1259 441/2241/1259 442/2242/1259
f 2068/2216/1260 2069/2215/1260 442/2242/1260 443/2243/1260
f 101/2244/1261 2068/2216/1261 443/2243/1261 57/2245/1261
f 102/2246/1262 2061/2209/1262 2068/2216/1262 101/2244/1262
f 103/2247/1263 2054/2202/1263 2061/2209/1263 102/2246/1263
f 104/2248/1264 2047/2195/1264 2054/2202/1264 103/2247/1264
f 105/2249/1265 2040/2188/1265 2047/2195/1265 104/2248/1265
f 106/2250/1266 2033/2176/1266 2040/2188/1266 105/2249/1266
f 107/2224/1267 2026/2173/1267 2033/2176/1267 106/2250/1267
f 2124/2331/1328 2125/2332/1328 2132/2333/1328 2131/2334/1328
f 2125/2332/1329 2126/2335/1329 2133/2336/1329 2132/2333/1329
f 2126/2335/1330 2127/2337/1330 2134/2338/1330 2133/2336/1330
f 2127/2337/1331 2128/2339/1331 2135/2340/1331 2134/2338/1331
f 2128/2339/1332 2129/2341/1332 2136/2342/1332 2135/2340/1332
f 2129/2341/1333 2130/2343/1333 2137/2344/1333 2136/2342/1333
f 2131/2334/1334 2132/2333/1334 2139/2345/1334 2138/2346/1334
f 2132/2333/1335 2133/2336/1335 2140/2347/1335 2139/2345/1335
f 2133/2336/1336 2134/2338/1336 2141/2348/1336 2140/2347/1336
f 2134/2338/1337 2135/2340/1337 2142/2349/1337 2141/2348/1337
f 2135/2340/1338 2136/2342/1338 2143/2350/1338 2142/2349/1338
f 2136/2342/1339 2137/2344/1339 2144/2351/1339 2143/2350/1339
f 2138/2346/1340 2139/2345/1340 2146/2352/1340 2145/2353/1340
f 2139/2345/1341 2140/2347/1341 2147/2354/1341 2146/2352/1341
f 2140/2347/1342 2141/2348/1342 2148/2355/1342 2147/2354/1342
f 2141/2348/1343 2142/2349/1343 2149/2356/1343 2148/2355/1343
f 2142/2349/1344 2143/2350/1344 2150/2357/1344 2149/2356/1344
f 2143/2350/1345 2144/2351/1345 2151/2358/1345 2150/2357/1345
f 2145/2353/1346 2146/2352/1346 2153/2359/1346 2152/2360/1346
f 2146/2352/1347 2147/2354/1347 2154/2361/1347 2153/2359/1347
f 2147/2354/1348 2148/2355/1348 2155/2362/1348 2154/2361/1348
f 2148/2355/1349 2149/2356/1349 2156/2363/1349 2155/2362/1349
f 2149/2356/1350 2150/2357/1350 2157/2364/1350 2156/2363/1350
f 2150/2357/1351 2151/2358/1351 2158/2365/1351 2157/2364/1351
f 2152/2360/1352 2153/2359/1352 2160/2366/1352 2159/2367/1352
f 2153/2359/1353 2154/2361/1353 2161/2368/1353 2160/2366/1353
f 2154/2361/1354 2155/2362/1354 2162/2369/1354 2161/2368/1354
f 2155/2362/1355 2156/2363/1355 2163/2370/1355 2162/2369/1355
f 2156/2363/1356 2157/2364/1356 2164/2371/1356 2163/2370/1356
f 2157/2364/1357 2158/2365/1357 2165/2372/1357 2164/2371/1357
f 2159/2367/1358 2160/2366/1358 2167/2373/1358 2166/2374/1358
f 2160/2366/1359 2161/2368/1359 2168/2375/1359 2167/2373/1359
f 2161/2368/1360 2162/2369/1360 2169/2376/1360 2168/2375/1360
f 2162/2369/1361 2163/2370/1361 2170/2377/1361 2169/2376/1361
f 2163/2370/1362 2164/2371/1362 2171/2378/1362 2170/2377/1362
f 2164/2371/1363 2165/2372/1363 2172/2379/1363 2171/2378/1363
f 37/438/1364 142/2380/1364 2124/2331/1364 149/2381/1364
f 142/2380/1365 141/2382/1365 2125/2332/1365 2124/2331/1365
f 141/2382/1366 140/2383/1366 2126/2335/1366 2125/2332/1366
f 140/2383/1367 139/2384/1367 2127/2337/1367 2126/2335/1367
f 139/2384/1368 138/2385/1368 2128/2339/1368 2127/2337/1368
f 138/2385/1369 137/2386/1369 2129/2341/1369 2128/2339/1369
f 137/2386/1370 136/2387/1370 2130/2343/1370 2129/2341/1370
f 136/2387/1371 65/2388/1371 556/2389/1371 2130/2343/1371
f 2130/2343/1372 556/2389/1372 557/2390/1372 2137/2344/1372
f 2137/2344/1373 557/2390/1373 558/2391/1373 2144/2351/1373
f 2144/2351/1374 558/2391/1374 559/2392/1374 2151/2358/1374
f 2151/2358/1375 559/2392/1375 560/2393/1375 2158/2365/1375
f 2158/2365/1376 560/2393/1376 561/2394/1376 2165/2372/1376
f 2165/2372/1377 561/2394/1377 562/1499/1377 2172/2379/1377
f 2172/2379/1378 562/1499/1378 69/2395/1378 353/2396/1378
f 2171/2378/1379 2172/2379/1379 353/2396/1379 354/2397/1379
f 2170/2377/1380 2171/2378/1380 354/2397/1380 355/2398/1380
f 2169/2376/1381 2170/2377/1381 355/2398/1381 356/2399/1381
f 2168/2375/1382 2169/2376/1382 356/2399/1382 357/2400/1382
f 2167/2373/1383 2168/2375/1383 357/2400/1383 358/2401/1383
f 2166/2374/1384 2167/2373/1384 358/2401/1384 359/2402/1384
f 143/2403/1385 2166/2374/1385 359/2402/1385 52/2404/1385
f 144/2405/1386 2159/2367/1386 2166/2374/1386 143/2403/1386
f 145/2406/1387 2152/2360/1387 2159/2367/1387 144/2405/1387
f 146/2407/1388 2145/2353/1388 2152/2360/1388 145/2406/1388
f 147/2408/1389 2138/2346/1389 2145/2353/1389 146/2407/1389
f 148/2409/1390 2131/2334/1390 2138/2346/1390 147/2408/1390
f 149/2381/1391 2124/2331/1391 2131/2334/1391 148/2409/1391
f 2271/2535/1457 2272/2536/1457 2279/2537/1457 2278/2538/1457
f 2272/2536/1458 2273/2539/1458 2280/2540/1458 2279/2537/1458
f 2273/2539/1459 2274/2541/1459 2281/2542/1459 2280/2540/1459
f 2274/2541/1460 2275/2543/1460 2282/2544/1460 2281/2542/1460
f 2275/2543/1461 2276/2545/1461 2283/2546/1461 2282/2544/1461
f 2276/2545/1462 2277/2547/1462 2284/2548/1462 2283/2546/1462
f 2278/2538/1463 2279/2537/1463 2286/2549/1463 2285/2550/1463
f 2279/2537/1464 2280/2540/1464 2287/2551/1464 2286/2549/1464
f 2280/2540/1465 2281/2542/1465 2288/2552/1465 2287/2551/1465
f 2281/2542/1466 2282/2544/1466 2289/2553/1466 2288/2552/1466
f 2282/2544/1467 2283/2546/1467 2290/2554/1467 2289/2553/1467
f 2283/2546/1468 2284/2548/1468 2291/2555/1468 2290/2554/1468
f 2285/2550/1469 2286/2549/1469 2293/2556/1469 2292/2557/1469
f 2286/2549/1470 2287/2551/1470 2294/2558/1470 2293/2556/1470
f 2287/2551/1471 2288/2552/1471 2295/2559/1471 2294/2558/1471
f 2288/2552/1472 2289/2553/1472 2296/2560/1472 2295/2559/1472
f 2289/2553/1473 2290/2554/1473 2297/2561/1473 2296/2560/1473
f 2290/2554/1474 2291/2555/1474 2298/2562/1474 2297/2561/1474
f 2292/2557/1475 2293/2556/1475 2300/2563/1475 2299/2564/1475
f 2293/2556/1476 2294/2558/1476 2301/2565/1476 2300/2563/1476
f 2294/2558/1477 2295/2559/1477 2302/2566/1477 2301/2565/1477
f 2295/2559/1478 2296/2560/1478 2303/2567/1478 2302/2566/1478
f 2296/2560/1479 2297/2561/1479 2304/2568/1479 2303/2567/1479
f 2297/2561/1480 2298/2562/1480 2305/2569/1480 2304/2568/1480
f 2299/2564/1481 2300/2563/1481 2307/2570/1481 2306/2571/1481
f 2300/2563/1482 2301/2565/1482 2308/2572/1482 2307/2570/1482
f 2301/2565/1483 2302/2566/1483 2309/2573/1483 2308/2572/1483
f 2302/2566/1484 2303/2567/1484 2310/2574/1484 2309/2573/1484
f 2303/2567/1485 2304/2568/1485 2311/2575/1485 2310/2574/1485
f 2304/2568/1486 2305/2569/1486 2312/2576/1486 2311/2575/1486
f 2306/2571/1487 2307/2570/1487 2314/2577/1487 2313/2578/1487
f 2307/2570/1488 2308/2572/1488 2315/2579/1488 2314/2577/1488
f 2308/2572/1489 2309/2573/1489 2316/2580/1489 2315/2579/1489
f 2309/2573/1490 2310/2574/1490 2317/2581/1490 2316/2580/1490
f 2310/2574/1491 2311/2575/1491 2318/2582/1491 2317/2581/1491
f 2311/2575/1492 2312/2576/1492 2319/2583/1492 2318/2582/1492
f 33/2584/1493 486/2585/1493 2271/2535/1493 79/2586/1493
f 486/2585/1494 487/2587/1494 2272/2536/1494 2271/2535/1494
f 487/2587/1495 488/2588/1495 2273/2539/1495 2272/2536/1495
f 488/2588/1496 489/2589/1496 2274/2541/1496 2273/2539/1496
f 489/2589/1497 490/2590/1497 2275/2543/1497 2274/2541/1497
f 490/2590/1498 491/2591/1498 2276/2545/1498 2275/2543/1498
f 491/2591/1499 492/2592/1499 2277/2547/1499 2276/2545/1499
f 492/2592/1500 66/808/1500 577/810/1500 2277/2547/1500
f 2277/2547/1501 577/810/1501 578/830/1501 2284/2548/1501
f 2284/2548/1502 578/830/1502 579/829/1502 2291/2555/1502
f 2291/2555/1503 579/829/1503 580/828/1503 2298/2562/1503
f 2298/2562/1504 580/828/1504 581/827/1504 2305/2569/1504
f 2305/2569/1505 581/827/1505 582/826/1505 2312/2576/1505
f 2312/2576/1506 582/826/1506 583/824/1506 2319/2583/1506
f 2319/2583/1507 583/824/1507 63/825/1507 94/2230/1507
f 2318/2582/1508 2319/2583/1508 94/2230/1508 95/2229/1508
f 2317/2581/1509 2318/2582/1509 95/2229/1509 96/2228/1509
f 2316/2580/1510 2317/2581/1510 96/2228/1510 97/2227/1510
f 2315/2579/1511 2316/2580/1511 97/2227/1511 98/2226/1511
f 2314/2577/1512 2315/2579/1512 98/2226/1512 99/2225/1512
f 2313/2578/1513 2314/2577/1513 99/2225/1513 100/2223/1513
f 73/2593/1514 2313/2578/1514 100/2223/1514 35/2222/1514
f 74/2594/1515 2306/2571/1515 2313/2578/1515 73/2593/1515
f 75/2595/1516 2299/2564/1516 2306/2571/1516 74/2594/1516
f 76/2596/1517 2292/2557/1517 2299/2564/1517 75/2595/1517
f 77/2597/1518 2285/2550/1518 2292/2557/1518 76/2596/1518
f 78/2598/1519 2278/2538/1519 2285/2550/1519 77/2597/1519
f 79/2586/1520 2271/2535/1520 2278/2538/1520 78/2598/1520
f 2320/2599/1521 2321/2600/1521 2328/2601/1521 2327/2602/1521
f 2321/2600/1522 2322/2603/1522 2329/2604/1522 2328/2601/1522
f 2322/2603/1523 2323/2605/1523 2330/2606/1523 2329/2604/1523
f 2323/2605/1524 2324/2607/1524 2331/2608/1524 2330/2606/1524
f 2324/2607/1525 2325/2609/1525 2332/2610/1525 2331/2608/1525
f 2325/2609/1526 2326/2611/1526 2333/2612/1526 2332/2610/1526
f 2327/2602/1527 2328/2601/1527 2335/2613/1527 2334/2614/1527
f 2328/2601/1528 2329/2604/1528 2336/2615/1528 2335/2613/1528
f 2329/2604/1529 2330/2606/1529 2337/2616/1529 2336/2615/1529
f 2330/2606/1530 2331/2608/1530 2338/2617/1530 2337/2616/1530
f 2331/2608/1531 2332/2610/1531 2339/2618/1531 2338/2617/1531
f 2332/2610/1532 2333/2612/1532 2340/2619/1532 2339/2618/1532
f 2334/2614/1533 2335/2613/1533 2342/2620/1533 2341/2621/1533
f 2335/2613/1534 2336/2615/1534 2343/2622/1534 2342/2620/1534
f 2336/2615/1535 2337/2616/1535 2344/2623/1535 2343/2622/1535
f 2337/2616/1536 2338/2617/1536 2345/2624/1536 2344/2623/1536
f 2338/2617/1537 2339/2618/1537 2346/2625/1537 2345/2624/1537
f 2339/2618/1538 2340/2619/1538 2347/2626/1538 2346/2625/1538
f 2341/2621/1539 2342/2620/1539 2349/2627/1539 2348/2628/1539
f 2342/2620/1540 2343/2622/1540 2350/2629/1540 2349/2627/1540
f 2343/2622/1541 2344/2623/1541 2351/2630/1541 2350/2629/1541
f 2344/2623/1542 2345/2624/1542 2352/2631/1542 2351/2630/1542
f 2345/2624/1543 2346/2625/1543 2353/2632/1543 2352/2631/1543
f 2346/2625/1544 2347/2626/1544 2354/2633/1544 2353/2632/1544
f 2348/2628/1545 2349/2627/1545 2356/2634/1545 2355/2635/1545
f 2349/2627/1546 2350/2629/1546 2357/2636/1546 2356/2634/1546
f 2350/2629/1547 2351/2630/1547 2358/2637/1547 2357/2636/1547
f 2351/2630/1548 2352/2631/1548 2359/2638/1548 2358/2637/1548
f 2352/2631/1549 2353/2632/1549 2360/2639/1549 2359/2638/1549
f 2353/2632/1550 2354/2633/1550 2361/2640/1550 2360/2639/1550
f 2355/2635/1551 2356/2634/1551 2363/2641/1551 2362/2642/1551
f 2356/2634/1552 2357/2636/1552 2364/2643/1552 2363/2641/1552
f 2357/2636/1553 2358/2637/1553 2365/2644/1553 2364/2643/1553
f 2358/2637/1554 2359/2638/1554 2366/2645/1554 2365/2644/1554
f 2359/2638/1555 2360/2639/1555 2367/2646/1555 2366/2645/1555
f 2360/2639/1556 2361/2640/1556 2368/2647/1556 2367/2646/1556
f 54/2325/1557 366/2323/1557 2320/2599/1557 324/2648/1557
f 366/2323/1558 365/2322/1558 2321/2600/1558 2320/2599/1558
f 365/2322/1559 364/2321/1559 2322/2603/1559 2321/2600/1559
f 364/2321/1560 363/2320/1560 2323/2605/1560 2322/2603/1560
f 363/2320/1561 362/2319/1561 2324/2607/1561 2323/2605/1561
f 362/2319/1562 361/2318/1562 2325/2609/1562 2324/2607/1562
f 361/2318/1563 360/2317/1563 2326/2611/1563 2325/2609/1563
f 360/2317/1564 70/2316/1564 584/2649/1564 2326/2611/1564
f 2326/2611/1565 584/2649/1565 585/2650/1565 2333/2612/1565
f 2333/2612/1566 585/2650/1566 586/2651/1566 2340/2619/1566
f 2340/2619/1567 586/2651/1567 587/2652/1567 2347/2626/1567
f 2347/2626/1568 587/2652/1568 588/2653/1568 2354/2633/1568
f 2354/2633/1569 588/2653/1569 589/2654/1569 2361/2640/1569
f 2361/2640/1570 589/2654/1570 590/2655/1570 2368/2647/1570
f 2368/2647/1571 590/2655/1571 64/2656/1571 115/2657/1571
f 2367/2646/1572 2368/2647/1572 115/2657/1572 116/2658/1572
f 2366/2645/1573 2367/2646/1573 116/2658/1573 117/2659/1573
f 2365/2644/1574 2366/2645/1574 117/2659/1574 118/2660/1574
f 2364/2643/1575 2365/2644/1575 118/2660/1575 119/2661/1575
f 2363/2641/1576 2364/2643/1576 119/2661/1576 120/2662/1576
f 2362/2642/1577 2363/2641/1577 120/2662/1577 121/2663/1577
f 318/2664/1578 2362/2642/1578 121/2663/1578 39/430/1578
f 319/2665/1579 2355/2635/1579 2362/2642/1579 318/2664/1579
f 320/2666/1580 2348/2628/1580 2355/2635/1580 319/2665/1580
f 321/2667/1581 2341/2621/1581 2348/2628/1581 320/2666/1581
f 322/2668/1582 2334/2614/1582 2341/2621/1582 321/2667/1582
f 323/2669/1583 2327/2602/1583 2334/2614/1583 322/2668/1583
f 324/2648/1584 2320/2599/1584 2327/2602/1584 323/2669/1584
f 2369/2670/1585 2370/2671/1585 2377/2672/1585 2376/2673/1585
f 2370/2671/1586 2371/2674/1586 2378/2675/1586 2377/2672/1586
f 2371/2674/1587 2372/2676/1587 2379/2677/1587 2378/2675/1587
f 2372/2676/1588 2373/2678/1588 2380/2679/1588 2379/2677/1588
f 2373/2678/1589 2374/2680/1589 2381/2681/1589 2380/2679/1589
f 2374/2680/1590 2375/2682/1590 2382/2683/1590 2381/2681/1590
f 2376/2673/1591 2377/2672/1591 2384/2684/1591 2383/2685/1591
f 2377/2672/1592 2378/2675/1592 2385/2686/1592 2384/2684/1592
f 2378/2675/1593 2379/2677/1593 2386/2687/1593 2385/2686/1593
f 2379/2677/1594 2380/2679/1594 2387/2688/1594 2386/2687/1594
f 2380/2679/1595 2381/2681/1595 2388/2689/1595 2387/2688/1595
f 2381/2681/1596 2382/2683/1596 2389/2690/1596 2388/2689/1596
f 2383/2685/1597 2384/2684/1597 2391/2691/1597 2390/2692/1597
f 2384/2684/1598 2385/2686/1598 2392/2693/1598 2391/2691/1598
f 2385/2686/1599 2386/2687/1599 2393/2694/1599 2392/2693/1599
f 2386/2687/1600 2387/2688/1600 2394/2695/1600 2393/2694/1600
f 2387/2688/1601 2388/2689/1601 2395/2696/1601 2394/2695/1601
f 2388/2689/1602 2389/2690/1602 2396/2697/1602 2395/2696/1602
f 2390/2692/1603 2391/2691/1603 2398/2698/1603 2397/2699/1603
f 2391/2691/1604 2392/2693/1604 2399/2700/1604 2398/2698/1604
f 2392/2693/1605 2393/2694/1605 2400/2701/1605 2399/2700/1605
f 2393/2694/1606 2394/2695/1606 2401/2702/1606 2400/2701/1606
f 2394/2695/1607 2395/2696/1607 2402/2703/1607 2401/2702/1607
f 2395/2696/1608 2396/2697/1608 2403/2704/1608 2402/2703/1608
f 2397/2699/1609 2398/2698/1609 2405/2705/1609 2404/2706/1609
f 2398/2698/1610 2399/2700/1610 2406/2707/1610 2405/2705/1610
f 2399/2700/1611 2400/2701/1611 2407/2708/1611 2406/2707/1611
f 2400/2701/1612 2401/2702/1612 2408/2709/1612 2407/2708/1612
f 2401/2702/1613 2402/2703/1613 2409/2710/1613 2408/2709/1613
f 2402/2703/1614 2403/2704/1614 2410/2711/1614 2409/2710/1614
f 2404/2706/1615 2405/2705/1615 2412/2712/1615 2411/2713/1615
f 2405/2705/1616 2406/2707/1616 2413/2714/1616 2412/2712/1616
f 2406/2707/1617 2407/2708/1617 2414/2715/1617 2413/2714/1617
f 2407/2708/1618 2408/2709/1618 2415/2716/1618 2414/2715/1618
f 2408/2709/1619 2409/2710/1619 2416/2717/1619 2415/2716/1619
f 2409/2710/1620 2410/2711/1620 2417/2718/1620 2416/2717/1620
f 39/430/1621 121/2663/1621 2369/2670/1621 128/431/1621
f 121/2663/1622 120/2662/1622 2370/2671/1622 2369/2670/1622
f 120/2662/1623 119/2661/1623 2371/2674/1623 2370/2671/1623
f 119/2661/1624 118/2660/1624 2372/2676/1624 2371/2674/1624
f 118/2660/1625 117/2659/1625 2373/2678/1625 2372/2676/1625
f 117/2659/1626 116/2658/1626 2374/2680/1626 2373/2678/1626
f 116/2658/1627 115/2657/1627 2375/2682/1627 2374/2680/1627
f 115/2657/1628 64/2656/1628 591/657/1628 2375/2682/1628
f 2375/2682/1629 591/657/1629 592/2719/1629 2382/2683/1629
f 2382/2683/1630 592/2719/1630 593/2720/1630 2389/2690/1630
f 2389/2690/1631 593/2720/1631 594/2721/1631 2396/2697/1631
f 2396/2697/1632 594/2721/1632 595/2722/1632 2403/2704/1632
f 2403/2704/1633 595/2722/1633 596/2723/1633 2410/2711/1633
f 2410/2711/1634 596/2723/1634 597/2724/1634 2417/2718/1634
f 2417/2718/1635 597/2724/1635 65/2388/1635 136/2387/1635
f 2416/2717/1636 2417/2718/1636 136/2387/1636 137/2386/1636
f 2415/2716/1637 2416/2717/1637 137/2386/1637 138/2385/1637
f 2414/2715/1638 2415/2716/1638 138/2385/1638 139/2384/1638
f 2413/2714/1639 2414/2715/1639 139/2384/1639 140/2383/1639
f 2412/2712/1640 2413/2714/1640 140/2383/1640 141/2382/1640
f 2411/2713/1641 2412/2712/1641 141/2382/1641 142/2380/1641
f 122/437/1642 2411/2713/1642 142/2380/1642 37/438/1642
f 123/436/1643 2404/2706/1643 2411/2713/1643 122/437/1643
f 124/435/1644 2397/2699/1644 2404/2706/1644 123/436/1644
f 125/434/1645 2390/2692/1645 2397/2699/1645 124/435/1645
f 126/433/1646 2383/2685/1646 2390/2692/1646 125/434/1646
f 127/432/1647 2376/2673/1647 2383/2685/1647 126/433/1647
f 128/431/1648 2369/2670/1648 2376/2673/1648 127/432/1648
f 2418/2725/1649 2419/2726/1649 2426/2727/1649 2425/2728/1649
f 2419/2726/1650 2420/2729/1650 2427/2730/1650 2426/2727/1650
f 2420/2729/1651 2421/2731/1651 2428/2732/1651 2427/2730/1651
f 2421/2731/1652 2422/2733/1652 2429/2734/1652 2428/2732/1652
f 2422/2733/1653 2423/2735/1653 2430/2736/1653 2429/2734/1653
f 2423/2735/1654 2424/2737/1654 2431/2738/1654 2430/2736/1654
f 2425/2728/1655 2426/2727/1655 2433/2739/1655 2432/2740/1655
f 2426/2727/1656 2427/2730/1656 2434/2741/1656 2433/2739/1656
f 2427/2730/1657 2428/2732/1657 2435/2742/1657 2434/2741/1657
f 2428/2732/1658 2429/2734/1658 2436/2743/1658 2435/2742/1658
f 2429/2734/1659 2430/2736/1659 2437/2744/1659 2436/2743/1659
f 2430/2736/1660 2431/2738/1660 2438/2745/1660 2437/2744/1660
f 2432/2740/1661 2433/2739/1661 2440/2746/1661 2439/2747/1661
f 2433/2739/1662 2434/2741/1662 2441/2748/1662 2440/2746/1662
f 2434/2741/1663 2435/2742/1663 2442/2749/1663 2441/2748/1663
f 2435/2742/1664 2436/2743/1664 2443/2750/1664 2442/2749/1664
f 2436/2743/1665 2437/2744/1665 2444/2751/1665 2443/2750/1665
f 2437/2744/1666 2438/2745/1666 2445/2752/1666 2444/2751/1666
f 2439/2747/1667 2440/2746/1667 2447/2753/1667 2446/2754/1667
f 2440/2746/1668 2441/2748/1668 2448/2755/1668 2447/2753/1668
f 2441/2748/1669 2442/2749/1669 2449/2756/1669 2448/2755/1669
f 2442/2749/1670 2443/2750/1670 2450/2757/1670 2449/2756/1670
f 2443/2750/1671 2444/2751/1671 2451/2758/1671 2450/2757/1671
f 2444/2751/1672 2445/2752/1672 2452/2759/1672 2451/2758/1672
f 2446/2754/1673 2447/2753/1673 2454/2760/1673 2453/2761/1673
f 2447/2753/1674 2448/2755/1674 2455/2762/1674 2454/2760/1674
f 2448/2755/1675 2449/2756/1675 2456/2763/1675 2455/2762/1675
f 2449/2756/1676 2450/2757/1676 2457/2764/1676 2456/2763/1676
f 2450/2757/1677 2451/2758/1677 2458/2765/1677 2457/2764/1677
f 2451/2758/1678 2452/2759/1678 2459/2766/1678 2458/2765/1678
f 2453/2761/1679 2454/2760/1679 2461/2767/1679 2460/2768/1679
f 2454/2760/1680 2455/2762/1680 2462/2769/1680 2461/2767/1680
f 2455/2762/1681 2456/2763/1681 2463/2770/1681 2462/2769/1681
f 2456/2763/1682 2457/2764/1682 2464/2771/1682 2463/2770/1682
f 2457/2764/1683 2458/2765/1683 2465/2772/1683 2464/2771/1683
f 2458/2765/1684 2459/2766/1684 2466/2773/1684 2465/2772/1684
f 61/2167/1685 450/2165/1685 2418/2725/1685 415/2774/1685
f 450/2165/1686 449/2164/1686 2419/2726/1686 2418/2725/1686
f 449/2164/1687 448/2163/1687 2420/2729/1687 2419/2726/1687
f 448/2163/1688 447/2162/1688 2421/2731/1688 2420/2729/1688
f 447/2162/1689 446/2161/1689 2422/2733/1689 2421/2731/1689
f 446/2161/1690 445/2160/1690 2423/2735/1690 2422/2733/1690
f 445/2160/1691 444/2159/1691 2424/2737/1691 2423/2735/1691
f 444/2159/1692 72/583/1692 598/585/1692 2424/2737/1692
f 2424/2737/1693 598/585/1693 599/605/1693 2431/2738/1693
f 2431/2738/1694 599/605/1694 600/604/1694 2438/2745/1694
f 2438/2745/1695 600/604/1695 601/603/1695 2445/2752/1695
f 2445/2752/1696 601/603/1696 602/602/1696 2452/2759/1696
f 2452/2759/1697 602/602/1697 603/601/1697 2459/2766/1697
f 2459/2766/1698 603/601/1698 604/599/1698 2466/2773/1698
f 2466/2773/1699 604/599/1699 66/600/1699 492/2775/1699
f 2465/2772/1700 2466/2773/1700 492/2775/1700 491/2776/1700
f 2464/2771/1701 2465/2772/1701 491/2776/1701 490/2777/1701
f 2463/2770/1702 2464/2771/1702 490/2777/1702 489/2778/1702
f 2462/2769/1703 2463/2770/1703 489/2778/1703 488/2779/1703
f 2461/2767/1704 2462/2769/1704 488/2779/1704 487/2780/1704
f 2460/2768/1705 2461/2767/1705 487/2780/1705 486/2781/1705
f 409/2782/1706 2460/2768/1706 486/2781/1706 33/2783/1706
f 410/2784/1707 2453/2761/1707 2460/2768/1707 409/2782/1707
f 411/2785/1708 2446/2754/1708 2453/2761/1708 410/2784/1708
f 412/2786/1709 2439/2747/1709 2446/2754/1709 411/2785/1709
f 413/2787/1710 2432/2740/1710 2439/2747/1710 412/2786/1710
f 414/2788/1711 2425/2728/1711 2432/2740/1711 413/2787/1711
f 415/2774/1712 2418/2725/1712 2425/2728/1712 414/2788/1712
usemtl t2
f 1095/831/650 1096/832/650 1103/833/650 1102/834/650
f 1096/832/651 1097/835/651 1104/836/651 1103/833/651
f 1097/835/652 1098/837/652 1105/838/652 1104/836/652
f 1098/837/653 1099/839/653 1106/840/653 1105/838/653
f 1099/839/654 1100/841/654 1107/842/654 1106/840/654
f 1100/841/655 1101/843/655 1108/844/655 1107/842/655
f 1102/834/650 1103/833/650 1110/845/650 1109/846/650
f 1103/833/651 1104/836/651 1111/847/651 1110/845/651
f 1104/836/652 1105/838/652 1112/848/652 1111/847/652
f 1105/838/653 1106/840/653 1113/849/653 1112/848/653
f 1106/840/654 1107/842/654 1114/850/654 1113/849/654
f 1107/842/655 1108/844/655 1115/851/655 1114/850/655
f 1109/846/650 1110/845/650 1117/852/650 1116/853/650
f 1110/845/651 1111/847/651 1118/854/651 1117/852/651
f 1111/847/652 1112/848/652 1119/855/652 1118/854/652
f 1112/848/653 1113/849/653 1120/856/653 1119/855/653
f 1113/849/654 1114/850/654 1121/857/654 1120/856/654
f 1114/850/655 1115/851/655 1122/858/655 1121/857/655
f 1116/853/650 1117/852/650 1124/859/650 1123/860/650
f 1117/852/656 1118/854/656 1125/861/656 1124/859/656
f 1118/854/652 1119/855/652 1126/862/652 1125/861/652
f 1119/855/653 1120/856/653 1127/863/653 1126/862/653
f 1120/856/654 1121/857/654 1128/864/654 1127/863/654
f 1121/857/655 1122/858/655 1129/865/655 1128/864/655
f 1123/860/650 1124/859/650 1131/866/650 1130/867/650
f 1124/859/656 1125/861/656 1132/868/656 1131/866/656
f 1125/861/652 1126/862/652 1133/869/652 1132/868/652
f 1126/862/653 1127/863/653 1134/870/653 1133/869/653
f 1127/863/654 1128/864/654 1135/871/654 1134/870/654
f 1128/864/655 1129/865/655 1136/872/655 1135/871/655
f 1130/867/650 1131/866/650 1138/873/650 1137/874/650
f 1131/866/651 1132/868/651 1139/875/651 1138/873/651
f 1132/868/652 1133/869/652 1140/876/652 1139/875/652
f 1133/869/653 1134/870/653 1141/877/653 1140/876/653
f 1134/870/654 1135/871/654 1142/878/654 1141/877/654
f 1135/871/655 1136/872/655 1143/879/655 1142/878/655
f 71/880/657 527/881/657 1095/831/657 570/882/657
f 527/881/650 526/883/650 1096/832/650 1095/831/650
f 526/883/651 525/884/651 1097/835/651 1096/832/651
f 525/884/652 524/885/652 1098/837/652 1097/835/652
f 524/885/653 523/886/653 1099/839/653 1098/837/653
f 523/886/654 522/887/654 1100/841/654 1099/839/654
f 522/887/655 521/888/655 1101/843/655 1100/841/655
f 521/888/658 62/889/658 248/890/658 1101/843/658
f 1101/843/658 248/890/658 249/891/658 1108/844/658
f 1108/844/658 249/891/658 250/892/658 1115/851/658
f 1115/851/658 250/892/658 251/893/658 1122/858/658
f 1122/858/658 251/893/658 252/894/658 1129/865/658
f 1129/865/658 252/894/658 253/895/658 1136/872/658
f 1136/872/658 253/895/658 254/896/658 1143/879/658
f 1143/879/658 254/896/658 50/897/658 493/898/658
f 1142/878/655 1143/879/655 493/898/655 494/899/655
f 1141/877/654 1142/878/654 494/899/654 495/900/654
f 1140/876/653 1141/877/653 495/900/653 496/901/653
f 1139/875/652 1140/876/652 496/901/652 497/902/652
f 1138/873/651 1139/875/651 497/902/651 498/903/651
f 1137/874/650 1138/873/650 498/903/650 499/904/650
f 576/905/657 1137/874/657 499/904/657 67/906/657
f 575/907/657 1130/867/657 1137/874/657 576/905/657
f 574/908/657 1123/860/657 1130/867/657 575/907/657
f 573/909/657 1116/853/657 1123/860/657 574/908/657
f 572/910/657 1109/846/657 1116/853/657 573/909/657
f 571/911/657 1102/834/657 1109/846/657 572/910/657
f 570/882/657 1095/831/657 1102/834/657 571/911/657
f 1144/912/659 1145/913/659 1152/914/659 1151/915/659
f 1145/913/660 1146/916/660 1153/917/660 1152/914/660
f 1146/916/661 1147/918/661 1154/919/661 1153/917/661
f 1147/918/662 1148/920/662 1155/921/662 1154/919/662
f 1148/920/663 1149/922/663 1156/923/663 1155/921/663
f 1149/922/664 1150/924/664 1157/925/664 1156/923/664
f 1151/915/665 1152/914/665 1159/926/665 1158/927/665
f 1152/914/666 1153/917/666 1160/928/666 1159/926/666
f 1153/917/667 1154/919/667 1161/929/667 1160/928/667
f 1154/919/668 1155/921/668 1162/930/668 1161/929/668
f 1155/921/669 1156/923/669 1163/931/669 1162/930/669
f 1156/923/670 1157/925/670 1164/932/670 1163/931/670
f 1158/927/671 1159/926/671 1166/933/671 1165/934/671
f 1159/926/672 1160/928/672 1167/935/672 1166/933/672
f 1160/928/673 1161/929/673 1168/936/673 1167/935/673
f 1161/929/674 1162/930/674 1169/937/674 1168/936/674
f 1162/930/675 1163/931/675 1170/938/675 1169/937/675
f 1163/931/676 1164/932/676 1171/939/676 1170/938/676
f 1165/934/677 1166/933/677 1173/940/677 1172/941/677
f 1166/933/678 1167/935/678 1174/942/678 1173/940/678
f 1167/935/679 1168/936/679 1175/943/679 1174/942/679
f 1168/936/680 1169/937/680 1176/944/680 1175/943/680
f 1169/937/681 1170/938/681 1177/945/681 1176/944/681
f 1170/938/682 1171/939/682 1178/946/682 1177/945/682
f 1172/941/683 1173/940/683 1180/947/683 1179/948/683
f 1173/940/684 1174/942/684 1181/949/684 1180/947/684
f 1174/942/685 1175/943/685 1182/950/685 1181/949/685
f 1175/943/686 1176/944/686 1183/951/686 1182/950/686
f 1176/944/687 1177/945/687 1184/952/687 1183/951/687
f 1177/945/688 1178/946/688 1185/953/688 1184/952/688
f 1179/948/689 1180/947/689 1187/954/689 1186/955/689
f 1180/947/690 1181/949/690 1188/956/690 1187/954/690
f 1181/949/691 1182/950/691 1189/957/691 1188/956/691
f 1182/950/692 1183/951/692 1190/958/692 1189/957/692
f 1183/951/693 1184/952/693 1191/959/693 1190/958/693
f 1184/952/694 1185/953/694 1192/960/694 1191/959/694
f 69/961/695 513/962/695 1144/912/695 563/963/695
f 513/962/696 512/964/696 1145/913/696 1144/912/696
f 512/964/697 511/965/697 1146/916/697 1145/913/697
f 511/965/698 510/966/698 1147/918/698 1146/916/698
f 510/966/699 509/967/699 1148/920/699 1147/918/699
f 509/967/700 508/968/700 1149/922/700 1148/920/700
f 508/968/701 507/969/701 1150/924/701 1149/922/701
f 507/969/702 56/970/702 241/971/702 1150/924/702
f 1150/924/702 241/971/702 242/972/702 1157/925/702
f 1157/925/703 242/972/703 243/973/703 1164/932/703
f 1164/932/703 243/973/703 244/974/703 1171/939/703
f 1171/939/703 244/974/703 245/975/703 1178/946/703
f 1178/946/703 245/975/703 246/976/703 1185/953/703
f 1185/953/703 246/976/703 247/977/703 1192/960/703
f 1192/960/703 247/977/703 49/978/703 500/979/703
f 1191/959/694 1192/960/694 500/979/694 501/980/694
f 1190/958/704 1191/959/704 501/980/704 502/981/704
f 1189/957/705 1190/958/705 502/981/705 503/982/705
f 1188/956/706 1189/957/706 503/982/706 504/983/706
f 1187/954/707 1188/956/707 504/983/707 505/984/707
f 1186/955/708 1187/954/708 505/984/708 506/985/708
f 569/986/709 1186/955/709 506/985/709 68/987/709
f 568/988/710 1179/948/710 1186/955/710 569/986/710
f 567/989/711 1172/941/711 1179/948/711 568/988/711
f 566/990/712 1165/934/712 1172/941/712 567/989/712
f 565/991/713 1158/927/713 1165/934/713 566/990/713
f 564/992/714 1151/915/714 1158/927/714 565/991/714
f 563/963/715 1144/912/715 1151/915/715 564/992/715
f 1193/993/716 1194/994/716 1201/995/716 1200/996/716
f 1194/994/716 1195/997/716 1202/998/716 1201/995/716
f 1195/997/716 1196/999/716 1203/1000/716 1202/998/716
f 1196/999/716 1197/1001/716 1204/1002/716 1203/1000/716
f 1197/1001/716 1198/1003/716 1205/1004/716 1204/1002/716
f 1198/1003/716 1199/1005/716 1206/1006/716 1205/1004/716
f 1200/996/717 1201/995/717 1208/1007/717 1207/1008/717
f 1201/995/717 1202/998/717 1209/1009/717 1208/1007/717
f 1202/998/717 1203/1000/717 1210/1010/717 1209/1009/717
f 1203/1000/717 1204/1002/717 1211/1011/717 1210/1010/717
f 1204/1002/717 1205/1004/717 1212/1012/717 1211/1011/717
f 1205/1004/717 1206/1006/717 1213/1013/717 1212/1012/717
f 1207/1008/718 1208/1007/718 1215/1014/718 1214/1015/718
f 1208/1007/718 1209/1009/718 1216/1016/718 1215/1014/718
f 1209/1009/718 1210/1010/718 1217/1017/718 1216/1016/718
f 1210/1010/718 1211/1011/718 1218/1018/718 1217/1017/718
f 1211/1011/718 1212/1012/718 1219/1019/718 1218/1018/718
f 1212/1012/718 1213/1013/718 1220/1020/718 1219/1019/718
f 1214/1015/719 1215/1014/719 1222/1021/719 1221/1022/719
f 1215/1014/719 1216/1016/719 1223/1023/719 1222/1021/719
f 1216/1016/719 1217/1017/719 1224/1024/719 1223/1023/719
f 1217/1017/719 1218/1018/719 1225/1025/719 1224/1024/719
f 1218/1018/719 1219/1019/719 1226/1026/719 1225/1025/719
f 1219/1019/719 1220/1020/719 1227/1027/719 1226/1026/719
f 1221/1022/720 1222/1021/720 1229/1028/720 1228/1029/720
f 1222/1021/720 1223/1023/720 1230/1030/720 1229/1028/720
f 1223/1023/720 1224/1024/720 1231/1031/720 1230/1030/720
f 1224/1024/720 1225/1025/720 1232/1032/720 1231/1031/720
f 1225/1025/720 1226/1026/720 1233/1033/720 1232/1032/720
f 1226/1026/720 1227/1027/720 1234/1034/720 1233/1033/720
f 1228/1029/721 1229/1028/721 1236/1035/721 1235/1036/721
f 1229/1028/721 1230/1030/721 1237/1037/721 1236/1035/721
f 1230/1030/721 1231/1031/721 1238/1038/721 1237/1037/721
f 1231/1031/721 1232/1032/721 1239/1039/721 1238/1038/721
f 1232/1032/721 1233/1033/721 1240/1040/721 1239/1039/721
f 1233/1033/721 1234/1034/721 1241/1041/721 1240/1040/721
f 51/1042/722 303/1043/722 1193/993/722 346/1044/722
f 303/1043/722 302/1045/722 1194/994/722 1193/993/722
f 302/1045/722 301/1046/722 1195/997/722 1194/994/722
f 301/1046/722 300/1047/722 1196/999/722 1195/997/722
f 300/1047/722 299/1048/722 1197/1001/722 1196/999/722
f 299/1048/722 298/1049/722 1198/1003/722 1197/1001/722
f 298/1049/722 297/1050/722 1199/1005/722 1198/1003/722
f 297/1050/722 46/1051/722 269/1052/722 1199/1005/722
f 1199/1005/716 269/1052/716 270/1053/716 1206/1006/716
f 1206/1006/717 270/1053/717 271/1054/717 1213/1013/717
f 1213/1013/718 271/1054/718 272/1055/718 1220/1020/718
f 1220/1020/719 272/1055/719 273/1056/719 1227/1027/719
f 1227/1027/720 273/1056/720 274/1057/720 1234/1034/720
f 1234/1034/721 274/1057/721 275/1058/721 1241/1041/721
f 1241/1041/723 275/1058/723 48/1059/723 240/1060/723
f 1240/1040/723 1241/1041/723 240/1060/723 239/1061/723
f 1239/1039/723 1240/1040/723 239/1061/723 238/1062/723
f 1238/1038/723 1239/1039/723 238/1062/723 237/1063/723
f 1237/1037/723 1238/1038/723 237/1063/723 236/1064/723
f 1236/1035/723 1237/1037/723 236/1064/723 235/1065/723
f 1235/1036/723 1236/1035/723 235/1065/723 234/1066/723
f 352/1067/723 1235/1036/723 234/1066/723 55/1068/723
f 351/1069/721 1228/1029/721 1235/1036/721 352/1067/721
f 350/1070/720 1221/1022/720 1228/1029/720 351/1069/720
f 349/1071/719 1214/1015/719 1221/1022/719 350/1070/719
f 348/1072/718 1207/1008/718 1214/1015/718 349/1071/718
f 347/1073/717 1200/996/717 1207/1008/717 348/1072/717
f 346/1044/716 1193/993/716 1200/996/716 347/1073/716
f 1242/1074/724 1243/1075/724 1250/1076/724 1249/1077/724
f 1243/1075/724 1244/1078/724 1251/1079/724 1250/1076/724
f 1244/1078/724 1245/1080/724 1252/1081/724 1251/1079/724
f 1245/1080/724 1246/1082/724 1253/1083/724 1252/1081/724
f 1246/1082/724 1247/1084/724 1254/1085/724 1253/1083/724
f 1247/1084/724 1248/1086/724 1255/1087/724 1254/1085/724
f 1249/1077/725 1250/1076/725 1257/1088/725 1256/1089/725
f 1250/1076/725 1251/1079/725 1258/1090/725 1257/1088/725
f 1251/1079/725 1252/1081/725 1259/1091/725 1258/1090/725
f 1252/1081/725 1253/1083/725 1260/1092/725 1259/1091/725
f 1253/1083/725 1254/1085/725 1261/1093/725 1260/1092/725
f 1254/1085/725 1255/1087/725 1262/1094/725 1261/1093/725
f 1256/1089/726 1257/1088/726 1264/1095/726 1263/1096/726
f 1257/1088/726 1258/1090/726 1265/1097/726 1264/1095/726
f 1258/1090/726 1259/1091/726 1266/1098/726 1265/1097/726
f 1259/1091/726 1260/1092/726 1267/1099/726 1266/1098/726
f 1260/1092/726 1261/1093/726 1268/1100/726 1267/1099/726
f 1261/1093/726 1262/1094/726 1269/1101/726 1268/1100/726
f 1263/1096/727 1264/1095/727 1271/1102/727 1270/1103/727
f 1264/1095/727 1265/1097/727 1272/1104/727 1271/1102/727
f 1265/1097/727 1266/1098/727 1273/1105/727 1272/1104/727
f 1266/1098/727 1267/1099/727 1274/1106/727 1273/1105/727
f 1267/1099/727 1268/1100/727 1275/1107/727 1274/1106/727
f 1268/1100/727 1269/1101/727 1276/1108/727 1275/1107/727
f 1270/1103/728 1271/1102/728 1278/1109/728 1277/1110/728
f 1271/1102/728 1272/1104/728 1279/1111/728 1278/1109/728
f 1272/1104/728 1273/1105/728 1280/1112/728 1279/1111/728
f 1273/1105/728 1274/1106/728 1281/1113/728 1280/1112/728
f 1274/1106/728 1275/1107/728 1282/1114/728 1281/1113/728
f 1275/1107/728 1276/1108/728 1283/1115/728 1282/1114/728
f 1277/1110/729 1278/1109/729 1285/1116/729 1284/1117/729
f 1278/1109/729 1279/1111/729 1286/1118/729 1285/1116/729
f 1279/1111/729 1280/1112/729 1287/1119/729 1286/1118/729
f 1280/1112/729 1281/1113/729 1288/1120/729 1287/1119/729
f 1281/1113/729 1282/1114/729 1289/1121/729 1288/1120/729
f 1282/1114/729 1283/1115/729 1290/1122/729 1289/1121/729
f 57/1123/730 387/1124/730 1242/1074/730 430/1125/730
f 387/1124/730 386/1126/730 1243/1075/730 1242/1074/730
f 386/1126/730 385/1127/730 1244/1078/730 1243/1075/730
f 385/1127/730 384/1128/730 1245/1080/730 1244/1078/730
f 384/1128/730 383/1129/730 1246/1082/730 1245/1080/730
f 383/1129/730 382/1130/730 1247/1084/730 1246/1082/730
f 382/1130/730 381/1131/730 1248/1086/730 1247/1084/730
f 381/1131/730 45/1132/730 276/1133/730 1248/1086/730
f 1248/1086/724 276/1133/724 277/1134/724 1255/1087/724
f 1255/1087/725 277/1134/725 278/1135/725 1262/1094/725
f 1262/1094/726 278/1135/726 279/1136/726 1269/1101/726
f 1269/1101/727 279/1136/727 280/1137/727 1276/1108/727
f 1276/1108/728 280/1137/728 281/1138/728 1283/1115/728
f 1283/1115/729 281/1138/729 282/1139/729 1290/1122/729
f 1290/1122/731 282/1139/731 47/1140/731 233/1141/731
f 1289/1121/731 1290/1122/731 233/1141/731 232/1142/731
f 1288/1120/731 1289/1121/731 232/1142/731 231/1143/731
f 1287/1119/731 1288/1120/731 231/1143/731 230/1144/731
f 1286/1118/731 1287/1119/731 230/1144/731 229/1145/731
f 1285/1116/731 1286/1118/731 229/1145/731 228/1146/731
f 1284/1117/731 1285/1116/731 228/1146/731 227/1147/731
f 436/1148/731 1284/1117/731 227/1147/731 61/1149/731
f 435/1150/729 1277/1110/729 1284/1117/729 436/1148/729
f 434/1151/728 1270/1103/728 1277/1110/728 435/1150/728
f 433/1152/727 1263/1096/727 1270/1103/727 434/1151/727
f 432/1153/726 1256/1089/726 1263/1096/726 433/1152/726
f 431/1154/725 1249/1077/725 1256/1089/725 432/1153/725
f 430/1125/724 1242/1074/724 1249/1077/724 431/1154/724
f 1291/1155/732 1292/1156/732 1299/1157/732 1298/1158/732
f 1292/1156/733 1293/1159/733 1300/1160/733 1299/1157/733
f 1293/1159/734 1294/1161/734 1301/1162/734 1300/1160/734
f 1294/1161/735 1295/1163/735 1302/1164/735 1301/1162/735
f 1295/1163/736 1296/1165/736 1303/1166/736 1302/1164/736
f 1296/1165/737 1297/1167/737 1304/1168/737 1303/1166/737
f 1298/1158/732 1299/1157/732 1306/1169/732 1305/1170/732
f 1299/1157/733 1300/1160/733 1307/1171/733 1306/1169/733
f 1300/1160/734 1301/1162/734 1308/1172/734 1307/1171/734
f 1301/1162/735 1302/1164/735 1309/1173/735 1308/1172/735
f 1302/1164/736 1303/1166/736 1310/1174/736 1309/1173/736
f 1303/1166/737 1304/1168/737 1311/1175/737 1310/1174/737
f 1305/1170/732 1306/1169/732 1313/1176/732 1312/1177/732
f 1306/1169/733 1307/1171/733 1314/1178/733 1313/1176/733
f 1307/1171/734 1308/1172/734 1315/1179/734 1314/1178/734
f 1308/1172/735 1309/1173/735 1316/1180/735 1315/1179/735
f 1309/1173/736 1310/1174/736 1317/1181/736 1316/1180/736
f 1310/1174/737 1311/1175/737 1318/1182/737 1317/1181/737
f 1312/1177/732 1313/1176/732 1320/1183/732 1319/1184/732
f 1313/1176/733 1314/1178/733 1321/1185/733 1320/1183/733
f 1314/1178/734 1315/1179/734 1322/1186/734 1321/1185/734
f 1315/1179/735 1316/1180/735 1323/1187/735 1322/1186/735
f 1316/1180/736 1317/1181/736 1324/1188/736 1323/1187/736
f 1317/1181/737 1318/1182/737 1325/1189/737 1324/1188/737
f 1319/1184/732 1320/1183/732 1327/1190/732 1326/1191/732
f 1320/1183/733 1321/1185/733 1328/1192/733 1327/1190/733
f 1321/1185/734 1322/1186/734 1329/1193/734 1328/1192/734
f 1322/1186/735 1323/1187/735 1330/1194/735 1329/1193/735
f 1323/1187/736 1324/1188/736 1331/1195/736 1330/1194/736
f 1324/1188/737 1325/1189/737 1332/1196/737 1331/1195/737
f 1326/1191/732 1327/1190/732 1334/1197/732 1333/1198/732
f 1327/1190/733 1328/1192/733 1335/1199/733 1334/1197/733
f 1328/1192/734 1329/1193/734 1336/1200/734 1335/1199/734
f 1329/1193/735 1330/1194/735 1337/1201/735 1336/1200/735
f 1330/1194/736 1331/1195/736 1338/1202/736 1337/1201/736
f 1331/1195/737 1332/1196/737 1339/1203/737 1338/1202/737
f 56/1204/738 345/1205/738 1291/1155/738 241/1206/738
f 345/1205/732 344/1207/732 1292/1156/732 1291/1155/732
f 344/1207/733 343/1208/733 1293/1159/733 1292/1156/733
f 343/1208/734 342/1209/734 1294/1161/734 1293/1159/734
f 342/1209/735 341/1210/735 1295/1163/735 1294/1161/735
f 341/1210/736 340/1211/736 1296/1165/736 1295/1163/736
f 340/1211/737 339/1212/737 1297/1167/737 1296/1165/737
f 339/1212/739 55/1213/739 234/1214/739 1297/1167/739
f 1297/1167/739 234/1214/739 235/1215/739 1304/1168/739
f 1304/1168/739 235/1215/739 236/1216/739 1311/1175/739
f 1311/1175/739 236/1216/739 237/1217/739 1318/1182/739
f 1318/1182/739 237/1217/739 238/1218/739 1325/1189/739
f 1325/1189/739 238/1218/739 239/1219/739 1332/1196/739
f 1332/1196/739 239/1219/739 240/1220/739 1339/1203/739
f 1339/1203/739 240/1220/739 48/1221/739 283/1222/739
f 1338/1202/737 1339/1203/737 283/1222/737 284/1223/737
f 1337/1201/736 1338/1202/736 284/1223/736 285/1224/736
f 1336/1200/735 1337/1201/735 285/1224/735 286/1225/735
f 1335/1199/734 1336/1200/734 286/1225/734 287/1226/734
f 1334/1197/733 1335/1199/733 287/1226/733 288/1227/733
f 1333/1198/732 1334/1197/732 288/1227/732 289/1228/732
f 247/1229/738 1333/1198/738 289/1228/738 49/1230/738
f 246/1231/738 1326/1191/738 1333/1198/738 247/1229/738
f 245/1232/738 1319/1184/738 1326/1191/738 246/1231/738
f 244/1233/738 1312/1177/738 1319/1184/738 245/1232/738
f 243/1234/738 1305/1170/738 1312/1177/738 244/1233/738
f 242/1235/738 1298/1158/738 1305/1170/738 243/1234/738
f 241/1206/738 1291/1155/738 1298/1158/738 242/1235/738
f 1340/1236/740 1341/1237/740 1348/1238/740 1347/1239/740
f 1341/1237/741 1342/1240/741 1349/1241/741 1348/1238/741
f 1342/1240/742 1343/1242/742 1350/1243/742 1349/1241/742
f 1343/1242/743 1344/1244/743 1351/1245/743 1350/1243/743
f 1344/1244/744 1345/1246/744 1352/1247/744 1351/1245/744
f 1345/1246/745 1346/1248/745 1353/1249/745 1352/1247/745
f 1347/1239/740 1348/1238/740 1355/1250/740 1354/1251/740
f 1348/1238/741 1349/1241/741 1356/1252/741 1355/1250/741
f 1349/1241/742 1350/1243/742 1357/1253/742 1356/1252/742
f 1350/1243/743 1351/1245/743 1358/1254/743 1357/1253/743
f 1351/1245/744 1352/1247/744 1359/1255/744 1358/1254/744
f 1352/1247/745 1353/1249/745 1360/1256/745 1359/1255/745
f 1354/1251/740 1355/1250/740 1362/1257/740 1361/1258/740
f 1355/1250/741 1356/1252/741 1363/1259/741 1362/1257/741
f 1356/1252/742 1357/1253/742 1364/1260/742 1363/1259/742
f 1357/1253/743 1358/1254/743 1365/1261/743 1364/1260/743
f 1358/1254/744 1359/1255/744 1366/1262/744 1365/1261/744
f 1359/1255/745 1360/1256/745 1367/1263/745 1366/1262/745
f 1361/1258/740 1362/1257/740 1369/1264/740 1368/1265/740
f 1362/1257/741 1363/1259/741 1370/1266/741 1369/1264/741
f 1363/1259/742 1364/1260/742 1371/1267/742 1370/1266/742
f 1364/1260/743 1365/1261/743 1372/1268/743 1371/1267/743
f 1365/1261/744 1366/1262/744 1373/1269/744 1372/1268/744
f 1366/1262/745 1367/1263/745 1374/1270/745 1373/1269/745
f 1368/1265/740 1369/1264/740 1376/1271/740 1375/1272/740
f 1369/1264/741 1370/1266/741 1377/1273/741 1376/1271/741
f 1370/1266/742 1371/1267/742 1378/1274/742 1377/1273/742
f 1371/1267/743 1372/1268/743 1379/1275/743 1378/1274/743
f 1372/1268/744 1373/1269/744 1380/1276/744 1379/1275/744
f 1373/1269/745 1374/1270/745 1381/1277/745 1380/1276/745
f 1375/1272/740 1376/1271/740 1383/1278/740 1382/1279/740
f 1376/1271/741 1377/1273/741 1384/1280/741 1383/1278/741
f 1377/1273/742 1378/1274/742 1385/1281/742 1384/1280/742
f 1378/1274/743 1379/1275/743 1386/1282/743 1385/1281/743
f 1379/1275/744 1380/1276/744 1387/1283/744 1386/1282/744
f 1380/1276/745 1381/1277/745 1388/1284/745 1387/1283/745
f 62/1285/746 429/1286/746 1340/1236/746 248/1287/746
f 429/1286/740 428/1288/740 1341/1237/740 1340/1236/740
f 428/1288/741 427/1289/741 1342/1240/741 1341/1237/741
f 427/1289/742 426/1290/742 1343/1242/742 1342/1240/742
f 426/1290/743 425/1291/743 1344/1244/743 1343/1242/743
f 425/1291/744 424/1292/744 1345/1246/744 1344/1244/744
f 424/1292/745 423/1293/745 1346/1248/745 1345/1246/745
f 423/1293/747 60/1294/747 220/1295/747 1346/1248/747
f 1346/1248/747 220/1295/747 221/1296/747 1353/1249/747
f 1353/1249/747 221/1296/747 222/1297/747 1360/1256/747
f 1360/1256/747 222/1297/747 223/1298/747 1367/1263/747
f 1367/1263/747 223/1298/747 224/1299/747 1374/1270/747
f 1374/1270/747 224/1299/747 225/1300/747 1381/1277/747
f 1381/1277/747 225/1300/747 226/1301/747 1388/1284/747
f 1388/1284/747 226/1301/747 46/1302/747 290/1303/747
f 1387/1283/745 1388/1284/745 290/1303/745 291/1304/745
f 1386/1282/744 1387/1283/744 291/1304/744 292/1305/744
f 1385/1281/743 1386/1282/743 292/1305/743 293/1306/743
f 1384/1280/742 1385/1281/742 293/1306/742 294/1307/742
f 1383/1278/741 1384/1280/741 294/1307/741 295/1308/741
f 1382/1279/740 1383/1278/740 295/1308/740 296/1309/740
f 254/1310/746 1382/1279/746 296/1309/746 50/1311/746
f 253/1312/746 1375/1272/746 1382/1279/746 254/1310/746
f 252/1313/746 1368/1265/746 1375/1272/746 253/1312/746
f 251/1314/746 1361/1258/746 1368/1265/746 252/1313/746
f 250/1315/746 1354/1251/746 1361/1258/746 251/1314/746
f 249/1316/746 1347/1239/746 1354/1251/746 250/1315/746
f 248/1287/746 1340/1236/746 1347/1239/746 249/1316/746
f 1536/1505/650 1537/1506/650 1544/1507/650 1543/1508/650
f 1537/1506/651 1538/1509/651 1545/1510/651 1544/1507/651
f 1538/1509/652 1539/1511/652 1546/1512/652 1545/1510/652
f 1539/1511/653 1540/1513/653 1547/1514/653 1546/1512/653
f 1540/1513/654 1541/1515/654 1548/1516/654 1547/1514/654
f 1541/1515/655 1542/1517/655 1549/1518/655 1548/1516/655
f 1543/1508/650 1544/1507/650 1551/1519/650 1550/1520/650
f 1544/1507/651 1545/1510/651 1552/1521/651 1551/1519/651
f 1545/1510/652 1546/1512/652 1553/1522/652 1552/1521/652
f 1546/1512/653 1547/1514/653 1554/1523/653 1553/1522/653
f 1547/1514/654 1548/1516/654 1555/1524/654 1554/1523/654
f 1548/1516/655 1549/1518/655 1556/1525/655 1555/1524/655
f 1550/1520/650 1551/1519/650 1558/1526/650 1557/1527/650
f 1551/1519/651 1552/1521/651 1559/1528/651 1558/1526/651
f 1552/1521/652 1553/1522/652 1560/1529/652 1559/1528/652
f 1553/1522/653 1554/1523/653 1561/1530/653 1560/1529/653
f 1554/1523/654 1555/1524/654 1562/1531/654 1561/1530/654
f 1555/1524/655 1556/1525/655 1563/1532/655 1562/1531/655
f 1557/1527/650 1558/1526/650 1565/1533/650 1564/1534/650
f 1558/1526/656 1559/1528/656 1566/1535/656 1565/1533/656
f 1559/1528/652 1560/1529/652 1567/1536/652 1566/1535/652
f 1560/1529/653 1561/1530/653 1568/1537/653 1567/1536/653
f 1561/1530/654 1562/1531/654 1569/1538/654 1568/1537/654
f 1562/1531/655 1563/1532/655 1570/1539/655 1569/1538/655
f 1564/1534/650 1565/1533/650 1572/1540/650 1571/1541/650
f 1565/1533/656 1566/1535/656 1573/1542/656 1572/1540/656
f 1566/1535/652 1567/1536/652 1574/1543/652 1573/1542/652
f 1567/1536/653 1568/1537/653 1575/1544/653 1574/1543/653
f 1568/1537/654 1569/1538/654 1576/1545/654 1575/1544/654
f 1569/1538/655 1570/1539/655 1577/1546/655 1576/1545/655
f 1571/1541/650 1572/1540/650 1579/1547/650 1578/1548/650
f 1572/1540/651 1573/1542/651 1580/1549/651 1579/1547/651
f 1573/1542/652 1574/1543/652 1581/1550/652 1580/1549/652
f 1574/1543/653 1575/1544/653 1582/1551/653 1581/1550/653
f 1575/1544/654 1576/1545/654 1583/1552/654 1582/1551/654
f 1576/1545/655 1577/1546/655 1584/1553/655 1583/1552/655
f 67/906/657 499/904/657 1536/1505/657 549/1554/657
f 499/904/650 498/903/650 1537/1506/650 1536/1505/650
f 498/903/651 497/902/651 1538/1509/651 1537/1506/651
f 497/902/652 496/901/652 1539/1511/652 1538/1509/652
f 496/901/653 495/900/653 1540/1513/653 1539/1511/653
f 495/900/654 494/899/654 1541/1515/654 1540/1513/654
f 494/899/655 493/898/655 1542/1517/655 1541/1515/655
f 493/898/658 50/897/658 311/1555/658 1542/1517/658
f 1542/1517/658 311/1555/658 312/1556/658 1549/1518/658
f 1549/1518/658 312/1556/658 313/1557/658 1556/1525/658
f 1556/1525/658 313/1557/658 314/1558/658 1563/1532/658
f 1563/1532/658 314/1558/658 315/1559/658 1570/1539/658
f 1570/1539/658 315/1559/658 316/1560/658 1577/1546/658
f 1577/1546/658 316/1560/658 317/1561/658 1584/1553/658
f 1584/1553/658 317/1561/658 53/745/658 514/744/658
f 1583/1552/655 1584/1553/655 514/744/655 515/743/655
f 1582/1551/654 1583/1552/654 515/743/654 516/742/654
f 1581/1550/653 1582/1551/653 516/742/653 517/741/653
f 1580/1549/652 1581/1550/652 517/741/652 518/740/652
f 1579/1547/656 1580/1549/656 518/740/656 519/739/656
f 1578/1548/650 1579/1547/650 519/739/650 520/737/650
f 555/1562/657 1578/1548/657 520/737/657 70/736/657
f 554/1563/657 1571/1541/657 1578/1548/657 555/1562/657
f 553/1564/657 1564/1534/657 1571/1541/657 554/1563/657
f 552/1565/657 1557/1527/657 1564/1534/657 553/1564/657
f 551/1566/657 1550/1520/657 1557/1527/657 552/1565/657
f 550/1567/657 1543/1508/657 1550/1520/657 551/1566/657
f 549/1554/657 1536/1505/657 1543/1508/657 550/1567/657
f 1585/1568/940 1586/1569/940 1593/1570/940 1592/1571/940
f 1586/1569/941 1587/1572/941 1594/1573/941 1593/1570/941
f 1587/1572/942 1588/1574/942 1595/1575/942 1594/1573/942
f 1588/1574/943 1589/1576/943 1596/1577/943 1595/1575/943
f 1589/1576/944 1590/1578/944 1597/1579/944 1596/1577/944
f 1590/1578/945 1591/1580/945 1598/1581/945 1597/1579/945
f 1592/1571/946 1593/1570/946 1600/1582/946 1599/1583/946
f 1593/1570/947 1594/1573/947 1601/1584/947 1600/1582/947
f 1594/1573/948 1595/1575/948 1602/1585/948 1601/1584/948
f 1595/1575/949 1596/1577/949 1603/1586/949 1602/1585/949
f 1596/1577/950 1597/1579/950 1604/1587/950 1603/1586/950
f 1597/1579/951 1598/1581/951 1605/1588/951 1604/1587/951
f 1599/1583/952 1600/1582/952 1607/1589/952 1606/1590/952
f 1600/1582/952 1601/1584/952 1608/1591/952 1607/1589/952
f 1601/1584/953 1602/1585/953 1609/1592/953 1608/1591/953
f 1602/1585/954 1603/1586/954 1610/1593/954 1609/1592/954
f 1603/1586/955 1604/1587/955 1611/1594/955 1610/1593/955
f 1604/1587/956 1605/1588/956 1612/1595/956 1611/1594/956
f 1606/1590/957 1607/1589/957 1614/1596/957 1613/1597/957
f 1607/1589/958 1608/1591/958 1615/1598/958 1614/1596/958
f 1608/1591/959 1609/1592/959 1616/1599/959 1615/1598/959
f 1609/1592/960 1610/1593/960 1617/1600/960 1616/1599/960
f 1610/1593/961 1611/1594/961 1618/1601/961 1617/1600/961
f 1611/1594/962 1612/1595/962 1619/1602/962 1618/1601/962
f 1613/1597/963 1614/1596/963 1621/1603/963 1620/1604/963
f 1614/1596/964 1615/1598/964 1622/1605/964 1621/1603/964
f 1615/1598/965 1616/1599/965 1623/1606/965 1622/1605/965
f 1616/1599/966 1617/1600/966 1624/1607/966 1623/1606/966
f 1617/1600/967 1618/1601/967 1625/1608/967 1624/1607/967
f 1618/1601/968 1619/1602/968 1626/1609/968 1625/1608/968
f 1620/1604/969 1621/1603/969 1628/1610/969 1627/1611/969
f 1621/1603/970 1622/1605/970 1629/1612/970 1628/1610/970
f 1622/1605/971 1623/1606/971 1630/1613/971 1629/1612/971
f 1623/1606/972 1624/1607/972 1631/1614/972 1630/1613/972
f 1624/1607/973 1625/1608/973 1632/1615/973 1631/1614/973
f 1625/1608/974 1626/1609/974 1633/1616/974 1632/1615/974
f 45/1132/730 219/1617/730 1585/1568/730 276/1133/730
f 219/1617/975 218/1618/975 1586/1569/975 1585/1568/975
f 218/1618/976 217/1619/976 1587/1572/976 1586/1569/976
f 217/1619/977 216/1620/977 1588/1574/977 1587/1572/977
f 216/1620/978 215/1621/978 1589/1576/978 1588/1574/978
f 215/1621/979 214/1622/979 1590/1578/979 1589/1576/979
f 214/1622/980 213/1623/980 1591/1580/980 1590/1578/980
f 213/1623/981 54/421/981 367/423/981 1591/1580/981
f 1591/1580/982 367/423/982 368/452/982 1598/1581/982
f 1598/1581/983 368/452/983 369/451/983 1605/1588/983
f 1605/1588/984 369/451/984 370/450/984 1612/1595/984
f 1612/1595/985 370/450/985 371/449/985 1619/1602/985
f 1619/1602/986 371/449/986 372/448/986 1626/1609/986
f 1626/1609/987 372/448/987 373/446/987 1633/1616/987
f 1633/1616/988 373/446/988 52/447/988 310/1624/988
f 1632/1615/989 1633/1616/989 310/1624/989 309/1625/989
f 1631/1614/990 1632/1615/990 309/1625/990 308/1626/990
f 1630/1613/991 1631/1614/991 308/1626/991 307/1627/991
f 1629/1612/992 1630/1613/992 307/1627/992 306/1628/992
f 1628/1610/993 1629/1612/993 306/1628/993 305/1629/993
f 1627/1611/994 1628/1610/994 305/1629/994 304/1630/994
f 282/1139/995 1627/1611/995 304/1630/995 47/1140/995
f 281/1138/996 1620/1604/996 1627/1611/996 282/1139/996
f 280/1137/728 1613/1597/728 1620/1604/728 281/1138/728
f 279/1136/727 1606/1590/727 1613/1597/727 280/1137/727
f 278/1135/726 1599/1583/726 1606/1590/726 279/1136/726
f 277/1134/725 1592/1571/725 1599/1583/725 278/1135/725
f 276/1133/724 1585/1568/724 1592/1571/724 277/1134/724
f 1634/1631/740 1635/1632/740 1642/1633/740 1641/1634/740
f 1635/1632/741 1636/1635/741 1643/1636/741 1642/1633/741
f 1636/1635/742 1637/1637/742 1644/1638/742 1643/1636/742
f 1637/1637/743 1638/1639/743 1645/1640/743 1644/1638/743
f 1638/1639/744 1639/1641/744 1646/1642/744 1645/1640/744
f 1639/1641/745 1640/1643/745 1647/1644/745 1646/1642/745
f 1641/1634/740 1642/1633/740 1649/1645/740 1648/1646/740
f 1642/1633/741 1643/1636/741 1650/1647/741 1649/1645/741
f 1643/1636/742 1644/1638/742 1651/1648/742 1650/1647/742
f 1644/1638/743 1645/1640/743 1652/1649/743 1651/1648/743
f 1645/1640/744 1646/1642/744 1653/1650/744 1652/1649/744
f 1646/1642/745 1647/1644/745 1654/1651/745 1653/1650/745
f 1648/1646/740 1649/1645/740 1656/1652/740 1655/1653/740
f 1649/1645/741 1650/1647/741 1657/1654/741 1656/1652/741
f 1650/1647/742 1651/1648/742 1658/1655/742 1657/1654/742
f 1651/1648/743 1652/1649/743 1659/1656/743 1658/1655/743
f 1652/1649/744 1653/1650/744 1660/1657/744 1659/1656/744
f 1653/1650/745 1654/1651/745 1661/1658/745 1660/1657/745
f 1655/1653/740 1656/1652/740 1663/1659/740 1662/1660/740
f 1656/1652/741 1657/1654/741 1664/1661/741 1663/1659/741
f 1657/1654/742 1658/1655/742 1665/1662/742 1664/1661/742
f 1658/1655/743 1659/1656/743 1666/1663/743 1665/1662/743
f 1659/1656/744 1660/1657/744 1667/1664/744 1666/1663/744
f 1660/1657/745 1661/1658/745 1668/1665/745 1667/1664/745
f 1662/1660/740 1663/1659/740 1670/1666/740 1669/1667/740
f 1663/1659/741 1664/1661/741 1671/1668/741 1670/1666/741
f 1664/1661/742 1665/1662/742 1672/1669/742 1671/1668/742
f 1665/1662/743 1666/1663/743 1673/1670/743 1672/1669/743
f 1666/1663/744 1667/1664/744 1674/1671/744 1673/1670/744
f 1667/1664/745 1668/1665/745 1675/1672/745 1674/1671/745
f 1669/1667/740 1670/1666/740 1677/1673/740 1676/1674/740
f 1670/1666/741 1671/1668/741 1678/1675/741 1677/1673/741
f 1671/1668/742 1672/1669/742 1679/1676/742 1678/1675/742
f 1672/1669/743 1673/1670/743 1680/1677/743 1679/1676/743
f 1673/1670/744 1674/1671/744 1681/1678/744 1680/1677/744
f 1674/1671/745 1675/1672/745 1682/1679/745 1681/1678/745
f 50/1311/746 296/1309/746 1634/1631/746 311/1680/746
f 296/1309/740 295/1308/740 1635/1632/740 1634/1631/740
f 295/1308/741 294/1307/741 1636/1635/741 1635/1632/741
f 294/1307/742 293/1306/742 1637/1637/742 1636/1635/742
f 293/1306/743 292/1305/743 1638/1639/743 1637/1637/743
f 292/1305/744 291/1304/744 1639/1641/744 1638/1639/744
f 291/1304/745 290/1303/745 1640/1643/745 1639/1641/745
f 290/1303/747 46/1302/747 297/1681/747 1640/1643/747
f 1640/1643/747 297/1681/747 298/1682/747 1647/1644/747
f 1647/1644/747 298/1682/747 299/1683/747 1654/1651/747
f 1654/1651/747 299/1683/747 300/1684/747 1661/1658/747
f 1661/1658/747 300/1684/747 301/1685/747 1668/1665/747
f 1668/1665/747 301/1685/747 302/1686/747 1675/1672/747
f 1675/1672/747 302/1686/747 303/1687/747 1682/1679/747
f 1682/1679/747 303/1687/747 51/196/747 374/195/747
f 1681/1678/745 1682/1679/745 374/195/745 375/194/745
f 1680/1677/744 1681/1678/744 375/194/744 376/193/744
f 1679/1676/743 1680/1677/743 376/193/743 377/192/743
f 1678/1675/742 1679/1676/742 377/192/742 378/191/742
f 1677/1673/741 1678/1675/741 378/191/741 379/190/741
f 1676/1674/740 1677/1673/740 379/190/740 380/188/740
f 317/1688/746 1676/1674/746 380/188/746 53/187/746
f 316/1689/746 1669/1667/746 1676/1674/746 317/1688/746
f 315/1690/746 1662/1660/746 1669/1667/746 316/1689/746
f 314/1691/746 1655/1653/746 1662/1660/746 315/1690/746
f 313/1692/746 1648/1646/746 1655/1653/746 314/1691/746
f 312/1693/746 1641/1634/746 1648/1646/746 313/1692/746
f 311/1680/746 1634/1631/746 1641/1634/746 312/1693/746
f 1830/1899/1189 1831/1900/1189 1838/1901/1189 1837/1902/1189
f 1831/1900/1190 1832/1903/1190 1839/1904/1190 1838/1901/1190
f 1832/1903/1191 1833/1905/1191 1840/1906/1191 1839/1904/1191
f 1833/1905/705 1834/1907/705 1841/1908/705 1840/1906/705
f 1834/1907/704 1835/1909/704 1842/1910/704 1841/1908/704
f 1835/1909/694 1836/1911/694 1843/1912/694 1842/1910/694
f 1837/1902/1189 1838/1901/1189 1845/1913/1189 1844/1914/1189
f 1838/1901/1190 1839/1904/1190 1846/1915/1190 1845/1913/1190
f 1839/1904/1191 1840/1906/1191 1847/1916/1191 1846/1915/1191
f 1840/1906/705 1841/1908/705 1848/1917/705 1847/1916/705
f 1841/1908/704 1842/1910/704 1849/1918/704 1848/1917/704
f 1842/1910/694 1843/1912/694 1850/1919/694 1849/1918/694
f 1844/1914/1189 1845/1913/1189 1852/1920/1189 1851/1921/1189
f 1845/1913/1190 1846/1915/1190 1853/1922/1190 1852/1920/1190
f 1846/1915/1191 1847/1916/1191 1854/1923/1191 1853/1922/1191
f 1847/1916/705 1848/1917/705 1855/1924/705 1854/1923/705
f 1848/1917/704 1849/1918/704 1856/1925/704 1855/1924/704
f 1849/1918/694 1850/1919/694 1857/1926/694 1856/1925/694
f 1851/1921/1189 1852/1920/1189 1859/1927/1189 1858/1928/1189
f 1852/1920/1192 1853/1922/1192 1860/1929/1192 1859/1927/1192
f 1853/1922/1191 1854/1923/1191 1861/1930/1191 1860/1929/1191
f 1854/1923/705 1855/1924/705 1862/1931/705 1861/1930/705
f 1855/1924/704 1856/1925/704 1863/1932/704 1862/1931/704
f 1856/1925/694 1857/1926/694 1864/1933/694 1863/1932/694
f 1858/1928/1189 1859/1927/1189 1866/1934/1189 1865/1935/1189
f 1859/1927/1192 1860/1929/1192 1867/1936/1192 1866/1934/1192
f 1860/1929/1191 1861/1930/1191 1868/1937/1191 1867/1936/1191
f 1861/1930/705 1862/1931/705 1869/1938/705 1868/1937/705
f 1862/1931/704 1863/1932/704 1870/1939/704 1869/1938/704
f 1863/1932/694 1864/1933/694 1871/1940/694 1870/1939/694
f 1865/1935/1189 1866/1934/1189 1873/1941/1189 1872/1942/1189
f 1866/1934/1190 1867/1936/1190 1874/1943/1190 1873/1941/1190
f 1867/1936/1191 1868/1937/1191 1875/1944/1191 1874/1943/1191
f 1868/1937/705 1869/1938/705 1876/1945/705 1875/1944/705
f 1869/1938/704 1870/1939/704 1877/1946/704 1876/1945/704
f 1870/1939/694 1871/1940/694 1878/1947/694 1877/1946/694
f 68/987/1193 506/985/1193 1830/1899/1193 535/1948/1193
f 506/985/1189 505/984/1189 1831/1900/1189 1830/1899/1189
f 505/984/1190 504/983/1190 1832/1903/1190 1831/1900/1190
f 504/983/1191 503/982/1191 1833/1905/1191 1832/1903/1191
f 503/982/705 502/981/705 1834/1907/705 1833/1905/705
f 502/981/704 501/980/704 1835/1909/704 1834/1907/704
f 501/980/694 500/979/694 1836/1911/694 1835/1909/694
f 500/979/703 49/978/703 395/1949/703 1836/1911/703
f 1836/1911/703 395/1949/703 396/1950/703 1843/1912/703
f 1843/1912/703 396/1950/703 397/1951/703 1850/1919/703
f 1850/1919/703 397/1951/703 398/1952/703 1857/1926/703
f 1857/1926/703 398/1952/703 399/1953/703 1864/1933/703
f 1864/1933/703 399/1953/703 400/1954/703 1871/1940/703
f 1871/1940/703 400/1954/703 401/1955/703 1878/1947/703
f 1878/1947/703 401/1955/703 59/1956/703 528/1957/703
f 1877/1946/694 1878/1947/694 528/1957/694 529/590/694
f 1876/1945/704 1877/1946/704 529/590/704 530/1958/704
f 1875/1944/705 1876/1945/705 530/1958/705 531/1959/705
f 1874/1943/1191 1875/1944/1191 531/1959/1191 532/587/1191
f 1873/1941/1192 1874/1943/1192 532/587/1192 533/586/1192
f 1872/1942/1189 1873/1941/1189 533/586/1189 534/1960/1189
f 541/1961/1193 1872/1942/1193 534/1960/1193 72/1962/1193
f 540/1963/1193 1865/1935/1193 1872/1942/1193 541/1961/1193
f 539/1964/1193 1858/1928/1193 1865/1935/1193 540/1963/1193
f 538/1965/1193 1851/1921/1193 1858/1928/1193 539/1964/1193
f 537/1966/1193 1844/1914/1193 1851/1921/1193 538/1965/1193
f 536/1967/1193 1837/1902/1193 1844/1914/1193 537/1966/1193
f 535/1948/1193 1830/1899/1193 1837/1902/1193 536/1967/1193
f 1879/1968/716 1880/1969/716 1887/1970/716 1886/1971/716
f 1880/1969/716 1881/1972/716 1888/1973/716 1887/1970/716
f 1881/1972/716 1882/1974/716 1889/1975/716 1888/1973/716
f 1882/1974/716 1883/1976/716 1890/1977/716 1889/1975/716
f 1883/1976/716 1884/1978/716 1891/1979/716 1890/1977/716
f 1884/1978/716 1885/1980/716 1892/1981/716 1891/1979/716
f 1886/1971/717 1887/1970/717 1894/1982/717 1893/1983/717
f 1887/1970/717 1888/1973/717 1895/1984/717 1894/1982/717
f 1888/1973/717 1889/1975/717 1896/1985/717 1895/1984/717
f 1889/1975/717 1890/1977/717 1897/1986/717 1896/1985/717
f 1890/1977/717 1891/1979/717 1898/1987/717 1897/1986/717
f 1891/1979/717 1892/1981/717 1899/1988/717 1898/1987/717
f 1893/1983/718 1894/1982/718 1901/1989/718 1900/1990/718
f 1894/1982/718 1895/1984/718 1902/1991/718 1901/1989/718
f 1895/1984/718 1896/1985/718 1903/1992/718 1902/1991/718
f 1896/1985/718 1897/1986/718 1904/1993/718 1903/1992/718
f 1897/1986/718 1898/1987/718 1905/1994/718 1904/1993/718
f 1898/1987/718 1899/1988/718 1906/1995/718 1905/1994/718
f 1900/1990/719 1901/1989/719 1908/1996/719 1907/1997/719
f 1901/1989/719 1902/1991/719 1909/1998/719 1908/1996/719
f 1902/1991/719 1903/1992/719 1910/1999/719 1909/1998/719
f 1903/1992/719 1904/1993/719 1911/2000/719 1910/1999/719
f 1904/1993/719 1905/1994/719 1912/2001/719 1911/2000/719
f 1905/1994/719 1906/1995/719 1913/2002/719 1912/2001/719
f 1907/1997/720 1908/1996/720 1915/2003/720 1914/2004/720
f 1908/1996/720 1909/1998/720 1916/2005/720 1915/2003/720
f 1909/1998/720 1910/1999/720 1917/2006/720 1916/2005/720
f 1910/1999/720 1911/2000/720 1918/2007/720 1917/2006/720
f 1911/2000/720 1912/2001/720 1919/2008/720 1918/2007/720
f 1912/2001/720 1913/2002/720 1920/2009/720 1919/2008/720
f 1914/2004/721 1915/2003/721 1922/2010/721 1921/2011/721
f 1915/2003/721 1916/2005/721 1923/2012/721 1922/2010/721
f 1916/2005/721 1917/2006/721 1924/2013/721 1923/2012/721
f 1917/2006/721 1918/2007/721 1925/2014/721 1924/2013/721
f 1918/2007/721 1919/2008/721 1926/2015/721 1925/2014/721
f 1919/2008/721 1920/2009/721 1927/2016/721 1926/2015/721
f 46/1051/722 226/2017/722 1879/1968/722 269/1052/722
f 226/2017/722 225/2018/722 1880/1969/722 1879/1968/722
f 225/2018/722 224/2019/722 1881/1972/722 1880/1969/722
f 224/2019/722 223/2020/722 1882/1974/722 1881/1972/722
f 223/2020/722 222/2021/722 1883/1976/722 1882/1974/722
f 222/2021/722 221/2022/722 1884/1978/722 1883/1976/722
f 221/2022/722 220/2023/722 1885/1980/722 1884/1978/722
f 220/2023/722 60/502/722 451/504/722 1885/1980/722
f 1885/1980/716 451/504/716 452/533/716 1892/1981/716
f 1892/1981/717 452/533/717 453/532/717 1899/1988/717
f 1899/1988/718 453/532/718 454/531/718 1906/1995/718
f 1906/1995/719 454/531/719 455/530/719 1913/2002/719
f 1913/2002/720 455/530/720 456/529/720 1920/2009/720
f 1920/2009/721 456/529/721 457/527/721 1927/2016/721
f 1927/2016/723 457/527/723 58/528/723 394/2024/723
f 1926/2015/723 1927/2016/723 394/2024/723 393/2025/723
f 1925/2014/723 1926/2015/723 393/2025/723 392/2026/723
f 1924/2013/723 1925/2014/723 392/2026/723 391/2027/723
f 1923/2012/723 1924/2013/723 391/2027/723 390/2028/723
f 1922/2010/723 1923/2012/723 390/2028/723 389/2029/723
f 1921/2011/723 1922/2010/723 389/2029/723 388/2030/723
f 275/1058/723 1921/2011/723 388/2030/723 48/1059/723
f 274/1057/721 1914/2004/721 1921/2011/721 275/1058/721
f 273/1056/720 1907/1997/720 1914/2004/720 274/1057/720
f 272/1055/719 1900/1990/719 1907/1997/719 273/1056/719
f 271/1054/718 1893/1983/718 1900/1990/718 272/1055/718
f 270/1053/717 1886/1971/717 1893/1983/717 271/1054/717
f 269/1052/716 1879/1968/716 1886/1971/716 270/1053/716
f 1928/2031/732 1929/2032/732 1936/2033/732 1935/2034/732
f 1929/2032/733 1930/2035/733 1937/2036/733 1936/2033/733
f 1930/2035/734 1931/2037/734 1938/2038/734 1937/2036/734
f 1931/2037/735 1932/2039/735 1939/2040/735 1938/2038/735
f 1932/2039/736 1933/2041/736 1940/2042/736 1939/2040/736
f 1933/2041/737 1934/2043/737 1941/2044/737 1940/2042/737
f 1935/2034/732 1936/2033/732 1943/2045/732 1942/2046/732
f 1936/2033/733 1937/2036/733 1944/2047/733 1943/2045/733
f 1937/2036/734 1938/2038/734 1945/2048/734 1944/2047/734
f 1938/2038/735 1939/2040/735 1946/2049/735 1945/2048/735
f 1939/2040/736 1940/2042/736 1947/2050/736 1946/2049/736
f 1940/2042/737 1941/2044/737 1948/2051/737 1947/2050/737
f 1942/2046/732 1943/2045/732 1950/2052/732 1949/2053/732
f 1943/2045/733 1944/2047/733 1951/2054/733 1950/2052/733
f 1944/2047/734 1945/2048/734 1952/2055/734 1951/2054/734
f 1945/2048/735 1946/2049/735 1953/2056/735 1952/2055/735
f 1946/2049/736 1947/2050/736 1954/2057/736 1953/2056/736
f 1947/2050/737 1948/2051/737 1955/2058/737 1954/2057/737
f 1949/2053/732 1950/2052/732 1957/2059/732 1956/2060/732
f 1950/2052/733 1951/2054/733 1958/2061/733 1957/2059/733
f 1951/2054/734 1952/2055/734 1959/2062/734 1958/2061/734
f 1952/2055/735 1953/2056/735 1960/2063/735 1959/2062/735
f 1953/2056/736 1954/2057/736 1961/2064/736 1960/2063/736
f 1954/2057/737 1955/2058/737 1962/2065/737 1961/2064/737
f 1956/2060/732 1957/2059/732 1964/2066/732 1963/2067/732
f 1957/2059/733 1958/2061/733 1965/2068/733 1964/2066/733
f 1958/2061/734 1959/2062/734 1966/2069/734 1965/2068/734
f 1959/2062/735 1960/2063/735 1967/2070/735 1966/2069/735
f 1960/2063/736 1961/2064/736 1968/2071/736 1967/2070/736
f 1961/2064/737 1962/2065/737 1969/2072/737 1968/2071/737
f 1963/2067/732 1964/2066/732 1971/2073/732 1970/2074/732
f 1964/2066/733 1965/2068/733 1972/2075/733 1971/2073/733
f 1965/2068/734 1966/2069/734 1973/2076/734 1972/2075/734
f 1966/2069/735 1967/2070/735 1974/2077/735 1973/2076/735
f 1967/2070/736 1968/2071/736 1975/2078/736 1974/2077/736
f 1968/2071/737 1969/2072/737 1976/2079/737 1975/2078/737
f 49/1230/738 289/1228/738 1928/2031/738 395/2080/738
f 289/1228/732 288/1227/732 1929/2032/732 1928/2031/732
f 288/1227/733 287/1226/733 1930/2035/733 1929/2032/733
f 287/1226/734 286/1225/734 1931/2037/734 1930/2035/734
f 286/1225/735 285/1224/735 1932/2039/735 1931/2037/735
f 285/1224/736 284/1223/736 1933/2041/736 1932/2039/736
f 284/1223/737 283/1222/737 1934/2043/737 1933/2041/737
f 283/1222/739 48/1221/739 388/2081/739 1934/2043/739
f 1934/2043/739 388/2081/739 389/2082/739 1941/2044/739
f 1941/2044/739 389/2082/739 390/2083/739 1948/2051/739
f 1948/2051/739 390/2083/739 391/2084/739 1955/2058/739
f 1955/2058/739 391/2084/739 392/2085/739 1962/2065/739
f 1962/2065/739 392/2085/739 393/2086/739 1969/2072/739
f 1969/2072/739 393/2086/739 394/2087/739 1976/2079/739
f 1976/2079/739 394/2087/739 58/349/739 458/348/739
f 1975/2078/737 1976/2079/737 458/348/737 459/347/737
f 1974/2077/736 1975/2078/736 459/347/736 460/346/736
f 1973/2076/735 1974/2077/735 460/346/735 461/345/735
f 1972/2075/734 1973/2076/734 461/345/734 462/344/734
f 1971/2073/733 1972/2075/733 462/344/733 463/343/733
f 1970/2074/732 1971/2073/732 463/343/732 464/341/732
f 401/2088/738 1970/2074/738 464/341/738 59/340/738
f 400/2089/738 1963/2067/738 1970/2074/738 401/2088/738
f 399/2090/738 1956/2060/738 1963/2067/738 400/2089/738
f 398/2091/738 1949/2053/738 1956/2060/738 399/2090/738
f 397/2092/738 1942/2046/738 1949/2053/738 398/2091/738
f 396/2093/738 1935/2034/738 1942/2046/738 397/2092/738
f 395/2080/738 1928/2031/738 1935/2034/738 396/2093/738
f 1977/2094/1194 1978/2095/1194 1985/2096/1194 1984/2097/1194
f 1978/2095/1195 1979/2098/1195 1986/2099/1195 1985/2096/1195
f 1979/2098/1196 1980/2100/1196 1987/2101/1196 1986/2099/1196
f 1980/2100/1197 1981/2102/1197 1988/2103/1197 1987/2101/1197
f 1981/2102/1198 1982/2104/1198 1989/2105/1198 1988/2103/1198
f 1982/2104/1199 1983/2106/1199 1990/2107/1199 1989/2105/1199
f 1984/2097/1194 1985/2096/1194 1992/2108/1194 1991/2109/1194
f 1985/2096/1195 1986/2099/1195 1993/2110/1195 1992/2108/1195
f 1986/2099/1196 1987/2101/1196 1994/2111/1196 1993/2110/1196
f 1987/2101/1197 1988/2103/1197 1995/2112/1197 1994/2111/1197
f 1988/2103/1198 1989/2105/1198 1996/2113/1198 1995/2112/1198
f 1989/2105/1199 1990/2107/1199 1997/2114/1199 1996/2113/1199
f 1991/2109/1194 1992/2108/1194 1999/2115/1194 1998/2116/1194
f 1992/2108/1195 1993/2110/1195 2000/2117/1195 1999/2115/1195
f 1993/2110/1196 1994/2111/1196 2001/2118/1196 2000/2117/1196
f 1994/2111/1197 1995/2112/1197 2002/2119/1197 2001/2118/1197
f 1995/2112/1198 1996/2113/1198 2003/2120/1198 2002/2119/1198
f 1996/2113/1199 1997/2114/1199 2004/2121/1199 2003/2120/1199
f 1998/2116/1194 1999/2115/1194 2006/2122/1194 2005/2123/1194
f 1999/2115/1195 2000/2117/1195 2007/2124/1195 2006/2122/1195
f 2000/2117/1196 2001/2118/1196 2008/2125/1196 2007/2124/1196
f 2001/2118/1197 2002/2119/1197 2009/2126/1197 2008/2125/1197
f 2002/2119/1198 2003/2120/1198 2010/2127/1198 2009/2126/1198
f 2003/2120/1199 2004/2121/1199 2011/2128/1199 2010/2127/1199
f 2005/2123/1194 2006/2122/1194 2013/2129/1194 2012/2130/1194
f 2006/2122/1195 2007/2124/1195 2014/2131/1195 2013/2129/1195
f 2007/2124/1196 2008/2125/1196 2015/2132/1196 2014/2131/1196
f 2008/2125/1197 2009/2126/1197 2016/2133/1197 2015/2132/1197
f 2009/2126/1198 2010/2127/1198 2017/2134/1198 2016/2133/1198
f 2010/2127/1200 2011/2128/1200 2018/2135/1200 2017/2134/1200
f 2012/2130/1194 2013/2129/1194 2020/2136/1194 2019/2137/1194
f 2013/2129/1195 2014/2131/1195 2021/2138/1195 2020/2136/1195
f 2014/2131/1196 2015/2132/1196 2022/2139/1196 2021/2138/1196
f 2015/2132/1197 2016/2133/1197 2023/2140/1197 2022/2139/1197
f 2016/2133/1198 2017/2134/1198 2024/2141/1198 2023/2140/1198
f 2017/2134/1199 2018/2135/1199 2025/2142/1199 2024/2141/1199
f 47/2143/1201 268/2144/1201 1977/2094/1201 233/2145/1201
f 268/2144/1194 267/2146/1194 1978/2095/1194 1977/2094/1194
f 267/2146/1195 266/2147/1195 1979/2098/1195 1978/2095/1195
f 266/2147/1196 265/2148/1196 1980/2100/1196 1979/2098/1196
f 265/2148/1197 264/2149/1197 1981/2102/1197 1980/2100/1197
f 264/2149/1198 263/2150/1198 1982/2104/1198 1981/2102/1198
f 263/2150/1199 262/2151/1199 1983/2106/1199 1982/2104/1199
f 262/2151/1202 68/2152/1202 535/2153/1202 1983/2106/1202
f 1983/2106/1202 535/2153/1202 536/2154/1202 1990/2107/1202
f 1990/2107/1203 536/2154/1203 537/2155/1203 1997/2114/1203
f 1997/2114/1203 537/2155/1203 538/2156/1203 2004/2121/1203
f 2004/2121/1203 538/2156/1203 539/1964/1203 2011/2128/1203
f 2011/2128/1203 539/1964/1203 540/2157/1203 2018/2135/1203
f 2018/2135/1202 540/2157/1202 541/2158/1202 2025/2142/1202
f 2025/2142/1202 541/2158/1202 72/583/1202 444/2159/1202
f 2024/2141/1199 2025/2142/1199 444/2159/1199 445/2160/1199
f 2023/2140/1198 2024/2141/1198 445/2160/1198 446/2161/1198
f 2022/2139/1197 2023/2140/1197 446/2161/1197 447/2162/1197
f 2021/2138/1196 2022/2139/1196 447/2162/1196 448/2163/1196
f 2020/2136/1195 2021/2138/1195 448/2163/1195 449/2164/1195
f 2019/2137/1194 2020/2136/1194 449/2164/1194 450/2165/1194
f 227/2166/1201 2019/2137/1201 450/2165/1201 61/2167/1201
f 228/2168/1201 2012/2130/1201 2019/2137/1201 227/2166/1201
f 229/2169/1201 2005/2123/1201 2012/2130/1201 228/2168/1201
f 230/2170/1201 1998/2116/1201 2005/2123/1201 229/2169/1201
f 231/2171/1201 1991/2109/1201 1998/2116/1201 230/2170/1201
f 232/2172/1201 1984/2097/1201 1991/2109/1201 231/2171/1201
f 233/2145/1201 1977/2094/1201 1984/2097/1201 232/2172/1201
f 2075/2251/1268 2076/2252/1268 2083/2253/1268 2082/2254/1268
f 2076/2252/1269 2077/2255/1269 2084/2256/1269 2083/2253/1269
f 2077/2255/1270 2078/2257/1270 2085/2258/1270 2084/2256/1270
f 2078/2257/1271 2079/2259/1271 2086/2260/1271 2085/2258/1271
f 2079/2259/1272 2080/2261/1272 2087/2262/1272 2086/2260/1272
f 2080/2261/1273 2081/2263/1273 2088/2264/1273 2087/2262/1273
f 2082/2254/1274 2083/2253/1274 2090/2265/1274 2089/2266/1274
f 2083/2253/1275 2084/2256/1275 2091/2267/1275 2090/2265/1275
f 2084/2256/1276 2085/2258/1276 2092/2268/1276 2091/2267/1276
f 2085/2258/1277 2086/2260/1277 2093/2269/1277 2092/2268/1277
f 2086/2260/1278 2087/2262/1278 2094/2270/1278 2093/2269/1278
f 2087/2262/1279 2088/2264/1279 2095/2271/1279 2094/2270/1279
f 2089/2266/1280 2090/2265/1280 2097/2272/1280 2096/2273/1280
f 2090/2265/1281 2091/2267/1281 2098/2274/1281 2097/2272/1281
f 2091/2267/1282 2092/2268/1282 2099/2275/1282 2098/2274/1282
f 2092/2268/1283 2093/2269/1283 2100/2276/1283 2099/2275/1283
f 2093/2269/1284 2094/2270/1284 2101/2277/1284 2100/2276/1284
f 2094/2270/1285 2095/2271/1285 2102/2278/1285 2101/2277/1285
f 2096/2273/1286 2097/2272/1286 2104/2279/1286 2103/2280/1286
f 2097/2272/1287 2098/2274/1287 2105/2281/1287 2104/2279/1287
f 2098/2274/1288 2099/2275/1288 2106/2282/1288 2105/2281/1288
f 2099/2275/1289 2100/2276/1289 2107/2283/1289 2106/2282/1289
f 2100/2276/1290 2101/2277/1290 2108/2284/1290 2107/2283/1290
f 2101/2277/1291 2102/2278/1291 2109/2285/1291 2108/2284/1291
f 2103/2280/1292 2104/2279/1292 2111/2286/1292 2110/2287/1292
f 2104/2279/1293 2105/2281/1293 2112/2288/1293 2111/2286/1293
f 2105/2281/1294 2106/2282/1294 2113/2289/1294 2112/2288/1294
f 2106/2282/1295 2107/2283/1295 2114/2290/1295 2113/2289/1295
f 2107/2283/1296 2108/2284/1296 2115/2291/1296 2114/2290/1296
f 2108/2284/1297 2109/2285/1297 2116/2292/1297 2115/2291/1297
f 2110/2287/1298 2111/2286/1298 2118/2293/1298 2117/2294/1298
f 2111/2286/1299 2112/2288/1299 2119/2295/1299 2118/2293/1299
f 2112/2288/1300 2113/2289/1300 2120/2296/1300 2119/2295/1300
f 2113/2289/1301 2114/2290/1301 2121/2297/1301 2120/2296/1301
f 2114/2290/1302 2115/2291/1302 2122/2298/1302 2121/2297/1302
f 2115/2291/1303 2116/2292/1303 2123/2299/1303 2122/2298/1303
f 45/2300/1304 261/2301/1304 2075/2251/1304 219/2302/1304
f 261/2301/1305 260/2303/1305 2076/2252/1305 2075/2251/1305
f 260/2303/1306 259/2304/1306 2077/2255/1306 2076/2252/1306
f 259/2304/1307 258/2305/1307 2078/2257/1307 2077/2255/1307
f 258/2305/1308 257/2306/1308 2079/2259/1308 2078/2257/1308
f 257/2306/1309 256/2307/1309 2080/2261/1309 2079/2259/1309
f 256/2307/1273 255/2308/1273 2081/2263/1273 2080/2261/1273
f 255/2308/1310 67/2309/1310 549/2310/1310 2081/2263/1310
f 2081/2263/1311 549/2310/1311 550/2311/1311 2088/2264/1311
f 2088/2264/1311 550/2311/1311 551/2312/1311 2095/2271/1311
f 2095/2271/1311 551/2312/1311 552/2313/1311 2102/2278/1311
f 2102/2278/1311 552/2313/1311 553/1564/1311 2109/2285/1311
f 2109/2285/1312 553/1564/1312 554/2314/1312 2116/2292/1312
f 2116/2292/1313 554/2314/1313 555/2315/1313 2123/2299/1313
f 2123/2299/1314 555/2315/1314 70/2316/1314 360/2317/1314
f 2122/2298/1315 2123/2299/1315 360/2317/1315 361/2318/1315
f 2121/2297/1316 2122/2298/1316 361/2318/1316 362/2319/1316
f 2120/2296/1317 2121/2297/1317 362/2319/1317 363/2320/1317
f 2119/2295/1318 2120/2296/1318 363/2320/1318 364/2321/1318
f 2118/2293/1319 2119/2295/1319 364/2321/1319 365/2322/1319
f 2117/2294/1320 2118/2293/1320 365/2322/1320 366/2323/1320
f 213/2324/1321 2117/2294/1321 366/2323/1321 54/2325/1321
f 214/2326/1322 2110/2287/1322 2117/2294/1322 213/2324/1322
f 215/2327/1323 2103/2280/1323 2110/2287/1323 214/2326/1323
f 216/2328/1324 2096/2273/1324 2103/2280/1324 215/2327/1324
f 217/2329/1325 2089/2266/1325 2096/2273/1325 216/2328/1325
f 218/2330/1326 2082/2254/1326 2089/2266/1326 217/2329/1326
f 219/2302/1327 2075/2251/1327 2082/2254/1327 218/2330/1327
f 2173/2410/1392 2174/2411/1392 2181/2412/1392 2180/2413/1392
f 2174/2411/1393 2175/2414/1393 2182/2415/1393 2181/2412/1393
f 2175/2414/1394 2176/2416/1394 2183/2417/1394 2182/2415/1394
f 2176/2416/1395 2177/2418/1395 2184/2419/1395 2183/2417/1395
f 2177/2418/1396 2178/2420/1396 2185/2421/1396 2184/2419/1396
f 2178/2420/1397 2179/2422/1397 2186/2423/1397 2185/2421/1397
f 2180/2413/1398 2181/2412/1398 2188/2424/1398 2187/2425/1398
f 2181/2412/1399 2182/2415/1399 2189/2426/1399 2188/2424/1399
f 2182/2415/1400 2183/2417/1400 2190/2427/1400 2189/2426/1400
f 2183/2417/1401 2184/2419/1401 2191/2428/1401 2190/2427/1401
f 2184/2419/1402 2185/2421/1402 2192/2429/1402 2191/2428/1402
f 2185/2421/1403 2186/2423/1403 2193/2430/1403 2192/2429/1403
f 2187/2425/1404 2188/2424/1404 2195/2431/1404 2194/2432/1404
f 2188/2424/1405 2189/2426/1405 2196/2433/1405 2195/2431/1405
f 2189/2426/1406 2190/2427/1406 2197/2434/1406 2196/2433/1406
f 2190/2427/1407 2191/2428/1407 2198/2435/1407 2197/2434/1407
f 2191/2428/1408 2192/2429/1408 2199/2436/1408 2198/2435/1408
f 2192/2429/1409 2193/2430/1409 2200/2437/1409 2199/2436/1409
f 2194/2432/1410 2195/2431/1410 2202/2438/1410 2201/2439/1410
f 2195/2431/1411 2196/2433/1411 2203/2440/1411 2202/2438/1411
f 2196/2433/1412 2197/2434/1412 2204/2441/1412 2203/2440/1412
f 2197/2434/1413 2198/2435/1413 2205/2442/1413 2204/2441/1413
f 2198/2435/1414 2199/2436/1414 2206/2443/1414 2205/2442/1414
f 2199/2436/1415 2200/2437/1415 2207/2444/1415 2206/2443/1415
f 2201/2439/1416 2202/2438/1416 2209/2445/1416 2208/2446/1416
f 2202/2438/1417 2203/2440/1417 2210/2447/1417 2209/2445/1417
f 2203/2440/1418 2204/2441/1418 2211/2448/1418 2210/2447/1418
f 2204/2441/1419 2205/2442/1419 2212/2449/1419 2211/2448/1419
f 2205/2442/1420 2206/2443/1420 2213/2450/1420 2212/2449/1420
f 2206/2443/1421 2207/2444/1421 2214/2451/1421 2213/2450/1421
f 2208/2446/1422 2209/2445/1422 2216/2452/1422 2215/2453/1422
f 2209/2445/1423 2210/2447/1423 2217/2454/1423 2216/2452/1423
f 2210/2447/1424 2211/2448/1424 2218/2455/1424 2217/2454/1424
f 2211/2448/1425 2212/2449/1425 2219/2456/1425 2218/2455/1425
f 2212/2449/1426 2213/2450/1426 2220/2457/1426 2219/2456/1426
f 2213/2450/1427 2214/2451/1427 2221/2458/1427 2220/2457/1427
f 52/2404/1428 359/2402/1428 2173/2410/1428 310/2459/1428
f 359/2402/1429 358/2401/1429 2174/2411/1429 2173/2410/1429
f 358/2401/1430 357/2400/1430 2175/2414/1430 2174/2411/1430
f 357/2400/1431 356/2399/1431 2176/2416/1431 2175/2414/1431
f 356/2399/1432 355/2398/1432 2177/2418/1432 2176/2416/1432
f 355/2398/1433 354/2397/1433 2178/2420/1433 2177/2418/1433
f 354/2397/1434 353/2396/1434 2179/2422/1434 2178/2420/1434
f 353/2396/1435 69/2395/1435 563/2460/1435 2179/2422/1435
f 2179/2422/1436 563/2460/1436 564/2461/1436 2186/2423/1436
f 2186/2423/1437 564/2461/1437 565/2462/1437 2193/2430/1437
f 2193/2430/1438 565/2462/1438 566/2463/1438 2200/2437/1438
f 2200/2437/1439 566/2463/1439 567/2464/1439 2207/2444/1439
f 2207/2444/1440 567/2464/1440 568/2465/1440 2214/2451/1440
f 2214/2451/1441 568/2465/1441 569/2466/1441 2221/2458/1441
f 2221/2458/1442 569/2466/1442 68/2152/1442 262/2151/1442
f 2220/2457/1443 2221/2458/1443 262/2151/1443 263/2150/1443
f 2219/2456/1444 2220/2457/1444 263/2150/1444 264/2149/1444
f 2218/2455/1445 2219/2456/1445 264/2149/1445 265/2148/1445
f 2217/2454/1446 2218/2455/1446 265/2148/1446 266/2147/1446
f 2216/2452/1447 2217/2454/1447 266/2147/1447 267/2146/1447
f 2215/2453/1448 2216/2452/1448 267/2146/1448 268/2144/1448
f 304/2467/1449 2215/2453/1449 268/2144/1449 47/2143/1449
f 305/2468/1450 2208/2446/1450 2215/2453/1450 304/2467/1450
f 306/2469/1451 2201/2439/1451 2208/2446/1451 305/2468/1451
f 307/2470/1452 2194/2432/1452 2201/2439/1452 306/2469/1452
f 308/2471/1453 2187/2425/1453 2194/2432/1453 307/2470/1453
f 309/2472/1454 2180/2413/1454 2187/2425/1454 308/2471/1454
f 310/2459/1455 2173/2410/1455 2180/2413/1455 309/2472/1455
f 2222/2473/1305 2223/2474/1305 2230/2475/1305 2229/2476/1305
f 2223/2474/1306 2224/2477/1306 2231/2478/1306 2230/2475/1306
f 2224/2477/1307 2225/2479/1307 2232/2480/1307 2231/2478/1307
f 2225/2479/1308 2226/2481/1308 2233/2482/1308 2232/2480/1308
f 2226/2481/1309 2227/2483/1309 2234/2484/1309 2233/2482/1309
f 2227/2483/1456 2228/2485/1456 2235/2486/1456 2234/2484/1456
f 2229/2476/1305 2230/2475/1305 2237/2487/1305 2236/2488/1305
f 2230/2475/1306 2231/2478/1306 2238/2489/1306 2237/2487/1306
f 2231/2478/1307 2232/2480/1307 2239/2490/1307 2238/2489/1307
f 2232/2480/1308 2233/2482/1308 2240/2491/1308 2239/2490/1308
f 2233/2482/1309 2234/2484/1309 2241/2492/1309 2240/2491/1309
f 2234/2484/1273 2235/2486/1273 2242/2493/1273 2241/2492/1273
f 2236/2488/1305 2237/2487/1305 2244/2494/1305 2243/2495/1305
f 2237/2487/1306 2238/2489/1306 2245/2496/1306 2244/2494/1306
f 2238/2489/1307 2239/2490/1307 2246/2497/1307 2245/2496/1307
f 2239/2490/1308 2240/2491/1308 2247/2498/1308 2246/2497/1308
f 2240/2491/1309 2241/2492/1309 2248/2499/1309 2247/2498/1309
f 2241/2492/1273 2242/2493/1273 2249/2500/1273 2248/2499/1273
f 2243/2495/1305 2244/2494/1305 2251/2501/1305 2250/2502/1305
f 2244/2494/1306 2245/2496/1306 2252/2503/1306 2251/2501/1306
f 2245/2496/1307 2246/2497/1307 2253/2504/1307 2252/2503/1307
f 2246/2497/1308 2247/2498/1308 2254/2505/1308 2253/2504/1308
f 2247/2498/1309 2248/2499/1309 2255/2506/1309 2254/2505/1309
f 2248/2499/1456 2249/2500/1456 2256/2507/1456 2255/2506/1456
f 2250/2502/1305 2251/2501/1305 2258/2508/1305 2257/2509/1305
f 2251/2501/1306 2252/2503/1306 2259/2510/1306 2258/2508/1306
f 2252/2503/1307 2253/2504/1307 2260/2511/1307 2259/2510/1307
f 2253/2504/1308 2254/2505/1308 2261/2512/1308 2260/2511/1308
f 2254/2505/1309 2255/2506/1309 2262/2513/1309 2261/2512/1309
f 2255/2506/1273 2256/2507/1273 2263/2514/1273 2262/2513/1273
f 2257/2509/1305 2258/2508/1305 2265/2515/1305 2264/2516/1305
f 2258/2508/1306 2259/2510/1306 2266/2517/1306 2265/2515/1306
f 2259/2510/1307 2260/2511/1307 2267/2518/1307 2266/2517/1307
f 2260/2511/1308 2261/2512/1308 2268/2519/1308 2267/2518/1308
f 2261/2512/1309 2262/2513/1309 2269/2520/1309 2268/2519/1309
f 2262/2513/1273 2263/2514/1273 2270/2521/1273 2269/2520/1273
f 57/2245/1304 443/2243/1304 2222/2473/1304 387/2522/1304
f 443/2243/1305 442/2242/1305 2223/2474/1305 2222/2473/1305
f 442/2242/1306 441/2241/1306 2224/2477/1306 2223/2474/1306
f 441/2241/1307 440/2240/1307 2225/2479/1307 2224/2477/1307
f 440/2240/1308 439/2239/1308 2226/2481/1308 2225/2479/1308
f 439/2239/1309 438/2238/1309 2227/2483/1309 2226/2481/1309
f 438/2238/1273 437/2237/1273 2228/2485/1273 2227/2483/1273
f 437/2237/1310 71/2236/1310 570/882/1310 2228/2485/1310
f 2228/2485/1311 570/882/1311 571/2523/1311 2235/2486/1311
f 2235/2486/1311 571/2523/1311 572/2524/1311 2242/2493/1311
f 2242/2493/1311 572/2524/1311 573/2525/1311 2249/2500/1311
f 2249/2500/1311 573/2525/1311 574/2526/1311 2256/2507/1311
f 2256/2507/1311 574/2526/1311 575/2527/1311 2263/2514/1311
f 2263/2514/1310 575/2527/1310 576/2528/1310 2270/2521/1310
f 2270/2521/1310 576/2528/1310 67/2309/1310 255/2308/1310
f 2269/2520/1273 2270/2521/1273 255/2308/1273 256/2307/1273
f 2268/2519/1309 2269/2520/1309 256/2307/1309 257/2306/1309
f 2267/2518/1308 2268/2519/1308 257/2306/1308 258/2305/1308
f 2266/2517/1307 2267/2518/1307 258/2305/1307 259/2304/1307
f 2265/2515/1306 2266/2517/1306 259/2304/1306 260/2303/1306
f 2264/2516/1305 2265/2515/1305 260/2303/1305 261/2301/1305
f 381/2529/1304 2264/2516/1304 261/2301/1304 45/2300/1304
f 382/2530/1304 2257/2509/1304 2264/2516/1304 381/2529/1304
f 383/2531/1304 2250/2502/1304 2257/2509/1304 382/2530/1304
f 384/2532/1304 2243/2495/1304 2250/2502/1304 383/2531/1304
f 385/2533/1304 2236/2488/1304 2243/2495/1304 384/2532/1304
f 386/2534/1304 2229/2476/1304 2236/2488/1304 385/2533/1304
f 387/2522/1304 2222/2473/1304 2229/2476/1304 386/2534/1304
o Cube.002
v -0.477935 1.545410 0.254466
v -0.415271 3.590522 0.254466
v 0.477935 1.545410 0.254466
v 0.415271 3.590522 0.254466
v -0.407438 1.545410 0.940148
v -0.415271 3.590522 0.940148
v 0.509266 1.545410 0.940148
v 0.415271 3.590522 0.940148
v -0.616358 2.243660 0.244528
v 0.616358 2.243660 0.244528
v 0.616358 2.243660 0.950086
v -0.616358 2.243660 0.950086
v 0.637246 1.528402 0.597307
v 0.543251 3.778071 0.597307
v -0.637246 1.528402 0.597307
v -0.543251 3.778071 0.597307
v -0.924538 2.243660 0.597307
v 0.924538 2.243660 0.597307
v 0.543251 3.778071 0.828352
v -0.616358 1.528402 0.828352
v 0.924538 2.243660 0.828352
v 0.642468 1.528402 0.828352
v -0.543251 3.778071 0.828352
v -0.924538 2.243660 0.828352
v 0.637246 1.528402 0.366262
v -0.543251 3.778071 0.366262
v -0.924538 2.243660 0.366262
v 0.543251 3.778071 0.366262
v -0.637246 1.528402 0.366262
v 0.924538 2.243660 0.366262
v 0.637246 1.698482 0.244528
v 0.642468 1.698482 0.950086
v -0.616358 1.698482 0.950086
v -0.637246 1.698482 0.244528
v 0.955869 1.698482 0.597307
v -0.955869 1.698482 0.597307
v -0.950647 1.698482 0.828352
v 0.955870 1.698482 0.828352
v 0.955869 1.698482 0.366262
v -0.955869 1.698482 0.366262
v 0.400365 1.541826 0.252372
v 0.283559 1.537967 0.250117
v 0.146631 1.535242 0.248525
v -0.000000 1.534229 0.247933
v -0.146631 1.535242 0.248525
v -0.283559 1.537967 0.250117
v -0.400365 1.541826 0.252372
v -0.607309 2.411288 0.244555
v -0.594879 2.600220 0.244741
v -0.577645 2.799784 0.245246
v -0.554183 2.999310 0.246231
v -0.523624 3.188444 0.247807
v -0.487301 3.358122 0.249904
v -0.447949 3.498757 0.252345
v -0.347290 3.630040 0.252372
v -0.245579 3.672593 0.250117
v -0.126870 3.702641 0.248525
v 0.000000 3.713818 0.247933
v 0.126870 3.702641 0.248525
v 0.245579 3.672593 0.250117
v 0.347290 3.630039 0.252372
v 0.636820 1.673071 0.244555
v 0.633835 1.648265 0.244741
v 0.625733 1.624670 0.245246
v 0.609957 1.602890 0.246231
v 0.584686 1.583503 0.247807
v 0.551060 1.566968 0.249904
v 0.511929 1.553792 0.252345
v 0.636820 1.528448 0.344034
v 0.633835 1.528766 0.323995
v 0.625733 1.529631 0.306235
v 0.609957 1.531315 0.290845
v 0.584686 1.534013 0.277902
v 0.551060 1.537603 0.267411
v 0.511929 1.541781 0.259407
v 0.542912 3.777569 0.850580
v 0.540538 3.774055 0.870619
v 0.534094 3.764518 0.888380
v 0.521546 3.745944 0.903769
v 0.501421 3.716195 0.916712
v 0.474491 3.676609 0.927203
v 0.442905 3.630542 0.935207
v 0.644243 1.673071 0.950059
v 0.643939 1.648265 0.949873
v 0.638987 1.624670 0.949368
v 0.626819 1.602890 0.948383
v 0.605546 1.583503 0.946807
v 0.575994 1.566968 0.944710
v 0.540607 1.553792 0.942269
v -0.330363 1.541826 0.942242
v -0.215610 1.537967 0.944497
v -0.082539 1.535242 0.946089
v 0.058529 1.534229 0.946681
v 0.198172 1.535242 0.946089
v 0.327469 1.537967 0.944497
v 0.436978 1.541826 0.942242
v 0.347290 3.630040 0.942242
v 0.245579 3.672593 0.944497
v 0.126870 3.702641 0.946089
v 0.000000 3.713818 0.946681
v -0.126870 3.702641 0.946089
v -0.245579 3.672593 0.944497
v -0.347290 3.630039 0.942242
v -0.607290 1.673071 0.950059
v -0.594725 1.648265 0.949873
v -0.577124 1.624670 0.949368
v -0.552950 1.602890 0.948383
v -0.521236 1.583503 0.946807
v -0.483302 1.566968 0.944710
v -0.441950 1.553792 0.942269
v -0.607290 1.528448 0.850580
v -0.594725 1.528766 0.870619
v -0.577124 1.529631 0.888380
v -0.552951 1.531315 0.903769
v -0.521236 1.534013 0.916712
v -0.483302 1.537603 0.927203
v -0.441950 1.541781 0.935207
v -0.542912 3.777569 0.344034
v -0.540538 3.774055 0.323995
v -0.534094 3.764518 0.306235
v -0.521546 3.745944 0.290845
v -0.501421 3.716195 0.277902
v -0.474491 3.676609 0.267411
v -0.442905 3.630542 0.259407
v -0.637205 1.724660 0.244528
v -0.636920 1.754835 0.244528
v -0.636145 1.793004 0.244528
v -0.634635 1.843165 0.244528
v -0.632147 1.909314 0.244528
v -0.628434 1.995448 0.244528
v -0.623253 2.105564 0.244528
v 0.447949 3.498757 0.252345
v 0.487301 3.358122 0.249904
v 0.523624 3.188444 0.247807
v 0.554183 2.999310 0.246231
v 0.577645 2.799784 0.245246
v 0.594879 2.600220 0.244741
v 0.607309 2.411288 0.244555
v 0.447949 3.498757 0.942269
v 0.487301 3.358122 0.944710
v 0.523624 3.188444 0.946807
v 0.554183 2.999310 0.948384
v 0.577645 2.799784 0.949368
v 0.594879 2.600220 0.949873
v 0.607309 2.411288 0.950059
v -0.447949 3.498757 0.942269
v -0.487301 3.358122 0.944710
v -0.523624 3.188444 0.946807
v -0.554183 2.999310 0.948384
v -0.577645 2.799784 0.949368
v -0.594879 2.600220 0.949873
v -0.607309 2.411288 0.950059
v -0.923936 2.243660 0.344014
v -0.919722 2.243660 0.323834
v -0.908286 2.243660 0.305691
v -0.886015 2.243660 0.289557
v -0.849299 2.243660 0.275403
v -0.794525 2.243660 0.263200
v -0.718082 2.243660 0.252918
v 0.487549 2.243660 0.956607
v 0.337071 2.243660 0.961265
v 0.172147 2.243660 0.964060
v -0.000000 2.243660 0.964992
v -0.172147 2.243660 0.964060
v -0.337071 2.243660 0.961265
v -0.487549 2.243660 0.956607
v 0.923936 2.243660 0.850600
v 0.919722 2.243660 0.870780
v 0.908286 2.243660 0.888923
v 0.886015 2.243660 0.905057
v 0.849299 2.243660 0.919211
v 0.794525 2.243660 0.931414
v 0.718082 2.243660 0.941696
v -0.487549 2.243660 0.238007
v -0.337071 2.243660 0.233349
v -0.172147 2.243660 0.230554
v 0.000000 2.243660 0.229622
v 0.172147 2.243660 0.230554
v 0.337071 2.243660 0.233349
v 0.487549 2.243660 0.238007
v 0.640745 1.528402 0.804057
v 0.639449 1.528402 0.777928
v 0.638521 1.528402 0.750226
v 0.637899 1.528402 0.721214
v 0.637522 1.528402 0.691155
v 0.637328 1.528402 0.660309
v 0.637257 1.528402 0.628939
v 0.543251 3.778071 0.390557
v 0.543251 3.778071 0.416687
v 0.543251 3.778071 0.444388
v 0.543251 3.778071 0.473400
v 0.543251 3.778071 0.503459
v 0.543251 3.778071 0.534305
v 0.543251 3.778071 0.565675
v -0.637246 1.528402 0.390557
v -0.637246 1.528402 0.416687
v -0.637246 1.528402 0.444388
v -0.637246 1.528402 0.473400
v -0.637246 1.528402 0.503459
v -0.637246 1.528402 0.534305
v -0.637246 1.528402 0.565675
v -0.543251 3.778071 0.804057
v -0.543251 3.778071 0.777928
v -0.543251 3.778071 0.750226
v -0.543251 3.778071 0.721214
v -0.543251 3.778071 0.691155
v -0.543251 3.778071 0.660309
v -0.543251 3.778071 0.628939
v -0.924538 2.243660 0.804057
v -0.924538 2.243660 0.777928
v -0.924538 2.243660 0.750226
v -0.924538 2.243660 0.721214
v -0.924538 2.243660 0.691155
v -0.924538 2.243660 0.660309
v -0.924538 2.243660 0.628939
v 0.924538 2.243660 0.390557
v 0.924538 2.243660 0.416687
v 0.924538 2.243660 0.444388
v 0.924538 2.243660 0.473400
v 0.924538 2.243660 0.503459
v 0.924538 2.243660 0.534305
v 0.924538 2.243660 0.565675
v 0.955247 1.673036 0.597307
v 0.950891 1.647989 0.597307
v 0.939067 1.623740 0.597307
v 0.916042 1.600686 0.597307
v 0.878081 1.579226 0.597307
v 0.821450 1.559760 0.597307
v 0.742417 1.542686 0.597307
v -0.955247 1.673036 0.597307
v -0.950891 1.647989 0.597307
v -0.939067 1.623740 0.597307
v -0.916042 1.600686 0.597307
v -0.878081 1.579226 0.597307
v -0.821450 1.559760 0.597307
v -0.742417 1.542686 0.597307
v 0.425865 3.901150 0.597307
v 0.292684 3.989064 0.597307
v 0.148975 4.041812 0.597307
v 0.000000 4.059395 0.597307
v -0.148975 4.041812 0.597307
v -0.292684 3.989064 0.597307
v -0.425865 3.901150 0.597307
v 0.504072 1.517240 0.597307
v 0.348494 1.509268 0.597307
v 0.177981 1.504484 0.597307
v -0.000000 1.502890 0.597307
v -0.177981 1.504484 0.597307
v -0.348494 1.509268 0.597307
v -0.504072 1.517241 0.597307
v -0.640834 3.621225 0.597307
v -0.719622 3.437606 0.597307
v -0.781882 3.235608 0.597307
v -0.829879 3.023622 0.597307
v -0.865878 2.810041 0.597307
v -0.892144 2.603259 0.597307
v -0.910942 2.411668 0.597307
v 0.640834 3.621225 0.597307
v 0.719622 3.437606 0.597307
v 0.781882 3.235608 0.597307
v 0.829879 3.023622 0.597307
v 0.865878 2.810041 0.597307
v 0.892144 2.603259 0.597307
v 0.910942 2.411668 0.597307
v 0.543251 3.778071 0.628939
v 0.543251 3.778071 0.660309
v 0.543251 3.778071 0.691155
v 0.543251 3.778071 0.721214
v 0.543251 3.778071 0.750226
v 0.543251 3.778071 0.777928
v 0.543251 3.778071 0.804057
v -0.637205 1.528402 0.628939
v -0.636920 1.528402 0.660309
v -0.636145 1.528402 0.691155
v -0.634635 1.528402 0.721214
v -0.632147 1.528402 0.750226
v -0.628434 1.528402 0.777928
v -0.623253 1.528402 0.804057
v 0.924538 2.243660 0.628939
v 0.924538 2.243660 0.660309
v 0.924538 2.243660 0.691155
v 0.924538 2.243660 0.721214
v 0.924538 2.243660 0.750226
v 0.924538 2.243660 0.777928
v 0.924538 2.243660 0.804057
v 0.540607 1.541781 0.935207
v 0.575994 1.537603 0.927203
v 0.605546 1.534013 0.916712
v 0.626819 1.531315 0.903769
v 0.638987 1.529631 0.888380
v 0.643939 1.528766 0.870619
v 0.644243 1.528448 0.850580
v -0.442906 3.630542 0.935207
v -0.474491 3.676609 0.927203
v -0.501421 3.716195 0.916712
v -0.521546 3.745944 0.903769
v -0.534094 3.764518 0.888380
v -0.540538 3.774055 0.870619
v -0.542912 3.777569 0.850580
v -0.718082 2.243660 0.941696
v -0.794525 2.243660 0.931414
v -0.849299 2.243660 0.919211
v -0.886015 2.243660 0.905057
v -0.908286 2.243660 0.888923
v -0.919722 2.243660 0.870780
v -0.923936 2.243660 0.850600
v -0.640833 3.621225 0.828352
v -0.719622 3.437606 0.828352
v -0.781882 3.235608 0.828352
v -0.829879 3.023622 0.828352
v -0.865878 2.810041 0.828352
v -0.892144 2.603259 0.828352
v -0.910942 2.411668 0.828352
v 0.425865 3.901150 0.828352
v 0.292684 3.989064 0.828352
v 0.148975 4.041812 0.828352
v -0.000000 4.059395 0.828352
v -0.148975 4.041812 0.828352
v -0.292684 3.989064 0.828352
v -0.425865 3.901150 0.828352
v -0.947853 1.673036 0.828352
v -0.941018 1.647989 0.828352
v -0.926593 1.623739 0.828352
v -0.901028 1.600686 0.828352
v -0.860773 1.579227 0.828352
v -0.802276 1.559760 0.828352
v -0.721988 1.542686 0.828352
v 0.955257 1.673036 0.828352
v 0.950972 1.647989 0.828352
v 0.939342 1.623739 0.828352
v 0.916694 1.600686 0.828352
v 0.879355 1.579227 0.828352
v 0.823653 1.559760 0.828352
v 0.745915 1.542686 0.828352
v 0.511466 1.517240 0.828352
v 0.358367 1.509268 0.828352
v 0.190454 1.504485 0.828352
v 0.015013 1.502890 0.828352
v -0.160673 1.504485 0.828352
v -0.329320 1.509268 0.828352
v -0.483643 1.517240 0.828352
v 0.640833 3.621225 0.828352
v 0.719622 3.437606 0.828352
v 0.781882 3.235608 0.828352
v 0.829879 3.023622 0.828352
v 0.865878 2.810041 0.828352
v 0.892144 2.603259 0.828352
v 0.910942 2.411668 0.828352
v 0.637246 1.528402 0.565675
v 0.637246 1.528402 0.534305
v 0.637246 1.528402 0.503459
v 0.637246 1.528402 0.473400
v 0.637246 1.528402 0.444388
v 0.637246 1.528402 0.416687
v 0.637246 1.528402 0.390557
v -0.543251 3.778071 0.565675
v -0.543251 3.778071 0.534305
v -0.543251 3.778071 0.503459
v -0.543251 3.778071 0.473400
v -0.543251 3.778071 0.444388
v -0.543251 3.778071 0.416687
v -0.543251 3.778071 0.390557
v -0.924538 2.243660 0.565675
v -0.924538 2.243660 0.534305
v -0.924538 2.243660 0.503459
v -0.924538 2.243660 0.473400
v -0.924538 2.243660 0.444388
v -0.924538 2.243660 0.416687
v -0.924538 2.243660 0.390557
v 0.442905 3.630542 0.259407
v 0.474491 3.676609 0.267411
v 0.501421 3.716195 0.277902
v 0.521546 3.745944 0.290845
v 0.534094 3.764518 0.306234
v 0.540538 3.774055 0.323995
v 0.542912 3.777569 0.344034
v -0.511929 1.541780 0.259407
v -0.551060 1.537603 0.267411
v -0.584686 1.534013 0.277902
v -0.609957 1.531315 0.290845
v -0.625733 1.529631 0.306235
v -0.633835 1.528766 0.323995
v -0.636820 1.528447 0.344034
v 0.718082 2.243660 0.252918
v 0.794525 2.243660 0.263200
v 0.849299 2.243660 0.275403
v 0.886015 2.243660 0.289557
v 0.908286 2.243660 0.305691
v 0.919722 2.243660 0.323834
v 0.923936 2.243660 0.344014
v 0.640834 3.621225 0.366262
v 0.719622 3.437606 0.366262
v 0.781882 3.235608 0.366262
v 0.829879 3.023622 0.366262
v 0.865878 2.810041 0.366262
v 0.892144 2.603259 0.366262
v 0.910942 2.411668 0.366262
v 0.504072 1.517240 0.366262
v 0.348494 1.509268 0.366262
v 0.177981 1.504484 0.366262
v -0.000000 1.502890 0.366262
v -0.177981 1.504484 0.366262
v -0.348494 1.509268 0.366262
v -0.504072 1.517241 0.366262
v 0.955247 1.673036 0.366262
v 0.950891 1.647989 0.366262
v 0.939067 1.623740 0.366262
v 0.916042 1.600686 0.366262
v 0.878081 1.579226 0.366262
v 0.821450 1.559760 0.366262
v 0.742417 1.542686 0.366262
v -0.955247 1.673036 0.366262
v -0.950891 1.647989 0.366262
v -0.939067 1.623740 0.366262
v -0.916042 1.600686 0.366262
v -0.878081 1.579226 0.366262
v -0.821450 1.559760 0.366262
v -0.742417 1.542686 0.366262
v 0.425865 3.901150 0.366262
v 0.292684 3.989064 0.366262
v 0.148975 4.041812 0.366262
v 0.000000 4.059395 0.366262
v -0.148975 4.041812 0.366262
v -0.292684 3.989064 0.366262
v -0.425865 3.901150 0.366262
v -0.640834 3.621225 0.366262
v -0.719622 3.437606 0.366262
v -0.781882 3.235608 0.366262
v -0.829879 3.023622 0.366262
v -0.865878 2.810041 0.366262
v -0.892144 2.603259 0.366262
v -0.910942 2.411668 0.366262
v 0.623253 2.105564 0.244528
v 0.628434 1.995448 0.244528
v 0.632147 1.909314 0.244528
v 0.634635 1.843165 0.244528
v 0.636145 1.793004 0.244528
v 0.636920 1.754835 0.244528
v 0.637205 1.724660 0.244528
v 0.623263 2.105564 0.950086
v 0.628516 1.995448 0.950086
v 0.632422 1.909314 0.950086
v 0.635288 1.843165 0.950086
v 0.637420 1.793004 0.950086
v 0.639123 1.754835 0.950086
v 0.640704 1.724660 0.950086
v -0.623212 2.105564 0.950086
v -0.628108 1.995448 0.950086
v -0.631045 1.909314 0.950086
v -0.632024 1.843165 0.950086
v -0.631045 1.793004 0.950086
v -0.628108 1.754835 0.950086
v -0.623212 1.724660 0.950086
v -0.511929 1.553792 0.252345
v -0.551060 1.566968 0.249904
v -0.584686 1.583503 0.247807
v -0.609957 1.602890 0.246231
v -0.625733 1.624669 0.245246
v -0.633835 1.648265 0.244741
v -0.636820 1.673071 0.244555
v 0.934880 2.105564 0.597307
v 0.942651 1.995448 0.597307
v 0.948220 1.909314 0.597307
v 0.951953 1.843165 0.597307
v 0.954217 1.793004 0.597307
v 0.955380 1.754835 0.597307
v 0.955808 1.724660 0.597307
v -0.934879 2.105564 0.597307
v -0.942651 1.995448 0.597307
v -0.948220 1.909314 0.597307
v -0.951953 1.843165 0.597307
v -0.954217 1.793004 0.597307
v -0.955380 1.754835 0.597307
v -0.955808 1.724660 0.597307
v -0.934869 2.105564 0.828352
v -0.942570 1.995448 0.828352
v -0.947945 1.909314 0.828352
v -0.951300 1.843165 0.828352
v -0.952942 1.793004 0.828352
v -0.953177 1.754835 0.828352
v -0.952310 1.724660 0.828352
v 0.934880 2.105564 0.828352
v 0.942651 1.995448 0.828352
v 0.948220 1.909314 0.828352
v 0.951953 1.843165 0.828352
v 0.954217 1.793004 0.828352
v 0.955380 1.754835 0.828352
v 0.955808 1.724660 0.828352
v 0.934880 2.105564 0.366262
v 0.942651 1.995448 0.366262
v 0.948220 1.909314 0.366262
v 0.951953 1.843165 0.366262
v 0.954217 1.793004 0.366262
v 0.955380 1.754835 0.366262
v 0.955808 1.724660 0.366262
v -0.934879 2.105564 0.366262
v -0.942651 1.995448 0.366262
v -0.948220 1.909314 0.366262
v -0.951953 1.843165 0.366262
v -0.954217 1.793004 0.366262
v -0.955380 1.754835 0.366262
v -0.955808 1.724660 0.366262
v -0.955869 1.698482 0.565675
v -0.955869 1.698482 0.534305
v -0.955869 1.698482 0.503459
v -0.955869 1.698482 0.473400
v -0.955869 1.698482 0.444388
v -0.955869 1.698482 0.416687
v -0.955869 1.698482 0.390557
v 0.742417 1.698482 0.252918
v 0.821450 1.698482 0.263200
v 0.878080 1.698482 0.275403
v 0.916042 1.698482 0.289557
v 0.939067 1.698482 0.305691
v 0.950891 1.698482 0.323834
v 0.955247 1.698482 0.344014
v 0.955869 1.698482 0.628939
v 0.955869 1.698482 0.660309
v 0.955869 1.698482 0.691155
v 0.955869 1.698482 0.721214
v 0.955869 1.698482 0.750226
v 0.955869 1.698482 0.777928
v 0.955869 1.698482 0.804057
v -0.721988 1.698482 0.941696
v -0.802276 1.698482 0.931414
v -0.860773 1.698482 0.919211
v -0.901028 1.698482 0.905057
v -0.926593 1.698482 0.888923
v -0.941018 1.698482 0.870780
v -0.947853 1.698482 0.850600
v -0.952371 1.698482 0.804057
v -0.953666 1.698482 0.777928
v -0.954595 1.698482 0.750226
v -0.955217 1.698482 0.721214
v -0.955594 1.698482 0.691155
v -0.955788 1.698482 0.660309
v -0.955859 1.698482 0.628939
v 0.955869 1.698482 0.390557
v 0.955869 1.698482 0.416687
v 0.955869 1.698482 0.444388
v 0.955869 1.698482 0.473400
v 0.955869 1.698482 0.503459
v 0.955869 1.698482 0.534305
v 0.955869 1.698482 0.565675
v -0.504072 1.698482 0.238007
v -0.348494 1.698482 0.233349
v -0.177981 1.698482 0.230554
v 0.000000 1.698482 0.229622
v 0.177981 1.698482 0.230554
v 0.348494 1.698482 0.233349
v 0.504072 1.698482 0.238007
v 0.955257 1.698482 0.850600
v 0.950973 1.698482 0.870780
v 0.939342 1.698482 0.888923
v 0.916694 1.698482 0.905057
v 0.879355 1.698482 0.919211
v 0.823653 1.698482 0.931414
v 0.745915 1.698482 0.941696
v 0.511466 1.698482 0.956607
v 0.358367 1.698482 0.961265
v 0.190454 1.698482 0.964060
v 0.015013 1.698482 0.964992
v -0.160673 1.698482 0.964060
v -0.329320 1.698482 0.961265
v -0.483643 1.698482 0.956607
v -0.955247 1.698482 0.344014
v -0.950891 1.698482 0.323834
v -0.939067 1.698482 0.305691
v -0.916042 1.698482 0.289557
v -0.878080 1.698482 0.275403
v -0.821450 1.698482 0.263200
v -0.742417 1.698482 0.252918
v -0.480393 2.411317 0.238038
v -0.470573 2.600457 0.238253
v -0.456974 2.800586 0.238838
v -0.438482 3.001209 0.239977
v -0.414648 3.192273 0.241827
v -0.387683 3.365486 0.244433
v -0.361719 3.513314 0.247849
v -0.332124 2.411383 0.233382
v -0.325341 2.600980 0.233618
v -0.315955 2.802349 0.234259
v -0.303200 3.005388 0.235505
v -0.286911 3.200590 0.237550
v -0.269323 3.380833 0.240543
v -0.253771 3.539872 0.244646
v -0.169621 2.411448 0.230589
v -0.166158 2.601502 0.230837
v -0.161369 2.804111 0.231509
v -0.154863 3.009566 0.232819
v -0.146604 3.208730 0.234975
v -0.137956 3.394761 0.238177
v -0.130702 3.561428 0.242623
v 0.000000 2.411478 0.229658
v -0.000000 2.601739 0.229910
v -0.000000 2.804913 0.230593
v -0.000000 3.011466 0.231923
v -0.000000 3.212381 0.234114
v -0.000000 3.400704 0.237374
v -0.000000 3.569996 0.241912
v 0.169621 2.411448 0.230589
v 0.166158 2.601502 0.230837
v 0.161369 2.804111 0.231509
v 0.154863 3.009566 0.232819
v 0.146604 3.208730 0.234975
v 0.137956 3.394761 0.238177
v 0.130702 3.561428 0.242623
v 0.332124 2.411383 0.233382
v 0.325341 2.600980 0.233618
v 0.315955 2.802349 0.234258
v 0.303200 3.005388 0.235505
v 0.286911 3.200590 0.237550
v 0.269323 3.380833 0.240543
v 0.253771 3.539872 0.244646
v 0.480393 2.411317 0.238038
v 0.470573 2.600457 0.238253
v 0.456974 2.800586 0.238838
v 0.438482 3.001209 0.239977
v 0.414648 3.192273 0.241827
v 0.387683 3.365486 0.244433
v 0.361719 3.513314 0.247849
v 0.910349 2.411666 0.850600
v 0.891564 2.603247 0.850599
v 0.865316 2.810001 0.850598
v 0.829343 3.023527 0.850595
v 0.781380 3.235426 0.850590
v 0.719164 3.437318 0.850585
v 0.640430 3.620825 0.850581
v 0.906198 2.411656 0.870780
v 0.887501 2.603164 0.870775
v 0.861381 2.809721 0.870763
v 0.825586 3.022862 0.870740
v 0.777865 3.234156 0.870704
v 0.715958 3.435300 0.870665
v 0.637603 3.618023 0.870633
v 0.894931 2.411628 0.888921
v 0.876474 2.602938 0.888906
v 0.850699 2.808959 0.888866
v 0.815390 3.021057 0.888787
v 0.768324 3.230708 0.888666
v 0.707255 3.429822 0.888532
v 0.629929 3.610419 0.888424
v 0.872990 2.411573 0.905052
v 0.855000 2.602499 0.905016
v 0.829898 2.807477 0.904921
v 0.795534 3.017544 0.904735
v 0.749744 3.223994 0.904448
v 0.690307 3.419155 0.904131
v 0.614986 3.595611 0.903874
v 0.836816 2.411488 0.919201
v 0.819596 2.601822 0.919134
v 0.795598 2.805193 0.918951
v 0.762783 3.012130 0.918595
v 0.719099 3.213629 0.918046
v 0.662444 3.402545 0.917432
v 0.590660 3.572234 0.916924
v 0.782851 2.411395 0.931399
v 0.766770 2.601074 0.931292
v 0.744396 2.802669 0.931002
v 0.713846 3.006147 0.930437
v 0.673315 3.202042 0.929556
v 0.621308 3.383140 0.928528
v 0.556070 3.543074 0.927608
v 0.707535 2.411319 0.941675
v 0.693028 2.600469 0.941527
v 0.672881 2.800626 0.941124
v 0.645415 3.001304 0.940339
v 0.609258 3.192455 0.939100
v 0.564269 3.365774 0.937555
v 0.510085 3.513714 0.936000
v 0.480393 2.411317 0.956576
v 0.470573 2.600457 0.956361
v 0.456974 2.800586 0.955776
v 0.438482 3.001209 0.954637
v 0.414648 3.192273 0.952787
v 0.387683 3.365486 0.950181
v 0.361719 3.513314 0.946765
v 0.332124 2.411383 0.961232
v 0.325341 2.600980 0.960996
v 0.315955 2.802349 0.960356
v 0.303200 3.005388 0.959109
v 0.286911 3.200590 0.957064
v 0.269323 3.380833 0.954071
v 0.253771 3.539872 0.949968
v 0.169621 2.411448 0.964025
v 0.166158 2.601502 0.963777
v 0.161369 2.804111 0.963105
v 0.154863 3.009566 0.961795
v 0.146604 3.208730 0.959639
v 0.137956 3.394761 0.956437
v 0.130702 3.561428 0.951991
v -0.000000 2.411478 0.964956
v -0.000000 2.601739 0.964704
v 0.000000 2.804913 0.964021
v 0.000000 3.011466 0.962692
v 0.000000 3.212381 0.960500
v 0.000000 3.400704 0.957240
v 0.000000 3.569996 0.952702
v -0.169621 2.411448 0.964025
v -0.166158 2.601502 0.963777
v -0.161369 2.804111 0.963105
v -0.154864 3.009566 0.961795
v -0.146604 3.208730 0.959639
v -0.137956 3.394761 0.956437
v -0.130702 3.561428 0.951991
v -0.332124 2.411383 0.961232
v -0.325341 2.600980 0.960996
v -0.315955 2.802349 0.960356
v -0.303200 3.005388 0.959109
v -0.286911 3.200590 0.957064
v -0.269323 3.380833 0.954071
v -0.253771 3.539872 0.949968
v -0.480393 2.411317 0.956576
v -0.470573 2.600457 0.956361
v -0.456974 2.800586 0.955776
v -0.438482 3.001209 0.954637
v -0.414648 3.192273 0.952787
v -0.387683 3.365486 0.950181
v -0.361719 3.513314 0.946765
v -0.910349 2.411666 0.344014
v -0.891564 2.603247 0.344015
v -0.865316 2.810001 0.344016
v -0.829343 3.023527 0.344019
v -0.781380 3.235426 0.344024
v -0.719164 3.437318 0.344029
v -0.640430 3.620825 0.344033
v -0.906198 2.411656 0.323834
v -0.887501 2.603164 0.323839
v -0.861381 2.809721 0.323851
v -0.825586 3.022862 0.323874
v -0.777865 3.234156 0.323910
v -0.715958 3.435300 0.323949
v -0.637603 3.618023 0.323981
v -0.894931 2.411628 0.305693
v -0.876474 2.602938 0.305708
v -0.850699 2.808959 0.305748
v -0.815390 3.021057 0.305827
v -0.768324 3.230708 0.305948
v -0.707255 3.429822 0.306082
v -0.629929 3.610419 0.306190
v -0.872990 2.411573 0.289562
v -0.855000 2.602499 0.289598
v -0.829898 2.807477 0.289693
v -0.795534 3.017544 0.289879
v -0.749744 3.223994 0.290166
v -0.690307 3.419155 0.290483
v -0.614986 3.595611 0.290740
v -0.836816 2.411488 0.275413
v -0.819596 2.601822 0.275480
v -0.795598 2.805193 0.275663
v -0.762783 3.012130 0.276019
v -0.719099 3.213629 0.276568
v -0.662444 3.402545 0.277182
v -0.590660 3.572234 0.277690
v -0.782851 2.411395 0.263215
v -0.766770 2.601074 0.263322
v -0.744396 2.802669 0.263612
v -0.713846 3.006147 0.264177
v -0.673315 3.202042 0.265058
v -0.621308 3.383140 0.266086
v -0.556070 3.543074 0.267006
v -0.707535 2.411319 0.252939
v -0.693029 2.600469 0.253088
v -0.672882 2.800626 0.253490
v -0.645415 3.001304 0.254275
v -0.609258 3.192455 0.255514
v -0.564269 3.365774 0.257059
v -0.510085 3.513714 0.258614
v 0.514227 1.517293 0.850581
v 0.515532 1.517662 0.870632
v 0.513232 1.518663 0.888422
v 0.505177 1.520613 0.903869
v 0.490025 1.523779 0.916915
v 0.469660 1.528239 0.927593
v 0.448193 1.534085 0.935978
v 0.362255 1.509326 0.850585
v 0.365411 1.509729 0.870660
v 0.366176 1.510825 0.888515
v 0.362891 1.512959 0.904091
v 0.354629 1.516459 0.917355
v 0.343390 1.521580 0.928406
v 0.332475 1.528603 0.937386
v 0.195530 1.504545 0.850588
v 0.200653 1.504969 0.870687
v 0.204704 1.506120 0.888609
v 0.206559 1.508361 0.904312
v 0.205537 1.512052 0.917787
v 0.202701 1.517531 0.929144
v 0.199626 1.525141 0.938528
v 0.021253 1.502952 0.850590
v 0.028337 1.503382 0.870700
v 0.035701 1.504551 0.888651
v 0.042782 1.506827 0.904413
v 0.049040 1.510577 0.917980
v 0.054032 1.516158 0.929459
v 0.057335 1.523923 0.938982
v -0.153372 1.504545 0.850588
v -0.144457 1.504969 0.870687
v -0.133935 1.506120 0.888609
v -0.121813 1.508361 0.904312
v -0.108482 1.512052 0.917787
v -0.095862 1.517531 0.929144
v -0.086326 1.525141 0.938528
v -0.321142 1.509326 0.850585
v -0.310632 1.509729 0.870660
v -0.297257 1.510825 0.888515
v -0.280482 1.512959 0.904091
v -0.260434 1.516459 0.917355
v -0.239881 1.521581 0.928406
v -0.222829 1.528603 0.937386
v -0.474849 1.517293 0.850581
v -0.463088 1.517662 0.870632
v -0.447306 1.518663 0.888422
v -0.426452 1.520613 0.903869
v -0.400191 1.523779 0.916915
v -0.371059 1.528239 0.927593
v -0.343752 1.534085 0.935978
v 0.425601 3.900569 0.344033
v 0.423753 3.896502 0.323982
v 0.418738 3.885462 0.306192
v 0.408971 3.863964 0.290745
v 0.393564 3.829048 0.277699
v 0.374407 3.779868 0.267021
v 0.355411 3.715404 0.258636
v 0.292504 3.988428 0.344029
v 0.291240 3.983977 0.323954
v 0.287810 3.971894 0.306099
v 0.281129 3.948363 0.290523
v 0.270756 3.909770 0.277259
v 0.258813 3.853291 0.266208
v 0.248602 3.775856 0.257228
v 0.148883 4.041144 0.344026
v 0.148241 4.036469 0.323927
v 0.146500 4.023777 0.306005
v 0.143109 3.999063 0.290302
v 0.137898 3.958369 0.276827
v 0.132213 3.897943 0.265470
v 0.127850 3.814027 0.256086
v -0.000000 4.058717 0.344024
v 0.000000 4.053968 0.323914
v -0.000000 4.041080 0.305963
v -0.000000 4.015981 0.290201
v -0.000000 3.974629 0.276634
v 0.000000 3.913089 0.265155
v 0.000000 3.827455 0.255632
v -0.148883 4.041144 0.344026
v -0.148241 4.036469 0.323927
v -0.146500 4.023777 0.306005
v -0.143109 3.999063 0.290302
v -0.137898 3.958369 0.276827
v -0.132213 3.897942 0.265470
v -0.127850 3.814027 0.256086
v -0.292504 3.988428 0.344029
v -0.291240 3.983977 0.323954
v -0.287810 3.971894 0.306099
v -0.281129 3.948363 0.290523
v -0.270756 3.909769 0.277259
v -0.258813 3.853291 0.266208
v -0.248602 3.775856 0.257228
v -0.425601 3.900569 0.344033
v -0.423753 3.896502 0.323982
v -0.418738 3.885462 0.306192
v -0.408971 3.863964 0.290745
v -0.393564 3.829048 0.277699
v -0.374407 3.779868 0.267021
v -0.355411 3.715404 0.258636
v -0.955186 1.724660 0.344014
v -0.954758 1.754835 0.344014
v -0.953596 1.793004 0.344014
v -0.951333 1.843165 0.344014
v -0.947603 1.909314 0.344014
v -0.942038 1.995448 0.344014
v -0.934271 2.105564 0.344014
v -0.950830 1.724660 0.323834
v -0.950404 1.754835 0.323834
v -0.949247 1.793004 0.323834
v -0.946995 1.843165 0.323834
v -0.943281 1.909314 0.323834
v -0.937742 1.995448 0.323834
v -0.930010 2.105564 0.323834
v -0.939007 1.724660 0.305691
v -0.938586 1.754835 0.305691
v -0.937444 1.793004 0.305691
v -0.935219 1.843165 0.305691
v -0.931552 1.909314 0.305691
v -0.926081 1.995448 0.305691
v -0.918446 2.105564 0.305691
v -0.915983 1.724660 0.289557
v -0.915572 1.754835 0.289557
v -0.914458 1.793004 0.289557
v -0.912288 1.843165 0.289557
v -0.908711 1.909314 0.289557
v -0.903374 1.995448 0.289557
v -0.895926 2.105564 0.289557
v -0.878024 1.724660 0.275403
v -0.877631 1.754835 0.275403
v -0.876563 1.793004 0.275403
v -0.874483 1.843165 0.275403
v -0.871054 1.909314 0.275403
v -0.865938 1.995448 0.275403
v -0.858799 2.105564 0.275403
v -0.821398 1.724660 0.263200
v -0.821029 1.754835 0.263200
v -0.820030 1.793004 0.263200
v -0.818084 1.843165 0.263200
v -0.814877 1.909314 0.263200
v -0.810091 1.995448 0.263200
v -0.803412 2.105564 0.263200
v -0.742369 1.724660 0.252918
v -0.742037 1.754835 0.252918
v -0.741133 1.793004 0.252918
v -0.739375 1.843165 0.252918
v -0.736476 1.909314 0.252918
v -0.732150 1.995448 0.252918
v -0.726114 2.105564 0.252918
v 0.508993 1.724660 0.956607
v 0.506933 1.754835 0.956607
v 0.505006 1.793004 0.956607
v 0.502931 1.843165 0.956607
v 0.500428 1.909314 0.956607
v 0.497217 1.995448 0.956607
v 0.493017 2.105564 0.956607
v 0.355086 1.724660 0.961265
v 0.352481 1.754835 0.961265
v 0.350302 1.793004 0.961265
v 0.348300 1.843165 0.961265
v 0.346226 1.909314 0.961265
v 0.343829 1.995448 0.961265
v 0.340861 2.105564 0.961265
v 0.186326 1.724660 0.964060
v 0.183152 1.754835 0.964060
v 0.180719 1.793004 0.964060
v 0.178811 1.843165 0.964060
v 0.177214 1.909314 0.964060
v 0.175715 1.995448 0.964060
v 0.174097 2.105564 0.964060
v 0.010058 1.724660 0.964992
v 0.006334 1.754835 0.964992
v 0.003665 1.793004 0.964992
v 0.001877 1.843165 0.964992
v 0.000792 1.909313 0.964992
v 0.000235 1.995448 0.964992
v 0.000029 2.105564 0.964992
v -0.166375 1.724660 0.964060
v -0.170588 1.754835 0.964060
v -0.173448 1.793004 0.964060
v -0.175088 1.843165 0.964060
v -0.175644 1.909314 0.964060
v -0.175249 1.995448 0.964060
v -0.174039 2.105564 0.964060
v -0.335626 1.724660 0.961265
v -0.340226 1.754835 0.961265
v -0.343210 1.793004 0.961265
v -0.344669 1.843165 0.961265
v -0.344694 1.909314 0.961265
v -0.343375 1.995448 0.961265
v -0.340804 2.105564 0.961265
v -0.490354 1.724660 0.956607
v -0.495195 1.754835 0.956607
v -0.498213 1.793004 0.956607
v -0.499453 1.843165 0.956607
v -0.498961 1.909314 0.956607
v -0.496782 1.995448 0.956607
v -0.492963 2.105564 0.956607
v 0.955193 1.724660 0.850600
v 0.954762 1.754835 0.850600
v 0.953598 1.793004 0.850600
v 0.951334 1.843165 0.850600
v 0.947603 1.909314 0.850600
v 0.942038 1.995448 0.850600
v 0.934271 2.105564 0.850600
v 0.950885 1.724660 0.870780
v 0.950438 1.754835 0.870780
v 0.949267 1.793004 0.870780
v 0.947005 1.843165 0.870780
v 0.943286 1.909314 0.870780
v 0.937743 1.995448 0.870780
v 0.930011 2.105564 0.870780
v 0.939191 1.724660 0.888923
v 0.938702 1.754835 0.888923
v 0.937511 1.793004 0.888923
v 0.935254 1.843165 0.888923
v 0.931567 1.909314 0.888923
v 0.926086 1.995448 0.888923
v 0.918447 2.105564 0.888923
v 0.916420 1.724660 0.905057
v 0.915848 1.754835 0.905057
v 0.914617 1.793004 0.905057
v 0.912370 1.843165 0.905057
v 0.908745 1.909314 0.905057
v 0.903384 1.995448 0.905057
v 0.895928 2.105564 0.905057
v 0.878878 1.724660 0.919211
v 0.878169 1.754835 0.919211
v 0.876874 1.793004 0.919211
v 0.874642 1.843165 0.919211
v 0.871121 1.909314 0.919211
v 0.865958 1.995448 0.919211
v 0.858801 2.105564 0.919211
v 0.822873 1.724660 0.931414
v 0.821959 1.754835 0.931414
v 0.820568 1.793004 0.931414
v 0.818360 1.843165 0.931414
v 0.814993 1.909314 0.931414
v 0.810125 1.995448 0.931414
v 0.803416 2.105564 0.931414
v 0.744713 1.724660 0.941696
v 0.743512 1.754835 0.941696
v 0.741988 1.793004 0.941696
v 0.739812 1.843165 0.941696
v 0.736660 1.909314 0.941696
v 0.732205 1.995448 0.941696
v 0.726121 2.105564 0.941696
v -0.504040 1.724660 0.238007
v -0.503814 1.754835 0.238007
v -0.503200 1.793004 0.238007
v -0.502006 1.843165 0.238007
v -0.500038 1.909314 0.238007
v -0.497101 1.995448 0.238007
v -0.493003 2.105564 0.238007
v -0.348472 1.724660 0.233349
v -0.348316 1.754835 0.233349
v -0.347892 1.793004 0.233349
v -0.347066 1.843165 0.233349
v -0.345705 1.909314 0.233349
v -0.343675 1.995448 0.233349
v -0.340842 2.105564 0.233349
v -0.177970 1.724660 0.230554
v -0.177890 1.754835 0.230554
v -0.177673 1.793004 0.230554
v -0.177252 1.843165 0.230554
v -0.176557 1.909314 0.230554
v -0.175520 1.995448 0.230554
v -0.174073 2.105564 0.230554
v 0.000000 1.724660 0.229622
v 0.000000 1.754835 0.229622
v 0.000000 1.793004 0.229622
v 0.000000 1.843165 0.229622
v 0.000000 1.909314 0.229622
v 0.000000 1.995448 0.229622
v 0.000000 2.105564 0.229622
v 0.177970 1.724660 0.230554
v 0.177890 1.754835 0.230554
v 0.177673 1.793004 0.230554
v 0.177252 1.843165 0.230554
v 0.176557 1.909314 0.230554
v 0.175520 1.995448 0.230554
v 0.174073 2.105564 0.230554
v 0.348472 1.724660 0.233349
v 0.348316 1.754835 0.233349
v 0.347892 1.793004 0.233349
v 0.347066 1.843165 0.233349
v 0.345705 1.909314 0.233349
v 0.343675 1.995448 0.233349
v 0.340842 2.105564 0.233349
v 0.504040 1.724660 0.238007
v 0.503814 1.754835 0.238007
v 0.503200 1.793004 0.238007
v 0.502006 1.843165 0.238007
v 0.500038 1.909314 0.238007
v 0.497101 1.995448 0.238007
v 0.493003 2.105564 0.238007
v 0.955808 1.724660 0.390557
v 0.955380 1.754835 0.390557
v 0.954217 1.793004 0.390557
v 0.951953 1.843165 0.390557
v 0.948220 1.909314 0.390557
v 0.942651 1.995448 0.390557
v 0.934879 2.105564 0.390557
v 0.955808 1.724660 0.416687
v 0.955380 1.754835 0.416687
v 0.954217 1.793004 0.416687
v 0.951953 1.843165 0.416687
v 0.948220 1.909314 0.416687
v 0.942651 1.995448 0.416687
v 0.934880 2.105564 0.416687
v 0.955808 1.724660 0.444388
v 0.955380 1.754835 0.444388
v 0.954217 1.793004 0.444388
v 0.951953 1.843165 0.444388
v 0.948220 1.909314 0.444388
v 0.942651 1.995448 0.444388
v 0.934880 2.105564 0.444388
v 0.955808 1.724660 0.473400
v 0.955380 1.754835 0.473400
v 0.954217 1.793004 0.473400
v 0.951953 1.843165 0.473400
v 0.948220 1.909313 0.473400
v 0.942651 1.995448 0.473400
v 0.934880 2.105564 0.473400
v 0.955808 1.724660 0.503459
v 0.955380 1.754835 0.503459
v 0.954217 1.793004 0.503459
v 0.951953 1.843165 0.503459
v 0.948220 1.909314 0.503459
v 0.942651 1.995448 0.503459
v 0.934879 2.105564 0.503459
v 0.955808 1.724660 0.534305
v 0.955380 1.754835 0.534305
v 0.954217 1.793004 0.534305
v 0.951953 1.843165 0.534305
v 0.948220 1.909314 0.534305
v 0.942651 1.995448 0.534305
v 0.934880 2.105564 0.534305
v 0.955808 1.724660 0.565675
v 0.955380 1.754835 0.565675
v 0.954217 1.793004 0.565675
v 0.951953 1.843165 0.565675
v 0.948220 1.909314 0.565675
v 0.942651 1.995448 0.565675
v 0.934880 2.105564 0.565675
v -0.953465 1.724660 0.804057
v -0.953904 1.754835 0.804057
v -0.953363 1.793004 0.804057
v -0.951516 1.843165 0.804057
v -0.948036 1.909314 0.804057
v -0.942597 1.995448 0.804057
v -0.934873 2.105564 0.804057
v -0.954332 1.724660 0.777928
v -0.954450 1.754835 0.777928
v -0.953679 1.793004 0.777928
v -0.951678 1.843165 0.777928
v -0.948104 1.909314 0.777928
v -0.942617 1.995448 0.777928
v -0.934875 2.105564 0.777928
v -0.954954 1.724660 0.750226
v -0.954842 1.754835 0.750226
v -0.953906 1.793004 0.750226
v -0.951794 1.843165 0.750226
v -0.948153 1.909314 0.750226
v -0.942631 1.995448 0.750226
v -0.934877 2.105564 0.750226
v -0.955371 1.724660 0.721214
v -0.955104 1.754835 0.721214
v -0.954058 1.793004 0.721214
v -0.951871 1.843165 0.721214
v -0.948186 1.909314 0.721214
v -0.942641 1.995448 0.721214
v -0.934878 2.105564 0.721214
v -0.955624 1.724660 0.691155
v -0.955264 1.754835 0.691155
v -0.954150 1.793004 0.691155
v -0.951918 1.843165 0.691155
v -0.948206 1.909314 0.691155
v -0.942647 1.995448 0.691155
v -0.934879 2.105564 0.691155
v -0.955754 1.724660 0.660309
v -0.955345 1.754835 0.660309
v -0.954197 1.793004 0.660309
v -0.951943 1.843165 0.660309
v -0.948216 1.909314 0.660309
v -0.942650 1.995448 0.660309
v -0.934879 2.105564 0.660309
v -0.955801 1.724660 0.628939
v -0.955375 1.754835 0.628939
v -0.954215 1.793004 0.628939
v -0.951952 1.843165 0.628939
v -0.948219 1.909314 0.628939
v -0.942651 1.995448 0.628939
v -0.934880 2.105564 0.628939
v 0.425865 3.901150 0.804057
v 0.425865 3.901150 0.777928
v 0.425865 3.901150 0.750226
v 0.425865 3.901150 0.721214
v 0.425865 3.901150 0.691155
v 0.425865 3.901150 0.660309
v 0.425865 3.901150 0.628939
v 0.292684 3.989064 0.804057
v 0.292684 3.989064 0.777928
v 0.292684 3.989064 0.750226
v 0.292684 3.989064 0.721214
v 0.292684 3.989064 0.691155
v 0.292684 3.989064 0.660309
v 0.292684 3.989064 0.628939
v 0.148975 4.041812 0.804057
v 0.148975 4.041812 0.777928
v 0.148975 4.041812 0.750226
v 0.148975 4.041812 0.721214
v 0.148975 4.041812 0.691155
v 0.148975 4.041812 0.660309
v 0.148975 4.041812 0.628939
v 0.000000 4.059395 0.804057
v -0.000000 4.059395 0.777928
v -0.000000 4.059395 0.750226
v 0.000000 4.059395 0.721214
v 0.000000 4.059395 0.691155
v 0.000000 4.059395 0.660309
v 0.000000 4.059395 0.628939
v -0.148975 4.041812 0.804057
v -0.148975 4.041812 0.777928
v -0.148975 4.041812 0.750226
v -0.148975 4.041812 0.721214
v -0.148975 4.041812 0.691155
v -0.148975 4.041812 0.660309
v -0.148975 4.041812 0.628939
v -0.292684 3.989064 0.804057
v -0.292684 3.989064 0.777928
v -0.292684 3.989064 0.750226
v -0.292684 3.989064 0.721214
v -0.292684 3.989064 0.691155
v -0.292684 3.989064 0.660309
v -0.292684 3.989064 0.628939
v -0.425865 3.901150 0.804057
v -0.425865 3.901150 0.777928
v -0.425865 3.901150 0.750226
v -0.425865 3.901150 0.721214
v -0.425865 3.901150 0.691155
v -0.425865 3.901150 0.660309
v -0.425865 3.901150 0.628939
v 0.504072 1.517240 0.390557
v 0.504072 1.517240 0.416687
v 0.504072 1.517240 0.444388
v 0.504072 1.517240 0.473400
v 0.504072 1.517240 0.503459
v 0.504072 1.517240 0.534305
v 0.504072 1.517240 0.565675
v 0.348494 1.509268 0.390557
v 0.348494 1.509268 0.416687
v 0.348494 1.509268 0.444388
v 0.348494 1.509268 0.473400
v 0.348494 1.509268 0.503459
v 0.348494 1.509268 0.534305
v 0.348494 1.509268 0.565675
v 0.177981 1.504484 0.390557
v 0.177981 1.504485 0.416687
v 0.177981 1.504484 0.444388
v 0.177981 1.504485 0.473400
v 0.177981 1.504484 0.503459
v 0.177981 1.504485 0.534305
v 0.177981 1.504485 0.565675
v 0.000000 1.502890 0.390557
v 0.000000 1.502890 0.416687
v 0.000000 1.502890 0.444388
v -0.000000 1.502890 0.473400
v 0.000000 1.502890 0.503459
v 0.000000 1.502890 0.534305
v 0.000000 1.502890 0.565675
v -0.177981 1.504485 0.390557
v -0.177981 1.504484 0.416687
v -0.177981 1.504485 0.444388
v -0.177981 1.504484 0.473400
v -0.177981 1.504485 0.503459
v -0.177981 1.504484 0.534305
v -0.177981 1.504485 0.565675
v -0.348494 1.509268 0.390557
v -0.348494 1.509268 0.416687
v -0.348494 1.509268 0.444388
v -0.348494 1.509268 0.473400
v -0.348494 1.509268 0.503459
v -0.348494 1.509268 0.534305
v -0.348494 1.509268 0.565675
v -0.504072 1.517240 0.390557
v -0.504072 1.517240 0.416687
v -0.504072 1.517240 0.444388
v -0.504072 1.517240 0.473400
v -0.504072 1.517240 0.503459
v -0.504072 1.517240 0.534305
v -0.504072 1.517240 0.565675
v -0.910942 2.411668 0.804057
v -0.892144 2.603259 0.804057
v -0.865878 2.810041 0.804057
v -0.829879 3.023622 0.804057
v -0.781882 3.235608 0.804057
v -0.719622 3.437606 0.804057
v -0.640833 3.621225 0.804057
v -0.910942 2.411668 0.777928
v -0.892144 2.603259 0.777928
v -0.865878 2.810041 0.777928
v -0.829879 3.023622 0.777928
v -0.781882 3.235608 0.777928
v -0.719622 3.437606 0.777928
v -0.640834 3.621225 0.777928
v -0.910942 2.411668 0.750226
v -0.892144 2.603259 0.750226
v -0.865878 2.810041 0.750226
v -0.829879 3.023622 0.750226
v -0.781882 3.235608 0.750226
v -0.719622 3.437606 0.750226
v -0.640834 3.621225 0.750226
v -0.910942 2.411668 0.721214
v -0.892144 2.603259 0.721214
v -0.865878 2.810041 0.721214
v -0.829879 3.023622 0.721214
v -0.781882 3.235608 0.721214
v -0.719622 3.437606 0.721214
v -0.640834 3.621225 0.721214
v -0.910942 2.411668 0.691155
v -0.892144 2.603259 0.691155
v -0.865878 2.810041 0.691155
v -0.829879 3.023622 0.691155
v -0.781882 3.235608 0.691155
v -0.719622 3.437606 0.691155
v -0.640834 3.621225 0.691155
v -0.910942 2.411668 0.660309
v -0.892144 2.603259 0.660309
v -0.865878 2.810041 0.660309
v -0.829879 3.023622 0.660309
v -0.781882 3.235608 0.660309
v -0.719622 3.437606 0.660309
v -0.640833 3.621225 0.660309
v -0.910942 2.411668 0.628939
v -0.892144 2.603259 0.628939
v -0.865878 2.810041 0.628939
v -0.829879 3.023622 0.628939
v -0.781882 3.235608 0.628939
v -0.719622 3.437606 0.628939
v -0.640834 3.621225 0.628939
v 0.910942 2.411668 0.390557
v 0.892144 2.603259 0.390557
v 0.865878 2.810041 0.390557
v 0.829879 3.023622 0.390557
v 0.781882 3.235608 0.390557
v 0.719622 3.437606 0.390557
v 0.640834 3.621225 0.390557
v 0.910942 2.411668 0.416687
v 0.892144 2.603259 0.416687
v 0.865878 2.810041 0.416687
v 0.829879 3.023622 0.416687
v 0.781882 3.235608 0.416686
v 0.719622 3.437606 0.416687
v 0.640834 3.621225 0.416686
v 0.910942 2.411668 0.444388
v 0.892144 2.603259 0.444388
v 0.865878 2.810041 0.444388
v 0.829879 3.023622 0.444388
v 0.781882 3.235608 0.444388
v 0.719622 3.437606 0.444388
v 0.640834 3.621225 0.444388
v 0.910942 2.411668 0.473400
v 0.892144 2.603259 0.473400
v 0.865878 2.810041 0.473400
v 0.829879 3.023622 0.473400
v 0.781882 3.235608 0.473400
v 0.719622 3.437606 0.473400
v 0.640834 3.621225 0.473400
v 0.910942 2.411668 0.503459
v 0.892144 2.603259 0.503459
v 0.865878 2.810041 0.503459
v 0.829879 3.023622 0.503459
v 0.781882 3.235608 0.503459
v 0.719622 3.437606 0.503459
v 0.640834 3.621225 0.503459
v 0.910942 2.411668 0.534305
v 0.892144 2.603259 0.534305
v 0.865878 2.810041 0.534305
v 0.829879 3.023622 0.534305
v 0.781882 3.235608 0.534305
v 0.719622 3.437606 0.534305
v 0.640833 3.621225 0.534305
v 0.910942 2.411668 0.565675
v 0.892144 2.603259 0.565675
v 0.865878 2.810041 0.565675
v 0.829879 3.023622 0.565675
v 0.781882 3.235608 0.565675
v 0.719622 3.437606 0.565675
v 0.640834 3.621225 0.565675
v -0.707535 2.411319 0.941675
v -0.693029 2.600469 0.941527
v -0.672882 2.800626 0.941124
v -0.645415 3.001304 0.940339
v -0.609258 3.192455 0.939100
v -0.564269 3.365774 0.937555
v -0.510085 3.513714 0.936000
v -0.782851 2.411395 0.931399
v -0.766770 2.601074 0.931292
v -0.744396 2.802669 0.931002
v -0.713846 3.006147 0.930437
v -0.673315 3.202042 0.929556
v -0.621308 3.383140 0.928528
v -0.556070 3.543074 0.927608
v -0.836816 2.411488 0.919201
v -0.819596 2.601822 0.919134
v -0.795598 2.805193 0.918951
v -0.762783 3.012130 0.918595
v -0.719099 3.213629 0.918046
v -0.662444 3.402545 0.917432
v -0.590660 3.572234 0.916924
v -0.872990 2.411573 0.905052
v -0.855000 2.602499 0.905016
v -0.829898 2.807477 0.904921
v -0.795534 3.017544 0.904735
v -0.749744 3.223994 0.904448
v -0.690307 3.419155 0.904131
v -0.614986 3.595611 0.903874
v -0.894931 2.411628 0.888921
v -0.876474 2.602938 0.888906
v -0.850699 2.808959 0.888866
v -0.815390 3.021057 0.888787
v -0.768324 3.230708 0.888666
v -0.707255 3.429822 0.888532
v -0.629929 3.610419 0.888424
v -0.906198 2.411656 0.870780
v -0.887501 2.603164 0.870775
v -0.861381 2.809721 0.870763
v -0.825586 3.022862 0.870740
v -0.777865 3.234156 0.870704
v -0.715958 3.435300 0.870665
v -0.637603 3.618023 0.870633
v -0.910349 2.411666 0.850600
v -0.891564 2.603247 0.850599
v -0.865316 2.810001 0.850598
v -0.829343 3.023527 0.850595
v -0.781380 3.235426 0.850590
v -0.719164 3.437318 0.850585
v -0.640430 3.620825 0.850581
v 0.355411 3.715404 0.935978
v 0.374407 3.779868 0.927593
v 0.393564 3.829048 0.916915
v 0.408971 3.863963 0.903869
v 0.418738 3.885462 0.888422
v 0.423753 3.896502 0.870632
v 0.425601 3.900569 0.850581
v 0.248602 3.775856 0.937386
v 0.258813 3.853291 0.928406
v 0.270756 3.909770 0.917355
v 0.281129 3.948363 0.904091
v 0.287810 3.971894 0.888515
v 0.291240 3.983977 0.870660
v 0.292504 3.988428 0.850585
v 0.127850 3.814027 0.938528
v 0.132213 3.897943 0.929144
v 0.137898 3.958369 0.917787
v 0.143109 3.999063 0.904312
v 0.146500 4.023777 0.888609
v 0.148241 4.036469 0.870687
v 0.148883 4.041144 0.850588
v -0.000000 3.827455 0.938982
v -0.000000 3.913089 0.929459
v -0.000000 3.974629 0.917980
v 0.000000 4.015981 0.904413
v 0.000000 4.041080 0.888651
v -0.000000 4.053968 0.870700
v 0.000000 4.058717 0.850590
v -0.127850 3.814027 0.938528
v -0.132213 3.897942 0.929144
v -0.137898 3.958369 0.917787
v -0.143109 3.999063 0.904312
v -0.146500 4.023777 0.888609
v -0.148241 4.036469 0.870687
v -0.148883 4.041144 0.850588
v -0.248602 3.775856 0.937386
v -0.258813 3.853291 0.928406
v -0.270756 3.909770 0.917355
v -0.281129 3.948363 0.904091
v -0.287809 3.971894 0.888515
v -0.291240 3.983977 0.870660
v -0.292504 3.988428 0.850585
v -0.355411 3.715404 0.935978
v -0.374407 3.779868 0.927593
v -0.393564 3.829047 0.916915
v -0.408971 3.863963 0.903869
v -0.418738 3.885462 0.888422
v -0.423753 3.896502 0.870632
v -0.425601 3.900569 0.850581
v -0.728684 1.724660 0.941696
v -0.733418 1.754835 0.941696
v -0.736146 1.793004 0.941696
v -0.736821 1.843165 0.941696
v -0.735398 1.909314 0.941696
v -0.731831 1.995448 0.941696
v -0.726074 2.105564 0.941696
v -0.808552 1.724660 0.931414
v -0.812940 1.754835 0.931414
v -0.815349 1.793004 0.931414
v -0.815688 1.843165 0.931414
v -0.813865 1.909314 0.931414
v -0.809791 1.995448 0.931414
v -0.803375 2.105564 0.931414
v -0.866430 1.724660 0.919211
v -0.870329 1.754835 0.919211
v -0.872337 1.793004 0.919211
v -0.872319 1.843165 0.919211
v -0.870141 1.909314 0.919211
v -0.865668 1.995448 0.919211
v -0.858765 2.105564 0.919211
v -0.905925 1.724660 0.905057
v -0.909239 1.754835 0.905057
v -0.910793 1.793004 0.905057
v -0.910412 1.843165 0.905057
v -0.907919 1.909314 0.905057
v -0.903140 1.995448 0.905057
v -0.895897 2.105564 0.905057
v -0.930650 1.724660 0.888923
v -0.933324 1.754835 0.888923
v -0.934398 1.793004 0.888923
v -0.933660 1.843165 0.888923
v -0.930894 1.909314 0.888923
v -0.925886 1.995448 0.888923
v -0.918422 2.105564 0.888923
v -0.944216 1.724660 0.870780
v -0.946239 1.754835 0.870780
v -0.946837 1.793004 0.870780
v -0.945761 1.843165 0.870780
v -0.942761 1.909314 0.870780
v -0.937587 1.995448 0.870780
v -0.929991 2.105564 0.870780
v -0.950232 1.724660 0.850600
v -0.951638 1.754835 0.850600
v -0.951791 1.793004 0.850600
v -0.950409 1.843165 0.850600
v -0.947213 1.909314 0.850600
v -0.941922 1.995448 0.850600
v -0.934256 2.105564 0.850600
v 0.955808 1.724660 0.628939
v 0.955380 1.754835 0.628939
v 0.954217 1.793004 0.628939
v 0.951953 1.843165 0.628939
v 0.948220 1.909314 0.628939
v 0.942651 1.995448 0.628939
v 0.934880 2.105564 0.628939
v 0.955808 1.724660 0.660309
v 0.955380 1.754835 0.660309
v 0.954217 1.793004 0.660309
v 0.951953 1.843165 0.660309
v 0.948220 1.909314 0.660309
v 0.942651 1.995448 0.660309
v 0.934880 2.105564 0.660309
v 0.955808 1.724660 0.691155
v 0.955380 1.754835 0.691155
v 0.954217 1.793004 0.691155
v 0.951953 1.843165 0.691155
v 0.948220 1.909314 0.691155
v 0.942651 1.995448 0.691155
v 0.934880 2.105564 0.691155
v 0.955808 1.724660 0.721214
v 0.955380 1.754835 0.721214
v 0.954217 1.793004 0.721214
v 0.951953 1.843165 0.721214
v 0.948220 1.909314 0.721214
v 0.942651 1.995448 0.721214
v 0.934880 2.105564 0.721214
v 0.955808 1.724660 0.750226
v 0.955380 1.754835 0.750226
v 0.954217 1.793004 0.750226
v 0.951953 1.843165 0.750226
v 0.948220 1.909314 0.750226
v 0.942651 1.995448 0.750226
v 0.934880 2.105564 0.750226
v 0.955808 1.724660 0.777928
v 0.955380 1.754835 0.777928
v 0.954217 1.793004 0.777928
v 0.951953 1.843165 0.777928
v 0.948220 1.909314 0.777928
v 0.942651 1.995448 0.777928
v 0.934879 2.105564 0.777928
v 0.955808 1.724660 0.804057
v 0.955380 1.754835 0.804057
v 0.954217 1.793004 0.804057
v 0.951953 1.843165 0.804057
v 0.948220 1.909314 0.804057
v 0.942651 1.995448 0.804057
v 0.934880 2.105564 0.804057
v 0.504086 1.517240 0.628939
v 0.504187 1.517240 0.660309
v 0.504462 1.517240 0.691155
v 0.504996 1.517241 0.721214
v 0.505877 1.517240 0.750226
v 0.507191 1.517240 0.777928
v 0.509025 1.517240 0.804057
v 0.348513 1.509268 0.628939
v 0.348648 1.509268 0.660309
v 0.349015 1.509268 0.691155
v 0.349728 1.509268 0.721214
v 0.350904 1.509268 0.750226
v 0.352659 1.509268 0.777928
v 0.355108 1.509268 0.804057
v 0.178005 1.504484 0.628939
v 0.178176 1.504485 0.660309
v 0.178639 1.504484 0.691155
v 0.179540 1.504485 0.721214
v 0.181026 1.504484 0.750226
v 0.183243 1.504485 0.777928
v 0.186337 1.504485 0.804057
v 0.000029 1.502890 0.628939
v 0.000235 1.502890 0.660309
v 0.000792 1.502890 0.691155
v 0.001877 1.502890 0.721214
v 0.003665 1.502890 0.750226
v 0.006334 1.502890 0.777928
v 0.010058 1.502890 0.804057
v -0.177947 1.504485 0.628939
v -0.177710 1.504484 0.660309
v -0.177068 1.504485 0.691155
v -0.175817 1.504485 0.721214
v -0.173755 1.504484 0.750226
v -0.170679 1.504485 0.777928
v -0.166386 1.504485 0.804057
v -0.348457 1.509268 0.628939
v -0.348194 1.509268 0.660309
v -0.347483 1.509268 0.691155
v -0.346097 1.509268 0.721214
v -0.343813 1.509268 0.750226
v -0.340405 1.509268 0.777928
v -0.335649 1.509268 0.804057
v -0.504032 1.517240 0.628939
v -0.503753 1.517240 0.660309
v -0.502994 1.517240 0.691155
v -0.501518 1.517240 0.721214
v -0.499084 1.517240 0.750226
v -0.495453 1.517241 0.777928
v -0.490386 1.517241 0.804057
v 0.910942 2.411668 0.628939
v 0.892144 2.603259 0.628939
v 0.865878 2.810041 0.628939
v 0.829879 3.023622 0.628939
v 0.781882 3.235608 0.628939
v 0.719622 3.437606 0.628939
v 0.640834 3.621225 0.628939
v 0.910942 2.411668 0.660309
v 0.892144 2.603259 0.660309
v 0.865878 2.810041 0.660309
v 0.829879 3.023622 0.660309
v 0.781882 3.235608 0.660309
v 0.719622 3.437606 0.660309
v 0.640834 3.621225 0.660309
v 0.910942 2.411668 0.691155
v 0.892144 2.603259 0.691155
v 0.865878 2.810041 0.691155
v 0.829879 3.023622 0.691155
v 0.781882 3.235608 0.691155
v 0.719622 3.437606 0.691155
v 0.640834 3.621225 0.691155
v 0.910942 2.411668 0.721214
v 0.892144 2.603259 0.721214
v 0.865878 2.810041 0.721214
v 0.829879 3.023622 0.721214
v 0.781882 3.235608 0.721214
v 0.719622 3.437606 0.721214
v 0.640833 3.621225 0.721214
v 0.910942 2.411668 0.750226
v 0.892144 2.603259 0.750226
v 0.865878 2.810041 0.750226
v 0.829879 3.023622 0.750226
v 0.781882 3.235608 0.750226
v 0.719622 3.437606 0.750226
v 0.640833 3.621225 0.750226
v 0.910942 2.411668 0.777928
v 0.892144 2.603259 0.777928
v 0.865878 2.810041 0.777928
v 0.829879 3.023622 0.777928
v 0.781882 3.235608 0.777928
v 0.719622 3.437606 0.777928
v 0.640834 3.621225 0.777928
v 0.910942 2.411668 0.804057
v 0.892144 2.603259 0.804057
v 0.865878 2.810041 0.804057
v 0.829879 3.023622 0.804057
v 0.781882 3.235608 0.804057
v 0.719622 3.437606 0.804057
v 0.640833 3.621225 0.804057
v 0.707535 2.411319 0.252939
v 0.693029 2.600469 0.253088
v 0.672882 2.800626 0.253490
v 0.645415 3.001304 0.254275
v 0.609258 3.192455 0.255514
v 0.564269 3.365774 0.257059
v 0.510085 3.513714 0.258614
v 0.782851 2.411395 0.263215
v 0.766770 2.601074 0.263322
v 0.744396 2.802669 0.263612
v 0.713846 3.006147 0.264177
v 0.673315 3.202042 0.265058
v 0.621308 3.383140 0.266086
v 0.556070 3.543074 0.267006
v 0.836816 2.411488 0.275413
v 0.819596 2.601822 0.275480
v 0.795598 2.805193 0.275663
v 0.762783 3.012130 0.276019
v 0.719099 3.213629 0.276568
v 0.662444 3.402545 0.277182
v 0.590660 3.572234 0.277690
v 0.872990 2.411573 0.289562
v 0.855000 2.602499 0.289598
v 0.829898 2.807477 0.289693
v 0.795534 3.017544 0.289879
v 0.749744 3.223994 0.290166
v 0.690307 3.419155 0.290483
v 0.614986 3.595611 0.290740
v 0.894931 2.411628 0.305693
v 0.876474 2.602938 0.305708
v 0.850699 2.808959 0.305748
v 0.815390 3.021057 0.305827
v 0.768324 3.230708 0.305948
v 0.707255 3.429822 0.306082
v 0.629929 3.610419 0.306190
v 0.906198 2.411656 0.323834
v 0.887501 2.603164 0.323839
v 0.861381 2.809721 0.323851
v 0.825586 3.022862 0.323874
v 0.777865 3.234156 0.323910
v 0.715958 3.435300 0.323949
v 0.637603 3.618023 0.323981
v 0.910349 2.411666 0.344014
v 0.891563 2.603247 0.344015
v 0.865316 2.810001 0.344016
v 0.829343 3.023527 0.344019
v 0.781380 3.235426 0.344024
v 0.719164 3.437318 0.344029
v 0.640430 3.620825 0.344033
v 0.413044 1.534085 0.258636
v 0.437919 1.528239 0.267021
v 0.462609 1.523779 0.277699
v 0.482395 1.520613 0.290745
v 0.494927 1.518663 0.306192
v 0.501362 1.517662 0.323982
v 0.503733 1.517293 0.344033
v 0.289847 1.528603 0.257228
v 0.304083 1.521581 0.266208
v 0.319932 1.516459 0.277259
v 0.333466 1.512959 0.290523
v 0.342154 1.510825 0.306099
v 0.346616 1.509729 0.323954
v 0.348259 1.509326 0.344029
v 0.149323 1.525141 0.256086
v 0.155731 1.517531 0.265470
v 0.163429 1.512052 0.276827
v 0.170294 1.508361 0.290302
v 0.174738 1.506120 0.306005
v 0.177020 1.504969 0.323927
v 0.177861 1.504545 0.344026
v 0.000000 1.523924 0.255632
v 0.000000 1.516158 0.265155
v 0.000000 1.510577 0.276634
v 0.000000 1.506827 0.290201
v 0.000000 1.504551 0.305963
v -0.000000 1.503382 0.323914
v 0.000000 1.502951 0.344024
v -0.149323 1.525141 0.256086
v -0.155731 1.517531 0.265470
v -0.163429 1.512052 0.276827
v -0.170294 1.508361 0.290302
v -0.174738 1.506120 0.306005
v -0.177020 1.504969 0.323927
v -0.177861 1.504545 0.344026
v -0.289847 1.528603 0.257228
v -0.304083 1.521581 0.266208
v -0.319932 1.516459 0.277259
v -0.333466 1.512959 0.290523
v -0.342154 1.510825 0.306099
v -0.346616 1.509729 0.323954
v -0.348259 1.509326 0.344029
v -0.413044 1.534085 0.258636
v -0.437919 1.528239 0.267021
v -0.462609 1.523779 0.277699
v -0.482395 1.520613 0.290745
v -0.494927 1.518663 0.306192
v -0.501362 1.517662 0.323982
v -0.503733 1.517293 0.344033
v 0.742369 1.724660 0.252918
v 0.742036 1.754835 0.252918
v 0.741134 1.793004 0.252918
v 0.739375 1.843165 0.252918
v 0.736476 1.909314 0.252918
v 0.732150 1.995448 0.252918
v 0.726114 2.105564 0.252918
v 0.821398 1.724660 0.263200
v 0.821030 1.754835 0.263200
v 0.820030 1.793004 0.263200
v 0.818084 1.843165 0.263200
v 0.814877 1.909314 0.263200
v 0.810091 1.995448 0.263200
v 0.803412 2.105564 0.263200
v 0.878024 1.724660 0.275403
v 0.877631 1.754835 0.275403
v 0.876563 1.793004 0.275403
v 0.874483 1.843165 0.275403
v 0.871054 1.909314 0.275403
v 0.865938 1.995448 0.275403
v 0.858799 2.105564 0.275403
v 0.915983 1.724660 0.289557
v 0.915572 1.754835 0.289557
v 0.914458 1.793004 0.289557
v 0.912288 1.843165 0.289557
v 0.908711 1.909313 0.289557
v 0.903374 1.995448 0.289557
v 0.895926 2.105564 0.289557
v 0.939007 1.724660 0.305691
v 0.938586 1.754835 0.305691
v 0.937444 1.793004 0.305691
v 0.935219 1.843165 0.305691
v 0.931552 1.909314 0.305691
v 0.926081 1.995448 0.305691
v 0.918446 2.105564 0.305691
v 0.950830 1.724660 0.323834
v 0.950404 1.754835 0.323834
v 0.949247 1.793004 0.323834
v 0.946995 1.843165 0.323834
v 0.943281 1.909314 0.323834
v 0.937742 1.995448 0.323834
v 0.930010 2.105564 0.323834
v 0.955186 1.724660 0.344014
v 0.954758 1.754835 0.344014
v 0.953596 1.793004 0.344014
v 0.951333 1.843165 0.344014
v 0.947603 1.909314 0.344014
v 0.942038 1.995448 0.344014
v 0.934271 2.105564 0.344014
v -0.955808 1.724660 0.565675
v -0.955380 1.754835 0.565675
v -0.954217 1.793004 0.565675
v -0.951953 1.843165 0.565675
v -0.948220 1.909314 0.565675
v -0.942651 1.995448 0.565675
v -0.934879 2.105564 0.565675
v -0.955808 1.724660 0.534305
v -0.955380 1.754835 0.534305
v -0.954217 1.793004 0.534305
v -0.951953 1.843165 0.534305
v -0.948220 1.909314 0.534305
v -0.942651 1.995448 0.534305
v -0.934880 2.105564 0.534305
v -0.955808 1.724660 0.503459
v -0.955380 1.754835 0.503459
v -0.954217 1.793004 0.503459
v -0.951953 1.843165 0.503459
v -0.948220 1.909314 0.503459
v -0.942651 1.995448 0.503459
v -0.934880 2.105564 0.503459
v -0.955808 1.724660 0.473400
v -0.955380 1.754835 0.473400
v -0.954217 1.793004 0.473400
v -0.951953 1.843165 0.473400
v -0.948220 1.909313 0.473400
v -0.942651 1.995448 0.473400
v -0.934880 2.105564 0.473400
v -0.955808 1.724660 0.444388
v -0.955380 1.754835 0.444388
v -0.954217 1.793004 0.444388
v -0.951953 1.843165 0.444388
v -0.948220 1.909314 0.444388
v -0.942651 1.995448 0.444388
v -0.934879 2.105564 0.444388
v -0.955808 1.724660 0.416687
v -0.955380 1.754835 0.416687
v -0.954217 1.793004 0.416687
v -0.951953 1.843165 0.416687
v -0.948220 1.909314 0.416687
v -0.942651 1.995448 0.416687
v -0.934880 2.105564 0.416687
v -0.955808 1.724660 0.390557
v -0.955380 1.754835 0.390557
v -0.954217 1.793004 0.390557
v -0.951953 1.843165 0.390557
v -0.948220 1.909314 0.390557
v -0.942651 1.995448 0.390557
v -0.934880 2.105564 0.390557
v 0.425865 3.901150 0.565675
v 0.425865 3.901150 0.534305
v 0.425865 3.901150 0.503459
v 0.425865 3.901150 0.473400
v 0.425865 3.901150 0.444388
v 0.425865 3.901150 0.416687
v 0.425865 3.901150 0.390557
v 0.292684 3.989064 0.565675
v 0.292684 3.989064 0.534305
v 0.292684 3.989064 0.503459
v 0.292684 3.989064 0.473400
v 0.292684 3.989064 0.444388
v 0.292684 3.989064 0.416687
v 0.292684 3.989064 0.390557
v 0.148975 4.041812 0.565675
v 0.148975 4.041812 0.534305
v 0.148975 4.041812 0.503459
v 0.148975 4.041812 0.473400
v 0.148975 4.041812 0.444388
v 0.148975 4.041812 0.416687
v 0.148975 4.041812 0.390557
v 0.000000 4.059395 0.565675
v 0.000000 4.059395 0.534305
v 0.000000 4.059395 0.503459
v -0.000000 4.059395 0.473400
v 0.000000 4.059395 0.444388
v 0.000000 4.059395 0.416687
v 0.000000 4.059395 0.390557
v -0.148975 4.041812 0.565675
v -0.148975 4.041812 0.534305
v -0.148975 4.041812 0.503459
v -0.148975 4.041812 0.473400
v -0.148975 4.041812 0.444388
v -0.148975 4.041812 0.416687
v -0.148975 4.041812 0.390557
v -0.292684 3.989064 0.565675
v -0.292684 3.989064 0.534305
v -0.292684 3.989064 0.503459
v -0.292684 3.989064 0.473400
v -0.292684 3.989064 0.444388
v -0.292684 3.989064 0.416687
v -0.292684 3.989064 0.390557
v -0.425865 3.901150 0.565675
v -0.425865 3.901150 0.534305
v -0.425865 3.901150 0.503459
v -0.425865 3.901150 0.473400
v -0.425865 3.901150 0.444388
v -0.425865 3.901150 0.416687
v -0.425865 3.901150 0.390557
v -0.910942 2.411668 0.565675
v -0.892144 2.603259 0.565675
v -0.865878 2.810041 0.565675
v -0.829879 3.023622 0.565675
v -0.781882 3.235608 0.565675
v -0.719622 3.437606 0.565675
v -0.640834 3.621225 0.565675
v -0.910942 2.411668 0.534305
v -0.892144 2.603259 0.534305
v -0.865878 2.810041 0.534305
v -0.829879 3.023622 0.534305
v -0.781882 3.235608 0.534305
v -0.719622 3.437606 0.534305
v -0.640834 3.621225 0.534305
v -0.910942 2.411668 0.503460
v -0.892144 2.603259 0.503459
v -0.865878 2.810041 0.503459
v -0.829879 3.023622 0.503459
v -0.781882 3.235608 0.503459
v -0.719622 3.437606 0.503459
v -0.640834 3.621225 0.503459
v -0.910942 2.411668 0.473400
v -0.892144 2.603259 0.473400
v -0.865878 2.810041 0.473400
v -0.829879 3.023622 0.473400
v -0.781882 3.235608 0.473400
v -0.719622 3.437606 0.473400
v -0.640834 3.621225 0.473400
v -0.910942 2.411668 0.444388
v -0.892144 2.603259 0.444388
v -0.865878 2.810041 0.444388
v -0.829879 3.023622 0.444388
v -0.781882 3.235608 0.444388
v -0.719622 3.437606 0.444388
v -0.640834 3.621225 0.444388
v -0.910942 2.411668 0.416687
v -0.892144 2.603259 0.416687
v -0.865878 2.810041 0.416687
v -0.829879 3.023622 0.416687
v -0.781882 3.235608 0.416687
v -0.719622 3.437606 0.416687
v -0.640834 3.621225 0.416687
v -0.910942 2.411668 0.390557
v -0.892144 2.603259 0.390557
v -0.865878 2.810041 0.390557
v -0.829879 3.023622 0.390557
v -0.781882 3.235608 0.390557
v -0.719622 3.437606 0.390557
v -0.640834 3.621225 0.390557
v -0.742417 1.542686 0.565675
v -0.821450 1.559760 0.565675
v -0.878081 1.579226 0.565675
v -0.916041 1.600686 0.565675
v -0.939067 1.623739 0.565675
v -0.950891 1.647989 0.565675
v -0.955247 1.673036 0.565675
v -0.742417 1.542686 0.534305
v -0.821450 1.559760 0.534305
v -0.878081 1.579226 0.534305
v -0.916042 1.600686 0.534305
v -0.939067 1.623740 0.534305
v -0.950891 1.647989 0.534305
v -0.955247 1.673036 0.534305
v -0.742417 1.542686 0.503459
v -0.821450 1.559760 0.503459
v -0.878080 1.579227 0.503459
v -0.916042 1.600686 0.503459
v -0.939067 1.623740 0.503459
v -0.950891 1.647989 0.503459
v -0.955247 1.673036 0.503459
v -0.742417 1.542686 0.473400
v -0.821450 1.559760 0.473400
v -0.878081 1.579226 0.473400
v -0.916042 1.600686 0.473400
v -0.939067 1.623740 0.473400
v -0.950891 1.647989 0.473400
v -0.955247 1.673036 0.473400
v -0.742417 1.542686 0.444388
v -0.821450 1.559760 0.444388
v -0.878080 1.579227 0.444388
v -0.916041 1.600686 0.444388
v -0.939067 1.623739 0.444388
v -0.950891 1.647989 0.444388
v -0.955247 1.673036 0.444388
v -0.742417 1.542686 0.416687
v -0.821450 1.559760 0.416687
v -0.878081 1.579226 0.416687
v -0.916042 1.600686 0.416687
v -0.939067 1.623740 0.416687
v -0.950891 1.647989 0.416687
v -0.955247 1.673036 0.416687
v -0.742417 1.542686 0.390557
v -0.821450 1.559760 0.390557
v -0.878081 1.579227 0.390557
v -0.916042 1.600686 0.390557
v -0.939067 1.623740 0.390557
v -0.950891 1.647989 0.390557
v -0.955247 1.673036 0.390557
v 0.584508 1.552436 0.258614
v 0.639316 1.566274 0.257059
v 0.681125 1.583140 0.255514
v 0.710806 1.602710 0.254275
v 0.729081 1.624593 0.253490
v 0.738465 1.648242 0.253088
v 0.741923 1.673068 0.252939
v 0.639316 1.549773 0.267006
v 0.705485 1.564700 0.266086
v 0.753733 1.582270 0.265058
v 0.786693 1.602270 0.264177
v 0.806787 1.624408 0.263612
v 0.817106 1.648187 0.263322
v 0.820907 1.673061 0.263215
v 0.681125 1.547129 0.277690
v 0.753733 1.562940 0.277182
v 0.805980 1.581220 0.276568
v 0.841145 1.601728 0.276019
v 0.862498 1.624179 0.275663
v 0.873464 1.648120 0.275480
v 0.877503 1.673052 0.275413
v 0.710806 1.545009 0.290740
v 0.786693 1.561434 0.290483
v 0.841145 1.580280 0.290166
v 0.877689 1.601237 0.289879
v 0.899861 1.623972 0.289693
v 0.911247 1.648058 0.289598
v 0.915442 1.673045 0.289562
v 0.729081 1.543666 0.306190
v 0.806787 1.560466 0.306082
v 0.862498 1.579671 0.305948
v 0.899861 1.600918 0.305827
v 0.922527 1.623838 0.305748
v 0.934166 1.648018 0.305708
v 0.938455 1.673040 0.305693
v 0.738465 1.542976 0.323981
v 0.817106 1.559970 0.323949
v 0.873464 1.579358 0.323910
v 0.911247 1.600755 0.323874
v 0.934166 1.623769 0.323851
v 0.945935 1.647998 0.323839
v 0.950271 1.673037 0.323834
v 0.741923 1.542722 0.344033
v 0.820907 1.559786 0.344029
v 0.877504 1.579243 0.344024
v 0.915442 1.600694 0.344019
v 0.938454 1.623743 0.344016
v 0.950271 1.647990 0.344015
v 0.954625 1.673036 0.344014
v 0.742424 1.542686 0.628939
v 0.821455 1.559760 0.628939
v 0.878083 1.579226 0.628939
v 0.916043 1.600686 0.628939
v 0.939068 1.623739 0.628939
v 0.950891 1.647989 0.628939
v 0.955247 1.673036 0.628939
v 0.742471 1.542686 0.660309
v 0.821485 1.559760 0.660309
v 0.878101 1.579226 0.660309
v 0.916052 1.600686 0.660309
v 0.939071 1.623740 0.660309
v 0.950892 1.647989 0.660309
v 0.955247 1.673036 0.660309
v 0.742601 1.542686 0.691155
v 0.821566 1.559760 0.691155
v 0.878148 1.579227 0.691155
v 0.916076 1.600686 0.691155
v 0.939081 1.623740 0.691155
v 0.950895 1.647989 0.691155
v 0.955248 1.673036 0.691155
v 0.742854 1.542686 0.721214
v 0.821726 1.559760 0.721214
v 0.878240 1.579226 0.721214
v 0.916123 1.600686 0.721214
v 0.939102 1.623739 0.721214
v 0.950901 1.647989 0.721214
v 0.955248 1.673036 0.721214
v 0.743271 1.542686 0.750226
v 0.821988 1.559760 0.750226
v 0.878392 1.579227 0.750226
v 0.916201 1.600686 0.750226
v 0.939134 1.623740 0.750226
v 0.950911 1.647989 0.750226
v 0.955250 1.673036 0.750226
v 0.743893 1.542686 0.777928
v 0.822380 1.559760 0.777928
v 0.878618 1.579226 0.777928
v 0.916317 1.600686 0.777928
v 0.939183 1.623739 0.777928
v 0.950925 1.647989 0.777928
v 0.955251 1.673036 0.777928
v 0.744760 1.542686 0.804057
v 0.822926 1.559760 0.804057
v 0.878934 1.579226 0.804057
v 0.916479 1.600686 0.804057
v 0.939252 1.623740 0.804057
v 0.950946 1.647989 0.804057
v 0.955254 1.673036 0.804057
v -0.515238 1.552436 0.936000
v -0.572473 1.566274 0.937555
v -0.618717 1.583140 0.939100
v -0.654869 1.602710 0.940339
v -0.681463 1.624593 0.941124
v -0.700192 1.648242 0.941527
v -0.713039 1.673068 0.941675
v -0.572473 1.549773 0.927608
v -0.641419 1.564700 0.928528
v -0.694325 1.582270 0.929556
v -0.733756 1.602270 0.930437
v -0.761909 1.624408 0.931002
v -0.781128 1.648187 0.931292
v -0.793790 1.673061 0.931399
v -0.618717 1.547129 0.916924
v -0.694325 1.562940 0.917432
v -0.751336 1.581220 0.918046
v -0.792825 1.601728 0.918595
v -0.821763 1.624179 0.918951
v -0.840921 1.648120 0.919134
v -0.853018 1.673052 0.919201
v -0.654869 1.545009 0.903874
v -0.733756 1.561433 0.904131
v -0.792825 1.580280 0.904448
v -0.835288 1.601237 0.904735
v -0.864321 1.623972 0.904921
v -0.882958 1.648058 0.905017
v -0.894195 1.673045 0.905052
v -0.681463 1.543666 0.888424
v -0.761909 1.560466 0.888532
v -0.821763 1.579671 0.888666
v -0.864321 1.600918 0.888787
v -0.892868 1.623838 0.888866
v -0.910624 1.648018 0.888906
v -0.920797 1.673040 0.888921
v -0.700192 1.542976 0.870633
v -0.781128 1.559969 0.870665
v -0.840921 1.579358 0.870704
v -0.882958 1.600755 0.870740
v -0.910624 1.623769 0.870763
v -0.927282 1.647998 0.870775
v -0.936293 1.673037 0.870780
v -0.713039 1.542722 0.850581
v -0.793790 1.559786 0.850585
v -0.853018 1.579243 0.850590
v -0.894195 1.600694 0.850595
v -0.920797 1.623743 0.850598
v -0.936293 1.647990 0.850599
v -0.944155 1.673036 0.850600
v -0.728731 1.542686 0.804057
v -0.808605 1.559760 0.804057
v -0.866486 1.579227 0.804057
v -0.905984 1.600686 0.804057
v -0.930711 1.623740 0.804057
v -0.944277 1.647989 0.804057
v -0.950293 1.673036 0.804057
v -0.733798 1.542686 0.777928
v -0.813361 1.559760 0.777928
v -0.870779 1.579226 0.777928
v -0.909708 1.600686 0.777928
v -0.933805 1.623739 0.777928
v -0.946726 1.647989 0.777928
v -0.952128 1.673036 0.777928
v -0.737429 1.542686 0.750226
v -0.816769 1.559760 0.750226
v -0.873855 1.579226 0.750226
v -0.912376 1.600686 0.750226
v -0.936022 1.623740 0.750226
v -0.948481 1.647989 0.750226
v -0.953442 1.673036 0.750226
v -0.739863 1.542686 0.721214
v -0.819053 1.559760 0.721214
v -0.875917 1.579226 0.721214
v -0.914165 1.600686 0.721214
v -0.937508 1.623740 0.721214
v -0.949657 1.647989 0.721214
v -0.954323 1.673036 0.721214
v -0.741339 1.542686 0.691155
v -0.820439 1.559760 0.691155
v -0.877168 1.579227 0.691155
v -0.915250 1.600686 0.691155
v -0.938409 1.623739 0.691155
v -0.950370 1.647989 0.691155
v -0.954857 1.673036 0.691155
v -0.742098 1.542686 0.660309
v -0.821151 1.559760 0.660309
v -0.877810 1.579226 0.660309
v -0.915807 1.600686 0.660309
v -0.938872 1.623740 0.660309
v -0.950737 1.647989 0.660309
v -0.955131 1.673036 0.660309
v -0.742377 1.542686 0.628939
v -0.821413 1.559760 0.628939
v -0.878047 1.579227 0.628939
v -0.916012 1.600686 0.628939
v -0.939043 1.623740 0.628939
v -0.950871 1.647989 0.628939
v -0.955233 1.673036 0.628939
v 0.742417 1.542686 0.390557
v 0.821450 1.559760 0.390557
v 0.878081 1.579226 0.390557
v 0.916041 1.600686 0.390557
v 0.939067 1.623739 0.390557
v 0.950891 1.647989 0.390557
v 0.955247 1.673036 0.390557
v 0.742417 1.542686 0.416686
v 0.821450 1.559760 0.416687
v 0.878081 1.579226 0.416687
v 0.916042 1.600686 0.416687
v 0.939067 1.623740 0.416687
v 0.950891 1.647989 0.416687
v 0.955247 1.673036 0.416687
v 0.742417 1.542686 0.444388
v 0.821450 1.559760 0.444388
v 0.878080 1.579227 0.444388
v 0.916042 1.600686 0.444388
v 0.939067 1.623740 0.444388
v 0.950891 1.647989 0.444388
v 0.955247 1.673036 0.444388
v 0.742417 1.542686 0.473400
v 0.821450 1.559760 0.473400
v 0.878081 1.579226 0.473400
v 0.916042 1.600686 0.473400
v 0.939067 1.623740 0.473400
v 0.950891 1.647989 0.473400
v 0.955247 1.673036 0.473400
v 0.742417 1.542686 0.503459
v 0.821450 1.559760 0.503459
v 0.878080 1.579227 0.503459
v 0.916041 1.600686 0.503459
v 0.939067 1.623739 0.503459
v 0.950891 1.647989 0.503459
v 0.955247 1.673036 0.503459
v 0.742417 1.542686 0.534305
v 0.821450 1.559760 0.534305
v 0.878081 1.579226 0.534305
v 0.916042 1.600686 0.534305
v 0.939067 1.623740 0.534305
v 0.950891 1.647989 0.534305
v 0.955247 1.673036 0.534305
v 0.742417 1.542686 0.565675
v 0.821450 1.559760 0.565675
v 0.878081 1.579227 0.565675
v 0.916042 1.600686 0.565675
v 0.939067 1.623740 0.565675
v 0.950891 1.647989 0.565675
v 0.955247 1.673036 0.565675
v -0.413044 1.552472 0.247849
v -0.437919 1.566300 0.244433
v -0.462609 1.583156 0.241827
v -0.482395 1.602718 0.239977
v -0.494927 1.624597 0.238838
v -0.501362 1.648243 0.238253
v -0.503733 1.673068 0.238038
v -0.289847 1.550063 0.244646
v -0.304083 1.564909 0.240543
v -0.319932 1.582402 0.237550
v -0.333466 1.602339 0.235505
v -0.342154 1.624437 0.234259
v -0.346616 1.648196 0.233618
v -0.348259 1.673062 0.233382
v -0.149323 1.548108 0.242623
v -0.155731 1.563646 0.238177
v -0.163429 1.581664 0.234975
v -0.170294 1.601960 0.232819
v -0.174738 1.624277 0.231509
v -0.177020 1.648149 0.230837
v -0.177861 1.673056 0.230589
v -0.000000 1.547332 0.241912
v 0.000000 1.563107 0.237374
v 0.000000 1.581333 0.234114
v -0.000000 1.601788 0.231923
v 0.000000 1.624205 0.230593
v -0.000000 1.648127 0.229910
v 0.000000 1.673053 0.229658
v 0.149323 1.548109 0.242623
v 0.155731 1.563646 0.238177
v 0.163429 1.581664 0.234975
v 0.170294 1.601961 0.232819
v 0.174738 1.624277 0.231509
v 0.177020 1.648148 0.230837
v 0.177861 1.673056 0.230589
v 0.289847 1.550063 0.244646
v 0.304083 1.564909 0.240543
v 0.319932 1.582402 0.237550
v 0.333466 1.602339 0.235505
v 0.342154 1.624437 0.234258
v 0.346616 1.648196 0.233618
v 0.348259 1.673062 0.233382
v 0.413044 1.552472 0.247849
v 0.437919 1.566301 0.244433
v 0.462609 1.583156 0.241827
v 0.482395 1.602718 0.239977
v 0.494927 1.624597 0.238838
v 0.501362 1.648243 0.238253
v 0.503733 1.673068 0.238038
v 0.746908 1.542722 0.850581
v 0.824059 1.559786 0.850585
v 0.879339 1.579243 0.850590
v 0.916394 1.600694 0.850595
v 0.938868 1.623743 0.850598
v 0.950406 1.647990 0.850599
v 0.954654 1.673036 0.850600
v 0.745331 1.542976 0.870633
v 0.821526 1.559969 0.870665
v 0.876118 1.579358 0.870704
v 0.912703 1.600755 0.870740
v 0.934876 1.623769 0.870763
v 0.946242 1.647998 0.870775
v 0.950406 1.673037 0.870780
v 0.738288 1.543666 0.888424
v 0.812911 1.560466 0.888532
v 0.866367 1.579671 0.888666
v 0.902166 1.600918 0.888787
v 0.923823 1.623838 0.888866
v 0.934876 1.648018 0.888906
v 0.938868 1.673040 0.888921
v 0.722880 1.545009 0.903874
v 0.795070 1.561434 0.904131
v 0.846763 1.580280 0.904448
v 0.881333 1.601237 0.904735
v 0.902166 1.623972 0.904921
v 0.912703 1.648058 0.905016
v 0.916394 1.673045 0.905052
v 0.696624 1.547129 0.916924
v 0.765016 1.562940 0.917432
v 0.814021 1.581220 0.918046
v 0.846763 1.601728 0.918595
v 0.866367 1.624179 0.918951
v 0.876118 1.648119 0.919134
v 0.879339 1.673052 0.919201
v 0.658691 1.549773 0.927608
v 0.720401 1.564700 0.928528
v 0.765016 1.582270 0.929556
v 0.795070 1.602270 0.930437
v 0.812911 1.624408 0.931002
v 0.821526 1.648187 0.931292
v 0.824059 1.673061 0.931399
v 0.608150 1.552436 0.936000
v 0.658691 1.566274 0.937555
v 0.696624 1.583140 0.939100
v 0.722880 1.602710 0.940339
v 0.738288 1.624593 0.941124
v 0.745331 1.648242 0.941527
v 0.746908 1.673068 0.941675
v 0.448193 1.552472 0.946765
v 0.469660 1.566300 0.950181
v 0.490025 1.583156 0.952787
v 0.505177 1.602718 0.954637
v 0.513232 1.624597 0.955776
v 0.515533 1.648243 0.956361
v 0.514227 1.673068 0.956576
v 0.332475 1.550063 0.949968
v 0.343390 1.564909 0.954071
v 0.354629 1.582402 0.957064
v 0.362891 1.602339 0.959109
v 0.366176 1.624437 0.960356
v 0.365411 1.648196 0.960996
v 0.362255 1.673062 0.961232
v 0.199626 1.548108 0.951991
v 0.202701 1.563646 0.956437
v 0.205537 1.581664 0.959639
v 0.206559 1.601961 0.961795
v 0.204704 1.624277 0.963105
v 0.200653 1.648149 0.963777
v 0.195530 1.673056 0.964025
v 0.057335 1.547332 0.952702
v 0.054032 1.563107 0.957240
v 0.049040 1.581333 0.960500
v 0.042782 1.601788 0.962692
v 0.035701 1.624205 0.964021
v 0.028337 1.648127 0.964704
v 0.021253 1.673053 0.964956
v -0.086326 1.548109 0.951991
v -0.095862 1.563646 0.956437
v -0.108482 1.581664 0.959639
v -0.121813 1.601961 0.961795
v -0.133935 1.624277 0.963105
v -0.144457 1.648148 0.963777
v -0.153372 1.673056 0.964025
v -0.222829 1.550063 0.949968
v -0.239881 1.564909 0.954071
v -0.260434 1.582402 0.957064
v -0.280482 1.602339 0.959109
v -0.297257 1.624437 0.960356
v -0.310632 1.648196 0.960996
v -0.321142 1.673062 0.961232
v -0.343752 1.552472 0.946765
v -0.371059 1.566301 0.950181
v -0.400191 1.583156 0.952787
v -0.426452 1.602718 0.954637
v -0.447306 1.624597 0.955776
v -0.463088 1.648243 0.956361
v -0.474849 1.673068 0.956576
v -0.741923 1.542722 0.344033
v -0.820907 1.559786 0.344029
v -0.877504 1.579243 0.344024
v -0.915442 1.600695 0.344019
v -0.938454 1.623743 0.344016
v -0.950272 1.647990 0.344015
v -0.954625 1.673036 0.344014
v -0.738465 1.542976 0.323981
v -0.817106 1.559970 0.323949
v -0.873464 1.579358 0.323910
v -0.911247 1.600755 0.323874
v -0.934166 1.623769 0.323851
v -0.945935 1.647998 0.323839
v -0.950272 1.673037 0.323834
v -0.729081 1.543666 0.306190
v -0.806787 1.560466 0.306082
v -0.862498 1.579671 0.305948
v -0.899862 1.600918 0.305827
v -0.922527 1.623838 0.305748
v -0.934166 1.648018 0.305708
v -0.938454 1.673040 0.305693
v -0.710806 1.545009 0.290740
v -0.786693 1.561434 0.290483
v -0.841145 1.580280 0.290166
v -0.877689 1.601237 0.289879
v -0.899862 1.623972 0.289693
v -0.911247 1.648058 0.289598
v -0.915442 1.673045 0.289562
v -0.681125 1.547129 0.277690
v -0.753733 1.562940 0.277182
v -0.805980 1.581220 0.276568
v -0.841145 1.601728 0.276019
v -0.862498 1.624179 0.275663
v -0.873464 1.648120 0.275480
v -0.877503 1.673053 0.275413
v -0.639316 1.549773 0.267006
v -0.705485 1.564700 0.266086
v -0.753733 1.582270 0.265058
v -0.786693 1.602270 0.264177
v -0.806787 1.624408 0.263612
v -0.817106 1.648187 0.263322
v -0.820907 1.673061 0.263215
v -0.584508 1.552436 0.258614
v -0.639316 1.566274 0.257059
v -0.681125 1.583140 0.255514
v -0.710806 1.602710 0.254275
v -0.729081 1.624593 0.253490
v -0.738465 1.648242 0.253088
v -0.741923 1.673068 0.252939
vn -0.0316 0.0026 -0.9995
vn -0.0322 0.0049 -0.9995
vn -0.0329 0.0085 -0.9994
vn -0.0339 0.0136 -0.9993
vn -0.0351 0.0203 -0.9992
vn -0.0368 0.0294 -0.9989
vn -0.0173 0.0017 -0.9998
vn -0.0177 0.0039 -0.9998
vn -0.0181 0.0071 -0.9998
vn -0.0187 0.0118 -0.9998
vn -0.0197 0.0183 -0.9996
vn -0.0211 0.0277 -0.9994
vn -0.0055 0.0014 -1.0000
vn -0.0056 0.0034 -1.0000
vn -0.0058 0.0065 -1.0000
vn -0.0060 0.0110 -0.9999
vn -0.0064 0.0174 -0.9998
vn -0.0071 0.0269 -0.9996
vn 0.0055 0.0014 -1.0000
vn 0.0056 0.0034 -1.0000
vn 0.0058 0.0065 -1.0000
vn 0.0060 0.0110 -0.9999
vn 0.0064 0.0174 -0.9998
vn 0.0071 0.0269 -0.9996
vn 0.0173 0.0017 -0.9998
vn 0.0177 0.0039 -0.9998
vn 0.0181 0.0071 -0.9998
vn 0.0187 0.0118 -0.9998
vn 0.0197 0.0183 -0.9996
vn 0.0211 0.0277 -0.9994
vn 0.0316 0.0026 -0.9995
vn 0.0322 0.0049 -0.9995
vn 0.0329 0.0085 -0.9994
vn 0.0339 0.0136 -0.9993
vn 0.0351 0.0203 -0.9992
vn 0.0368 0.0294 -0.9989
vn -0.0509 0.0026 -0.9987
vn -0.0517 0.0041 -0.9987
vn -0.0526 0.0068 -0.9986
vn -0.0536 0.0109 -0.9985
vn -0.0548 0.0168 -0.9984
vn -0.0561 0.0240 -0.9981
vn -0.0574 0.0333 -0.9978
vn -0.0584 0.0450 -0.9973
vn -0.0404 0.0437 -0.9982
vn -0.0240 0.0425 -0.9988
vn -0.0083 0.0419 -0.9991
vn 0.0083 0.0419 -0.9991
vn 0.0240 0.0425 -0.9988
vn 0.0404 0.0437 -0.9982
vn 0.0584 0.0450 -0.9973
vn 0.0574 0.0333 -0.9978
vn 0.0561 0.0240 -0.9981
vn 0.0548 0.0168 -0.9984
vn 0.0536 0.0109 -0.9985
vn 0.0526 0.0068 -0.9986
vn 0.0517 0.0041 -0.9987
vn 0.0509 0.0026 -0.9987
vn 0.0312 0.0013 -0.9995
vn 0.0171 0.0006 -0.9999
vn 0.0055 0.0003 -1.0000
vn -0.0055 0.0003 -1.0000
vn -0.0171 0.0006 -0.9999
vn -0.0312 0.0013 -0.9995
vn 0.9754 0.0954 0.1987
vn 0.9732 0.1233 0.1941
vn 0.9684 0.1629 0.1886
vn 0.9588 0.2168 0.1836
vn 0.9399 0.2895 0.1809
vn 0.9036 0.3876 0.1824
vn 0.8488 0.0824 0.5223
vn 0.8516 0.1072 0.5131
vn 0.8527 0.1427 0.5026
vn 0.8487 0.1913 0.4931
vn 0.8340 0.2565 0.4886
vn 0.7996 0.3428 0.4930
vn 0.5948 0.0568 0.8018
vn 0.6017 0.0747 0.7952
vn 0.6077 0.1008 0.7878
vn 0.6088 0.1366 0.7815
vn 0.5987 0.1839 0.7796
vn 0.5693 0.2442 0.7851
vn 0.3668 0.0341 0.9297
vn 0.3724 0.0454 0.9270
vn 0.3773 0.0620 0.9240
vn 0.3782 0.0848 0.9218
vn 0.3710 0.1144 0.9216
vn 0.3508 0.1511 0.9242
vn 0.2222 0.0199 0.9748
vn 0.2258 0.0270 0.9738
vn 0.2289 0.0375 0.9727
vn 0.2299 0.0522 0.9718
vn 0.2273 0.0711 0.9712
vn 0.2184 0.0950 0.9712
vn 0.1363 0.0117 0.9906
vn 0.1385 0.0164 0.9902
vn 0.1405 0.0235 0.9898
vn 0.1416 0.0335 0.9894
vn 0.1414 0.0459 0.9889
vn 0.1390 0.0619 0.9884
vn 0.9964 0.0806 0.0268
vn 0.9949 0.0976 0.0263
vn 0.9917 0.1259 0.0256
vn 0.9858 0.1661 0.0249
vn 0.9750 0.2207 0.0241
vn 0.9554 0.2944 0.0237
vn 0.9187 0.3942 0.0239
vn 0.8488 0.5281 0.0249
vn 0.8337 0.5186 0.1898
vn 0.7307 0.4546 0.5093
vn 0.5105 0.3178 0.7990
vn 0.3116 0.1944 0.9301
vn 0.1969 0.1234 0.9726
vn 0.1295 0.0817 0.9882
vn 0.0894 0.0567 0.9944
vn 0.0891 0.0427 0.9951
vn 0.0887 0.0316 0.9956
vn 0.0879 0.0228 0.9959
vn 0.0868 0.0154 0.9961
vn 0.0854 0.0103 0.9963
vn 0.0840 0.0069 0.9964
vn 0.0828 0.0050 0.9966
vn 0.1342 0.0090 0.9909
vn 0.2189 0.0158 0.9756
vn 0.3618 0.0275 0.9318
vn 0.5888 0.0463 0.8069
vn 0.8458 0.0677 0.5293
vn 0.9761 0.0788 0.2023
vn 0.0316 0.0026 0.9995
vn 0.0322 0.0049 0.9995
vn 0.0329 0.0085 0.9994
vn 0.0339 0.0136 0.9993
vn 0.0351 0.0203 0.9992
vn 0.0368 0.0294 0.9989
vn 0.0173 0.0017 0.9998
vn 0.0177 0.0039 0.9998
vn 0.0181 0.0071 0.9998
vn 0.0187 0.0118 0.9998
vn 0.0197 0.0183 0.9996
vn 0.0211 0.0277 0.9994
vn 0.0055 0.0014 1.0000
vn 0.0056 0.0034 1.0000
vn 0.0058 0.0065 1.0000
vn 0.0060 0.0110 0.9999
vn 0.0064 0.0174 0.9998
vn 0.0071 0.0269 0.9996
vn -0.0055 0.0014 1.0000
vn -0.0056 0.0034 1.0000
vn -0.0058 0.0065 1.0000
vn -0.0060 0.0110 0.9999
vn -0.0064 0.0174 0.9998
vn -0.0071 0.0269 0.9996
vn -0.0173 0.0017 0.9998
vn -0.0177 0.0039 0.9998
vn -0.0181 0.0071 0.9998
vn -0.0187 0.0118 0.9998
vn -0.0197 0.0183 0.9996
vn -0.0211 0.0277 0.9994
vn -0.0316 0.0026 0.9995
vn -0.0322 0.0049 0.9995
vn -0.0329 0.0085 0.9994
vn -0.0339 0.0136 0.9993
vn -0.0351 0.0203 0.9992
vn -0.0368 0.0294 0.9989
vn 0.0509 0.0026 0.9987
vn 0.0517 0.0041 0.9987
vn 0.0526 0.0068 0.9986
vn 0.0536 0.0109 0.9985
vn 0.0548 0.0168 0.9984
vn 0.0561 0.0240 0.9981
vn 0.0574 0.0333 0.9978
vn 0.0584 0.0450 0.9973
vn 0.0404 0.0437 0.9982
vn 0.0240 0.0425 0.9988
vn 0.0083 0.0419 0.9991
vn -0.0083 0.0419 0.9991
vn -0.0240 0.0425 0.9988
vn -0.0404 0.0437 0.9982
vn -0.0584 0.0450 0.9973
vn -0.0574 0.0333 0.9978
vn -0.0561 0.0240 0.9981
vn -0.0548 0.0168 0.9984
vn -0.0536 0.0109 0.9985
vn -0.0526 0.0068 0.9986
vn -0.0517 0.0041 0.9987
vn -0.0509 0.0026 0.9987
vn -0.0312 0.0013 0.9995
vn -0.0171 0.0006 0.9999
vn -0.0055 0.0003 1.0000
vn 0.0055 0.0003 1.0000
vn 0.0171 0.0006 0.9999
vn 0.0312 0.0013 0.9995
vn -0.9754 0.0954 -0.1988
vn -0.9732 0.1233 -0.1941
vn -0.9684 0.1629 -0.1886
vn -0.9588 0.2168 -0.1836
vn -0.9399 0.2895 -0.1809
vn -0.9036 0.3876 -0.1824
vn -0.8488 0.0824 -0.5223
vn -0.8516 0.1072 -0.5131
vn -0.8527 0.1427 -0.5026
vn -0.8487 0.1913 -0.4931
vn -0.8340 0.2565 -0.4885
vn -0.7996 0.3428 -0.4930
vn -0.5948 0.0568 -0.8018
vn -0.6017 0.0747 -0.7952
vn -0.6077 0.1008 -0.7878
vn -0.6088 0.1366 -0.7815
vn -0.5987 0.1839 -0.7796
vn -0.5693 0.2442 -0.7851
vn -0.3668 0.0341 -0.9297
vn -0.3724 0.0454 -0.9270
vn -0.3773 0.0620 -0.9240
vn -0.3782 0.0848 -0.9218
vn -0.3710 0.1144 -0.9216
vn -0.3508 0.1511 -0.9242
vn -0.2222 0.0199 -0.9748
vn -0.2258 0.0270 -0.9738
vn -0.2289 0.0375 -0.9727
vn -0.2299 0.0522 -0.9718
vn -0.2273 0.0711 -0.9712
vn -0.2184 0.0950 -0.9712
vn -0.1363 0.0117 -0.9906
vn -0.1385 0.0164 -0.9902
vn -0.1405 0.0235 -0.9898
vn -0.1416 0.0335 -0.9894
vn -0.1414 0.0459 -0.9889
vn -0.1390 0.0619 -0.9884
vn -0.9964 0.0806 -0.0268
vn -0.9949 0.0976 -0.0263
vn -0.9917 0.1259 -0.0256
vn -0.9858 0.1661 -0.0249
vn -0.9750 0.2207 -0.0241
vn -0.9554 0.2944 -0.0237
vn -0.9187 0.3942 -0.0239
vn -0.8488 0.5281 -0.0249
vn -0.8337 0.5186 -0.1898
vn -0.7307 0.4546 -0.5093
vn -0.5105 0.3178 -0.7990
vn -0.3116 0.1944 -0.9301
vn -0.1969 0.1234 -0.9726
vn -0.1295 0.0817 -0.9882
vn -0.0894 0.0567 -0.9944
vn -0.0891 0.0427 -0.9951
vn -0.0887 0.0316 -0.9956
vn -0.0879 0.0228 -0.9959
vn -0.0868 0.0154 -0.9961
vn -0.0854 0.0103 -0.9963
vn -0.0840 0.0069 -0.9964
vn -0.0828 0.0050 -0.9966
vn -0.1342 0.0090 -0.9909
vn -0.2189 0.0158 -0.9756
vn -0.3618 0.0275 -0.9318
vn -0.5888 0.0463 -0.8069
vn -0.8458 0.0677 -0.5293
vn -0.9761 0.0788 -0.2023
vn 0.0526 -0.9985 0.0134
vn 0.0529 -0.9967 0.0609
vn 0.0530 -0.9874 0.1493
vn 0.0522 -0.9560 0.2887
vn 0.0495 -0.8853 0.4624
vn 0.0441 -0.7615 0.6466
vn 0.0288 -0.9995 0.0147
vn 0.0290 -0.9979 0.0588
vn 0.0291 -0.9898 0.1398
vn 0.0290 -0.9627 0.2689
vn 0.0279 -0.8967 0.4418
vn 0.0256 -0.7722 0.6348
vn 0.0092 -0.9998 0.0185
vn 0.0092 -0.9981 0.0616
vn 0.0093 -0.9902 0.1395
vn 0.0093 -0.9646 0.2636
vn 0.0091 -0.9003 0.4352
vn 0.0086 -0.7759 0.6308
vn -0.0092 -0.9996 0.0249
vn -0.0092 -0.9976 0.0691
vn -0.0092 -0.9890 0.1476
vn -0.0092 -0.9624 0.2715
vn -0.0090 -0.8972 0.4415
vn -0.0085 -0.7730 0.6344
vn -0.0285 -0.9990 0.0344
vn -0.0286 -0.9962 0.0817
vn -0.0286 -0.9860 0.1644
vn -0.0283 -0.9559 0.2924
vn -0.0272 -0.8875 0.4601
vn -0.0248 -0.7641 0.6447
vn -0.0518 -0.9975 0.0480
vn -0.0518 -0.9935 0.1009
vn -0.0515 -0.9801 0.1915
vn -0.0502 -0.9435 0.3274
vn -0.0471 -0.8697 0.4913
vn -0.0419 -0.7486 0.6617
vn 0.0852 -0.9963 -0.0065
vn 0.0858 -0.9962 0.0149
vn 0.0863 -0.9938 0.0698
vn 0.0861 -0.9813 0.1721
vn 0.0835 -0.9406 0.3292
vn 0.0771 -0.8578 0.5081
vn 0.0667 -0.7313 0.6788
vn 0.0544 -0.5901 0.8055
vn 0.0377 -0.5931 0.8042
vn 0.0225 -0.5970 0.8019
vn 0.0077 -0.5988 0.8009
vn -0.0076 -0.5977 0.8017
vn -0.0218 -0.5939 0.8042
vn -0.0359 -0.5884 0.8078
vn -0.0508 -0.5841 0.8101
vn -0.0618 -0.7151 0.6963
vn -0.0716 -0.8357 0.5446
vn -0.0783 -0.9206 0.3825
vn -0.0820 -0.9688 0.2340
vn -0.0834 -0.9880 0.1302
vn -0.0838 -0.9942 0.0679
vn -0.0838 -0.9958 0.0359
vn -0.0517 -0.9984 0.0222
vn -0.0284 -0.9995 0.0126
vn -0.0091 -0.9999 0.0055
vn 0.0091 -1.0000 0.0004
vn 0.0286 -0.9996 -0.0031
vn 0.0522 -0.9986 -0.0053
vn 0.5381 0.8151 -0.2148
vn 0.4575 0.6926 -0.5577
vn 0.3059 0.4618 -0.8325
vn 0.1829 0.2738 -0.9442
vn 0.1137 0.1679 -0.9792
vn 0.0738 0.1062 -0.9916
vn 0.3359 0.9149 -0.2238
vn 0.2826 0.7690 -0.5734
vn 0.1870 0.5066 -0.8416
vn 0.1115 0.2978 -0.9481
vn 0.0683 0.1779 -0.9817
vn 0.0441 0.1090 -0.9931
vn 0.1141 0.9668 -0.2284
vn 0.0955 0.8083 -0.5810
vn 0.0630 0.5299 -0.8457
vn 0.0377 0.3106 -0.9498
vn 0.0231 0.1829 -0.9829
vn 0.0151 0.1104 -0.9938
vn -0.1141 0.9668 -0.2284
vn -0.0955 0.8083 -0.5810
vn -0.0630 0.5299 -0.8457
vn -0.0377 0.3106 -0.9498
vn -0.0231 0.1829 -0.9829
vn -0.0151 0.1104 -0.9938
vn -0.3359 0.9149 -0.2238
vn -0.2826 0.7690 -0.5734
vn -0.1870 0.5066 -0.8416
vn -0.1115 0.2978 -0.9481
vn -0.0683 0.1779 -0.9817
vn -0.0441 0.1090 -0.9931
vn -0.5381 0.8151 -0.2148
vn -0.4575 0.6926 -0.5577
vn -0.3059 0.4618 -0.8325
vn -0.1829 0.2738 -0.9442
vn -0.1137 0.1679 -0.9792
vn -0.0738 0.1062 -0.9916
vn 0.7234 0.6899 -0.0266
vn 0.7087 0.6759 -0.2024
vn 0.6116 0.5832 -0.5347
vn 0.4168 0.3971 -0.8177
vn 0.2514 0.2388 -0.9380
vn 0.1589 0.1502 -0.9758
vn 0.1051 0.0987 -0.9896
vn 0.0729 0.0681 -0.9950
vn 0.0509 0.0676 -0.9964
vn 0.0306 0.0676 -0.9972
vn 0.0106 0.0676 -0.9977
vn -0.0106 0.0676 -0.9977
vn -0.0306 0.0676 -0.9972
vn -0.0509 0.0676 -0.9964
vn -0.0729 0.0681 -0.9950
vn -0.1051 0.0987 -0.9896
vn -0.1589 0.1502 -0.9758
vn -0.2514 0.2388 -0.9380
vn -0.4168 0.3971 -0.8177
vn -0.6116 0.5832 -0.5347
vn -0.7087 0.6759 -0.2024
vn -0.7234 0.6899 -0.0266
vn -0.5507 0.8342 -0.0283
vn -0.3444 0.9383 -0.0296
vn -0.1172 0.9927 -0.0303
vn 0.1172 0.9927 -0.0303
vn 0.3444 0.9383 -0.0296
vn 0.5507 0.8342 -0.0283
vn -0.9774 0.0138 -0.2109
vn -0.9771 0.0297 -0.2107
vn -0.9767 0.0440 -0.2102
vn -0.9763 0.0549 -0.2095
vn -0.9760 0.0629 -0.2084
vn -0.9759 0.0687 -0.2069
vn -0.8378 0.0118 -0.5459
vn -0.8378 0.0252 -0.5454
vn -0.8379 0.0374 -0.5445
vn -0.8384 0.0468 -0.5431
vn -0.8393 0.0536 -0.5410
vn -0.8408 0.0587 -0.5382
vn -0.5739 0.0079 -0.8189
vn -0.5742 0.0170 -0.8185
vn -0.5748 0.0252 -0.8179
vn -0.5759 0.0315 -0.8169
vn -0.5777 0.0362 -0.8155
vn -0.5803 0.0397 -0.8134
vn -0.3494 0.0047 -0.9369
vn -0.3497 0.0100 -0.9368
vn -0.3502 0.0148 -0.9366
vn -0.3512 0.0186 -0.9361
vn -0.3527 0.0214 -0.9355
vn -0.3548 0.0235 -0.9346
vn -0.2107 0.0027 -0.9775
vn -0.2109 0.0057 -0.9775
vn -0.2112 0.0085 -0.9774
vn -0.2119 0.0106 -0.9772
vn -0.2129 0.0122 -0.9770
vn -0.2143 0.0134 -0.9767
vn -0.1290 0.0015 -0.9916
vn -0.1291 0.0032 -0.9916
vn -0.1294 0.0048 -0.9916
vn -0.1298 0.0060 -0.9915
vn -0.1304 0.0069 -0.9914
vn -0.1313 0.0076 -0.9913
vn -0.9996 0.0023 -0.0280
vn -0.9995 0.0142 -0.0280
vn -0.9991 0.0304 -0.0279
vn -0.9986 0.0451 -0.0278
vn -0.9980 0.0563 -0.0278
vn -0.9975 0.0645 -0.0276
vn -0.9971 0.0704 -0.0274
vn -0.9968 0.0746 -0.0271
vn -0.9761 0.0729 -0.2049
vn -0.8430 0.0624 -0.5343
vn -0.5840 0.0424 -0.8106
vn -0.3578 0.0251 -0.9334
vn -0.2163 0.0144 -0.9762
vn -0.1326 0.0081 -0.9911
vn -0.0817 0.0044 -0.9966
vn -0.0810 0.0041 -0.9967
vn -0.0804 0.0038 -0.9968
vn -0.0800 0.0033 -0.9968
vn -0.0797 0.0026 -0.9968
vn -0.0796 0.0018 -0.9968
vn -0.0795 0.0008 -0.9968
vn -0.0795 0.0001 -0.9968
vn -0.1290 0.0002 -0.9916
vn -0.2107 0.0004 -0.9776
vn -0.3494 0.0008 -0.9370
vn -0.5739 0.0013 -0.8190
vn -0.8378 0.0019 -0.5460
vn -0.9775 0.0023 -0.2110
vn 0.0302 0.0023 0.9995
vn 0.0301 0.0016 0.9995
vn 0.0301 0.0012 0.9995
vn 0.0302 0.0010 0.9995
vn 0.0303 0.0010 0.9995
vn 0.0305 0.0010 0.9995
vn 0.0165 0.0016 0.9999
vn 0.0165 0.0010 0.9999
vn 0.0165 0.0006 0.9999
vn 0.0165 0.0005 0.9999
vn 0.0166 0.0004 0.9999
vn 0.0167 0.0003 0.9999
vn 0.0053 0.0006 1.0000
vn 0.0053 0.0004 1.0000
vn 0.0053 0.0002 1.0000
vn 0.0053 0.0001 1.0000
vn 0.0053 -0.0000 1.0000
vn -0.0053 -0.0007 1.0000
vn -0.0053 -0.0004 1.0000
vn -0.0053 -0.0002 1.0000
vn -0.0053 -0.0001 1.0000
vn -0.0053 -0.0000 1.0000
vn -0.0165 -0.0024 0.9999
vn -0.0165 -0.0013 0.9999
vn -0.0165 -0.0005 0.9999
vn -0.0165 -0.0001 0.9999
vn -0.0166 0.0002 0.9999
vn -0.0167 0.0003 0.9999
vn -0.0301 -0.0047 0.9995
vn -0.0300 -0.0024 0.9995
vn -0.0301 -0.0008 0.9995
vn -0.0301 0.0001 0.9995
vn -0.0303 0.0006 0.9995
vn -0.0305 0.0009 0.9995
vn 0.0496 0.0040 0.9988
vn 0.0494 0.0030 0.9988
vn 0.0492 0.0023 0.9988
vn 0.0492 0.0021 0.9988
vn 0.0493 0.0020 0.9988
vn 0.0495 0.0020 0.9988
vn 0.0498 0.0021 0.9988
vn 0.0503 0.0023 0.9987
vn 0.0308 0.0010 0.9995
vn 0.0169 0.0004 0.9999
vn 0.0054 -0.0000 1.0000
vn -0.0054 -0.0000 1.0000
vn -0.0169 0.0003 0.9999
vn -0.0308 0.0010 0.9995
vn -0.0503 0.0022 0.9987
vn -0.0498 0.0020 0.9988
vn -0.0495 0.0015 0.9988
vn -0.0492 0.0005 0.9988
vn -0.0491 -0.0011 0.9988
vn -0.0490 -0.0038 0.9988
vn -0.0490 -0.0079 0.9988
vn -0.0490 -0.0127 0.9987
vn -0.0301 -0.0075 0.9995
vn -0.0165 -0.0038 0.9999
vn -0.0053 -0.0011 1.0000
vn 0.0053 0.0009 1.0000
vn 0.0166 0.0023 0.9999
vn 0.0303 0.0033 0.9995
vn 0.9778 0.0142 0.2091
vn 0.9773 0.0299 0.2096
vn 0.9768 0.0441 0.2096
vn 0.9763 0.0550 0.2092
vn 0.9760 0.0629 0.2083
vn 0.9760 0.0687 0.2069
vn 0.8400 0.0130 0.5424
vn 0.8391 0.0260 0.5433
vn 0.8387 0.0378 0.5433
vn 0.8387 0.0470 0.5425
vn 0.8394 0.0537 0.5408
vn 0.8408 0.0587 0.5381
vn 0.5774 0.0102 0.8164
vn 0.5763 0.0183 0.8170
vn 0.5759 0.0259 0.8171
vn 0.5764 0.0319 0.8165
vn 0.5779 0.0364 0.8153
vn 0.5804 0.0398 0.8134
vn 0.3522 0.0075 0.9359
vn 0.3514 0.0116 0.9362
vn 0.3511 0.0157 0.9362
vn 0.3516 0.0190 0.9360
vn 0.3528 0.0216 0.9354
vn 0.3549 0.0235 0.9346
vn 0.2125 0.0057 0.9771
vn 0.2120 0.0075 0.9772
vn 0.2118 0.0094 0.9773
vn 0.2122 0.0110 0.9772
vn 0.2130 0.0124 0.9770
vn 0.2143 0.0135 0.9767
vn 0.1302 0.0046 0.9915
vn 0.1298 0.0050 0.9915
vn 0.1298 0.0057 0.9915
vn 0.1300 0.0064 0.9915
vn 0.1305 0.0071 0.9914
vn 0.1313 0.0076 0.9913
vn 0.9996 0.0024 0.0276
vn 0.9995 0.0142 0.0277
vn 0.9992 0.0304 0.0278
vn 0.9986 0.0451 0.0278
vn 0.9980 0.0563 0.0277
vn 0.9975 0.0645 0.0276
vn 0.9971 0.0704 0.0274
vn 0.9968 0.0746 0.0271
vn 0.9761 0.0729 0.2049
vn 0.8430 0.0624 0.5343
vn 0.5840 0.0424 0.8106
vn 0.3578 0.0252 0.9334
vn 0.2163 0.0144 0.9762
vn 0.1326 0.0081 0.9911
vn 0.0817 0.0044 0.9966
vn 0.0810 0.0042 0.9967
vn 0.0804 0.0039 0.9968
vn 0.0801 0.0036 0.9968
vn 0.0800 0.0034 0.9968
vn 0.0803 0.0037 0.9968
vn 0.0806 0.0046 0.9967
vn 0.1308 0.0050 0.9914
vn 0.2135 0.0051 0.9769
vn 0.3536 0.0051 0.9354
vn 0.5792 0.0047 0.8152
vn 0.8412 0.0038 0.5407
vn 0.9781 0.0028 0.2082
vn -0.0299 0.0002 -0.9996
vn -0.0300 0.0004 -0.9996
vn -0.0300 0.0006 -0.9995
vn -0.0301 0.0008 -0.9995
vn -0.0303 0.0009 -0.9995
vn -0.0305 0.0010 -0.9995
vn -0.0164 0.0001 -0.9999
vn -0.0164 0.0002 -0.9999
vn -0.0165 0.0003 -0.9999
vn -0.0166 0.0003 -0.9999
vn -0.0167 0.0003 -0.9999
vn -0.0052 -0.0000 -1.0000
vn -0.0053 -0.0000 -1.0000
vn 0.0052 -0.0000 -1.0000
vn 0.0053 -0.0000 -1.0000
vn 0.0164 0.0001 -0.9999
vn 0.0164 0.0002 -0.9999
vn 0.0165 0.0003 -0.9999
vn 0.0166 0.0003 -0.9999
vn 0.0167 0.0003 -0.9999
vn 0.0299 0.0002 -0.9996
vn 0.0300 0.0004 -0.9996
vn 0.0300 0.0006 -0.9995
vn 0.0301 0.0008 -0.9995
vn 0.0303 0.0009 -0.9995
vn 0.0305 0.0010 -0.9995
vn -0.0489 0.0001 -0.9988
vn -0.0489 0.0004 -0.9988
vn -0.0490 0.0009 -0.9988
vn -0.0491 0.0013 -0.9988
vn -0.0492 0.0017 -0.9988
vn -0.0494 0.0019 -0.9988
vn -0.0498 0.0021 -0.9988
vn -0.0503 0.0022 -0.9987
vn -0.0308 0.0010 -0.9995
vn -0.0168 0.0003 -0.9999
vn -0.0054 -0.0000 -1.0000
vn 0.0054 -0.0000 -1.0000
vn 0.0168 0.0003 -0.9999
vn 0.0308 0.0010 -0.9995
vn 0.0503 0.0022 -0.9987
vn 0.0498 0.0021 -0.9988
vn 0.0494 0.0019 -0.9988
vn 0.0492 0.0017 -0.9988
vn 0.0491 0.0013 -0.9988
vn 0.0490 0.0009 -0.9988
vn 0.0489 0.0004 -0.9988
vn 0.0489 0.0001 -0.9988
vn 0.0299 -0.0000 -0.9996
vn 0.0164 -0.0000 -0.9999
vn -0.0164 -0.0000 -0.9999
vn -0.0299 -0.0000 -0.9996
vn 0.9999 0.0142 -0.0000
vn 0.9995 0.0304 -0.0000
vn 0.9990 0.0451 -0.0000
vn 0.9984 0.0563 -0.0000
vn 0.9979 0.0645 -0.0000
vn 0.9975 0.0704 -0.0000
vn 0.9995 0.0305 -0.0000
vn 1.0000 0.0023 -0.0000
vn 0.9972 0.0747 -0.0000
vn -0.9996 -0.0092 0.0270
vn -0.9997 0.0172 0.0165
vn -0.9992 0.0383 0.0091
vn -0.9986 0.0532 0.0044
vn -0.9980 0.0633 0.0017
vn -0.9975 0.0700 0.0004
vn -0.9998 -0.0001 0.0183
vn -0.9997 0.0224 0.0112
vn -0.9991 0.0410 0.0062
vn -0.9985 0.0545 0.0030
vn -0.9980 0.0638 0.0011
vn -0.9975 0.0702 0.0003
vn -0.9999 0.0063 0.0117
vn -0.9996 0.0260 0.0071
vn -0.9991 0.0428 0.0040
vn -0.9985 0.0553 0.0019
vn -0.9979 0.0641 0.0007
vn -0.9975 0.0703 0.0002
vn -0.9999 0.0104 0.0069
vn -0.9996 0.0283 0.0042
vn -0.9990 0.0440 0.0023
vn -0.9984 0.0558 0.0011
vn -0.9979 0.0643 0.0004
vn -0.9975 0.0703 0.0001
vn -0.9999 0.0127 0.0034
vn -0.9996 0.0296 0.0021
vn -0.9990 0.0447 0.0012
vn -0.9984 0.0561 0.0006
vn -0.9979 0.0644 0.0002
vn -0.9975 0.0704 0.0001
vn -0.9999 0.0138 0.0012
vn -0.9995 0.0302 0.0008
vn -0.9990 0.0450 0.0004
vn -0.9984 0.0563 0.0002
vn -0.9979 0.0645 0.0001
vn -0.9975 0.0704 -0.0000
vn -0.9969 -0.0525 0.0591
vn -0.9990 -0.0216 0.0387
vn -0.9997 0.0102 0.0236
vn -0.9993 0.0348 0.0131
vn -0.9986 0.0516 0.0063
vn -0.9980 0.0627 0.0024
vn -0.9976 0.0699 0.0006
vn -0.9972 0.0746 0.0001
vn -0.9972 0.0747 -0.0000
vn -0.9979 0.0645 -0.0000
vn -0.9984 0.0563 -0.0000
vn -0.9990 0.0451 0.0001
vn -0.9995 0.0304 0.0001
vn -0.9999 0.0142 0.0002
vn -1.0000 0.0023 0.0003
vn -1.0000 0.0018 0.0019
vn -1.0000 0.0001 0.0052
vn -0.9999 -0.0035 0.0105
vn -0.9998 -0.0098 0.0179
vn -0.9994 -0.0196 0.0280
vn -0.9986 -0.0336 0.0413
vn 0.5509 0.8346 -0.0000
vn 0.3446 0.9388 -0.0000
vn 0.1172 0.9931 -0.0000
vn -0.1172 0.9931 -0.0000
vn -0.3446 0.9388 -0.0000
vn -0.5509 0.8346 -0.0000
vn 0.7236 0.6902 -0.0000
vn -0.7236 0.6902 -0.0000
vn 0.0512 -0.9987 -0.0000
vn 0.0280 -0.9996 -0.0000
vn 0.0090 -1.0000 -0.0000
vn -0.0090 -1.0000 -0.0000
vn -0.0280 -0.9996 -0.0000
vn -0.0512 -0.9987 -0.0000
vn 0.0835 -0.9965 -0.0000
vn -0.0835 -0.9965 -0.0000
vn -0.9952 0.0976 -0.0000
vn -0.9920 0.1260 -0.0000
vn -0.9861 0.1662 -0.0000
vn -0.9753 0.2208 -0.0000
vn -0.9556 0.2945 -0.0000
vn -0.9190 0.3943 -0.0000
vn -0.9967 0.0807 -0.0000
vn -0.8491 0.5283 -0.0000
vn 0.9952 0.0976 -0.0000
vn 0.9920 0.1260 -0.0000
vn 0.9861 0.1662 -0.0000
vn 0.9753 0.2208 -0.0000
vn 0.9556 0.2945 -0.0000
vn 0.9190 0.3943 -0.0000
vn 0.9967 0.0807 -0.0000
vn 0.8491 0.5283 -0.0000
vn -0.1363 0.0117 0.9906
vn -0.1385 0.0164 0.9902
vn -0.1405 0.0235 0.9898
vn -0.1416 0.0335 0.9894
vn -0.1414 0.0459 0.9889
vn -0.1390 0.0619 0.9884
vn -0.2222 0.0199 0.9748
vn -0.2258 0.0270 0.9738
vn -0.2289 0.0375 0.9727
vn -0.2299 0.0522 0.9718
vn -0.2273 0.0711 0.9712
vn -0.2184 0.0950 0.9712
vn -0.3668 0.0341 0.9297
vn -0.3724 0.0454 0.9270
vn -0.3773 0.0620 0.9240
vn -0.3782 0.0848 0.9218
vn -0.3710 0.1144 0.9216
vn -0.3508 0.1511 0.9242
vn -0.5948 0.0568 0.8018
vn -0.6017 0.0747 0.7952
vn -0.6077 0.1008 0.7878
vn -0.6088 0.1366 0.7815
vn -0.5987 0.1839 0.7796
vn -0.5693 0.2442 0.7851
vn -0.8488 0.0824 0.5223
vn -0.8516 0.1072 0.5131
vn -0.8527 0.1427 0.5026
vn -0.8487 0.1913 0.4931
vn -0.8340 0.2565 0.4886
vn -0.7996 0.3428 0.4930
vn -0.9754 0.0954 0.1987
vn -0.9732 0.1233 0.1941
vn -0.9684 0.1629 0.1886
vn -0.9588 0.2168 0.1836
vn -0.9399 0.2895 0.1809
vn -0.9036 0.3876 0.1824
vn -0.0828 0.0050 0.9966
vn -0.0840 0.0069 0.9964
vn -0.0854 0.0103 0.9963
vn -0.0868 0.0154 0.9961
vn -0.0879 0.0228 0.9959
vn -0.0887 0.0316 0.9956
vn -0.0891 0.0427 0.9951
vn -0.0894 0.0567 0.9944
vn -0.1295 0.0817 0.9882
vn -0.1969 0.1234 0.9726
vn -0.3116 0.1944 0.9301
vn -0.5105 0.3178 0.7990
vn -0.7307 0.4546 0.5093
vn -0.8337 0.5186 0.1898
vn -0.8488 0.5281 0.0249
vn -0.9187 0.3942 0.0239
vn -0.9554 0.2944 0.0237
vn -0.9750 0.2207 0.0241
vn -0.9858 0.1661 0.0249
vn -0.9917 0.1259 0.0256
vn -0.9949 0.0976 0.0263
vn -0.9964 0.0806 0.0268
vn -0.9761 0.0788 0.2023
vn -0.8458 0.0677 0.5293
vn -0.5888 0.0463 0.8069
vn -0.3618 0.0275 0.9318
vn -0.2189 0.0158 0.9756
vn -0.1342 0.0090 0.9909
vn 0.0738 0.1062 0.9916
vn 0.1137 0.1679 0.9792
vn 0.1829 0.2738 0.9442
vn 0.3059 0.4618 0.8325
vn 0.4575 0.6926 0.5577
vn 0.5381 0.8151 0.2148
vn 0.0441 0.1090 0.9931
vn 0.0683 0.1779 0.9817
vn 0.1115 0.2978 0.9481
vn 0.1870 0.5066 0.8416
vn 0.2826 0.7690 0.5734
vn 0.3359 0.9149 0.2238
vn 0.0151 0.1104 0.9938
vn 0.0231 0.1829 0.9829
vn 0.0377 0.3107 0.9498
vn 0.0630 0.5299 0.8457
vn 0.0955 0.8083 0.5810
vn 0.1141 0.9668 0.2284
vn -0.0151 0.1104 0.9938
vn -0.0231 0.1829 0.9829
vn -0.0377 0.3107 0.9498
vn -0.0630 0.5299 0.8457
vn -0.0955 0.8083 0.5810
vn -0.1141 0.9668 0.2284
vn -0.0441 0.1090 0.9931
vn -0.0683 0.1779 0.9817
vn -0.1115 0.2978 0.9481
vn -0.1870 0.5066 0.8416
vn -0.2826 0.7690 0.5734
vn -0.3359 0.9149 0.2238
vn -0.0738 0.1062 0.9916
vn -0.1137 0.1679 0.9792
vn -0.1829 0.2738 0.9442
vn -0.3059 0.4618 0.8325
vn -0.4575 0.6926 0.5577
vn -0.5381 0.8151 0.2148
vn 0.0729 0.0681 0.9950
vn 0.1051 0.0987 0.9896
vn 0.1589 0.1502 0.9758
vn 0.2514 0.2388 0.9380
vn 0.4168 0.3971 0.8177
vn 0.6116 0.5832 0.5347
vn 0.7087 0.6759 0.2024
vn 0.7234 0.6899 0.0266
vn 0.5507 0.8342 0.0283
vn 0.3444 0.9383 0.0296
vn 0.1172 0.9927 0.0303
vn -0.1172 0.9927 0.0303
vn -0.3444 0.9383 0.0296
vn -0.5507 0.8342 0.0283
vn -0.7234 0.6899 0.0266
vn -0.7087 0.6759 0.2024
vn -0.6116 0.5832 0.5347
vn -0.4168 0.3971 0.8177
vn -0.2514 0.2388 0.9380
vn -0.1589 0.1502 0.9758
vn -0.1051 0.0987 0.9896
vn -0.0729 0.0681 0.9950
vn -0.0509 0.0676 0.9964
vn -0.0306 0.0676 0.9972
vn -0.0106 0.0676 0.9977
vn 0.0106 0.0676 0.9977
vn 0.0306 0.0676 0.9972
vn 0.0509 0.0676 0.9964
vn -0.1279 -0.0193 0.9916
vn -0.1285 -0.0086 0.9917
vn -0.1290 -0.0013 0.9916
vn -0.1296 0.0032 0.9916
vn -0.1303 0.0058 0.9915
vn -0.1313 0.0073 0.9913
vn -0.2071 -0.0284 0.9779
vn -0.2087 -0.0121 0.9779
vn -0.2100 -0.0007 0.9777
vn -0.2113 0.0064 0.9774
vn -0.2126 0.0105 0.9771
vn -0.2142 0.0130 0.9767
vn -0.3393 -0.0406 0.9398
vn -0.3436 -0.0160 0.9390
vn -0.3469 0.0014 0.9379
vn -0.3495 0.0123 0.9368
vn -0.3520 0.0189 0.9358
vn -0.3547 0.0228 0.9347
vn -0.5506 -0.0546 0.8329
vn -0.5603 -0.0193 0.8281
vn -0.5672 0.0063 0.8236
vn -0.5723 0.0227 0.8198
vn -0.5763 0.0327 0.8166
vn -0.5800 0.0387 0.8137
vn -0.8062 -0.0627 0.5883
vn -0.8196 -0.0180 0.5727
vn -0.8283 0.0150 0.5601
vn -0.8339 0.0363 0.5508
vn -0.8376 0.0495 0.5440
vn -0.8404 0.0575 0.5389
vn -0.9608 -0.0546 0.2718
vn -0.9686 -0.0095 0.2485
vn -0.9726 0.0238 0.2314
vn -0.9745 0.0456 0.2197
vn -0.9754 0.0592 0.2123
vn -0.9758 0.0676 0.2079
vn -0.0792 -0.0205 0.9966
vn -0.0793 -0.0127 0.9968
vn -0.0795 -0.0059 0.9968
vn -0.0797 -0.0013 0.9968
vn -0.0800 0.0015 0.9968
vn -0.0804 0.0030 0.9968
vn -0.0810 0.0039 0.9967
vn -0.0817 0.0044 0.9966
vn -0.1326 0.0081 0.9911
vn -0.2163 0.0143 0.9762
vn -0.3578 0.0251 0.9335
vn -0.5840 0.0423 0.8107
vn -0.8429 0.0623 0.5344
vn -0.9760 0.0728 0.2050
vn -0.9968 0.0745 0.0272
vn -0.9972 0.0696 0.0283
vn -0.9976 0.0618 0.0309
vn -0.9981 0.0494 0.0364
vn -0.9985 0.0301 0.0458
vn -0.9982 0.0011 0.0603
vn -0.9960 -0.0375 0.0809
vn -0.9911 -0.0765 0.1085
vn -0.9480 -0.1010 0.3018
vn -0.7871 -0.1091 0.6071
vn -0.5377 -0.0920 0.8381
vn -0.3337 -0.0673 0.9403
vn -0.2050 -0.0467 0.9776
vn -0.1273 -0.0315 0.9914
vn 0.0512 -0.9987 -0.0002
vn 0.0512 -0.9987 -0.0005
vn 0.0513 -0.9987 -0.0011
vn 0.0513 -0.9987 -0.0018
vn 0.0514 -0.9987 -0.0029
vn 0.0516 -0.9987 -0.0042
vn 0.0280 -0.9996 -0.0001
vn 0.0281 -0.9996 -0.0004
vn 0.0281 -0.9996 -0.0008
vn 0.0281 -0.9996 -0.0013
vn 0.0282 -0.9996 -0.0020
vn 0.0283 -0.9996 -0.0030
vn 0.0090 -1.0000 -0.0001
vn 0.0090 -1.0000 -0.0003
vn 0.0090 -1.0000 -0.0005
vn 0.0090 -1.0000 -0.0008
vn 0.0090 -1.0000 -0.0012
vn -0.0090 -1.0000 0.0001
vn -0.0090 -1.0000 0.0002
vn -0.0090 -1.0000 0.0004
vn -0.0090 -1.0000 0.0006
vn -0.0090 -1.0000 0.0009
vn -0.0090 -1.0000 0.0014
vn -0.0280 -0.9996 0.0002
vn -0.0281 -0.9996 0.0006
vn -0.0281 -0.9996 0.0012
vn -0.0281 -0.9996 0.0021
vn -0.0281 -0.9996 0.0033
vn -0.0282 -0.9996 0.0049
vn -0.0512 -0.9987 0.0004
vn -0.0512 -0.9987 0.0012
vn -0.0512 -0.9987 0.0024
vn -0.0513 -0.9987 0.0042
vn -0.0513 -0.9987 0.0065
vn -0.0514 -0.9986 0.0097
vn 0.0835 -0.9965 -0.0002
vn 0.0836 -0.9965 -0.0006
vn 0.0836 -0.9965 -0.0013
vn 0.0838 -0.9965 -0.0022
vn 0.0840 -0.9965 -0.0034
vn 0.0843 -0.9964 -0.0051
vn 0.0847 -0.9964 -0.0072
vn 0.0519 -0.9986 -0.0061
vn 0.0284 -0.9996 -0.0043
vn 0.0091 -1.0000 -0.0017
vn -0.0091 -1.0000 0.0020
vn -0.0283 -0.9996 0.0070
vn -0.0515 -0.9986 0.0139
vn -0.0837 -0.9962 0.0235
vn -0.0837 -0.9964 0.0164
vn -0.0836 -0.9964 0.0111
vn -0.0836 -0.9965 0.0071
vn -0.0835 -0.9965 0.0041
vn -0.0835 -0.9965 0.0021
vn -0.0835 -0.9965 0.0007
vn -0.0835 -0.9965 0.0001
vn -0.0512 -0.9987 0.0001
vn 0.1363 0.0117 -0.9906
vn 0.1385 0.0164 -0.9902
vn 0.1405 0.0235 -0.9898
vn 0.1416 0.0335 -0.9894
vn 0.1414 0.0459 -0.9889
vn 0.1390 0.0619 -0.9884
vn 0.2222 0.0199 -0.9748
vn 0.2258 0.0270 -0.9738
vn 0.2289 0.0375 -0.9727
vn 0.2299 0.0522 -0.9718
vn 0.2273 0.0711 -0.9712
vn 0.2184 0.0950 -0.9712
vn 0.3668 0.0341 -0.9297
vn 0.3724 0.0454 -0.9270
vn 0.3773 0.0620 -0.9240
vn 0.3782 0.0848 -0.9218
vn 0.3710 0.1144 -0.9216
vn 0.3508 0.1511 -0.9242
vn 0.5948 0.0568 -0.8018
vn 0.6017 0.0747 -0.7952
vn 0.6077 0.1008 -0.7878
vn 0.6088 0.1366 -0.7815
vn 0.5987 0.1839 -0.7796
vn 0.5693 0.2442 -0.7851
vn 0.8488 0.0824 -0.5223
vn 0.8516 0.1072 -0.5131
vn 0.8527 0.1427 -0.5026
vn 0.8487 0.1913 -0.4931
vn 0.8340 0.2565 -0.4886
vn 0.7996 0.3428 -0.4930
vn 0.9754 0.0954 -0.1987
vn 0.9732 0.1233 -0.1941
vn 0.9684 0.1629 -0.1886
vn 0.9588 0.2168 -0.1836
vn 0.9399 0.2895 -0.1809
vn 0.9036 0.3876 -0.1824
vn 0.0828 0.0050 -0.9966
vn 0.0840 0.0069 -0.9964
vn 0.0854 0.0103 -0.9963
vn 0.0868 0.0154 -0.9961
vn 0.0879 0.0228 -0.9959
vn 0.0887 0.0316 -0.9956
vn 0.0891 0.0427 -0.9951
vn 0.0894 0.0567 -0.9944
vn 0.1295 0.0817 -0.9882
vn 0.1969 0.1234 -0.9726
vn 0.3116 0.1944 -0.9301
vn 0.5105 0.3178 -0.7990
vn 0.7307 0.4546 -0.5093
vn 0.8337 0.5186 -0.1898
vn 0.8488 0.5281 -0.0249
vn 0.9187 0.3942 -0.0239
vn 0.9554 0.2944 -0.0237
vn 0.9750 0.2207 -0.0241
vn 0.9858 0.1661 -0.0249
vn 0.9917 0.1259 -0.0256
vn 0.9949 0.0976 -0.0263
vn 0.9964 0.0806 -0.0268
vn 0.9761 0.0788 -0.2023
vn 0.8458 0.0677 -0.5293
vn 0.5888 0.0463 -0.8069
vn 0.3618 0.0275 -0.9318
vn 0.2189 0.0158 -0.9756
vn 0.1342 0.0090 -0.9909
vn 0.0413 -0.7560 -0.6533
vn 0.0466 -0.8790 -0.4745
vn 0.0495 -0.9514 -0.3038
vn 0.0508 -0.9851 -0.1644
vn 0.0511 -0.9959 -0.0742
vn 0.0512 -0.9984 -0.0243
vn 0.0241 -0.7685 -0.6395
vn 0.0265 -0.8926 -0.4501
vn 0.0276 -0.9598 -0.2792
vn 0.0280 -0.9883 -0.1500
vn 0.0280 -0.9973 -0.0679
vn 0.0280 -0.9994 -0.0223
vn 0.0082 -0.7744 -0.6326
vn 0.0087 -0.8988 -0.4383
vn 0.0089 -0.9636 -0.2674
vn 0.0090 -0.9896 -0.1433
vn 0.0090 -0.9978 -0.0651
vn 0.0090 -0.9997 -0.0214
vn -0.0082 -0.7744 -0.6326
vn -0.0087 -0.8988 -0.4383
vn -0.0089 -0.9635 -0.2674
vn -0.0090 -0.9896 -0.1433
vn -0.0090 -0.9978 -0.0651
vn -0.0090 -0.9997 -0.0214
vn -0.0241 -0.7684 -0.6395
vn -0.0265 -0.8926 -0.4501
vn -0.0276 -0.9598 -0.2792
vn -0.0280 -0.9883 -0.1500
vn -0.0280 -0.9973 -0.0679
vn -0.0280 -0.9994 -0.0223
vn -0.0414 -0.7560 -0.6533
vn -0.0466 -0.8790 -0.4745
vn -0.0495 -0.9514 -0.3038
vn -0.0508 -0.9851 -0.1644
vn -0.0511 -0.9959 -0.0742
vn -0.0512 -0.9984 -0.0243
vn 0.0507 -0.5877 -0.8075
vn 0.0621 -0.7250 -0.6859
vn 0.0721 -0.8499 -0.5219
vn 0.0788 -0.9344 -0.3474
vn 0.0822 -0.9782 -0.1907
vn 0.0832 -0.9928 -0.0862
vn 0.0835 -0.9961 -0.0282
vn 0.0835 -0.9965 -0.0036
vn 0.0512 -0.9987 -0.0031
vn 0.0280 -0.9996 -0.0029
vn 0.0090 -1.0000 -0.0028
vn -0.0090 -1.0000 -0.0028
vn -0.0280 -0.9996 -0.0029
vn -0.0512 -0.9987 -0.0031
vn -0.0835 -0.9965 -0.0036
vn -0.0835 -0.9961 -0.0282
vn -0.0832 -0.9928 -0.0861
vn -0.0822 -0.9782 -0.1907
vn -0.0788 -0.9344 -0.3474
vn -0.0721 -0.8499 -0.5219
vn -0.0621 -0.7250 -0.6859
vn -0.0507 -0.5877 -0.8075
vn -0.0353 -0.5910 -0.8059
vn -0.0212 -0.5955 -0.8031
vn -0.0073 -0.5983 -0.8013
vn 0.0073 -0.5983 -0.8013
vn 0.0212 -0.5955 -0.8030
vn 0.0353 -0.5910 -0.8059
vn 0.1290 0.0015 -0.9916
vn 0.1292 0.0032 -0.9916
vn 0.1294 0.0048 -0.9916
vn 0.1298 0.0060 -0.9915
vn 0.1304 0.0069 -0.9914
vn 0.1313 0.0076 -0.9913
vn 0.2107 0.0027 -0.9775
vn 0.2109 0.0057 -0.9775
vn 0.2112 0.0085 -0.9774
vn 0.2119 0.0106 -0.9772
vn 0.2129 0.0122 -0.9770
vn 0.2143 0.0134 -0.9767
vn 0.3494 0.0047 -0.9369
vn 0.3497 0.0100 -0.9368
vn 0.3502 0.0148 -0.9366
vn 0.3512 0.0186 -0.9361
vn 0.3527 0.0214 -0.9355
vn 0.3548 0.0235 -0.9346
vn 0.5739 0.0079 -0.8189
vn 0.5742 0.0170 -0.8185
vn 0.5748 0.0252 -0.8179
vn 0.5759 0.0315 -0.8169
vn 0.5777 0.0362 -0.8155
vn 0.5803 0.0397 -0.8134
vn 0.8378 0.0118 -0.5459
vn 0.8378 0.0252 -0.5454
vn 0.8379 0.0374 -0.5445
vn 0.8384 0.0468 -0.5431
vn 0.8393 0.0536 -0.5410
vn 0.8408 0.0587 -0.5382
vn 0.9774 0.0138 -0.2109
vn 0.9771 0.0297 -0.2107
vn 0.9767 0.0440 -0.2102
vn 0.9763 0.0549 -0.2095
vn 0.9760 0.0629 -0.2084
vn 0.9759 0.0687 -0.2069
vn 0.0795 0.0001 -0.9968
vn 0.0795 0.0008 -0.9968
vn 0.0796 0.0017 -0.9968
vn 0.0797 0.0026 -0.9968
vn 0.0800 0.0033 -0.9968
vn 0.0804 0.0038 -0.9968
vn 0.0810 0.0041 -0.9967
vn 0.0817 0.0044 -0.9966
vn 0.1326 0.0081 -0.9911
vn 0.2163 0.0144 -0.9762
vn 0.3578 0.0251 -0.9334
vn 0.5840 0.0424 -0.8106
vn 0.8430 0.0624 -0.5343
vn 0.9761 0.0729 -0.2049
vn 0.9968 0.0746 -0.0271
vn 0.9971 0.0704 -0.0274
vn 0.9975 0.0645 -0.0276
vn 0.9980 0.0563 -0.0277
vn 0.9986 0.0451 -0.0279
vn 0.9991 0.0304 -0.0279
vn 0.9995 0.0142 -0.0280
vn 0.9996 0.0023 -0.0280
vn 0.9775 0.0023 -0.2110
vn 0.8378 0.0019 -0.5460
vn 0.5739 0.0013 -0.8190
vn 0.3494 0.0008 -0.9370
vn 0.2107 0.0004 -0.9776
vn 0.1290 0.0002 -0.9916
vn -0.9999 0.0142 -0.0000
vn -0.9995 0.0304 -0.0000
vn -0.9990 0.0451 -0.0000
vn -0.9995 0.0305 -0.0000
vn -1.0000 0.0023 -0.0000
vn -0.2112 -0.9774 -0.0000
vn -0.3251 -0.9457 -0.0000
vn -0.4921 -0.8705 -0.0000
vn -0.7075 -0.7067 -0.0000
vn -0.8988 -0.4383 -0.0000
vn -0.9852 -0.1713 -0.0000
vn -0.9852 -0.1714 -0.0000
vn -0.1346 -0.9909 -0.0000
vn -0.9997 -0.0245 -0.0000
vn -0.9997 -0.0244 -0.0000
vn 0.1046 -0.5134 -0.8517
vn 0.1166 -0.3736 -0.9202
vn 0.1237 -0.2472 -0.9610
vn 0.1274 -0.1412 -0.9818
vn 0.1287 -0.0679 -0.9894
vn 0.1290 -0.0239 -0.9914
vn 0.1421 -0.6751 -0.7240
vn 0.1731 -0.5233 -0.8344
vn 0.1944 -0.3592 -0.9128
vn 0.2058 -0.2110 -0.9556
vn 0.2098 -0.1032 -0.9723
vn 0.2106 -0.0366 -0.9769
vn 0.1767 -0.8269 -0.5339
vn 0.2390 -0.7036 -0.6692
vn 0.2949 -0.5261 -0.7976
vn 0.3307 -0.3291 -0.8845
vn 0.3454 -0.1661 -0.9236
vn 0.3491 -0.0595 -0.9352
vn 0.1999 -0.9275 -0.3160
vn 0.2932 -0.8539 -0.4301
vn 0.4035 -0.7122 -0.5744
vn 0.5010 -0.4962 -0.7090
vn 0.5549 -0.2670 -0.7879
vn 0.5717 -0.0978 -0.8146
vn 0.2088 -0.9668 -0.1475
vn 0.3181 -0.9246 -0.2098
vn 0.4699 -0.8292 -0.3027
vn 0.6453 -0.6413 -0.4151
vn 0.7777 -0.3766 -0.5034
vn 0.8297 -0.1431 -0.5396
vn 0.2109 -0.9763 -0.0488
vn 0.3244 -0.9433 -0.0703
vn 0.4898 -0.8656 -0.1039
vn 0.7002 -0.6983 -0.1488
vn 0.8830 -0.4297 -0.1891
vn 0.9638 -0.1672 -0.2076
vn 0.0668 -0.5057 -0.8601
vn 0.0718 -0.3859 -0.9197
vn 0.0755 -0.2751 -0.9584
vn 0.0778 -0.1806 -0.9805
vn 0.0790 -0.1018 -0.9917
vn 0.0794 -0.0485 -0.9957
vn 0.0795 -0.0170 -0.9967
vn 0.0795 -0.0024 -0.9968
vn 0.1290 -0.0033 -0.9916
vn 0.2107 -0.0051 -0.9775
vn 0.3494 -0.0084 -0.9369
vn 0.5739 -0.0138 -0.8188
vn 0.8377 -0.0203 -0.5458
vn 0.9772 -0.0238 -0.2109
vn 0.9993 -0.0244 -0.0279
vn 0.9848 -0.1712 -0.0275
vn 0.8986 -0.4381 -0.0249
vn 0.7075 -0.7065 -0.0195
vn 0.4921 -0.8704 -0.0135
vn 0.3251 -0.9456 -0.0091
vn 0.2112 -0.9774 -0.0063
vn 0.1346 -0.9909 -0.0046
vn 0.1345 -0.9903 -0.0357
vn 0.1337 -0.9850 -0.1089
vn 0.1305 -0.9623 -0.2386
vn 0.1213 -0.8980 -0.4230
vn 0.1057 -0.7868 -0.6081
vn 0.0858 -0.6442 -0.7601
vn 0.2112 -0.9774 -0.0003
vn 0.3251 -0.9457 -0.0002
vn 0.4922 -0.8705 -0.0002
vn 0.7076 -0.7066 -0.0001
vn 0.8989 -0.4382 -0.0001
vn 0.9852 -0.1713 -0.0000
vn 0.2113 -0.9774 -0.0007
vn 0.3252 -0.9456 -0.0007
vn 0.4923 -0.8704 -0.0006
vn 0.7077 -0.7065 -0.0004
vn 0.8989 -0.4381 -0.0002
vn 0.9852 -0.1713 -0.0001
vn 0.2115 -0.9774 -0.0015
vn 0.3255 -0.9455 -0.0014
vn 0.4927 -0.8702 -0.0011
vn 0.7081 -0.7062 -0.0008
vn 0.8991 -0.4378 -0.0004
vn 0.9853 -0.1711 -0.0001
vn 0.2118 -0.9773 -0.0025
vn 0.3260 -0.9454 -0.0023
vn 0.4932 -0.8699 -0.0020
vn 0.7086 -0.7056 -0.0013
vn 0.8994 -0.4372 -0.0007
vn 0.9853 -0.1708 -0.0002
vn 0.2123 -0.9772 -0.0039
vn 0.3267 -0.9451 -0.0036
vn 0.4941 -0.8694 -0.0031
vn 0.7095 -0.7047 -0.0021
vn 0.8998 -0.4363 -0.0010
vn 0.9854 -0.1704 -0.0003
vn 0.2130 -0.9770 -0.0058
vn 0.3277 -0.9448 -0.0054
vn 0.4955 -0.8686 -0.0045
vn 0.7107 -0.7035 -0.0031
vn 0.9004 -0.4351 -0.0015
vn 0.9855 -0.1699 -0.0004
vn 0.1346 -0.9909 -0.0000
vn 0.2112 -0.9774 -0.0000
vn 0.3251 -0.9457 -0.0000
vn 0.4921 -0.8705 -0.0000
vn 0.7075 -0.7067 -0.0000
vn 0.8988 -0.4383 -0.0000
vn 0.9997 -0.0245 -0.0000
vn 0.9997 -0.0244 -0.0000
vn 0.9997 -0.0243 -0.0000
vn 0.9997 -0.0242 -0.0001
vn 0.9997 -0.0241 -0.0001
vn 0.9856 -0.1691 -0.0006
vn 0.9012 -0.4334 -0.0022
vn 0.7124 -0.7018 -0.0045
vn 0.4972 -0.8676 -0.0065
vn 0.3291 -0.9443 -0.0078
vn 0.2140 -0.9768 -0.0083
vn 0.1364 -0.9906 -0.0081
vn 0.1358 -0.9907 -0.0056
vn 0.1353 -0.9908 -0.0038
vn 0.1350 -0.9908 -0.0024
vn 0.1348 -0.9909 -0.0014
vn 0.1347 -0.9909 -0.0007
vn 0.1346 -0.9909 -0.0003
vn -0.1004 -0.5137 0.8521
vn -0.1110 -0.3879 0.9150
vn -0.1177 -0.2760 0.9539
vn -0.1219 -0.1815 0.9758
vn -0.1242 -0.1138 0.9857
vn -0.1255 -0.0695 0.9897
vn -0.1331 -0.6601 0.7393
vn -0.1586 -0.5246 0.8364
vn -0.1769 -0.3853 0.9057
vn -0.1885 -0.2609 0.9468
vn -0.1952 -0.1665 0.9665
vn -0.1994 -0.1025 0.9745
vn -0.1637 -0.7984 0.5794
vn -0.2123 -0.6813 0.7005
vn -0.2549 -0.5324 0.8072
vn -0.2859 -0.3773 0.8809
vn -0.3053 -0.2456 0.9200
vn -0.3179 -0.1505 0.9361
vn -0.1866 -0.8991 0.3959
vn -0.2597 -0.8178 0.5136
vn -0.3392 -0.6895 0.6399
vn -0.4110 -0.5227 0.7469
vn -0.4640 -0.3522 0.8128
vn -0.4988 -0.2144 0.8398
vn -0.1986 -0.9495 0.2429
vn -0.2893 -0.8985 0.3302
vn -0.4046 -0.8042 0.4353
vn -0.5320 -0.6523 0.5398
vn -0.6438 -0.4584 0.6127
vn -0.7192 -0.2758 0.6377
vn -0.2040 -0.9689 0.1403
vn -0.3043 -0.9325 0.1944
vn -0.4420 -0.8586 0.2599
vn -0.6116 -0.7207 0.3264
vn -0.7746 -0.5139 0.3688
vn -0.8810 -0.2968 0.3684
vn -0.0661 -0.5057 0.8602
vn -0.0708 -0.3938 0.9165
vn -0.0743 -0.2912 0.9538
vn -0.0765 -0.2039 0.9760
vn -0.0779 -0.1306 0.9884
vn -0.0785 -0.0795 0.9937
vn -0.0789 -0.0471 0.9958
vn -0.0791 -0.0290 0.9964
vn -0.1265 -0.0441 0.9910
vn -0.2025 -0.0652 0.9771
vn -0.3268 -0.0940 0.9404
vn -0.5216 -0.1296 0.8433
vn -0.7619 -0.1576 0.6283
vn -0.9285 -0.1537 0.3381
vn -0.9817 -0.1253 0.1432
vn -0.9441 -0.2770 0.1787
vn -0.8343 -0.5148 0.1974
vn -0.6508 -0.7364 0.1850
vn -0.4608 -0.8745 0.1516
vn -0.3118 -0.9432 0.1148
vn -0.2067 -0.9749 0.0824
vn -0.1337 -0.9894 0.0560
vn -0.1330 -0.9862 0.0984
vn -0.1313 -0.9755 0.1768
vn -0.1268 -0.9450 0.3015
vn -0.1170 -0.8760 0.4679
vn -0.1020 -0.7684 0.6318
vn -0.0836 -0.6353 0.7677
vn -0.2093 -0.9771 0.0393
vn -0.3194 -0.9460 0.0553
vn -0.4788 -0.8749 0.0734
vn -0.6839 -0.7241 0.0892
vn -0.8739 -0.4773 0.0927
vn -0.9719 -0.2215 0.0796
vn -0.2100 -0.9773 0.0267
vn -0.3217 -0.9461 0.0376
vn -0.4841 -0.8736 0.0502
vn -0.6934 -0.7180 0.0611
vn -0.8842 -0.4627 0.0634
vn -0.9778 -0.2023 0.0542
vn -0.2105 -0.9774 0.0171
vn -0.3232 -0.9460 0.0242
vn -0.4877 -0.8724 0.0324
vn -0.6998 -0.7132 0.0395
vn -0.8910 -0.4521 0.0409
vn -0.9814 -0.1886 0.0348
vn -0.2109 -0.9775 0.0100
vn -0.3242 -0.9459 0.0142
vn -0.4900 -0.8715 0.0190
vn -0.7039 -0.7099 0.0233
vn -0.8952 -0.4450 0.0240
vn -0.9835 -0.1797 0.0204
vn -0.2111 -0.9775 0.0050
vn -0.3247 -0.9458 0.0071
vn -0.4913 -0.8709 0.0096
vn -0.7062 -0.7080 0.0117
vn -0.8975 -0.4409 0.0121
vn -0.9846 -0.1746 0.0102
vn -0.2111 -0.9775 0.0018
vn -0.3250 -0.9457 0.0026
vn -0.4919 -0.8706 0.0035
vn -0.7072 -0.7070 0.0042
vn -0.8985 -0.4389 0.0044
vn -0.9851 -0.1722 0.0037
vn -0.1340 -0.9903 0.0376
vn -0.2082 -0.9765 0.0560
vn -0.3163 -0.9454 0.0784
vn -0.4713 -0.8759 0.1035
vn -0.6705 -0.7313 0.1252
vn -0.8587 -0.4956 0.1304
vn -0.9624 -0.2469 0.1129
vn -0.9918 -0.0950 0.0850
vn -0.9957 -0.0708 0.0596
vn -0.9978 -0.0528 0.0404
vn -0.9989 -0.0402 0.0259
vn -0.9994 -0.0320 0.0152
vn -0.9996 -0.0274 0.0076
vn -0.9997 -0.0252 0.0027
vn -0.9997 -0.0245 0.0004
vn -0.9852 -0.1714 0.0005
vn -0.8988 -0.4383 0.0006
vn -0.7075 -0.7067 0.0006
vn -0.4921 -0.8705 0.0005
vn -0.3251 -0.9457 0.0004
vn -0.2112 -0.9775 0.0003
vn -0.1346 -0.9909 0.0002
vn -0.1346 -0.9909 0.0012
vn -0.1346 -0.9909 0.0033
vn -0.1345 -0.9909 0.0067
vn -0.1345 -0.9909 0.0114
vn -0.1344 -0.9908 0.0178
vn -0.1342 -0.9906 0.0263
vn 0.9852 -0.1714 -0.0000
vn -0.0307 -0.2925 -0.9558
vn -0.0305 -0.1957 -0.9802
vn -0.0302 -0.1233 -0.9919
vn -0.0300 -0.0686 -0.9972
vn -0.0300 -0.0327 -0.9990
vn -0.0299 -0.0115 -0.9995
vn -0.0177 -0.2820 -0.9593
vn -0.0171 -0.1828 -0.9830
vn -0.0167 -0.1122 -0.9935
vn -0.0165 -0.0623 -0.9979
vn -0.0164 -0.0299 -0.9994
vn -0.0164 -0.0105 -0.9998
vn -0.0060 -0.2769 -0.9609
vn -0.0056 -0.1767 -0.9843
vn -0.0054 -0.1070 -0.9942
vn -0.0053 -0.0594 -0.9982
vn -0.0052 -0.0286 -0.9996
vn -0.0052 -0.0101 -0.9999
vn 0.0060 -0.2769 -0.9609
vn 0.0056 -0.1767 -0.9843
vn 0.0054 -0.1070 -0.9942
vn 0.0053 -0.0594 -0.9982
vn 0.0052 -0.0286 -0.9996
vn 0.0052 -0.0101 -0.9999
vn 0.0177 -0.2820 -0.9593
vn 0.0171 -0.1828 -0.9830
vn 0.0167 -0.1122 -0.9935
vn 0.0165 -0.0623 -0.9979
vn 0.0164 -0.0299 -0.9994
vn 0.0164 -0.0105 -0.9998
vn 0.0307 -0.2925 -0.9558
vn 0.0305 -0.1957 -0.9802
vn 0.0302 -0.1233 -0.9919
vn 0.0300 -0.0686 -0.9972
vn 0.0300 -0.0327 -0.9990
vn 0.0299 -0.0115 -0.9995
vn -0.0456 -0.4271 -0.9030
vn -0.0475 -0.3179 -0.9469
vn -0.0484 -0.2217 -0.9739
vn -0.0487 -0.1433 -0.9885
vn -0.0489 -0.0801 -0.9956
vn -0.0489 -0.0381 -0.9981
vn -0.0489 -0.0134 -0.9987
vn -0.0489 -0.0019 -0.9988
vn -0.0299 -0.0016 -0.9996
vn -0.0164 -0.0015 -0.9999
vn -0.0052 -0.0014 -1.0000
vn 0.0052 -0.0014 -1.0000
vn 0.0164 -0.0015 -0.9999
vn 0.0299 -0.0016 -0.9996
vn 0.0489 -0.0019 -0.9988
vn 0.0489 -0.0134 -0.9987
vn 0.0489 -0.0381 -0.9981
vn 0.0489 -0.0801 -0.9956
vn 0.0487 -0.1433 -0.9885
vn 0.0484 -0.2217 -0.9739
vn 0.0475 -0.3179 -0.9469
vn 0.0456 -0.4271 -0.9030
vn 0.0317 -0.4241 -0.9050
vn 0.0189 -0.4202 -0.9073
vn 0.0065 -0.4178 -0.9085
vn -0.0065 -0.4178 -0.9085
vn -0.0189 -0.4202 -0.9073
vn -0.0317 -0.4241 -0.9050
vn 0.2167 -0.9757 0.0328
vn 0.3328 -0.9414 0.0546
vn 0.5009 -0.8609 0.0898
vn 0.7112 -0.6895 0.1370
vn 0.8893 -0.4202 0.1801
vn 0.9660 -0.1623 0.2014
vn 0.2167 -0.9679 0.1274
vn 0.3300 -0.9247 0.1900
vn 0.4861 -0.8262 0.2848
vn 0.6627 -0.6332 0.3998
vn 0.7907 -0.3667 0.4902
vn 0.8376 -0.1367 0.5290
vn 0.2102 -0.9322 0.2945
vn 0.3086 -0.8577 0.4113
vn 0.4235 -0.7116 0.5606
vn 0.5214 -0.4893 0.6991
vn 0.5710 -0.2576 0.7795
vn 0.5830 -0.0904 0.8074
vn 0.1885 -0.8345 0.5177
vn 0.2548 -0.7076 0.6591
vn 0.3124 -0.5231 0.7930
vn 0.3463 -0.3205 0.8817
vn 0.3575 -0.1563 0.9207
vn 0.3578 -0.0515 0.9324
vn 0.1528 -0.6802 0.7169
vn 0.1853 -0.5221 0.8325
vn 0.2062 -0.3518 0.9131
vn 0.2157 -0.2008 0.9556
vn 0.2174 -0.0933 0.9716
vn 0.2163 -0.0284 0.9759
vn 0.1127 -0.5130 0.8510
vn 0.1246 -0.3676 0.9216
vn 0.1309 -0.2378 0.9624
vn 0.1334 -0.1309 0.9824
vn 0.1334 -0.0585 0.9893
vn 0.1325 -0.0161 0.9910
vn 0.1372 -0.9905 -0.0067
vn 0.2152 -0.9765 -0.0054
vn 0.3309 -0.9436 -0.0020
vn 0.4996 -0.8662 0.0040
vn 0.7146 -0.6994 0.0126
vn 0.9021 -0.4310 0.0212
vn 0.9855 -0.1679 0.0259
vn 0.9993 -0.0239 0.0273
vn 0.9781 -0.0225 0.2068
vn 0.8427 -0.0173 0.5381
vn 0.5816 -0.0090 0.8134
vn 0.3556 -0.0025 0.9346
vn 0.2147 0.0012 0.9767
vn 0.1316 0.0029 0.9913
vn 0.0811 0.0035 0.9967
vn 0.0817 -0.0098 0.9966
vn 0.0823 -0.0400 0.9958
vn 0.0826 -0.0924 0.9923
vn 0.0821 -0.1712 0.9818
vn 0.0805 -0.2673 0.9602
vn 0.0771 -0.3815 0.9212
vn 0.0720 -0.5055 0.8598
vn 0.0925 -0.6486 0.7555
vn 0.1136 -0.7950 0.5960
vn 0.1291 -0.9057 0.4038
vn 0.1370 -0.9664 0.2174
vn 0.1388 -0.9862 0.0899
vn 0.1382 -0.9902 0.0206
vn 0.0326 -0.2878 0.9571
vn 0.0322 -0.1896 0.9813
vn 0.0318 -0.1167 0.9927
vn 0.0313 -0.0622 0.9976
vn 0.0310 -0.0268 0.9992
vn 0.0307 -0.0063 0.9995
vn 0.0187 -0.2788 0.9602
vn 0.0180 -0.1787 0.9837
vn 0.0175 -0.1078 0.9940
vn 0.0172 -0.0580 0.9982
vn 0.0170 -0.0258 0.9995
vn 0.0168 -0.0069 0.9998
vn 0.0062 -0.2757 0.9612
vn 0.0059 -0.1752 0.9845
vn 0.0056 -0.1054 0.9944
vn 0.0055 -0.0578 0.9983
vn 0.0054 -0.0271 0.9996
vn 0.0054 -0.0087 0.9999
vn -0.0062 -0.2781 0.9605
vn -0.0058 -0.1783 0.9840
vn -0.0056 -0.1087 0.9941
vn -0.0055 -0.0612 0.9981
vn -0.0054 -0.0304 0.9995
vn -0.0053 -0.0117 0.9999
vn -0.0183 -0.2856 0.9582
vn -0.0177 -0.1878 0.9820
vn -0.0172 -0.1180 0.9929
vn -0.0170 -0.0684 0.9975
vn -0.0168 -0.0360 0.9992
vn -0.0167 -0.0162 0.9997
vn -0.0313 -0.2986 0.9539
vn -0.0311 -0.2045 0.9784
vn -0.0309 -0.1339 0.9905
vn -0.0306 -0.0802 0.9963
vn -0.0304 -0.0445 0.9985
vn -0.0303 -0.0227 0.9993
vn 0.0488 -0.4248 0.9040
vn 0.0507 -0.3125 0.9486
vn 0.0513 -0.2141 0.9755
vn 0.0513 -0.1351 0.9895
vn 0.0511 -0.0721 0.9961
vn 0.0507 -0.0308 0.9982
vn 0.0503 -0.0071 0.9987
vn 0.0499 0.0033 0.9987
vn 0.0305 0.0027 0.9995
vn 0.0167 0.0016 0.9999
vn 0.0053 -0.0002 1.0000
vn -0.0053 -0.0028 1.0000
vn -0.0166 -0.0064 0.9998
vn -0.0302 -0.0114 0.9995
vn -0.0491 -0.0184 0.9986
vn -0.0492 -0.0322 0.9983
vn -0.0492 -0.0578 0.9971
vn -0.0492 -0.0991 0.9939
vn -0.0491 -0.1598 0.9859
vn -0.0487 -0.2345 0.9709
vn -0.0478 -0.3263 0.9441
vn -0.0459 -0.4304 0.9015
vn -0.0323 -0.4265 0.9039
vn -0.0195 -0.4216 0.9066
vn -0.0068 -0.4183 0.9083
vn 0.0069 -0.4173 0.9087
vn 0.0200 -0.4188 0.9079
vn 0.0337 -0.4222 0.9059
vn -0.2109 -0.9763 -0.0488
vn -0.3244 -0.9433 -0.0703
vn -0.4898 -0.8656 -0.1039
vn -0.7002 -0.6983 -0.1488
vn -0.8830 -0.4297 -0.1891
vn -0.9638 -0.1672 -0.2076
vn -0.2088 -0.9668 -0.1475
vn -0.3181 -0.9246 -0.2098
vn -0.4699 -0.8292 -0.3027
vn -0.6453 -0.6413 -0.4151
vn -0.7777 -0.3766 -0.5034
vn -0.8297 -0.1431 -0.5396
vn -0.1999 -0.9275 -0.3160
vn -0.2932 -0.8539 -0.4301
vn -0.4035 -0.7122 -0.5744
vn -0.5011 -0.4962 -0.7090
vn -0.5549 -0.2669 -0.7879
vn -0.5717 -0.0978 -0.8146
vn -0.1767 -0.8268 -0.5339
vn -0.2390 -0.7036 -0.6692
vn -0.2949 -0.5261 -0.7976
vn -0.3307 -0.3291 -0.8845
vn -0.3454 -0.1661 -0.9237
vn -0.3491 -0.0595 -0.9352
vn -0.1421 -0.6751 -0.7239
vn -0.1731 -0.5233 -0.8344
vn -0.1944 -0.3592 -0.9128
vn -0.2058 -0.2110 -0.9556
vn -0.2098 -0.1032 -0.9723
vn -0.2106 -0.0366 -0.9769
vn -0.1046 -0.5134 -0.8517
vn -0.1166 -0.3736 -0.9202
vn -0.1237 -0.2472 -0.9610
vn -0.1274 -0.1412 -0.9818
vn -0.1287 -0.0679 -0.9894
vn -0.1290 -0.0239 -0.9914
vn -0.1346 -0.9909 -0.0046
vn -0.2112 -0.9774 -0.0063
vn -0.3251 -0.9456 -0.0091
vn -0.4921 -0.8704 -0.0135
vn -0.7075 -0.7065 -0.0195
vn -0.8986 -0.4381 -0.0249
vn -0.9848 -0.1712 -0.0275
vn -0.9993 -0.0244 -0.0279
vn -0.9772 -0.0238 -0.2109
vn -0.8377 -0.0203 -0.5458
vn -0.5739 -0.0138 -0.8188
vn -0.3494 -0.0083 -0.9369
vn -0.2107 -0.0051 -0.9775
vn -0.1290 -0.0033 -0.9916
vn -0.0795 -0.0024 -0.9968
vn -0.0795 -0.0170 -0.9967
vn -0.0794 -0.0485 -0.9957
vn -0.0790 -0.1018 -0.9917
vn -0.0778 -0.1806 -0.9805
vn -0.0755 -0.2751 -0.9584
vn -0.0718 -0.3859 -0.9197
vn -0.0668 -0.5057 -0.8601
vn -0.0858 -0.6442 -0.7601
vn -0.1057 -0.7868 -0.6081
vn -0.1213 -0.8980 -0.4230
vn -0.1305 -0.9623 -0.2386
vn -0.1337 -0.9850 -0.1089
vn -0.1345 -0.9903 -0.0358
vt 0.517976 0.031189
vt 0.532488 0.031190
vt 0.533586 0.062022
vt 0.519801 0.062013
vt 0.547523 0.031193
vt 0.548122 0.062046
vt 0.562822 0.031199
vt 0.563124 0.062093
vt 0.578261 0.031209
vt 0.578388 0.062168
vt 0.593790 0.031221
vt 0.593828 0.062266
vt 0.609380 0.031235
vt 0.609385 0.062379
vt 0.534432 0.092136
vt 0.521033 0.092106
vt 0.548628 0.092218
vt 0.563385 0.092377
vt 0.578498 0.092630
vt 0.593861 0.092960
vt 0.609389 0.093342
vt 0.535021 0.121175
vt 0.521807 0.121104
vt 0.549008 0.121368
vt 0.563585 0.121745
vt 0.578583 0.122345
vt 0.593886 0.123128
vt 0.609392 0.124034
vt 0.535381 0.148774
vt 0.522267 0.148640
vt 0.549245 0.149140
vt 0.563711 0.149852
vt 0.578636 0.150991
vt 0.593901 0.152508
vt 0.609394 0.154306
vt 0.535567 0.174550
vt 0.522504 0.174346
vt 0.549367 0.175106
vt 0.563775 0.176188
vt 0.578663 0.177954
vt 0.593909 0.180491
vt 0.609395 0.183786
vt 0.535635 0.198114
vt 0.522591 0.197852
vt 0.549412 0.198823
vt 0.563799 0.200205
vt 0.578673 0.202526
vt 0.593912 0.206221
vt 0.609395 0.211697
vt 0.500000 0.000000
vt 0.515625 0.000000
vt 0.504924 0.031189
vt 0.531250 0.000000
vt 0.546875 0.000000
vt 0.562500 0.000000
vt 0.578125 0.000000
vt 0.593750 0.000000
vt 0.609375 0.000000
vt 0.625000 0.000000
vt 0.625000 0.031250
vt 0.625000 0.062500
vt 0.625000 0.093750
vt 0.625000 0.125000
vt 0.625000 0.156250
vt 0.625000 0.187500
vt 0.625000 0.218750
vt 0.625000 0.250000
vt 0.609395 0.235230
vt 0.593913 0.228190
vt 0.578674 0.223918
vt 0.563802 0.221354
vt 0.549418 0.219849
vt 0.535645 0.219076
vt 0.522603 0.218791
vt 0.510403 0.197815
vt 0.510417 0.218750
vt 0.510308 0.174316
vt 0.510050 0.148621
vt 0.509549 0.121094
vt 0.508694 0.092102
vt 0.507270 0.062012
vt 0.532886 0.160305
vt 0.559436 0.160303
vt 0.561445 0.172705
vt 0.536226 0.172718
vt 0.586942 0.160299
vt 0.588038 0.172668
vt 0.614931 0.160290
vt 0.615483 0.172597
vt 0.643175 0.160276
vt 0.643408 0.172484
vt 0.671586 0.160257
vt 0.671655 0.172337
vt 0.700106 0.160236
vt 0.700115 0.172166
vt 0.562992 0.186187
vt 0.538479 0.186232
vt 0.588963 0.186064
vt 0.615960 0.185825
vt 0.643610 0.185443
vt 0.671714 0.184945
vt 0.700122 0.184370
vt 0.564069 0.201289
vt 0.539894 0.201397
vt 0.589658 0.200998
vt 0.616326 0.200431
vt 0.643764 0.199527
vt 0.671760 0.198347
vt 0.700128 0.196983
vt 0.564728 0.218561
vt 0.540737 0.218764
vt 0.590089 0.218010
vt 0.616550 0.216938
vt 0.643850 0.215221
vt 0.671776 0.212936
vt 0.700123 0.210227
vt 0.565061 0.238580
vt 0.541169 0.238888
vt 0.590294 0.237743
vt 0.616624 0.236112
vt 0.643821 0.233451
vt 0.671698 0.229629
vt 0.700065 0.224665
vt 0.565172 0.261932
vt 0.541327 0.262326
vt 0.590326 0.260863
vt 0.616550 0.258781
vt 0.643623 0.255285
vt 0.671410 0.249724
vt 0.699809 0.241483
vt 0.500000 0.148442
vt 0.528585 0.148442
vt 0.509007 0.160305
vt 0.557171 0.148442
vt 0.585756 0.148442
vt 0.614341 0.148442
vt 0.642927 0.148442
vt 0.671512 0.148442
vt 0.700097 0.148442
vt 0.728683 0.148442
vt 0.728683 0.160213
vt 0.728683 0.171984
vt 0.728683 0.183755
vt 0.728683 0.195527
vt 0.728683 0.207298
vt 0.728683 0.219069
vt 0.728683 0.230840
vt 0.728683 0.242611
vt 0.698601 0.265088
vt 0.670619 0.275533
vt 0.643175 0.281917
vt 0.616326 0.285771
vt 0.590241 0.288040
vt 0.565161 0.289205
vt 0.541346 0.289634
vt 0.519032 0.262383
vt 0.519057 0.289695
vt 0.518858 0.238932
vt 0.518387 0.218793
vt 0.517469 0.201412
vt 0.515906 0.186238
vt 0.513300 0.172720
vt 0.541340 0.321090
vt 0.565116 0.320698
vt 0.565068 0.355570
vt 0.541334 0.355865
vt 0.590092 0.319633
vt 0.589927 0.354769
vt 0.615973 0.317559
vt 0.615582 0.353210
vt 0.642451 0.314099
vt 0.641654 0.350692
vt 0.669163 0.308704
vt 0.667573 0.347232
vt 0.695524 0.301112
vt 0.692604 0.343129
vt 0.565028 0.392696
vt 0.541329 0.392853
vt 0.589794 0.392268
vt 0.615266 0.391435
vt 0.641030 0.390120
vt 0.666457 0.388481
vt 0.690847 0.386761
vt 0.565012 0.430948
vt 0.541327 0.430948
vt 0.589739 0.430948
vt 0.615135 0.430948
vt 0.640780 0.430948
vt 0.666053 0.430948
vt 0.690283 0.430948
vt 0.565028 0.469200
vt 0.541329 0.469043
vt 0.589794 0.469628
vt 0.615266 0.470461
vt 0.641030 0.471776
vt 0.666457 0.473415
vt 0.690847 0.475135
vt 0.565068 0.506326
vt 0.541334 0.506031
vt 0.589927 0.507127
vt 0.615582 0.508686
vt 0.641654 0.511204
vt 0.667573 0.514664
vt 0.692604 0.518767
vt 0.565116 0.541198
vt 0.541340 0.540806
vt 0.590092 0.542263
vt 0.615973 0.544337
vt 0.642451 0.547797
vt 0.669163 0.553192
vt 0.695524 0.560784
vt 0.519057 0.321146
vt 0.719610 0.293469
vt 0.715556 0.339600
vt 0.713444 0.385320
vt 0.712802 0.430948
vt 0.713444 0.476576
vt 0.715556 0.522296
vt 0.719610 0.568427
vt 0.728683 0.619285
vt 0.698601 0.596808
vt 0.670619 0.586363
vt 0.643175 0.579979
vt 0.616326 0.576125
vt 0.590241 0.573856
vt 0.565161 0.572691
vt 0.541346 0.572262
vt 0.519057 0.540750
vt 0.519057 0.572201
vt 0.519057 0.505989
vt 0.519057 0.469020
vt 0.519057 0.430948
vt 0.519057 0.392876
vt 0.519057 0.355907
vt 0.522591 0.945313
vt 0.535635 0.945313
vt 0.535567 0.953125
vt 0.522504 0.953125
vt 0.549412 0.945313
vt 0.549367 0.953125
vt 0.563799 0.945313
vt 0.563775 0.953125
vt 0.578673 0.945312
vt 0.578663 0.953125
vt 0.593912 0.945312
vt 0.593909 0.953125
vt 0.609395 0.945312
vt 0.609395 0.953125
vt 0.535381 0.960938
vt 0.522267 0.960938
vt 0.549245 0.960938
vt 0.563711 0.960938
vt 0.578636 0.960938
vt 0.593901 0.960938
vt 0.609394 0.960938
vt 0.535021 0.968750
vt 0.521807 0.968750
vt 0.549008 0.968750
vt 0.563585 0.968750
vt 0.578583 0.968750
vt 0.593886 0.968750
vt 0.609392 0.968750
vt 0.534432 0.976563
vt 0.521033 0.976563
vt 0.548628 0.976563
vt 0.563385 0.976563
vt 0.578498 0.976563
vt 0.593861 0.976563
vt 0.609389 0.976562
vt 0.533586 0.984375
vt 0.519801 0.984375
vt 0.548122 0.984375
vt 0.563124 0.984375
vt 0.578388 0.984375
vt 0.593828 0.984375
vt 0.609385 0.984375
vt 0.532488 0.992188
vt 0.517976 0.992188
vt 0.547523 0.992188
vt 0.562822 0.992188
vt 0.578261 0.992188
vt 0.593790 0.992188
vt 0.609380 0.992188
vt 0.510417 0.937500
vt 0.522603 0.937500
vt 0.510403 0.945313
vt 0.535645 0.937500
vt 0.549418 0.937500
vt 0.563802 0.937500
vt 0.578674 0.937500
vt 0.593913 0.937500
vt 0.609395 0.937500
vt 0.625000 0.937500
vt 0.625000 0.945313
vt 0.625000 0.953125
vt 0.625000 0.960938
vt 0.625000 0.968750
vt 0.625000 0.976563
vt 0.625000 0.984375
vt 0.625000 0.992188
vt 0.625000 1.000000
vt 0.609375 1.000000
vt 0.593750 1.000000
vt 0.578125 1.000000
vt 0.562500 1.000000
vt 0.546875 1.000000
vt 0.531250 1.000000
vt 0.515625 1.000000
vt 0.504924 0.992188
vt 0.500000 1.000000
vt 0.507270 0.984375
vt 0.508694 0.976563
vt 0.509549 0.968750
vt 0.510050 0.960938
vt 0.510308 0.953125
vt 0.171269 0.289695
vt 0.185562 0.289695
vt 0.185562 0.336779
vt 0.171269 0.336779
vt 0.199854 0.289695
vt 0.199854 0.336779
vt 0.214147 0.289695
vt 0.214147 0.336779
vt 0.228440 0.289716
vt 0.228440 0.336810
vt 0.242732 0.289864
vt 0.242732 0.337025
vt 0.257025 0.290492
vt 0.257025 0.337714
vt 0.185562 0.383864
vt 0.171269 0.383864
vt 0.199854 0.383864
vt 0.214147 0.383864
vt 0.228440 0.383885
vt 0.242732 0.384032
vt 0.257025 0.384446
vt 0.185562 0.430948
vt 0.171269 0.430948
vt 0.199854 0.430948
vt 0.214147 0.430948
vt 0.228440 0.430948
vt 0.242732 0.430948
vt 0.257025 0.430948
vt 0.185562 0.478032
vt 0.171269 0.478032
vt 0.199854 0.478032
vt 0.214147 0.478032
vt 0.228440 0.478011
vt 0.242732 0.477864
vt 0.257025 0.477450
vt 0.185562 0.525117
vt 0.171269 0.525117
vt 0.199854 0.525117
vt 0.214147 0.525117
vt 0.228440 0.525086
vt 0.242732 0.524871
vt 0.257025 0.524182
vt 0.185562 0.572201
vt 0.171269 0.572201
vt 0.199854 0.572201
vt 0.214147 0.572201
vt 0.228440 0.572180
vt 0.242732 0.572032
vt 0.257025 0.571404
vt 0.156976 0.242611
vt 0.171269 0.242611
vt 0.156976 0.289695
vt 0.185562 0.242611
vt 0.199854 0.242611
vt 0.214147 0.242611
vt 0.228440 0.242611
vt 0.242732 0.242611
vt 0.257025 0.242611
vt 0.271317 0.242611
vt 0.271318 0.293469
vt 0.271318 0.339600
vt 0.271318 0.385320
vt 0.271318 0.430948
vt 0.271317 0.476576
vt 0.271318 0.522296
vt 0.271318 0.568427
vt 0.271317 0.619285
vt 0.257025 0.619285
vt 0.242732 0.619285
vt 0.228440 0.619285
vt 0.214147 0.619285
vt 0.199854 0.619285
vt 0.185562 0.619285
vt 0.171269 0.619285
vt 0.156976 0.572201
vt 0.156976 0.619285
vt 0.156976 0.525117
vt 0.156976 0.478032
vt 0.156976 0.430948
vt 0.156976 0.383864
vt 0.156976 0.336779
vt 0.820312 0.531250
vt 0.828125 0.531250
vt 0.828125 0.562500
vt 0.820313 0.562500
vt 0.835938 0.531250
vt 0.835938 0.562500
vt 0.843750 0.531250
vt 0.843750 0.562500
vt 0.851563 0.531250
vt 0.851563 0.562500
vt 0.859375 0.531250
vt 0.859375 0.562500
vt 0.867188 0.531250
vt 0.867188 0.562500
vt 0.828125 0.593750
vt 0.820313 0.593750
vt 0.835938 0.593750
vt 0.843750 0.593750
vt 0.851563 0.593750
vt 0.859375 0.593750
vt 0.867188 0.593750
vt 0.828125 0.625000
vt 0.820313 0.625000
vt 0.835938 0.625000
vt 0.843750 0.625000
vt 0.851563 0.625000
vt 0.859375 0.625000
vt 0.867188 0.625000
vt 0.828125 0.656250
vt 0.820313 0.656250
vt 0.835938 0.656250
vt 0.843750 0.656250
vt 0.851563 0.656250
vt 0.859375 0.656250
vt 0.867188 0.656250
vt 0.828125 0.687500
vt 0.820312 0.687500
vt 0.835938 0.687500
vt 0.843750 0.687500
vt 0.851563 0.687500
vt 0.859375 0.687500
vt 0.867188 0.687500
vt 0.828125 0.718750
vt 0.820312 0.718750
vt 0.835938 0.718750
vt 0.843750 0.718750
vt 0.851563 0.718750
vt 0.859375 0.718750
vt 0.867188 0.718750
vt 0.812500 0.500000
vt 0.820313 0.500000
vt 0.812500 0.531250
vt 0.828125 0.500000
vt 0.835938 0.500000
vt 0.843750 0.500000
vt 0.851563 0.500000
vt 0.859375 0.500000
vt 0.867188 0.500000
vt 0.875000 0.500000
vt 0.875000 0.531250
vt 0.875000 0.562500
vt 0.875000 0.593750
vt 0.875000 0.625000
vt 0.875000 0.656250
vt 0.875000 0.687500
vt 0.875000 0.718750
vt 0.875000 0.750000
vt 0.867188 0.750000
vt 0.859375 0.750000
vt 0.851563 0.750000
vt 0.843750 0.750000
vt 0.835938 0.750000
vt 0.828125 0.750000
vt 0.820313 0.750000
vt 0.812500 0.718750
vt 0.812500 0.750000
vt 0.812500 0.687500
vt 0.812500 0.656250
vt 0.812500 0.625000
vt 0.812500 0.593750
vt 0.812500 0.562500
vt 0.445333 0.945313
vt 0.453287 0.945313
vt 0.453284 0.953125
vt 0.445332 0.953125
vt 0.461485 0.945313
vt 0.461475 0.953125
vt 0.470049 0.945313
vt 0.470025 0.953125
vt 0.479099 0.945313
vt 0.479054 0.953125
vt 0.488760 0.945313
vt 0.488692 0.953125
vt 0.499153 0.945313
vt 0.499066 0.953125
vt 0.453276 0.960938
vt 0.445331 0.960938
vt 0.461448 0.960938
vt 0.469961 0.960938
vt 0.478933 0.960938
vt 0.488506 0.960938
vt 0.498830 0.960938
vt 0.453261 0.968750
vt 0.445330 0.968750
vt 0.461395 0.968750
vt 0.469835 0.968750
vt 0.478695 0.968750
vt 0.488146 0.968750
vt 0.498369 0.968750
vt 0.453236 0.976563
vt 0.445326 0.976563
vt 0.461311 0.976563
vt 0.469635 0.976563
vt 0.478315 0.976563
vt 0.487557 0.976563
vt 0.497595 0.976563
vt 0.453203 0.984375
vt 0.445322 0.984375
vt 0.461201 0.984375
vt 0.469374 0.984375
vt 0.477810 0.984375
vt 0.486711 0.984375
vt 0.496364 0.984375
vt 0.453165 0.992188
vt 0.445318 0.992188
vt 0.461073 0.992188
vt 0.469072 0.992188
vt 0.477211 0.992188
vt 0.485613 0.992188
vt 0.494538 0.992188
vt 0.437500 0.937500
vt 0.445333 0.937500
vt 0.437500 0.945313
vt 0.453288 0.937500
vt 0.461487 0.937500
vt 0.470052 0.937500
vt 0.479106 0.937500
vt 0.488770 0.937500
vt 0.499166 0.937500
vt 0.492188 1.000000
vt 0.484375 1.000000
vt 0.476563 1.000000
vt 0.468750 1.000000
vt 0.460938 1.000000
vt 0.453125 1.000000
vt 0.445313 1.000000
vt 0.437500 0.992188
vt 0.437500 1.000000
vt 0.437500 0.984375
vt 0.437500 0.976563
vt 0.437500 0.968750
vt 0.437500 0.960938
vt 0.437500 0.953125
vt 0.399989 0.321146
vt 0.414542 0.321146
vt 0.414542 0.355907
vt 0.399989 0.355907
vt 0.429542 0.321146
vt 0.429542 0.355907
vt 0.445212 0.321146
vt 0.445212 0.355907
vt 0.461775 0.321146
vt 0.461775 0.355907
vt 0.479454 0.321146
vt 0.479454 0.355907
vt 0.498474 0.321146
vt 0.498474 0.355907
vt 0.414542 0.392876
vt 0.399989 0.392876
vt 0.429542 0.392876
vt 0.445211 0.392876
vt 0.461775 0.392876
vt 0.479454 0.392876
vt 0.498474 0.392876
vt 0.414542 0.430948
vt 0.399989 0.430948
vt 0.429542 0.430948
vt 0.445212 0.430948
vt 0.461775 0.430948
vt 0.479454 0.430948
vt 0.498474 0.430948
vt 0.414542 0.469020
vt 0.399989 0.469020
vt 0.429542 0.469020
vt 0.445212 0.469020
vt 0.461775 0.469020
vt 0.479454 0.469020
vt 0.498474 0.469020
vt 0.414542 0.505989
vt 0.399989 0.505989
vt 0.429542 0.505989
vt 0.445212 0.505989
vt 0.461775 0.505989
vt 0.479454 0.505989
vt 0.498474 0.505989
vt 0.414542 0.540750
vt 0.399989 0.540750
vt 0.429542 0.540750
vt 0.445212 0.540750
vt 0.461775 0.540750
vt 0.479454 0.540750
vt 0.498474 0.540750
vt 0.385659 0.289695
vt 0.399989 0.289695
vt 0.385659 0.321146
vt 0.414542 0.289695
vt 0.429542 0.289695
vt 0.445212 0.289695
vt 0.461775 0.289695
vt 0.479454 0.289695
vt 0.498474 0.289695
vt 0.519057 0.321146
vt 0.519057 0.355907
vt 0.519057 0.392876
vt 0.519057 0.469020
vt 0.519057 0.540750
vt 0.519057 0.572201
vt 0.498474 0.572201
vt 0.479454 0.572201
vt 0.461775 0.572201
vt 0.445212 0.572201
vt 0.429542 0.572201
vt 0.414542 0.572201
vt 0.399989 0.572201
vt 0.385659 0.540750
vt 0.385659 0.572201
vt 0.385659 0.505989
vt 0.385659 0.469020
vt 0.385659 0.430948
vt 0.385659 0.392876
vt 0.385659 0.355907
vt 0.399961 0.160305
vt 0.414318 0.160305
vt 0.414387 0.172720
vt 0.399969 0.172720
vt 0.428785 0.160305
vt 0.429018 0.172720
vt 0.443419 0.160305
vt 0.443971 0.172720
vt 0.458308 0.160305
vt 0.459404 0.172720
vt 0.473680 0.160305
vt 0.475689 0.172720
vt 0.490008 0.160305
vt 0.493348 0.172720
vt 0.414447 0.186238
vt 0.399977 0.186238
vt 0.429220 0.186238
vt 0.444449 0.186238
vt 0.460329 0.186238
vt 0.477236 0.186238
vt 0.495601 0.186238
vt 0.414492 0.201412
vt 0.399982 0.201412
vt 0.429374 0.201412
vt 0.444815 0.201412
vt 0.461024 0.201412
vt 0.478313 0.201412
vt 0.497016 0.201412
vt 0.414521 0.218793
vt 0.399986 0.218793
vt 0.429471 0.218793
vt 0.445044 0.218793
vt 0.461458 0.218793
vt 0.478973 0.218793
vt 0.497859 0.218793
vt 0.414536 0.238932
vt 0.399988 0.238932
vt 0.429521 0.238932
vt 0.445162 0.238932
vt 0.461681 0.238932
vt 0.479312 0.238932
vt 0.498292 0.238932
vt 0.414541 0.262383
vt 0.399989 0.262383
vt 0.429539 0.262383
vt 0.445205 0.262383
vt 0.461763 0.262383
vt 0.479437 0.262383
vt 0.498451 0.262383
vt 0.385659 0.148442
vt 0.399951 0.148442
vt 0.385659 0.160305
vt 0.414244 0.148442
vt 0.428537 0.148442
vt 0.442829 0.148442
vt 0.457122 0.148442
vt 0.471415 0.148442
vt 0.485707 0.148442
vt 0.498474 0.289695
vt 0.479454 0.289695
vt 0.461775 0.289695
vt 0.445212 0.289695
vt 0.429542 0.289695
vt 0.414542 0.289695
vt 0.399989 0.289695
vt 0.385659 0.262383
vt 0.385659 0.238932
vt 0.385659 0.218793
vt 0.385659 0.201412
vt 0.385659 0.186238
vt 0.385659 0.172720
vt 0.445318 0.031189
vt 0.453165 0.031189
vt 0.453203 0.062012
vt 0.445322 0.062012
vt 0.461073 0.031189
vt 0.461201 0.062012
vt 0.469072 0.031189
vt 0.469374 0.062012
vt 0.477211 0.031189
vt 0.477810 0.062012
vt 0.485613 0.031189
vt 0.486711 0.062012
vt 0.494538 0.031189
vt 0.496364 0.062012
vt 0.453236 0.092102
vt 0.445326 0.092102
vt 0.461311 0.092102
vt 0.469635 0.092102
vt 0.478315 0.092102
vt 0.487557 0.092102
vt 0.497595 0.092102
vt 0.453261 0.121094
vt 0.445330 0.121094
vt 0.461395 0.121094
vt 0.469835 0.121094
vt 0.478695 0.121094
vt 0.488146 0.121094
vt 0.498369 0.121094
vt 0.453276 0.148621
vt 0.445332 0.148621
vt 0.461448 0.148621
vt 0.469961 0.148621
vt 0.478933 0.148621
vt 0.488506 0.148621
vt 0.498830 0.148621
vt 0.453284 0.174316
vt 0.445332 0.174316
vt 0.461475 0.174316
vt 0.470025 0.174316
vt 0.479054 0.174316
vt 0.488692 0.174316
vt 0.499066 0.174316
vt 0.453287 0.197815
vt 0.445333 0.197815
vt 0.461485 0.197815
vt 0.470049 0.197815
vt 0.479099 0.197815
vt 0.488760 0.197815
vt 0.499153 0.197815
vt 0.437500 0.000000
vt 0.445313 0.000000
vt 0.437500 0.031189
vt 0.453125 0.000000
vt 0.460938 0.000000
vt 0.468750 0.000000
vt 0.476563 0.000000
vt 0.484375 0.000000
vt 0.492188 0.000000
vt 0.499166 0.218750
vt 0.488770 0.218750
vt 0.479106 0.218750
vt 0.470052 0.218750
vt 0.461487 0.218750
vt 0.453288 0.218750
vt 0.445333 0.218750
vt 0.437500 0.197815
vt 0.437500 0.218750
vt 0.437500 0.174316
vt 0.437500 0.148621
vt 0.437500 0.121094
vt 0.437500 0.092102
vt 0.437500 0.062012
vt 0.445333 0.320313
vt 0.453288 0.320312
vt 0.453288 0.328125
vt 0.445333 0.328125
vt 0.461487 0.320312
vt 0.461487 0.328125
vt 0.470052 0.320313
vt 0.470052 0.328125
vt 0.479106 0.320312
vt 0.479106 0.328125
vt 0.488770 0.320312
vt 0.488770 0.328125
vt 0.499166 0.320313
vt 0.499166 0.328125
vt 0.453288 0.335938
vt 0.445333 0.335938
vt 0.461487 0.335938
vt 0.470052 0.335938
vt 0.479106 0.335938
vt 0.488770 0.335938
vt 0.499166 0.335938
vt 0.453288 0.343750
vt 0.445333 0.343750
vt 0.461487 0.343750
vt 0.470052 0.343750
vt 0.479106 0.343750
vt 0.488770 0.343750
vt 0.499166 0.343750
vt 0.453288 0.351563
vt 0.445333 0.351562
vt 0.461487 0.351563
vt 0.470052 0.351563
vt 0.479106 0.351563
vt 0.488770 0.351563
vt 0.499166 0.351562
vt 0.453288 0.359375
vt 0.445333 0.359375
vt 0.461487 0.359375
vt 0.470052 0.359375
vt 0.479106 0.359375
vt 0.488770 0.359375
vt 0.499166 0.359375
vt 0.453288 0.367188
vt 0.445333 0.367188
vt 0.461487 0.367188
vt 0.470052 0.367188
vt 0.479106 0.367188
vt 0.488770 0.367188
vt 0.499166 0.367188
vt 0.437500 0.312500
vt 0.445333 0.312500
vt 0.437500 0.320312
vt 0.453288 0.312500
vt 0.461487 0.312500
vt 0.470052 0.312500
vt 0.479106 0.312500
vt 0.488770 0.312500
vt 0.499166 0.312500
vt 0.510417 0.312500
vt 0.510417 0.320312
vt 0.510417 0.328125
vt 0.510417 0.335938
vt 0.510417 0.343750
vt 0.510417 0.351563
vt 0.510417 0.359375
vt 0.510417 0.367188
vt 0.510417 0.375000
vt 0.499166 0.375000
vt 0.488770 0.375000
vt 0.479106 0.375000
vt 0.470052 0.375000
vt 0.461487 0.375000
vt 0.453288 0.375000
vt 0.445333 0.375000
vt 0.437500 0.367188
vt 0.437500 0.375000
vt 0.437500 0.359375
vt 0.437500 0.351563
vt 0.437500 0.343750
vt 0.437500 0.335938
vt 0.437500 0.328125
vt 0.445318 0.820313
vt 0.453165 0.820313
vt 0.453203 0.828125
vt 0.445322 0.828125
vt 0.461073 0.820313
vt 0.461201 0.828125
vt 0.469072 0.820313
vt 0.469374 0.828125
vt 0.477211 0.820313
vt 0.477810 0.828125
vt 0.485613 0.820313
vt 0.486711 0.828125
vt 0.494538 0.820313
vt 0.496364 0.828125
vt 0.453236 0.835938
vt 0.445326 0.835938
vt 0.461311 0.835938
vt 0.469635 0.835938
vt 0.478315 0.835938
vt 0.487557 0.835938
vt 0.497595 0.835938
vt 0.453261 0.843750
vt 0.445330 0.843750
vt 0.461395 0.843750
vt 0.469835 0.843750
vt 0.478695 0.843750
vt 0.488146 0.843750
vt 0.498369 0.843750
vt 0.453276 0.851562
vt 0.445332 0.851562
vt 0.461448 0.851562
vt 0.469961 0.851562
vt 0.478933 0.851562
vt 0.488506 0.851562
vt 0.498830 0.851562
vt 0.453284 0.859375
vt 0.445332 0.859375
vt 0.461475 0.859375
vt 0.470025 0.859375
vt 0.479054 0.859375
vt 0.488692 0.859375
vt 0.499066 0.859375
vt 0.453287 0.867188
vt 0.445333 0.867188
vt 0.461485 0.867188
vt 0.470049 0.867188
vt 0.479099 0.867188
vt 0.488760 0.867188
vt 0.499153 0.867188
vt 0.437500 0.812500
vt 0.445313 0.812500
vt 0.437500 0.820313
vt 0.453125 0.812500
vt 0.460938 0.812500
vt 0.468750 0.812500
vt 0.476563 0.812500
vt 0.484375 0.812500
vt 0.492188 0.812500
vt 0.500000 0.812500
vt 0.504924 0.820313
vt 0.507270 0.828125
vt 0.508694 0.835938
vt 0.509549 0.843750
vt 0.510050 0.851562
vt 0.510308 0.859375
vt 0.510403 0.867188
vt 0.510417 0.875000
vt 0.499166 0.875000
vt 0.488770 0.875000
vt 0.479106 0.875000
vt 0.470052 0.875000
vt 0.461487 0.875000
vt 0.453288 0.875000
vt 0.445333 0.875000
vt 0.437500 0.867188
vt 0.437500 0.875000
vt 0.437500 0.859375
vt 0.437500 0.851562
vt 0.437500 0.843750
vt 0.437500 0.835938
vt 0.437500 0.828125
vt 0.695312 0.531250
vt 0.703125 0.531250
vt 0.703125 0.562500
vt 0.695313 0.562500
vt 0.710938 0.531250
vt 0.710938 0.562500
vt 0.718750 0.531250
vt 0.718750 0.562500
vt 0.726562 0.531250
vt 0.726563 0.562500
vt 0.734375 0.531250
vt 0.734375 0.562500
vt 0.742188 0.531250
vt 0.742188 0.562500
vt 0.703125 0.593750
vt 0.695312 0.593750
vt 0.710938 0.593750
vt 0.718750 0.593750
vt 0.726563 0.593750
vt 0.734375 0.593750
vt 0.742188 0.593750
vt 0.703125 0.625000
vt 0.695312 0.625000
vt 0.710938 0.625000
vt 0.718750 0.625000
vt 0.726563 0.625000
vt 0.734375 0.625000
vt 0.742188 0.625000
vt 0.703125 0.656250
vt 0.695313 0.656250
vt 0.710938 0.656250
vt 0.718750 0.656250
vt 0.726563 0.656250
vt 0.734375 0.656250
vt 0.742188 0.656250
vt 0.703125 0.687500
vt 0.695313 0.687500
vt 0.710938 0.687500
vt 0.718750 0.687500
vt 0.726563 0.687500
vt 0.734375 0.687500
vt 0.742188 0.687500
vt 0.703125 0.718750
vt 0.695313 0.718750
vt 0.710938 0.718750
vt 0.718750 0.718750
vt 0.726563 0.718750
vt 0.734375 0.718750
vt 0.742188 0.718750
vt 0.687500 0.500000
vt 0.695313 0.500000
vt 0.687500 0.531250
vt 0.703125 0.500000
vt 0.710938 0.500000
vt 0.718750 0.500000
vt 0.726563 0.500000
vt 0.734375 0.500000
vt 0.742188 0.500000
vt 0.750000 0.500000
vt 0.750000 0.531250
vt 0.750000 0.562500
vt 0.750000 0.593750
vt 0.750000 0.625000
vt 0.750000 0.656250
vt 0.750000 0.687500
vt 0.750000 0.718750
vt 0.750000 0.750000
vt 0.742188 0.750000
vt 0.734375 0.750000
vt 0.726563 0.750000
vt 0.718750 0.750000
vt 0.710938 0.750000
vt 0.703125 0.750000
vt 0.695313 0.750000
vt 0.687500 0.718750
vt 0.687500 0.750000
vt 0.687500 0.687500
vt 0.687500 0.656250
vt 0.687500 0.625000
vt 0.687500 0.593750
vt 0.687500 0.562500
vt 0.195313 0.531250
vt 0.203125 0.531250
vt 0.203125 0.562500
vt 0.195313 0.562500
vt 0.210938 0.531250
vt 0.210938 0.562500
vt 0.218750 0.531250
vt 0.218750 0.562500
vt 0.226562 0.531250
vt 0.226563 0.562500
vt 0.234375 0.531250
vt 0.234375 0.562500
vt 0.242188 0.531250
vt 0.242188 0.562500
vt 0.203125 0.593750
vt 0.195313 0.593750
vt 0.210938 0.593750
vt 0.218750 0.593750
vt 0.226563 0.593750
vt 0.234375 0.593750
vt 0.242188 0.593750
vt 0.203125 0.625000
vt 0.195313 0.625000
vt 0.210938 0.625000
vt 0.218750 0.625000
vt 0.226563 0.625000
vt 0.234375 0.625000
vt 0.242188 0.625000
vt 0.203125 0.656250
vt 0.195313 0.656250
vt 0.210938 0.656250
vt 0.218750 0.656250
vt 0.226563 0.656250
vt 0.234375 0.656250
vt 0.242188 0.656250
vt 0.203125 0.687500
vt 0.195313 0.687500
vt 0.210938 0.687500
vt 0.218750 0.687500
vt 0.226563 0.687500
vt 0.234375 0.687500
vt 0.242188 0.687500
vt 0.203125 0.718750
vt 0.195313 0.718750
vt 0.210938 0.718750
vt 0.218750 0.718750
vt 0.226562 0.718750
vt 0.234375 0.718750
vt 0.242188 0.718750
vt 0.187500 0.500000
vt 0.195313 0.500000
vt 0.187500 0.531250
vt 0.203125 0.500000
vt 0.210938 0.500000
vt 0.218750 0.500000
vt 0.226563 0.500000
vt 0.234375 0.500000
vt 0.242188 0.500000
vt 0.250000 0.500000
vt 0.250000 0.531250
vt 0.250000 0.562500
vt 0.250000 0.593750
vt 0.250000 0.625000
vt 0.250000 0.656250
vt 0.250000 0.687500
vt 0.250000 0.718750
vt 0.250000 0.750000
vt 0.242188 0.750000
vt 0.234375 0.750000
vt 0.226563 0.750000
vt 0.218750 0.750000
vt 0.210938 0.750000
vt 0.203125 0.750000
vt 0.195313 0.750000
vt 0.187500 0.718750
vt 0.187500 0.750000
vt 0.187500 0.687500
vt 0.187500 0.656250
vt 0.187500 0.625000
vt 0.187500 0.593750
vt 0.187500 0.562500
vt 0.517976 0.820313
vt 0.532488 0.820313
vt 0.533586 0.828125
vt 0.519801 0.828125
vt 0.547523 0.820313
vt 0.548122 0.828125
vt 0.562822 0.820313
vt 0.563124 0.828125
vt 0.578261 0.820313
vt 0.578388 0.828125
vt 0.593790 0.820312
vt 0.593828 0.828125
vt 0.609380 0.820313
vt 0.609385 0.828125
vt 0.534432 0.835938
vt 0.521033 0.835938
vt 0.548628 0.835938
vt 0.563385 0.835938
vt 0.578498 0.835938
vt 0.593861 0.835938
vt 0.609389 0.835938
vt 0.535021 0.843750
vt 0.521807 0.843750
vt 0.549008 0.843750
vt 0.563585 0.843750
vt 0.578583 0.843750
vt 0.593886 0.843750
vt 0.609392 0.843750
vt 0.535381 0.851562
vt 0.522267 0.851562
vt 0.549245 0.851562
vt 0.563711 0.851562
vt 0.578636 0.851563
vt 0.593901 0.851562
vt 0.609394 0.851563
vt 0.535567 0.859375
vt 0.522504 0.859375
vt 0.549367 0.859375
vt 0.563775 0.859375
vt 0.578663 0.859375
vt 0.593909 0.859375
vt 0.609395 0.859375
vt 0.535635 0.867188
vt 0.522591 0.867188
vt 0.549412 0.867188
vt 0.563799 0.867188
vt 0.578673 0.867188
vt 0.593912 0.867188
vt 0.609395 0.867188
vt 0.515625 0.812500
vt 0.531250 0.812500
vt 0.546875 0.812500
vt 0.562500 0.812500
vt 0.578125 0.812500
vt 0.593750 0.812500
vt 0.609375 0.812500
vt 0.625000 0.812500
vt 0.625000 0.820313
vt 0.625000 0.828125
vt 0.625000 0.835938
vt 0.625000 0.843750
vt 0.625000 0.851563
vt 0.625000 0.859375
vt 0.625000 0.867188
vt 0.625000 0.875000
vt 0.609395 0.875000
vt 0.593913 0.875000
vt 0.578674 0.875000
vt 0.563802 0.875000
vt 0.549418 0.875000
vt 0.535645 0.875000
vt 0.522603 0.875000
vt 0.522603 0.320312
vt 0.535645 0.320313
vt 0.535645 0.328125
vt 0.522603 0.328125
vt 0.549418 0.320312
vt 0.549418 0.328125
vt 0.563802 0.320313
vt 0.563802 0.328125
vt 0.578674 0.320312
vt 0.578674 0.328125
vt 0.593913 0.320313
vt 0.593913 0.328125
vt 0.609395 0.320313
vt 0.609395 0.328125
vt 0.535645 0.335938
vt 0.522603 0.335938
vt 0.549418 0.335938
vt 0.563802 0.335938
vt 0.578674 0.335938
vt 0.593913 0.335938
vt 0.609395 0.335938
vt 0.535645 0.343750
vt 0.522603 0.343750
vt 0.549418 0.343750
vt 0.563802 0.343750
vt 0.578674 0.343750
vt 0.593913 0.343750
vt 0.609395 0.343750
vt 0.535645 0.351563
vt 0.522603 0.351563
vt 0.549418 0.351562
vt 0.563802 0.351563
vt 0.578674 0.351563
vt 0.593913 0.351563
vt 0.609395 0.351562
vt 0.535645 0.359375
vt 0.522603 0.359375
vt 0.549418 0.359375
vt 0.563802 0.359375
vt 0.578674 0.359375
vt 0.593913 0.359375
vt 0.609395 0.359375
vt 0.535645 0.367188
vt 0.522603 0.367188
vt 0.549418 0.367188
vt 0.563802 0.367188
vt 0.578674 0.367188
vt 0.593913 0.367187
vt 0.609396 0.367188
vt 0.510417 0.312500
vt 0.522603 0.312500
vt 0.510417 0.320312
vt 0.535645 0.312500
vt 0.549418 0.312500
vt 0.563802 0.312500
vt 0.578674 0.312500
vt 0.593913 0.312500
vt 0.609395 0.312500
vt 0.625000 0.312500
vt 0.625000 0.320313
vt 0.625000 0.328125
vt 0.625000 0.335938
vt 0.625000 0.343750
vt 0.625000 0.351563
vt 0.625000 0.359375
vt 0.625000 0.367188
vt 0.625000 0.375000
vt 0.609395 0.375000
vt 0.593913 0.375000
vt 0.578674 0.375000
vt 0.563802 0.375000
vt 0.549418 0.375000
vt 0.535645 0.375000
vt 0.522603 0.375000
vt 0.510417 0.367188
vt 0.510417 0.375000
vt 0.510417 0.359375
vt 0.510417 0.351562
vt 0.510417 0.343750
vt 0.510417 0.335938
vt 0.510417 0.328125
vt 0.541327 0.599570
vt 0.565172 0.599964
vt 0.565061 0.623316
vt 0.541169 0.623008
vt 0.590326 0.601033
vt 0.590294 0.624153
vt 0.616550 0.603115
vt 0.616624 0.625784
vt 0.643623 0.606611
vt 0.643821 0.628445
vt 0.671410 0.612172
vt 0.671698 0.632267
vt 0.699809 0.620413
vt 0.700065 0.637231
vt 0.564728 0.643335
vt 0.540737 0.643132
vt 0.590089 0.643886
vt 0.616550 0.644958
vt 0.643850 0.646675
vt 0.671776 0.648960
vt 0.700123 0.651669
vt 0.564069 0.660607
vt 0.539894 0.660499
vt 0.589658 0.660898
vt 0.616326 0.661465
vt 0.643764 0.662369
vt 0.671760 0.663549
vt 0.700128 0.664913
vt 0.562992 0.675709
vt 0.538479 0.675664
vt 0.588963 0.675832
vt 0.615960 0.676071
vt 0.643610 0.676453
vt 0.671714 0.676951
vt 0.700123 0.677526
vt 0.561445 0.689191
vt 0.536226 0.689178
vt 0.588038 0.689228
vt 0.615483 0.689299
vt 0.643408 0.689412
vt 0.671655 0.689559
vt 0.700115 0.689730
vt 0.559436 0.701593
vt 0.532886 0.701591
vt 0.586941 0.701597
vt 0.614931 0.701606
vt 0.643175 0.701620
vt 0.671586 0.701639
vt 0.700107 0.701660
vt 0.519032 0.599514
vt 0.728683 0.631056
vt 0.728683 0.642827
vt 0.728683 0.654598
vt 0.728683 0.666369
vt 0.728683 0.678140
vt 0.728683 0.689912
vt 0.728683 0.701683
vt 0.728683 0.713454
vt 0.700097 0.713454
vt 0.671512 0.713454
vt 0.642927 0.713454
vt 0.614341 0.713454
vt 0.585756 0.713454
vt 0.557171 0.713454
vt 0.528585 0.713454
vt 0.509007 0.701591
vt 0.500000 0.713454
vt 0.513300 0.689176
vt 0.515906 0.675658
vt 0.517469 0.660484
vt 0.518387 0.643103
vt 0.518858 0.622964
vt 0.738690 0.290492
vt 0.755021 0.289864
vt 0.753136 0.337025
vt 0.735514 0.337714
vt 0.770387 0.289716
vt 0.769372 0.336810
vt 0.785270 0.289695
vt 0.784761 0.336779
vt 0.799900 0.289695
vt 0.799685 0.336779
vt 0.814366 0.289695
vt 0.814302 0.336779
vt 0.828722 0.289695
vt 0.828714 0.336779
vt 0.751928 0.384032
vt 0.733696 0.384446
vt 0.768670 0.383885
vt 0.784402 0.383864
vt 0.799533 0.383864
vt 0.814257 0.383864
vt 0.828708 0.383864
vt 0.751511 0.430948
vt 0.733124 0.430948
vt 0.768409 0.430948
vt 0.784265 0.430948
vt 0.799476 0.430948
vt 0.814240 0.430948
vt 0.828706 0.430948
vt 0.751928 0.477864
vt 0.733696 0.477450
vt 0.768670 0.478011
vt 0.784402 0.478032
vt 0.799533 0.478032
vt 0.814257 0.478032
vt 0.828708 0.478032
vt 0.753136 0.524871
vt 0.735514 0.524182
vt 0.769372 0.525086
vt 0.784761 0.525117
vt 0.799685 0.525117
vt 0.814302 0.525117
vt 0.828714 0.525117
vt 0.755021 0.572032
vt 0.738690 0.571404
vt 0.770387 0.572180
vt 0.785270 0.572201
vt 0.799900 0.572201
vt 0.814366 0.572201
vt 0.828722 0.572201
vt 0.742975 0.242611
vt 0.757268 0.242611
vt 0.771561 0.242611
vt 0.785853 0.242611
vt 0.800146 0.242611
vt 0.814438 0.242611
vt 0.828731 0.242611
vt 0.843024 0.242611
vt 0.843024 0.289695
vt 0.843024 0.336779
vt 0.843024 0.383864
vt 0.843024 0.430948
vt 0.843024 0.478032
vt 0.843024 0.525117
vt 0.843024 0.572201
vt 0.843024 0.619285
vt 0.828731 0.619285
vt 0.814438 0.619285
vt 0.800146 0.619285
vt 0.785853 0.619285
vt 0.771561 0.619285
vt 0.757268 0.619285
vt 0.742975 0.619285
vt 0.399989 0.599513
vt 0.414541 0.599513
vt 0.414536 0.622964
vt 0.399988 0.622964
vt 0.429539 0.599514
vt 0.429521 0.622964
vt 0.445205 0.599514
vt 0.445162 0.622964
vt 0.461763 0.599513
vt 0.461681 0.622964
vt 0.479436 0.599513
vt 0.479312 0.622964
vt 0.498451 0.599514
vt 0.498292 0.622964
vt 0.414521 0.643103
vt 0.399986 0.643103
vt 0.429471 0.643103
vt 0.445044 0.643103
vt 0.461458 0.643103
vt 0.478973 0.643103
vt 0.497859 0.643103
vt 0.414492 0.660484
vt 0.399982 0.660484
vt 0.429374 0.660484
vt 0.444815 0.660484
vt 0.461024 0.660484
vt 0.478313 0.660484
vt 0.497016 0.660484
vt 0.414447 0.675658
vt 0.399977 0.675658
vt 0.429220 0.675658
vt 0.444448 0.675658
vt 0.460329 0.675658
vt 0.477236 0.675658
vt 0.495601 0.675658
vt 0.414387 0.689176
vt 0.399969 0.689176
vt 0.429018 0.689176
vt 0.443971 0.689176
vt 0.459404 0.689176
vt 0.475689 0.689176
vt 0.493348 0.689176
vt 0.414318 0.701591
vt 0.399961 0.701591
vt 0.428785 0.701591
vt 0.443419 0.701591
vt 0.458308 0.701591
vt 0.473680 0.701591
vt 0.490008 0.701591
vt 0.385659 0.572201
vt 0.399989 0.572201
vt 0.385659 0.599514
vt 0.414542 0.572201
vt 0.429542 0.572201
vt 0.445212 0.572201
vt 0.479454 0.572201
vt 0.498474 0.572201
vt 0.485707 0.713454
vt 0.471415 0.713454
vt 0.457122 0.713454
vt 0.442829 0.713454
vt 0.428537 0.713454
vt 0.414244 0.713454
vt 0.399951 0.713454
vt 0.385659 0.701591
vt 0.385659 0.713454
vt 0.385659 0.689176
vt 0.385659 0.675658
vt 0.385659 0.660484
vt 0.385659 0.643103
vt 0.385659 0.622964
vt 0.445333 0.382813
vt 0.453287 0.382812
vt 0.453284 0.390625
vt 0.445332 0.390625
vt 0.461485 0.382813
vt 0.461475 0.390625
vt 0.470049 0.382813
vt 0.470025 0.390625
vt 0.479099 0.382813
vt 0.479054 0.390625
vt 0.488760 0.382812
vt 0.488692 0.390625
vt 0.499153 0.382813
vt 0.499066 0.390625
vt 0.453276 0.398438
vt 0.445331 0.398438
vt 0.461448 0.398438
vt 0.469961 0.398438
vt 0.478933 0.398438
vt 0.488506 0.398438
vt 0.498830 0.398438
vt 0.453261 0.406250
vt 0.445330 0.406250
vt 0.461395 0.406250
vt 0.469835 0.406250
vt 0.478695 0.406250
vt 0.488146 0.406250
vt 0.498369 0.406250
vt 0.453236 0.414062
vt 0.445326 0.414063
vt 0.461311 0.414063
vt 0.469635 0.414062
vt 0.478315 0.414063
vt 0.487557 0.414062
vt 0.497595 0.414063
vt 0.453203 0.421875
vt 0.445322 0.421875
vt 0.461201 0.421875
vt 0.469374 0.421875
vt 0.477810 0.421875
vt 0.486711 0.421875
vt 0.496364 0.421875
vt 0.453165 0.429688
vt 0.445318 0.429688
vt 0.461073 0.429688
vt 0.469072 0.429688
vt 0.477211 0.429688
vt 0.485613 0.429688
vt 0.494538 0.429688
vt 0.437500 0.375000
vt 0.445333 0.375000
vt 0.437500 0.382813
vt 0.453288 0.375000
vt 0.461487 0.375000
vt 0.479106 0.375000
vt 0.488770 0.375000
vt 0.499166 0.375000
vt 0.510403 0.382813
vt 0.510308 0.390625
vt 0.510050 0.398438
vt 0.509549 0.406250
vt 0.508694 0.414062
vt 0.507270 0.421875
vt 0.504924 0.429688
vt 0.500000 0.437500
vt 0.492188 0.437500
vt 0.484375 0.437500
vt 0.476563 0.437500
vt 0.468750 0.437500
vt 0.460938 0.437500
vt 0.453125 0.437500
vt 0.445313 0.437500
vt 0.437500 0.429688
vt 0.437500 0.437500
vt 0.437500 0.421875
vt 0.437500 0.414062
vt 0.437500 0.406250
vt 0.437500 0.398438
vt 0.437500 0.390625
vt 0.257813 0.531250
vt 0.265625 0.531250
vt 0.265625 0.562500
vt 0.257813 0.562500
vt 0.273438 0.531250
vt 0.273438 0.562500
vt 0.281250 0.531250
vt 0.281250 0.562500
vt 0.289063 0.531250
vt 0.289063 0.562500
vt 0.296875 0.531250
vt 0.296875 0.562500
vt 0.304688 0.531250
vt 0.304688 0.562500
vt 0.265625 0.593750
vt 0.257812 0.593750
vt 0.273438 0.593750
vt 0.281250 0.593750
vt 0.289062 0.593750
vt 0.296875 0.593750
vt 0.304688 0.593750
vt 0.265625 0.625000
vt 0.257813 0.625000
vt 0.273438 0.625000
vt 0.281250 0.625000
vt 0.289063 0.625000
vt 0.296875 0.625000
vt 0.304688 0.625000
vt 0.265625 0.656250
vt 0.257812 0.656250
vt 0.273438 0.656250
vt 0.281250 0.656250
vt 0.289062 0.656250
vt 0.296875 0.656250
vt 0.304688 0.656250
vt 0.265625 0.687500
vt 0.257813 0.687500
vt 0.273438 0.687500
vt 0.281250 0.687500
vt 0.289063 0.687500
vt 0.296875 0.687500
vt 0.304688 0.687500
vt 0.265625 0.718750
vt 0.257813 0.718750
vt 0.273438 0.718750
vt 0.281250 0.718750
vt 0.289063 0.718750
vt 0.296875 0.718750
vt 0.304688 0.718750
vt 0.257813 0.500000
vt 0.265625 0.500000
vt 0.273438 0.500000
vt 0.281250 0.500000
vt 0.289062 0.500000
vt 0.296875 0.500000
vt 0.304688 0.500000
vt 0.312500 0.500000
vt 0.312500 0.531250
vt 0.312500 0.562500
vt 0.312500 0.593750
vt 0.312500 0.625000
vt 0.312500 0.656250
vt 0.312500 0.687500
vt 0.312500 0.718750
vt 0.312500 0.750000
vt 0.304688 0.750000
vt 0.296875 0.750000
vt 0.289063 0.750000
vt 0.281250 0.750000
vt 0.273438 0.750000
vt 0.265625 0.750000
vt 0.257813 0.750000
vt 0.522591 0.382813
vt 0.535635 0.382812
vt 0.535567 0.390625
vt 0.522504 0.390625
vt 0.549412 0.382813
vt 0.549367 0.390625
vt 0.563799 0.382813
vt 0.563775 0.390625
vt 0.578673 0.382812
vt 0.578663 0.390625
vt 0.593912 0.382813
vt 0.593909 0.390625
vt 0.609395 0.382813
vt 0.609395 0.390625
vt 0.535381 0.398438
vt 0.522267 0.398438
vt 0.549245 0.398438
vt 0.563711 0.398438
vt 0.578636 0.398438
vt 0.593901 0.398438
vt 0.609394 0.398438
vt 0.535021 0.406250
vt 0.521807 0.406250
vt 0.549008 0.406250
vt 0.563585 0.406250
vt 0.578583 0.406250
vt 0.593886 0.406250
vt 0.609392 0.406250
vt 0.534432 0.414062
vt 0.521033 0.414063
vt 0.548628 0.414063
vt 0.563385 0.414063
vt 0.578498 0.414062
vt 0.593861 0.414063
vt 0.609389 0.414062
vt 0.533586 0.421875
vt 0.519801 0.421875
vt 0.548122 0.421875
vt 0.563124 0.421875
vt 0.578388 0.421875
vt 0.593828 0.421875
vt 0.609385 0.421875
vt 0.532488 0.429688
vt 0.517976 0.429688
vt 0.547523 0.429688
vt 0.562822 0.429688
vt 0.578261 0.429688
vt 0.593790 0.429688
vt 0.609380 0.429688
vt 0.625000 0.382813
vt 0.625000 0.390625
vt 0.625000 0.398438
vt 0.625000 0.406250
vt 0.625000 0.414062
vt 0.625000 0.421875
vt 0.625000 0.429688
vt 0.625000 0.437500
vt 0.609375 0.437500
vt 0.593750 0.437500
vt 0.578125 0.437500
vt 0.562500 0.437500
vt 0.546875 0.437500
vt 0.531250 0.437500
vt 0.515625 0.437500
vt 0.522603 0.236915
vt 0.535645 0.237176
vt 0.535645 0.252675
vt 0.522603 0.252471
vt 0.549418 0.237886
vt 0.549418 0.253231
vt 0.563802 0.239268
vt 0.563802 0.254313
vt 0.578674 0.241589
vt 0.578674 0.256079
vt 0.593913 0.245284
vt 0.593913 0.258616
vt 0.609395 0.250760
vt 0.609395 0.261911
vt 0.535645 0.265962
vt 0.522603 0.265827
vt 0.549418 0.266327
vt 0.563802 0.267039
vt 0.578674 0.268179
vt 0.593913 0.269695
vt 0.609395 0.271493
vt 0.535645 0.277425
vt 0.522603 0.277354
vt 0.549418 0.277618
vt 0.563802 0.277995
vt 0.578674 0.278595
vt 0.593913 0.279378
vt 0.609395 0.280284
vt 0.535645 0.287449
vt 0.522603 0.287419
vt 0.549418 0.287530
vt 0.563802 0.287689
vt 0.578674 0.287942
vt 0.593913 0.288273
vt 0.609395 0.288655
vt 0.535645 0.296397
vt 0.522603 0.296388
vt 0.549418 0.296421
vt 0.563802 0.296468
vt 0.578674 0.296543
vt 0.593913 0.296641
vt 0.609395 0.296754
vt 0.535645 0.304628
vt 0.522603 0.304627
vt 0.549418 0.304631
vt 0.563802 0.304637
vt 0.578674 0.304646
vt 0.593913 0.304658
vt 0.609396 0.304672
vt 0.510417 0.236877
vt 0.625000 0.257813
vt 0.625000 0.265625
vt 0.625000 0.273438
vt 0.625000 0.281250
vt 0.625000 0.289063
vt 0.625000 0.296875
vt 0.625000 0.304688
vt 0.510417 0.304626
vt 0.510417 0.296387
vt 0.510417 0.287415
vt 0.510417 0.277344
vt 0.510417 0.265808
vt 0.510417 0.252441
vt 0.132813 0.531250
vt 0.140625 0.531250
vt 0.140625 0.562500
vt 0.132813 0.562500
vt 0.148438 0.531250
vt 0.148438 0.562500
vt 0.156250 0.531250
vt 0.156250 0.562500
vt 0.164063 0.531250
vt 0.164063 0.562500
vt 0.171875 0.531250
vt 0.171875 0.562500
vt 0.179688 0.531250
vt 0.179688 0.562500
vt 0.140625 0.593750
vt 0.132812 0.593750
vt 0.148438 0.593750
vt 0.156250 0.593750
vt 0.164063 0.593750
vt 0.171875 0.593750
vt 0.179687 0.593750
vt 0.140625 0.625000
vt 0.132813 0.625000
vt 0.148438 0.625000
vt 0.156250 0.625000
vt 0.164063 0.625000
vt 0.171875 0.625000
vt 0.179688 0.625000
vt 0.140625 0.656250
vt 0.132812 0.656250
vt 0.148438 0.656250
vt 0.156250 0.656250
vt 0.164063 0.656250
vt 0.171875 0.656250
vt 0.179687 0.656250
vt 0.140625 0.687500
vt 0.132813 0.687500
vt 0.148438 0.687500
vt 0.156250 0.687500
vt 0.164063 0.687500
vt 0.171875 0.687500
vt 0.179688 0.687500
vt 0.140625 0.718750
vt 0.132813 0.718750
vt 0.148438 0.718750
vt 0.156250 0.718750
vt 0.164063 0.718750
vt 0.171875 0.718750
vt 0.179688 0.718750
vt 0.125000 0.500000
vt 0.132813 0.500000
vt 0.125000 0.531250
vt 0.140625 0.500000
vt 0.148438 0.500000
vt 0.156250 0.500000
vt 0.164063 0.500000
vt 0.171875 0.500000
vt 0.179688 0.500000
vt 0.179688 0.750000
vt 0.171875 0.750000
vt 0.164063 0.750000
vt 0.156250 0.750000
vt 0.148438 0.750000
vt 0.140625 0.750000
vt 0.132813 0.750000
vt 0.125000 0.718750
vt 0.125000 0.750000
vt 0.125000 0.687500
vt 0.125000 0.656250
vt 0.125000 0.625000
vt 0.125000 0.593750
vt 0.125000 0.562500
vt 0.445333 0.236877
vt 0.453288 0.236877
vt 0.453288 0.252441
vt 0.445333 0.252441
vt 0.461487 0.236877
vt 0.461487 0.252441
vt 0.470052 0.236877
vt 0.470052 0.252441
vt 0.479106 0.236877
vt 0.479106 0.252441
vt 0.488770 0.236877
vt 0.488770 0.252441
vt 0.499166 0.236877
vt 0.499166 0.252441
vt 0.453288 0.265808
vt 0.445333 0.265808
vt 0.461487 0.265808
vt 0.470052 0.265808
vt 0.479106 0.265808
vt 0.488770 0.265808
vt 0.499166 0.265808
vt 0.453288 0.277344
vt 0.445333 0.277344
vt 0.461487 0.277344
vt 0.470052 0.277344
vt 0.479106 0.277344
vt 0.488770 0.277344
vt 0.499166 0.277344
vt 0.453288 0.287415
vt 0.445333 0.287415
vt 0.461487 0.287415
vt 0.470052 0.287415
vt 0.479106 0.287415
vt 0.488770 0.287415
vt 0.499166 0.287415
vt 0.453288 0.296387
vt 0.445333 0.296387
vt 0.461487 0.296387
vt 0.470052 0.296387
vt 0.479106 0.296387
vt 0.488770 0.296387
vt 0.499166 0.296387
vt 0.453288 0.304626
vt 0.445333 0.304626
vt 0.461487 0.304627
vt 0.470052 0.304626
vt 0.479106 0.304626
vt 0.488770 0.304627
vt 0.499166 0.304626
vt 0.437500 0.218750
vt 0.445333 0.218750
vt 0.437500 0.236877
vt 0.453288 0.218750
vt 0.470052 0.218750
vt 0.479106 0.218750
vt 0.488770 0.218750
vt 0.499166 0.218750
vt 0.510417 0.218750
vt 0.510417 0.236877
vt 0.510417 0.252441
vt 0.510417 0.277344
vt 0.510417 0.287415
vt 0.510417 0.296387
vt 0.510417 0.304626
vt 0.437500 0.304626
vt 0.437500 0.296387
vt 0.437500 0.287415
vt 0.437500 0.277344
vt 0.437500 0.265808
vt 0.437500 0.252441
vt 0.445333 0.882813
vt 0.453288 0.882813
vt 0.453288 0.890625
vt 0.445333 0.890625
vt 0.461487 0.882813
vt 0.461487 0.890625
vt 0.470052 0.882813
vt 0.470052 0.890625
vt 0.479106 0.882813
vt 0.479106 0.890625
vt 0.488770 0.882813
vt 0.488770 0.890625
vt 0.499166 0.882813
vt 0.499166 0.890625
vt 0.453288 0.898438
vt 0.445333 0.898438
vt 0.461487 0.898438
vt 0.470052 0.898438
vt 0.479106 0.898438
vt 0.488770 0.898438
vt 0.499166 0.898438
vt 0.453288 0.906250
vt 0.445333 0.906250
vt 0.461487 0.906250
vt 0.470052 0.906250
vt 0.479106 0.906250
vt 0.488770 0.906250
vt 0.499166 0.906250
vt 0.453288 0.914063
vt 0.445333 0.914062
vt 0.461487 0.914063
vt 0.470052 0.914063
vt 0.479106 0.914063
vt 0.488770 0.914063
vt 0.499166 0.914062
vt 0.453288 0.921875
vt 0.445333 0.921875
vt 0.461487 0.921875
vt 0.470052 0.921875
vt 0.479106 0.921875
vt 0.488770 0.921875
vt 0.499166 0.921875
vt 0.453288 0.929688
vt 0.445333 0.929688
vt 0.461487 0.929688
vt 0.470052 0.929688
vt 0.479106 0.929688
vt 0.488770 0.929688
vt 0.499166 0.929688
vt 0.437500 0.875000
vt 0.445333 0.875000
vt 0.437500 0.882813
vt 0.453288 0.875000
vt 0.461487 0.875000
vt 0.470052 0.875000
vt 0.479106 0.875000
vt 0.488770 0.875000
vt 0.499166 0.875000
vt 0.510417 0.875000
vt 0.510417 0.882813
vt 0.510417 0.890625
vt 0.510417 0.898438
vt 0.510417 0.906250
vt 0.510417 0.914063
vt 0.510417 0.921875
vt 0.510417 0.929688
vt 0.510417 0.937500
vt 0.499166 0.937500
vt 0.479106 0.937500
vt 0.470052 0.937500
vt 0.445333 0.937500
vt 0.437500 0.929688
vt 0.437500 0.937500
vt 0.437500 0.921875
vt 0.437500 0.914063
vt 0.437500 0.906250
vt 0.437500 0.898438
vt 0.437500 0.890625
vt 0.757813 0.531250
vt 0.765625 0.531250
vt 0.765625 0.562500
vt 0.757812 0.562500
vt 0.773438 0.531250
vt 0.773438 0.562500
vt 0.781250 0.531250
vt 0.781250 0.562500
vt 0.789062 0.531250
vt 0.789063 0.562500
vt 0.796875 0.531250
vt 0.796875 0.562500
vt 0.804688 0.531250
vt 0.804688 0.562500
vt 0.765625 0.593750
vt 0.757813 0.593750
vt 0.773438 0.593750
vt 0.781250 0.593750
vt 0.789062 0.593750
vt 0.796875 0.593750
vt 0.804688 0.593750
vt 0.765625 0.625000
vt 0.757812 0.625000
vt 0.773438 0.625000
vt 0.781250 0.625000
vt 0.789063 0.625000
vt 0.796875 0.625000
vt 0.804688 0.625000
vt 0.765625 0.656250
vt 0.757813 0.656250
vt 0.773438 0.656250
vt 0.781250 0.656250
vt 0.789062 0.656250
vt 0.796875 0.656250
vt 0.804688 0.656250
vt 0.765625 0.687500
vt 0.757813 0.687500
vt 0.773438 0.687500
vt 0.781250 0.687500
vt 0.789063 0.687500
vt 0.796875 0.687500
vt 0.804688 0.687500
vt 0.765625 0.718750
vt 0.757813 0.718750
vt 0.773438 0.718750
vt 0.781250 0.718750
vt 0.789063 0.718750
vt 0.796875 0.718750
vt 0.804688 0.718750
vt 0.757813 0.500000
vt 0.765625 0.500000
vt 0.773438 0.500000
vt 0.781250 0.500000
vt 0.789063 0.500000
vt 0.796875 0.500000
vt 0.804688 0.500000
vt 0.804688 0.750000
vt 0.796875 0.750000
vt 0.789063 0.750000
vt 0.781250 0.750000
vt 0.773438 0.750000
vt 0.765625 0.750000
vt 0.757813 0.750000
vt 0.522603 0.882813
vt 0.535645 0.882813
vt 0.535645 0.890625
vt 0.522603 0.890625
vt 0.549418 0.882813
vt 0.549418 0.890625
vt 0.563802 0.882813
vt 0.563802 0.890625
vt 0.578674 0.882813
vt 0.578674 0.890625
vt 0.593913 0.882813
vt 0.593913 0.890625
vt 0.609395 0.882813
vt 0.609395 0.890625
vt 0.535645 0.898438
vt 0.522603 0.898438
vt 0.549418 0.898438
vt 0.563802 0.898438
vt 0.578674 0.898438
vt 0.593913 0.898438
vt 0.609395 0.898438
vt 0.535645 0.906250
vt 0.522603 0.906250
vt 0.549418 0.906250
vt 0.563802 0.906250
vt 0.578674 0.906250
vt 0.593913 0.906250
vt 0.609395 0.906250
vt 0.535645 0.914063
vt 0.522603 0.914063
vt 0.549418 0.914063
vt 0.563802 0.914063
vt 0.578674 0.914062
vt 0.593913 0.914063
vt 0.609395 0.914063
vt 0.535645 0.921875
vt 0.522603 0.921875
vt 0.549418 0.921875
vt 0.563802 0.921875
vt 0.578674 0.921875
vt 0.593913 0.921875
vt 0.609395 0.921875
vt 0.535645 0.929688
vt 0.522603 0.929688
vt 0.549418 0.929688
vt 0.563802 0.929688
vt 0.578674 0.929688
vt 0.593913 0.929688
vt 0.609396 0.929688
vt 0.510417 0.882813
vt 0.625000 0.882813
vt 0.625000 0.890625
vt 0.625000 0.898438
vt 0.625000 0.906250
vt 0.625000 0.914063
vt 0.625000 0.921875
vt 0.625000 0.929688
vt 0.510417 0.929688
vt 0.510417 0.921875
vt 0.510417 0.914063
vt 0.510417 0.906250
vt 0.510417 0.898438
vt 0.510417 0.890625
vt 0.382813 0.882813
vt 0.390625 0.882813
vt 0.390625 0.890625
vt 0.382813 0.890625
vt 0.398438 0.882813
vt 0.398438 0.890625
vt 0.406250 0.882813
vt 0.406250 0.890625
vt 0.414063 0.882813
vt 0.414063 0.890625
vt 0.421875 0.882813
vt 0.421875 0.890625
vt 0.429688 0.882813
vt 0.429688 0.890625
vt 0.390625 0.898438
vt 0.382812 0.898438
vt 0.398438 0.898438
vt 0.406250 0.898438
vt 0.414063 0.898438
vt 0.421875 0.898438
vt 0.429688 0.898438
vt 0.390625 0.906250
vt 0.382813 0.906250
vt 0.398438 0.906250
vt 0.406250 0.906250
vt 0.414063 0.906250
vt 0.421875 0.906250
vt 0.429688 0.906250
vt 0.390625 0.914063
vt 0.382812 0.914063
vt 0.398438 0.914062
vt 0.406250 0.914063
vt 0.414063 0.914063
vt 0.421875 0.914063
vt 0.429688 0.914063
vt 0.390625 0.921875
vt 0.382813 0.921875
vt 0.398438 0.921875
vt 0.406250 0.921875
vt 0.414063 0.921875
vt 0.421875 0.921875
vt 0.429688 0.921875
vt 0.390625 0.929688
vt 0.382813 0.929688
vt 0.398438 0.929688
vt 0.406250 0.929688
vt 0.414063 0.929688
vt 0.421875 0.929688
vt 0.429688 0.929688
vt 0.375000 0.875000
vt 0.382813 0.875000
vt 0.375000 0.882813
vt 0.390625 0.875000
vt 0.398438 0.875000
vt 0.406250 0.875000
vt 0.414063 0.875000
vt 0.421875 0.875000
vt 0.429688 0.875000
vt 0.437500 0.882813
vt 0.437500 0.890625
vt 0.437500 0.898438
vt 0.437500 0.906250
vt 0.437500 0.921875
vt 0.437500 0.929688
vt 0.429688 0.937500
vt 0.421875 0.937500
vt 0.414063 0.937500
vt 0.406250 0.937500
vt 0.398438 0.937500
vt 0.390625 0.937500
vt 0.382813 0.937500
vt 0.375000 0.929688
vt 0.375000 0.937500
vt 0.375000 0.921875
vt 0.375000 0.914063
vt 0.375000 0.906250
vt 0.375000 0.898438
vt 0.375000 0.890625
vt 0.382813 0.250760
vt 0.390625 0.245284
vt 0.390625 0.258616
vt 0.382813 0.261911
vt 0.398438 0.241589
vt 0.398438 0.256079
vt 0.406250 0.239268
vt 0.406250 0.254313
vt 0.414063 0.237886
vt 0.414063 0.253231
vt 0.421875 0.237176
vt 0.421875 0.252675
vt 0.429688 0.236915
vt 0.429688 0.252471
vt 0.390625 0.269695
vt 0.382812 0.271493
vt 0.398438 0.268179
vt 0.406250 0.267039
vt 0.414063 0.266327
vt 0.421875 0.265962
vt 0.429688 0.265827
vt 0.390625 0.279378
vt 0.382813 0.280284
vt 0.398438 0.278595
vt 0.406250 0.277995
vt 0.414063 0.277618
vt 0.421875 0.277425
vt 0.429688 0.277354
vt 0.390625 0.288273
vt 0.382812 0.288655
vt 0.398438 0.287942
vt 0.406250 0.287689
vt 0.414063 0.287530
vt 0.421875 0.287449
vt 0.429688 0.287419
vt 0.390625 0.296641
vt 0.382813 0.296754
vt 0.398438 0.296543
vt 0.406250 0.296468
vt 0.414063 0.296421
vt 0.421875 0.296397
vt 0.429688 0.296388
vt 0.390625 0.304658
vt 0.382813 0.304672
vt 0.398438 0.304646
vt 0.406250 0.304637
vt 0.414063 0.304631
vt 0.421875 0.304628
vt 0.429688 0.304627
vt 0.375000 0.250000
vt 0.382813 0.235230
vt 0.375000 0.257813
vt 0.390625 0.228190
vt 0.398438 0.223918
vt 0.406250 0.221354
vt 0.414063 0.219849
vt 0.421875 0.219076
vt 0.429688 0.218791
vt 0.437500 0.252441
vt 0.437500 0.265808
vt 0.437500 0.277344
vt 0.437500 0.296387
vt 0.437500 0.304626
vt 0.437500 0.312500
vt 0.429688 0.312500
vt 0.421875 0.312500
vt 0.414063 0.312500
vt 0.406250 0.312500
vt 0.398438 0.312500
vt 0.390625 0.312500
vt 0.382813 0.312500
vt 0.375000 0.304688
vt 0.375000 0.312500
vt 0.375000 0.296875
vt 0.375000 0.289063
vt 0.375000 0.281250
vt 0.375000 0.273438
vt 0.375000 0.265625
vt 0.382813 0.382813
vt 0.390625 0.382813
vt 0.390625 0.390625
vt 0.382813 0.390625
vt 0.398438 0.382812
vt 0.398438 0.390625
vt 0.406250 0.382813
vt 0.406250 0.390625
vt 0.414063 0.382813
vt 0.414063 0.390625
vt 0.421875 0.382812
vt 0.421875 0.390625
vt 0.429688 0.382813
vt 0.429688 0.390625
vt 0.390625 0.398438
vt 0.382812 0.398438
vt 0.398438 0.398438
vt 0.406250 0.398438
vt 0.414063 0.398438
vt 0.421875 0.398438
vt 0.429688 0.398438
vt 0.390625 0.406250
vt 0.382813 0.406250
vt 0.398438 0.406250
vt 0.406250 0.406250
vt 0.414063 0.406250
vt 0.421875 0.406250
vt 0.429688 0.406250
vt 0.390625 0.414063
vt 0.382812 0.414063
vt 0.398438 0.414062
vt 0.406250 0.414062
vt 0.414063 0.414063
vt 0.421875 0.414062
vt 0.429688 0.414063
vt 0.390625 0.421875
vt 0.382813 0.421875
vt 0.398438 0.421875
vt 0.406250 0.421875
vt 0.414063 0.421875
vt 0.421875 0.421875
vt 0.429688 0.421875
vt 0.390625 0.429688
vt 0.382813 0.429688
vt 0.398438 0.429688
vt 0.406250 0.429688
vt 0.414062 0.429688
vt 0.421875 0.429688
vt 0.429688 0.429688
vt 0.375000 0.375000
vt 0.382813 0.375000
vt 0.375000 0.382813
vt 0.390625 0.375000
vt 0.398438 0.375000
vt 0.406250 0.375000
vt 0.414063 0.375000
vt 0.421875 0.375000
vt 0.429688 0.375000
vt 0.429688 0.437500
vt 0.421875 0.437500
vt 0.414063 0.437500
vt 0.406250 0.437500
vt 0.398438 0.437500
vt 0.390625 0.437500
vt 0.382812 0.437500
vt 0.375000 0.429688
vt 0.375000 0.437500
vt 0.375000 0.421875
vt 0.375000 0.414063
vt 0.375000 0.406250
vt 0.375000 0.398438
vt 0.375000 0.390625
vt 0.285610 0.620413
vt 0.299903 0.612172
vt 0.299903 0.632267
vt 0.285610 0.637231
vt 0.314195 0.606611
vt 0.314195 0.628445
vt 0.328488 0.603115
vt 0.328488 0.625784
vt 0.342781 0.601033
vt 0.342781 0.624153
vt 0.357073 0.599964
vt 0.357073 0.623316
vt 0.371366 0.599570
vt 0.371366 0.623008
vt 0.299903 0.648960
vt 0.285610 0.651669
vt 0.314195 0.646675
vt 0.328488 0.644958
vt 0.342781 0.643886
vt 0.357073 0.643335
vt 0.371366 0.643132
vt 0.299903 0.663549
vt 0.285610 0.664913
vt 0.314195 0.662369
vt 0.328488 0.661465
vt 0.342781 0.660898
vt 0.357073 0.660607
vt 0.371366 0.660499
vt 0.299903 0.676951
vt 0.285610 0.677526
vt 0.314195 0.676453
vt 0.328488 0.676071
vt 0.342781 0.675832
vt 0.357073 0.675709
vt 0.371366 0.675664
vt 0.299903 0.689559
vt 0.285610 0.689730
vt 0.314195 0.689412
vt 0.328488 0.689299
vt 0.342781 0.689228
vt 0.357073 0.689191
vt 0.371366 0.689178
vt 0.299903 0.701639
vt 0.285610 0.701660
vt 0.314195 0.701620
vt 0.328488 0.701606
vt 0.342781 0.701597
vt 0.357073 0.701593
vt 0.371366 0.701591
vt 0.285610 0.596808
vt 0.271318 0.631056
vt 0.299903 0.586363
vt 0.314195 0.579979
vt 0.328488 0.576125
vt 0.342781 0.573856
vt 0.357073 0.572691
vt 0.371366 0.572262
vt 0.371366 0.713454
vt 0.357073 0.713454
vt 0.342781 0.713454
vt 0.328488 0.713454
vt 0.314195 0.713454
vt 0.299903 0.713454
vt 0.285610 0.713454
vt 0.271318 0.701683
vt 0.271318 0.713454
vt 0.271317 0.689912
vt 0.271317 0.678141
vt 0.271318 0.666369
vt 0.271318 0.654598
vt 0.271318 0.642827
vt 0.382813 0.820312
vt 0.390625 0.820313
vt 0.390625 0.828125
vt 0.382813 0.828125
vt 0.398438 0.820313
vt 0.398438 0.828125
vt 0.406250 0.820313
vt 0.406250 0.828125
vt 0.414063 0.820313
vt 0.414063 0.828125
vt 0.421875 0.820313
vt 0.421875 0.828125
vt 0.429688 0.820313
vt 0.429688 0.828125
vt 0.390625 0.835938
vt 0.382812 0.835938
vt 0.398438 0.835938
vt 0.406250 0.835938
vt 0.414063 0.835938
vt 0.421875 0.835938
vt 0.429688 0.835938
vt 0.390625 0.843750
vt 0.382813 0.843750
vt 0.398438 0.843750
vt 0.406250 0.843750
vt 0.414063 0.843750
vt 0.421875 0.843750
vt 0.429688 0.843750
vt 0.390625 0.851562
vt 0.382812 0.851563
vt 0.398438 0.851563
vt 0.406250 0.851562
vt 0.414063 0.851562
vt 0.421875 0.851562
vt 0.429688 0.851562
vt 0.390625 0.859375
vt 0.382813 0.859375
vt 0.398438 0.859375
vt 0.406250 0.859375
vt 0.414063 0.859375
vt 0.421875 0.859375
vt 0.429688 0.859375
vt 0.390625 0.867188
vt 0.382813 0.867188
vt 0.398438 0.867188
vt 0.406250 0.867188
vt 0.414063 0.867188
vt 0.421875 0.867188
vt 0.429688 0.867188
vt 0.375000 0.812500
vt 0.382812 0.812500
vt 0.375000 0.820313
vt 0.390625 0.812500
vt 0.398438 0.812500
vt 0.406250 0.812500
vt 0.414063 0.812500
vt 0.421875 0.812500
vt 0.429688 0.812500
vt 0.375000 0.867188
vt 0.375000 0.859375
vt 0.375000 0.851563
vt 0.375000 0.843750
vt 0.375000 0.835938
vt 0.375000 0.828125
vt 0.382813 0.320313
vt 0.390625 0.320313
vt 0.390625 0.328125
vt 0.382813 0.328125
vt 0.398438 0.320312
vt 0.398438 0.328125
vt 0.406250 0.320312
vt 0.406250 0.328125
vt 0.414063 0.320312
vt 0.414063 0.328125
vt 0.421875 0.320313
vt 0.421875 0.328125
vt 0.429688 0.320312
vt 0.429688 0.328125
vt 0.390625 0.335938
vt 0.382812 0.335938
vt 0.398438 0.335938
vt 0.406250 0.335938
vt 0.414063 0.335938
vt 0.421875 0.335938
vt 0.429688 0.335938
vt 0.390625 0.343750
vt 0.382813 0.343750
vt 0.398438 0.343750
vt 0.406250 0.343750
vt 0.414063 0.343750
vt 0.421875 0.343750
vt 0.429688 0.343750
vt 0.390625 0.351563
vt 0.382812 0.351562
vt 0.398438 0.351563
vt 0.406250 0.351562
vt 0.414063 0.351563
vt 0.421875 0.351563
vt 0.429688 0.351562
vt 0.390625 0.359375
vt 0.382813 0.359375
vt 0.398438 0.359375
vt 0.406250 0.359375
vt 0.414063 0.359375
vt 0.421875 0.359375
vt 0.429688 0.359375
vt 0.390625 0.367188
vt 0.382813 0.367187
vt 0.398438 0.367188
vt 0.406250 0.367188
vt 0.414063 0.367188
vt 0.421875 0.367188
vt 0.429688 0.367188
vt 0.375000 0.320313
vt 0.437500 0.328125
vt 0.437500 0.335938
vt 0.437500 0.343750
vt 0.437500 0.351562
vt 0.437500 0.359375
vt 0.437500 0.367188
vt 0.375000 0.367188
vt 0.375000 0.359375
vt 0.375000 0.351563
vt 0.375000 0.343750
vt 0.375000 0.335938
vt 0.375000 0.328125
vt 0.382813 0.031235
vt 0.390625 0.031221
vt 0.390625 0.062266
vt 0.382813 0.062379
vt 0.398438 0.031209
vt 0.398438 0.062168
vt 0.406250 0.031199
vt 0.406250 0.062093
vt 0.414063 0.031193
vt 0.414063 0.062046
vt 0.421875 0.031190
vt 0.421875 0.062022
vt 0.429688 0.031189
vt 0.429688 0.062013
vt 0.390625 0.092960
vt 0.382812 0.093342
vt 0.398438 0.092630
vt 0.406250 0.092377
vt 0.414063 0.092218
vt 0.421875 0.092136
vt 0.429688 0.092106
vt 0.390625 0.123128
vt 0.382813 0.124034
vt 0.398438 0.122345
vt 0.406250 0.121745
vt 0.414063 0.121368
vt 0.421875 0.121175
vt 0.429688 0.121104
vt 0.390625 0.152508
vt 0.382812 0.154306
vt 0.398438 0.150991
vt 0.406250 0.149851
vt 0.414063 0.149140
vt 0.421875 0.148774
vt 0.429688 0.148640
vt 0.390625 0.180491
vt 0.382813 0.183786
vt 0.398438 0.177954
vt 0.406250 0.176188
vt 0.414063 0.175106
vt 0.421875 0.174550
vt 0.429688 0.174346
vt 0.390625 0.206221
vt 0.382813 0.211697
vt 0.398438 0.202526
vt 0.406250 0.200205
vt 0.414063 0.198823
vt 0.421875 0.198114
vt 0.429688 0.197852
vt 0.375000 0.000000
vt 0.382813 0.000000
vt 0.375000 0.031250
vt 0.390625 0.000000
vt 0.398438 0.000000
vt 0.406250 0.000000
vt 0.414063 0.000000
vt 0.421875 0.000000
vt 0.429688 0.000000
vt 0.375000 0.218750
vt 0.375000 0.187500
vt 0.375000 0.156250
vt 0.375000 0.125000
vt 0.375000 0.093750
vt 0.375000 0.062500
vt 0.285610 0.160236
vt 0.299903 0.160257
vt 0.299903 0.172337
vt 0.285610 0.172166
vt 0.314195 0.160276
vt 0.314195 0.172484
vt 0.328488 0.160290
vt 0.328488 0.172597
vt 0.342781 0.160299
vt 0.342781 0.172668
vt 0.357073 0.160303
vt 0.357073 0.172705
vt 0.371366 0.160305
vt 0.371366 0.172718
vt 0.299903 0.184945
vt 0.285610 0.184370
vt 0.314195 0.185443
vt 0.328488 0.185825
vt 0.342781 0.186064
vt 0.357073 0.186187
vt 0.371366 0.186232
vt 0.299903 0.198347
vt 0.285610 0.196983
vt 0.314195 0.199527
vt 0.328488 0.200431
vt 0.342781 0.200998
vt 0.357073 0.201289
vt 0.371366 0.201397
vt 0.299903 0.212936
vt 0.285610 0.210227
vt 0.314195 0.215221
vt 0.328488 0.216938
vt 0.342781 0.218010
vt 0.357073 0.218561
vt 0.371366 0.218764
vt 0.299903 0.229629
vt 0.285610 0.224665
vt 0.314195 0.233451
vt 0.328488 0.236112
vt 0.342781 0.237743
vt 0.357073 0.238580
vt 0.371366 0.238888
vt 0.299903 0.249724
vt 0.285610 0.241483
vt 0.314195 0.255285
vt 0.328488 0.258781
vt 0.342781 0.260863
vt 0.357073 0.261932
vt 0.371366 0.262326
vt 0.271318 0.148442
vt 0.285610 0.148442
vt 0.271318 0.160213
vt 0.299903 0.148442
vt 0.314195 0.148442
vt 0.328488 0.148442
vt 0.342781 0.148442
vt 0.357073 0.148442
vt 0.371366 0.148442
vt 0.371366 0.289634
vt 0.357073 0.289205
vt 0.342781 0.288040
vt 0.328488 0.285771
vt 0.314195 0.281917
vt 0.299903 0.275533
vt 0.285610 0.265088
vt 0.271317 0.230840
vt 0.271318 0.219069
vt 0.271318 0.207298
vt 0.271318 0.195527
vt 0.271317 0.183755
vt 0.271318 0.171984
vt 0.285610 0.301112
vt 0.299903 0.308704
vt 0.299903 0.347232
vt 0.285610 0.343129
vt 0.314195 0.314099
vt 0.314195 0.350692
vt 0.328488 0.317559
vt 0.328488 0.353210
vt 0.342781 0.319633
vt 0.342781 0.354769
vt 0.357073 0.320698
vt 0.357073 0.355570
vt 0.371366 0.321090
vt 0.371366 0.355865
vt 0.299903 0.388481
vt 0.285610 0.386761
vt 0.314195 0.390120
vt 0.328488 0.391435
vt 0.342781 0.392268
vt 0.357073 0.392696
vt 0.371366 0.392853
vt 0.299903 0.430948
vt 0.285610 0.430948
vt 0.314195 0.430948
vt 0.328488 0.430948
vt 0.342781 0.430948
vt 0.357073 0.430948
vt 0.371366 0.430948
vt 0.299903 0.473415
vt 0.285610 0.475135
vt 0.314195 0.471776
vt 0.328488 0.470461
vt 0.342781 0.469628
vt 0.357073 0.469200
vt 0.371366 0.469043
vt 0.299903 0.514664
vt 0.285610 0.518767
vt 0.314195 0.511204
vt 0.328488 0.508686
vt 0.342781 0.507127
vt 0.357073 0.506326
vt 0.371366 0.506031
vt 0.299903 0.553192
vt 0.285610 0.560784
vt 0.314195 0.547797
vt 0.328488 0.544337
vt 0.342781 0.542263
vt 0.357073 0.541198
vt 0.371366 0.540806
vt 0.385659 0.321146
vt 0.385659 0.355907
vt 0.385659 0.392876
vt 0.385659 0.430948
vt 0.385659 0.469020
vt 0.385659 0.505989
vt 0.385659 0.540750
vt 0.382813 0.945312
vt 0.390625 0.945313
vt 0.390625 0.953125
vt 0.382813 0.953125
vt 0.398438 0.945312
vt 0.398438 0.953125
vt 0.406250 0.945313
vt 0.406250 0.953125
vt 0.414063 0.945313
vt 0.414063 0.953125
vt 0.421875 0.945313
vt 0.421875 0.953125
vt 0.429688 0.945313
vt 0.429688 0.953125
vt 0.390625 0.960938
vt 0.382812 0.960938
vt 0.398438 0.960938
vt 0.406250 0.960938
vt 0.414063 0.960938
vt 0.421875 0.960938
vt 0.429688 0.960938
vt 0.390625 0.968750
vt 0.382813 0.968750
vt 0.398438 0.968750
vt 0.406250 0.968750
vt 0.414063 0.968750
vt 0.421875 0.968750
vt 0.429688 0.968750
vt 0.390625 0.976563
vt 0.382812 0.976562
vt 0.398438 0.976563
vt 0.406250 0.976563
vt 0.414063 0.976563
vt 0.421875 0.976563
vt 0.429688 0.976563
vt 0.390625 0.984375
vt 0.382813 0.984375
vt 0.398438 0.984375
vt 0.406250 0.984375
vt 0.414063 0.984375
vt 0.421875 0.984375
vt 0.429688 0.984375
vt 0.390625 0.992188
vt 0.382813 0.992188
vt 0.398438 0.992188
vt 0.406250 0.992188
vt 0.414062 0.992188
vt 0.421875 0.992188
vt 0.429688 0.992188
vt 0.375000 0.945313
vt 0.429688 1.000000
vt 0.421875 1.000000
vt 0.414063 1.000000
vt 0.406250 1.000000
vt 0.398438 1.000000
vt 0.390625 1.000000
vt 0.382813 1.000000
vt 0.375000 0.992188
vt 0.375000 1.000000
vt 0.375000 0.984375
vt 0.375000 0.976563
vt 0.375000 0.968750
vt 0.375000 0.960938
vt 0.375000 0.953125
s 0
usemtl Material.002
f 3039/2789/1713 3040/2790/1713 3047/2791/1713 3046/2792/1713
f 3040/2790/1714 3041/2793/1714 3048/2794/1714 3047/2791/1714
f 3041/2793/1715 3042/2795/1715 3049/2796/1715 3048/2794/1715
f 3042/2795/1716 3043/2797/1716 3050/2798/1716 3049/2796/1716
f 3043/2797/1717 3044/2799/1717 3051/2800/1717 3050/2798/1717
f 3044/2799/1718 3045/2801/1718 3052/2802/1718 3051/2800/1718
f 3046/2792/1719 3047/2791/1719 3054/2803/1719 3053/2804/1719
f 3047/2791/1720 3048/2794/1720 3055/2805/1720 3054/2803/1720
f 3048/2794/1721 3049/2796/1721 3056/2806/1721 3055/2805/1721
f 3049/2796/1722 3050/2798/1722 3057/2807/1722 3056/2806/1722
f 3050/2798/1723 3051/2800/1723 3058/2808/1723 3057/2807/1723
f 3051/2800/1724 3052/2802/1724 3059/2809/1724 3058/2808/1724
f 3053/2804/1725 3054/2803/1725 3061/2810/1725 3060/2811/1725
f 3054/2803/1726 3055/2805/1726 3062/2812/1726 3061/2810/1726
f 3055/2805/1727 3056/2806/1727 3063/2813/1727 3062/2812/1727
f 3056/2806/1728 3057/2807/1728 3064/2814/1728 3063/2813/1728
f 3057/2807/1729 3058/2808/1729 3065/2815/1729 3064/2814/1729
f 3058/2808/1730 3059/2809/1730 3066/2816/1730 3065/2815/1730
f 3060/2811/1731 3061/2810/1731 3068/2817/1731 3067/2818/1731
f 3061/2810/1732 3062/2812/1732 3069/2819/1732 3068/2817/1732
f 3062/2812/1733 3063/2813/1733 3070/2820/1733 3069/2819/1733
f 3063/2813/1734 3064/2814/1734 3071/2821/1734 3070/2820/1734
f 3064/2814/1735 3065/2815/1735 3072/2822/1735 3071/2821/1735
f 3065/2815/1736 3066/2816/1736 3073/2823/1736 3072/2822/1736
f 3067/2818/1737 3068/2817/1737 3075/2824/1737 3074/2825/1737
f 3068/2817/1738 3069/2819/1738 3076/2826/1738 3075/2824/1738
f 3069/2819/1739 3070/2820/1739 3077/2827/1739 3076/2826/1739
f 3070/2820/1740 3071/2821/1740 3078/2828/1740 3077/2827/1740
f 3071/2821/1741 3072/2822/1741 3079/2829/1741 3078/2828/1741
f 3072/2822/1742 3073/2823/1742 3080/2830/1742 3079/2829/1742
f 3074/2825/1743 3075/2824/1743 3082/2831/1743 3081/2832/1743
f 3075/2824/1744 3076/2826/1744 3083/2833/1744 3082/2831/1744
f 3076/2826/1745 3077/2827/1745 3084/2834/1745 3083/2833/1745
f 3077/2827/1746 3078/2828/1746 3085/2835/1746 3084/2834/1746
f 3078/2828/1747 3079/2829/1747 3086/2836/1747 3085/2835/1747
f 3079/2829/1748 3080/2830/1748 3087/2837/1748 3086/2836/1748
f 2475/2838/1749 2514/2839/1749 3039/2789/1749 2640/2840/1749
f 2514/2839/1750 2515/2841/1750 3040/2790/1750 3039/2789/1750
f 2515/2841/1751 2516/2842/1751 3041/2793/1751 3040/2790/1751
f 2516/2842/1752 2517/2843/1752 3042/2795/1752 3041/2793/1752
f 2517/2843/1753 2518/2844/1753 3043/2797/1753 3042/2795/1753
f 2518/2844/1754 2519/2845/1754 3044/2799/1754 3043/2797/1754
f 2519/2845/1755 2520/2846/1755 3045/2801/1755 3044/2799/1755
f 2520/2846/1756 2468/2847/1756 2521/2848/1756 3045/2801/1756
f 3045/2801/1757 2521/2848/1757 2522/2849/1757 3052/2802/1757
f 3052/2802/1758 2522/2849/1758 2523/2850/1758 3059/2809/1758
f 3059/2809/1759 2523/2850/1759 2524/2851/1759 3066/2816/1759
f 3066/2816/1760 2524/2851/1760 2525/2852/1760 3073/2823/1760
f 3073/2823/1761 2525/2852/1761 2526/2853/1761 3080/2830/1761
f 3080/2830/1762 2526/2853/1762 2527/2854/1762 3087/2837/1762
f 3087/2837/1763 2527/2854/1763 2470/2855/1763 2598/2856/1763
f 3086/2836/1764 3087/2837/1764 2598/2856/1764 2599/2857/1764
f 3085/2835/1765 3086/2836/1765 2599/2857/1765 2600/2858/1765
f 3084/2834/1766 3085/2835/1766 2600/2858/1766 2601/2859/1766
f 3083/2833/1767 3084/2834/1767 2601/2859/1767 2602/2860/1767
f 3082/2831/1768 3083/2833/1768 2602/2860/1768 2603/2861/1768
f 3081/2832/1769 3082/2831/1769 2603/2861/1769 2604/2862/1769
f 2646/2863/1770 3081/2832/1770 2604/2862/1770 2476/2864/1770
f 2645/2865/1771 3074/2825/1771 3081/2832/1771 2646/2863/1771
f 2644/2866/1772 3067/2818/1772 3074/2825/1772 2645/2865/1772
f 2643/2867/1773 3060/2811/1773 3067/2818/1773 2644/2866/1773
f 2642/2868/1774 3053/2804/1774 3060/2811/1774 2643/2867/1774
f 2641/2869/1775 3046/2792/1775 3053/2804/1775 2642/2868/1775
f 2640/2840/1776 3039/2789/1776 3046/2792/1776 2641/2869/1776
f 3088/2870/1777 3089/2871/1777 3096/2872/1777 3095/2873/1777
f 3089/2871/1778 3090/2874/1778 3097/2875/1778 3096/2872/1778
f 3090/2874/1779 3091/2876/1779 3098/2877/1779 3097/2875/1779
f 3091/2876/1780 3092/2878/1780 3099/2879/1780 3098/2877/1780
f 3092/2878/1781 3093/2880/1781 3100/2881/1781 3099/2879/1781
f 3093/2880/1782 3094/2882/1782 3101/2883/1782 3100/2881/1782
f 3095/2873/1783 3096/2872/1783 3103/2884/1783 3102/2885/1783
f 3096/2872/1784 3097/2875/1784 3104/2886/1784 3103/2884/1784
f 3097/2875/1785 3098/2877/1785 3105/2887/1785 3104/2886/1785
f 3098/2877/1786 3099/2879/1786 3106/2888/1786 3105/2887/1786
f 3099/2879/1787 3100/2881/1787 3107/2889/1787 3106/2888/1787
f 3100/2881/1788 3101/2883/1788 3108/2890/1788 3107/2889/1788
f 3102/2885/1789 3103/2884/1789 3110/2891/1789 3109/2892/1789
f 3103/2884/1790 3104/2886/1790 3111/2893/1790 3110/2891/1790
f 3104/2886/1791 3105/2887/1791 3112/2894/1791 3111/2893/1791
f 3105/2887/1792 3106/2888/1792 3113/2895/1792 3112/2894/1792
f 3106/2888/1793 3107/2889/1793 3114/2896/1793 3113/2895/1793
f 3107/2889/1794 3108/2890/1794 3115/2897/1794 3114/2896/1794
f 3109/2892/1795 3110/2891/1795 3117/2898/1795 3116/2899/1795
f 3110/2891/1796 3111/2893/1796 3118/2900/1796 3117/2898/1796
f 3111/2893/1797 3112/2894/1797 3119/2901/1797 3118/2900/1797
f 3112/2894/1798 3113/2895/1798 3120/2902/1798 3119/2901/1798
f 3113/2895/1799 3114/2896/1799 3121/2903/1799 3120/2902/1799
f 3114/2896/1800 3115/2897/1800 3122/2904/1800 3121/2903/1800
f 3116/2899/1801 3117/2898/1801 3124/2905/1801 3123/2906/1801
f 3117/2898/1802 3118/2900/1802 3125/2907/1802 3124/2905/1802
f 3118/2900/1803 3119/2901/1803 3126/2908/1803 3125/2907/1803
f 3119/2901/1804 3120/2902/1804 3127/2909/1804 3126/2908/1804
f 3120/2902/1805 3121/2903/1805 3128/2910/1805 3127/2909/1805
f 3121/2903/1806 3122/2904/1806 3129/2911/1806 3128/2910/1806
f 3123/2906/1807 3124/2905/1807 3131/2912/1807 3130/2913/1807
f 3124/2905/1808 3125/2907/1808 3132/2914/1808 3131/2912/1808
f 3125/2907/1809 3126/2908/1809 3133/2915/1809 3132/2914/1809
f 3126/2908/1810 3127/2909/1810 3134/2916/1810 3133/2915/1810
f 3127/2909/1811 3128/2910/1811 3135/2917/1811 3134/2916/1811
f 3128/2910/1812 3129/2911/1812 3136/2918/1812 3135/2917/1812
f 2487/2919/1813 2814/2920/1813 3088/2870/1813 2633/2921/1813
f 2814/2920/1814 2813/2922/1814 3089/2871/1814 3088/2870/1814
f 2813/2922/1815 2812/2923/1815 3090/2874/1815 3089/2871/1815
f 2812/2923/1816 2811/2924/1816 3091/2876/1816 3090/2874/1816
f 2811/2924/1817 2810/2925/1817 3092/2878/1817 3091/2876/1817
f 2810/2925/1818 2809/2926/1818 3093/2880/1818 3092/2878/1818
f 2809/2926/1819 2808/2927/1819 3094/2882/1819 3093/2880/1819
f 2808/2927/1820 2485/2928/1820 2542/2929/1820 3094/2882/1820
f 3094/2882/1821 2542/2929/1821 2543/2930/1821 3101/2883/1821
f 3101/2883/1822 2543/2930/1822 2544/2931/1822 3108/2890/1822
f 3108/2890/1823 2544/2931/1823 2545/2932/1823 3115/2897/1823
f 3115/2897/1824 2545/2932/1824 2546/2933/1824 3122/2904/1824
f 3122/2904/1825 2546/2933/1825 2547/2934/1825 3129/2911/1825
f 3129/2911/1826 2547/2934/1826 2548/2935/1826 3136/2918/1826
f 3136/2918/1827 2548/2935/1827 2474/2936/1827 2605/2937/1827
f 3135/2917/1828 3136/2918/1828 2605/2937/1828 2606/2938/1828
f 3134/2916/1829 3135/2917/1829 2606/2938/1829 2607/2939/1829
f 3133/2915/1830 3134/2916/1830 2607/2939/1830 2608/2940/1830
f 3132/2914/1831 3133/2915/1831 2608/2940/1831 2609/2941/1831
f 3131/2912/1832 3132/2914/1832 2609/2941/1832 2610/2942/1832
f 3130/2913/1833 3131/2912/1833 2610/2942/1833 2611/2943/1833
f 2639/2944/1834 3130/2913/1834 2611/2943/1834 2477/2945/1834
f 2638/2946/1835 3123/2906/1835 3130/2913/1835 2639/2944/1835
f 2637/2947/1836 3116/2899/1836 3123/2906/1836 2638/2946/1836
f 2636/2948/1837 3109/2892/1837 3116/2899/1837 2637/2947/1837
f 2635/2949/1838 3102/2885/1838 3109/2892/1838 2636/2948/1838
f 2634/2950/1839 3095/2873/1839 3102/2885/1839 2635/2949/1839
f 2633/2921/1840 3088/2870/1840 3095/2873/1840 2634/2950/1840
f 3137/2951/1841 3138/2952/1841 3145/2953/1841 3144/2954/1841
f 3138/2952/1842 3139/2955/1842 3146/2956/1842 3145/2953/1842
f 3139/2955/1843 3140/2957/1843 3147/2958/1843 3146/2956/1843
f 3140/2957/1844 3141/2959/1844 3148/2960/1844 3147/2958/1844
f 3141/2959/1845 3142/2961/1845 3149/2962/1845 3148/2960/1845
f 3142/2961/1846 3143/2963/1846 3150/2964/1846 3149/2962/1846
f 3144/2954/1847 3145/2953/1847 3152/2965/1847 3151/2966/1847
f 3145/2953/1848 3146/2956/1848 3153/2967/1848 3152/2965/1848
f 3146/2956/1849 3147/2958/1849 3154/2968/1849 3153/2967/1849
f 3147/2958/1850 3148/2960/1850 3155/2969/1850 3154/2968/1850
f 3148/2960/1851 3149/2962/1851 3156/2970/1851 3155/2969/1851
f 3149/2962/1852 3150/2964/1852 3157/2971/1852 3156/2970/1852
f 3151/2966/1853 3152/2965/1853 3159/2972/1853 3158/2973/1853
f 3152/2965/1854 3153/2967/1854 3160/2974/1854 3159/2972/1854
f 3153/2967/1855 3154/2968/1855 3161/2975/1855 3160/2974/1855
f 3154/2968/1856 3155/2969/1856 3162/2976/1856 3161/2975/1856
f 3155/2969/1857 3156/2970/1857 3163/2977/1857 3162/2976/1857
f 3156/2970/1858 3157/2971/1858 3164/2978/1858 3163/2977/1858
f 3158/2973/1859 3159/2972/1859 3166/2979/1859 3165/2980/1859
f 3159/2972/1860 3160/2974/1860 3167/2981/1860 3166/2979/1860
f 3160/2974/1861 3161/2975/1861 3168/2982/1861 3167/2981/1861
f 3161/2975/1862 3162/2976/1862 3169/2983/1862 3168/2982/1862
f 3162/2976/1863 3163/2977/1863 3170/2984/1863 3169/2983/1863
f 3163/2977/1864 3164/2978/1864 3171/2985/1864 3170/2984/1864
f 3165/2980/1865 3166/2979/1865 3173/2986/1865 3172/2987/1865
f 3166/2979/1866 3167/2981/1866 3174/2988/1866 3173/2986/1866
f 3167/2981/1867 3168/2982/1867 3175/2989/1867 3174/2988/1867
f 3168/2982/1868 3169/2983/1868 3176/2990/1868 3175/2989/1868
f 3169/2983/1869 3170/2984/1869 3177/2991/1869 3176/2990/1869
f 3170/2984/1870 3171/2985/1870 3178/2992/1870 3177/2991/1870
f 3172/2987/1871 3173/2986/1871 3180/2993/1871 3179/2994/1871
f 3173/2986/1872 3174/2988/1872 3181/2995/1872 3180/2993/1872
f 3174/2988/1873 3175/2989/1873 3182/2996/1873 3181/2995/1873
f 3175/2989/1874 3176/2990/1874 3183/2997/1874 3182/2996/1874
f 3176/2990/1875 3177/2991/1875 3184/2998/1875 3183/2997/1875
f 3177/2991/1876 3178/2992/1876 3185/2999/1876 3184/2998/1876
f 2477/2945/1877 2611/2943/1877 3137/2951/1877 2626/3000/1877
f 2611/2943/1878 2610/2942/1878 3138/2952/1878 3137/2951/1878
f 2610/2942/1879 2609/2941/1879 3139/2955/1879 3138/2952/1879
f 2609/2941/1880 2608/2940/1880 3140/2957/1880 3139/2955/1880
f 2608/2940/1881 2607/2939/1881 3141/2959/1881 3140/2957/1881
f 2607/2939/1882 2606/2938/1882 3142/2961/1882 3141/2959/1882
f 2606/2938/1883 2605/2937/1883 3143/2963/1883 3142/2961/1883
f 2605/2937/1884 2474/2936/1884 2563/3001/1884 3143/2963/1884
f 3143/2963/1885 2563/3001/1885 2564/3002/1885 3150/2964/1885
f 3150/2964/1886 2564/3002/1886 2565/3003/1886 3157/2971/1886
f 3157/2971/1887 2565/3003/1887 2566/3004/1887 3164/2978/1887
f 3164/2978/1888 2566/3004/1888 2567/3005/1888 3171/2985/1888
f 3171/2985/1889 2567/3005/1889 2568/3006/1889 3178/2992/1889
f 3178/2992/1890 2568/3006/1890 2569/3007/1890 3185/2999/1890
f 3185/2999/1891 2569/3007/1891 2472/3008/1891 2612/3009/1891
f 3184/2998/1892 3185/2999/1892 2612/3009/1892 2613/3010/1892
f 3183/2997/1893 3184/2998/1893 2613/3010/1893 2614/3011/1893
f 3182/2996/1894 3183/2997/1894 2614/3011/1894 2615/3012/1894
f 3181/2995/1895 3182/2996/1895 2615/3012/1895 2616/3013/1895
f 3180/2993/1896 3181/2995/1896 2616/3013/1896 2617/3014/1896
f 3179/2994/1897 3180/2993/1897 2617/3014/1897 2618/3015/1897
f 2632/3016/1898 3179/2994/1898 2618/3015/1898 2478/3017/1898
f 2631/3018/1899 3172/2987/1899 3179/2994/1899 2632/3016/1899
f 2630/3019/1900 3165/2980/1900 3172/2987/1900 2631/3018/1900
f 2629/3020/1901 3158/2973/1901 3165/2980/1901 2630/3019/1901
f 2628/3021/1902 3151/2966/1902 3158/2973/1902 2629/3020/1902
f 2627/3022/1903 3144/2954/1903 3151/2966/1903 2628/3021/1903
f 2626/3000/1904 3137/2951/1904 3144/2954/1904 2627/3022/1904
f 3186/3023/1905 3187/3024/1905 3194/3025/1905 3193/3026/1905
f 3187/3024/1906 3188/3027/1906 3195/3028/1906 3194/3025/1906
f 3188/3027/1907 3189/3029/1907 3196/3030/1907 3195/3028/1907
f 3189/3029/1908 3190/3031/1908 3197/3032/1908 3196/3030/1908
f 3190/3031/1909 3191/3033/1909 3198/3034/1909 3197/3032/1909
f 3191/3033/1910 3192/3035/1910 3199/3036/1910 3198/3034/1910
f 3193/3026/1911 3194/3025/1911 3201/3037/1911 3200/3038/1911
f 3194/3025/1912 3195/3028/1912 3202/3039/1912 3201/3037/1912
f 3195/3028/1913 3196/3030/1913 3203/3040/1913 3202/3039/1913
f 3196/3030/1914 3197/3032/1914 3204/3041/1914 3203/3040/1914
f 3197/3032/1915 3198/3034/1915 3205/3042/1915 3204/3041/1915
f 3198/3034/1916 3199/3036/1916 3206/3043/1916 3205/3042/1916
f 3200/3038/1917 3201/3037/1917 3208/3044/1917 3207/3045/1917
f 3201/3037/1918 3202/3039/1918 3209/3046/1918 3208/3044/1918
f 3202/3039/1919 3203/3040/1919 3210/3047/1919 3209/3046/1919
f 3203/3040/1920 3204/3041/1920 3211/3048/1920 3210/3047/1920
f 3204/3041/1921 3205/3042/1921 3212/3049/1921 3211/3048/1921
f 3205/3042/1922 3206/3043/1922 3213/3050/1922 3212/3049/1922
f 3207/3045/1923 3208/3044/1923 3215/3051/1923 3214/3052/1923
f 3208/3044/1924 3209/3046/1924 3216/3053/1924 3215/3051/1924
f 3209/3046/1925 3210/3047/1925 3217/3054/1925 3216/3053/1925
f 3210/3047/1926 3211/3048/1926 3218/3055/1926 3217/3054/1926
f 3211/3048/1927 3212/3049/1927 3219/3056/1927 3218/3055/1927
f 3212/3049/1928 3213/3050/1928 3220/3057/1928 3219/3056/1928
f 3214/3052/1929 3215/3051/1929 3222/3058/1929 3221/3059/1929
f 3215/3051/1930 3216/3053/1930 3223/3060/1930 3222/3058/1930
f 3216/3053/1931 3217/3054/1931 3224/3061/1931 3223/3060/1931
f 3217/3054/1932 3218/3055/1932 3225/3062/1932 3224/3061/1932
f 3218/3055/1933 3219/3056/1933 3226/3063/1933 3225/3062/1933
f 3219/3056/1934 3220/3057/1934 3227/3064/1934 3226/3063/1934
f 3221/3059/1935 3222/3058/1935 3229/3065/1935 3228/3066/1935
f 3222/3058/1936 3223/3060/1936 3230/3067/1936 3229/3065/1936
f 3223/3060/1937 3224/3061/1937 3231/3068/1937 3230/3067/1937
f 3224/3061/1938 3225/3062/1938 3232/3069/1938 3231/3068/1938
f 3225/3062/1939 3226/3063/1939 3233/3070/1939 3232/3069/1939
f 3226/3063/1940 3227/3064/1940 3234/3071/1940 3233/3070/1940
f 2493/3072/1941 2898/3073/1941 3186/3023/1941 2619/3074/1941
f 2898/3073/1942 2897/3075/1942 3187/3024/1942 3186/3023/1942
f 2897/3075/1943 2896/3076/1943 3188/3027/1943 3187/3024/1943
f 2896/3076/1944 2895/3077/1944 3189/3029/1944 3188/3027/1944
f 2895/3077/1945 2894/3078/1945 3190/3031/1945 3189/3029/1945
f 2894/3078/1946 2893/3079/1946 3191/3033/1946 3190/3031/1946
f 2893/3079/1947 2892/3080/1947 3192/3035/1947 3191/3033/1947
f 2892/3080/1948 2492/3081/1948 2584/3082/1948 3192/3035/1948
f 3192/3035/1949 2584/3082/1949 2585/3083/1949 3199/3036/1949
f 3199/3036/1950 2585/3083/1950 2586/3084/1950 3206/3043/1950
f 3206/3043/1951 2586/3084/1951 2587/3085/1951 3213/3050/1951
f 3213/3050/1952 2587/3085/1952 2588/3086/1952 3220/3057/1952
f 3220/3057/1953 2588/3086/1953 2589/3087/1953 3227/3064/1953
f 3227/3064/1954 2589/3087/1954 2590/3088/1954 3234/3071/1954
f 3234/3071/1955 2590/3088/1955 2468/3089/1955 2520/3090/1955
f 3233/3070/1956 3234/3071/1956 2520/3090/1956 2519/3091/1956
f 3232/3069/1957 3233/3070/1957 2519/3091/1957 2518/3092/1957
f 3231/3068/1958 3232/3069/1958 2518/3092/1958 2517/3093/1958
f 3230/3067/1959 3231/3068/1959 2517/3093/1959 2516/3094/1959
f 3229/3065/1960 3230/3067/1960 2516/3094/1960 2515/3095/1960
f 3228/3066/1961 3229/3065/1961 2515/3095/1961 2514/3096/1961
f 2625/3097/1962 3228/3066/1962 2514/3096/1962 2475/3098/1962
f 2624/3099/1963 3221/3059/1963 3228/3066/1963 2625/3097/1963
f 2623/3100/1964 3214/3052/1964 3221/3059/1964 2624/3099/1964
f 2622/3101/1965 3207/3045/1965 3214/3052/1965 2623/3100/1965
f 2621/3102/1966 3200/3038/1966 3207/3045/1966 2622/3101/1966
f 2620/3103/1967 3193/3026/1967 3200/3038/1967 2621/3102/1967
f 2619/3074/1968 3186/3023/1968 3193/3026/1968 2620/3103/1968
f 3235/3104/1969 3236/3105/1969 3243/3106/1969 3242/3107/1969
f 3236/3105/1970 3237/3108/1970 3244/3109/1970 3243/3106/1970
f 3237/3108/1971 3238/3110/1971 3245/3111/1971 3244/3109/1971
f 3238/3110/1972 3239/3112/1972 3246/3113/1972 3245/3111/1972
f 3239/3112/1973 3240/3114/1973 3247/3115/1973 3246/3113/1973
f 3240/3114/1974 3241/3116/1974 3248/3117/1974 3247/3115/1974
f 3242/3107/1975 3243/3106/1975 3250/3118/1975 3249/3119/1975
f 3243/3106/1976 3244/3109/1976 3251/3120/1976 3250/3118/1976
f 3244/3109/1977 3245/3111/1977 3252/3121/1977 3251/3120/1977
f 3245/3111/1978 3246/3113/1978 3253/3122/1978 3252/3121/1978
f 3246/3113/1979 3247/3115/1979 3254/3123/1979 3253/3122/1979
f 3247/3115/1980 3248/3117/1980 3255/3124/1980 3254/3123/1980
f 3249/3119/1981 3250/3118/1981 3257/3125/1981 3256/3126/1981
f 3250/3118/1982 3251/3120/1982 3258/3127/1982 3257/3125/1982
f 3251/3120/1983 3252/3121/1983 3259/3128/1983 3258/3127/1983
f 3252/3121/1984 3253/3122/1984 3260/3129/1984 3259/3128/1984
f 3253/3122/1985 3254/3123/1985 3261/3130/1985 3260/3129/1985
f 3254/3123/1986 3255/3124/1986 3262/3131/1986 3261/3130/1986
f 3256/3126/1987 3257/3125/1987 3264/3132/1987 3263/3133/1987
f 3257/3125/1988 3258/3127/1988 3265/3134/1988 3264/3132/1988
f 3258/3127/1989 3259/3128/1989 3266/3135/1989 3265/3134/1989
f 3259/3128/1990 3260/3129/1990 3267/3136/1990 3266/3135/1990
f 3260/3129/1991 3261/3130/1991 3268/3137/1991 3267/3136/1991
f 3261/3130/1992 3262/3131/1992 3269/3138/1992 3268/3137/1992
f 3263/3133/1993 3264/3132/1993 3271/3139/1993 3270/3140/1993
f 3264/3132/1994 3265/3134/1994 3272/3141/1994 3271/3139/1994
f 3265/3134/1995 3266/3135/1995 3273/3142/1995 3272/3141/1995
f 3266/3135/1996 3267/3136/1996 3274/3143/1996 3273/3142/1996
f 3267/3136/1997 3268/3137/1997 3275/3144/1997 3274/3143/1997
f 3268/3137/1998 3269/3138/1998 3276/3145/1998 3275/3144/1998
f 3270/3140/1999 3271/3139/1999 3278/3146/1999 3277/3147/1999
f 3271/3139/2000 3272/3141/2000 3279/3148/2000 3278/3146/2000
f 3272/3141/2001 3273/3142/2001 3280/3149/2001 3279/3148/2001
f 3273/3142/2002 3274/3143/2002 3281/3150/2002 3280/3149/2002
f 3274/3143/2003 3275/3144/2003 3282/3151/2003 3281/3150/2003
f 3275/3144/2004 3276/3145/2004 3283/3152/2004 3282/3151/2004
f 2488/3153/2005 2758/3154/2005 3235/3104/2005 2801/3155/2005
f 2758/3154/2006 2757/3156/2006 3236/3105/2006 3235/3104/2006
f 2757/3156/2007 2756/3157/2007 3237/3108/2007 3236/3105/2007
f 2756/3157/2008 2755/3158/2008 3238/3110/2008 3237/3108/2008
f 2755/3158/2009 2754/3159/2009 3239/3112/2009 3238/3110/2009
f 2754/3159/2010 2753/3160/2010 3240/3114/2010 3239/3112/2010
f 2753/3160/2011 2752/3161/2011 3241/3116/2011 3240/3114/2011
f 2752/3161/2012 2473/3162/2012 2562/3163/2012 3241/3116/2012
f 3241/3116/2013 2562/3163/2013 2561/3164/2013 3248/3117/2013
f 3248/3117/2014 2561/3164/2014 2560/3165/2014 3255/3124/2014
f 3255/3124/2015 2560/3165/2015 2559/3166/2015 3262/3131/2015
f 3262/3131/2016 2559/3166/2016 2558/3167/2016 3269/3138/2016
f 3269/3138/2017 2558/3167/2017 2557/3168/2017 3276/3145/2017
f 3276/3145/2018 2557/3168/2018 2556/3169/2018 3283/3152/2018
f 3283/3152/2019 2556/3169/2019 2471/3170/2019 2583/3171/2019
f 3282/3151/2020 3283/3152/2020 2583/3171/2020 2582/3172/2020
f 3281/3150/2021 3282/3151/2021 2582/3172/2021 2581/3173/2021
f 3280/3149/2022 3281/3150/2022 2581/3173/2022 2580/3174/2022
f 3279/3148/2023 3280/3149/2023 2580/3174/2023 2579/3175/2023
f 3278/3146/2024 3279/3148/2024 2579/3175/2024 2578/3176/2024
f 3277/3147/2025 3278/3146/2025 2578/3176/2025 2577/3177/2025
f 2807/3178/2026 3277/3147/2026 2577/3177/2026 2486/3179/2026
f 2806/3180/2027 3270/3140/2027 3277/3147/2027 2807/3178/2027
f 2805/3181/2028 3263/3133/2028 3270/3140/2028 2806/3180/2028
f 2804/3182/2029 3256/3126/2029 3263/3133/2029 2805/3181/2029
f 2803/3183/2030 3249/3119/2030 3256/3126/2030 2804/3182/2030
f 2802/3184/2031 3242/3107/2031 3249/3119/2031 2803/3183/2031
f 2801/3155/2032 3235/3104/2032 3242/3107/2032 2802/3184/2032
f 3284/3185/2033 3285/3186/2033 3292/3187/2033 3291/3188/2033
f 3285/3186/2034 3286/3189/2034 3293/3190/2034 3292/3187/2034
f 3286/3189/2035 3287/3191/2035 3294/3192/2035 3293/3190/2035
f 3287/3191/2036 3288/3193/2036 3295/3194/2036 3294/3192/2036
f 3288/3193/2037 3289/3195/2037 3296/3196/2037 3295/3194/2037
f 3289/3195/2038 3290/3197/2038 3297/3198/2038 3296/3196/2038
f 3291/3188/2039 3292/3187/2039 3299/3199/2039 3298/3200/2039
f 3292/3187/2040 3293/3190/2040 3300/3201/2040 3299/3199/2040
f 3293/3190/2041 3294/3192/2041 3301/3202/2041 3300/3201/2041
f 3294/3192/2042 3295/3194/2042 3302/3203/2042 3301/3202/2042
f 3295/3194/2043 3296/3196/2043 3303/3204/2043 3302/3203/2043
f 3296/3196/2044 3297/3198/2044 3304/3205/2044 3303/3204/2044
f 3298/3200/2045 3299/3199/2045 3306/3206/2045 3305/3207/2045
f 3299/3199/2046 3300/3201/2046 3307/3208/2046 3306/3206/2046
f 3300/3201/2047 3301/3202/2047 3308/3209/2047 3307/3208/2047
f 3301/3202/2048 3302/3203/2048 3309/3210/2048 3308/3209/2048
f 3302/3203/2049 3303/3204/2049 3310/3211/2049 3309/3210/2049
f 3303/3204/2050 3304/3205/2050 3311/3212/2050 3310/3211/2050
f 3305/3207/2051 3306/3206/2051 3313/3213/2051 3312/3214/2051
f 3306/3206/2052 3307/3208/2052 3314/3215/2052 3313/3213/2052
f 3307/3208/2053 3308/3209/2053 3315/3216/2053 3314/3215/2053
f 3308/3209/2054 3309/3210/2054 3316/3217/2054 3315/3216/2054
f 3309/3210/2055 3310/3211/2055 3317/3218/2055 3316/3217/2055
f 3310/3211/2056 3311/3212/2056 3318/3219/2056 3317/3218/2056
f 3312/3214/2057 3313/3213/2057 3320/3220/2057 3319/3221/2057
f 3313/3213/2058 3314/3215/2058 3321/3222/2058 3320/3220/2058
f 3314/3215/2059 3315/3216/2059 3322/3223/2059 3321/3222/2059
f 3315/3216/2060 3316/3217/2060 3323/3224/2060 3322/3223/2060
f 3316/3217/2061 3317/3218/2061 3324/3225/2061 3323/3224/2061
f 3317/3218/2062 3318/3219/2062 3325/3226/2062 3324/3225/2062
f 3319/3221/2063 3320/3220/2063 3327/3227/2063 3326/3228/2063
f 3320/3220/2064 3321/3222/2064 3328/3229/2064 3327/3227/2064
f 3321/3222/2065 3322/3223/2065 3329/3230/2065 3328/3229/2065
f 3322/3223/2066 3323/3224/2066 3330/3231/2066 3329/3230/2066
f 3323/3224/2067 3324/3225/2067 3331/3232/2067 3330/3231/2067
f 3324/3225/2068 3325/3226/2068 3332/3233/2068 3331/3232/2068
f 2494/3234/2069 2842/3235/2069 3284/3185/2069 2885/3236/2069
f 2842/3235/2070 2841/3237/2070 3285/3186/2070 3284/3185/2070
f 2841/3237/2071 2840/3238/2071 3286/3189/2071 3285/3186/2071
f 2840/3238/2072 2839/3239/2072 3287/3191/2072 3286/3189/2072
f 2839/3239/2073 2838/3240/2073 3288/3193/2073 3287/3191/2073
f 2838/3240/2074 2837/3241/2074 3289/3195/2074 3288/3193/2074
f 2837/3241/2075 2836/3242/2075 3290/3197/2075 3289/3195/2075
f 2836/3242/2076 2470/3243/2076 2527/3244/2076 3290/3197/2076
f 3290/3197/2077 2527/3244/2077 2526/3245/2077 3297/3198/2077
f 3297/3198/2078 2526/3245/2078 2525/3246/2078 3304/3205/2078
f 3304/3205/2079 2525/3246/2079 2524/3247/2079 3311/3212/2079
f 3311/3212/2080 2524/3247/2080 2523/3248/2080 3318/3219/2080
f 3318/3219/2081 2523/3248/2081 2522/3249/2081 3325/3226/2081
f 3325/3226/2082 2522/3249/2082 2521/3250/2082 3332/3233/2082
f 3332/3233/2083 2521/3250/2083 2468/3251/2083 2590/3252/2083
f 3331/3232/2084 3332/3233/2084 2590/3252/2084 2589/3253/2084
f 3330/3231/2085 3331/3232/2085 2589/3253/2085 2588/3254/2085
f 3329/3230/2086 3330/3231/2086 2588/3254/2086 2587/3255/2086
f 3328/3229/2087 3329/3230/2087 2587/3255/2087 2586/3256/2087
f 3327/3227/2088 3328/3229/2088 2586/3256/2088 2585/3257/2088
f 3326/3228/2089 3327/3227/2089 2585/3257/2089 2584/3258/2089
f 2891/3259/2090 3326/3228/2090 2584/3258/2090 2492/3260/2090
f 2890/3261/2091 3319/3221/2091 3326/3228/2091 2891/3259/2091
f 2889/3262/2092 3312/3214/2092 3319/3221/2092 2890/3261/2092
f 2888/3263/2093 3305/3207/2093 3312/3214/2093 2889/3262/2093
f 2887/3264/2094 3298/3200/2094 3305/3207/2094 2888/3263/2094
f 2886/3265/2095 3291/3188/2095 3298/3200/2095 2887/3264/2095
f 2885/3236/2096 3284/3185/2096 3291/3188/2096 2886/3265/2096
f 3333/3266/2097 3334/3267/2097 3341/3268/2097 3340/3269/2097
f 3334/3267/2098 3335/3270/2098 3342/3271/2098 3341/3268/2098
f 3335/3270/2099 3336/3272/2099 3343/3273/2099 3342/3271/2099
f 3336/3272/2100 3337/3274/2100 3344/3275/2100 3343/3273/2100
f 3337/3274/2101 3338/3276/2101 3345/3277/2101 3344/3275/2101
f 3338/3276/2102 3339/3278/2102 3346/3279/2102 3345/3277/2102
f 3340/3269/2103 3341/3268/2103 3348/3280/2103 3347/3281/2103
f 3341/3268/2104 3342/3271/2104 3349/3282/2104 3348/3280/2104
f 3342/3271/2105 3343/3273/2105 3350/3283/2105 3349/3282/2105
f 3343/3273/2106 3344/3275/2106 3351/3284/2106 3350/3283/2106
f 3344/3275/2107 3345/3277/2107 3352/3285/2107 3351/3284/2107
f 3345/3277/2108 3346/3279/2108 3353/3286/2108 3352/3285/2108
f 3347/3281/2109 3348/3280/2109 3355/3287/2109 3354/3288/2109
f 3348/3280/2110 3349/3282/2110 3356/3289/2110 3355/3287/2110
f 3349/3282/2111 3350/3283/2111 3357/3290/2111 3356/3289/2111
f 3350/3283/2112 3351/3284/2112 3358/3291/2112 3357/3290/2112
f 3351/3284/2113 3352/3285/2113 3359/3292/2113 3358/3291/2113
f 3352/3285/2114 3353/3286/2114 3360/3293/2114 3359/3292/2114
f 3354/3288/2115 3355/3287/2115 3362/3294/2115 3361/3295/2115
f 3355/3287/2116 3356/3289/2116 3363/3296/2116 3362/3294/2116
f 3356/3289/2117 3357/3290/2117 3364/3297/2117 3363/3296/2117
f 3357/3290/2118 3358/3291/2118 3365/3298/2118 3364/3297/2118
f 3358/3291/2119 3359/3292/2119 3366/3299/2119 3365/3298/2119
f 3359/3292/2120 3360/3293/2120 3367/3300/2120 3366/3299/2120
f 3361/3295/2121 3362/3294/2121 3369/3301/2121 3368/3302/2121
f 3362/3294/2122 3363/3296/2122 3370/3303/2122 3369/3301/2122
f 3363/3296/2123 3364/3297/2123 3371/3304/2123 3370/3303/2123
f 3364/3297/2124 3365/3298/2124 3372/3305/2124 3371/3304/2124
f 3365/3298/2125 3366/3299/2125 3373/3306/2125 3372/3305/2125
f 3366/3299/2126 3367/3300/2126 3374/3307/2126 3373/3306/2126
f 3368/3302/2127 3369/3301/2127 3376/3308/2127 3375/3309/2127
f 3369/3301/2128 3370/3303/2128 3377/3310/2128 3376/3308/2128
f 3370/3303/2129 3371/3304/2129 3378/3311/2129 3377/3310/2129
f 3371/3304/2130 3372/3305/2130 3379/3312/2130 3378/3311/2130
f 3372/3305/2131 3373/3306/2131 3380/3313/2131 3379/3312/2131
f 3373/3306/2132 3374/3307/2132 3381/3314/2132 3380/3313/2132
f 2506/3315/2133 2968/3316/2133 3333/3266/2133 3032/3317/2133
f 2968/3316/2134 2967/3318/2134 3334/3267/2134 3333/3266/2134
f 2967/3318/2135 2966/3319/2135 3335/3270/2135 3334/3267/2135
f 2966/3319/2136 2965/3320/2136 3336/3272/2136 3335/3270/2136
f 2965/3320/2137 2964/3321/2137 3337/3274/2137 3336/3272/2137
f 2964/3321/2138 2963/3322/2138 3338/3276/2138 3337/3274/2138
f 2963/3322/2139 2962/3323/2139 3339/3278/2139 3338/3276/2139
f 2962/3323/2140 2493/3072/2140 2619/3074/2140 3339/3278/2140
f 3339/3278/2141 2619/3074/2141 2620/3103/2141 3346/3279/2141
f 3346/3279/2142 2620/3103/2142 2621/3102/2142 3353/3286/2142
f 3353/3286/2143 2621/3102/2143 2622/3101/2143 3360/3293/2143
f 3360/3293/2144 2622/3101/2144 2623/3100/2144 3367/3300/2144
f 3367/3300/2145 2623/3100/2145 2624/3099/2145 3374/3307/2145
f 3374/3307/2146 2624/3099/2146 2625/3097/2146 3381/3314/2146
f 3381/3314/2147 2625/3097/2147 2475/3098/2147 2597/3324/2147
f 3380/3313/2148 3381/3314/2148 2597/3324/2148 2596/3325/2148
f 3379/3312/2149 3380/3313/2149 2596/3325/2149 2595/3326/2149
f 3378/3311/2150 3379/3312/2150 2595/3326/2150 2594/3327/2150
f 3377/3310/2151 3378/3311/2151 2594/3327/2151 2593/3328/2151
f 3376/3308/2152 3377/3310/2152 2593/3328/2152 2592/3329/2152
f 3375/3309/2153 3376/3308/2153 2592/3329/2153 2591/3330/2153
f 3038/3331/2154 3375/3309/2154 2591/3330/2154 2500/3332/2154
f 3037/3333/2155 3368/3302/2155 3375/3309/2155 3038/3331/2155
f 3036/3334/2156 3361/3295/2156 3368/3302/2156 3037/3333/2156
f 3035/3335/2157 3354/3288/2157 3361/3295/2157 3036/3334/2157
f 3034/3336/2158 3347/3281/2158 3354/3288/2158 3035/3335/2158
f 3033/3337/2159 3340/3269/2159 3347/3281/2159 3034/3336/2159
f 3032/3317/2160 3333/3266/2160 3340/3269/2160 3033/3337/2160
f 3382/3338/2161 3383/3339/2161 3390/3340/2161 3389/3341/2161
f 3383/3339/2162 3384/3342/2162 3391/3343/2162 3390/3340/2162
f 3384/3342/2163 3385/3344/2163 3392/3345/2163 3391/3343/2163
f 3385/3344/2164 3386/3346/2164 3393/3347/2164 3392/3345/2164
f 3386/3346/2165 3387/3348/2165 3394/3349/2165 3393/3347/2165
f 3387/3348/2166 3388/3350/2166 3395/3351/2166 3394/3349/2166
f 3389/3341/2167 3390/3340/2167 3397/3352/2167 3396/3353/2167
f 3390/3340/2168 3391/3343/2168 3398/3354/2168 3397/3352/2168
f 3391/3343/2169 3392/3345/2169 3399/3355/2169 3398/3354/2169
f 3392/3345/2170 3393/3347/2170 3400/3356/2170 3399/3355/2170
f 3393/3347/2171 3394/3349/2171 3401/3357/2171 3400/3356/2171
f 3394/3349/2172 3395/3351/2172 3402/3358/2172 3401/3357/2172
f 3396/3353/2173 3397/3352/2173 3404/3359/2173 3403/3360/2173
f 3397/3352/2174 3398/3354/2174 3405/3361/2174 3404/3359/2174
f 3398/3354/2175 3399/3355/2175 3406/3362/2175 3405/3361/2175
f 3399/3355/2176 3400/3356/2176 3407/3363/2176 3406/3362/2176
f 3400/3356/2176 3401/3357/2176 3408/3364/2176 3407/3363/2176
f 3401/3357/2177 3402/3358/2177 3409/3365/2177 3408/3364/2177
f 3403/3360/2178 3404/3359/2178 3411/3366/2178 3410/3367/2178
f 3404/3359/2179 3405/3361/2179 3412/3368/2179 3411/3366/2179
f 3405/3361/2180 3406/3362/2180 3413/3369/2180 3412/3368/2180
f 3406/3362/2181 3407/3363/2181 3414/3370/2181 3413/3369/2181
f 3407/3363/2182 3408/3364/2182 3415/3371/2182 3414/3370/2182
f 3408/3364/2182 3409/3365/2182 3416/3372/2182 3415/3371/2182
f 3410/3367/2183 3411/3366/2183 3418/3373/2183 3417/3374/2183
f 3411/3366/2184 3412/3368/2184 3419/3375/2184 3418/3373/2184
f 3412/3368/2185 3413/3369/2185 3420/3376/2185 3419/3375/2185
f 3413/3369/2186 3414/3370/2186 3421/3377/2186 3420/3376/2186
f 3414/3370/2187 3415/3371/2187 3422/3378/2187 3421/3377/2187
f 3415/3371/2188 3416/3372/2188 3423/3379/2188 3422/3378/2188
f 3417/3374/2189 3418/3373/2189 3425/3380/2189 3424/3381/2189
f 3418/3373/2190 3419/3375/2190 3426/3382/2190 3425/3380/2190
f 3419/3375/2191 3420/3376/2191 3427/3383/2191 3426/3382/2191
f 3420/3376/2192 3421/3377/2192 3428/3384/2192 3427/3383/2192
f 3421/3377/2193 3422/3378/2193 3429/3385/2193 3428/3384/2193
f 3422/3378/2194 3423/3379/2194 3430/3386/2194 3429/3385/2194
f 2498/3387/2195 2912/3388/2195 3382/3338/2195 3025/3389/2195
f 2912/3388/2196 2911/3390/2196 3383/3339/2196 3382/3338/2196
f 2911/3390/2197 2910/3391/2197 3384/3342/2197 3383/3339/2197
f 2910/3391/2198 2909/3392/2198 3385/3344/2198 3384/3342/2198
f 2909/3392/2199 2908/3393/2199 3386/3346/2199 3385/3344/2199
f 2908/3393/2200 2907/3394/2200 3387/3348/2200 3386/3346/2200
f 2907/3394/2201 2906/3395/2201 3388/3350/2201 3387/3348/2201
f 2906/3395/2202 2477/2945/2202 2626/3396/2202 3388/3350/2202
f 3388/3350/2203 2626/3396/2203 2627/3397/2203 3395/3351/2203
f 3395/3351/2204 2627/3397/2204 2628/3398/2204 3402/3358/2204
f 3402/3358/2205 2628/3398/2205 2629/3020/2205 3409/3365/2205
f 3409/3365/2206 2629/3020/2206 2630/3399/2206 3416/3372/2206
f 3416/3372/2207 2630/3399/2207 2631/3018/2207 3423/3379/2207
f 3423/3379/2208 2631/3018/2208 2632/3400/2208 3430/3386/2208
f 3430/3386/2209 2632/3400/2209 2478/3401/2209 2913/3402/2209
f 3429/3385/2210 3430/3386/2210 2913/3402/2210 2914/3403/2210
f 3428/3384/2211 3429/3385/2211 2914/3403/2211 2915/3404/2211
f 3427/3383/2212 3428/3384/2212 2915/3404/2212 2916/3405/2212
f 3426/3382/2213 3427/3383/2213 2916/3405/2213 2917/3406/2213
f 3425/3380/2214 3426/3382/2214 2917/3406/2214 2918/3407/2214
f 3424/3381/2215 3425/3380/2215 2918/3407/2215 2919/3408/2215
f 3031/3409/2216 3424/3381/2216 2919/3408/2216 2499/3410/2216
f 3030/3411/2217 3417/3374/2217 3424/3381/2217 3031/3409/2217
f 3029/3412/2218 3410/3367/2218 3417/3374/2218 3030/3411/2218
f 3028/3413/2219 3403/3360/2219 3410/3367/2219 3029/3412/2219
f 3027/3414/2220 3396/3353/2220 3403/3360/2220 3028/3413/2220
f 3026/3415/2221 3389/3341/2221 3396/3353/2221 3027/3414/2221
f 3025/3389/2222 3382/3338/2222 3389/3341/2222 3026/3415/2222
f 3431/3416/2223 3432/3417/2223 3439/3418/2223 3438/3419/2223
f 3432/3417/2224 3433/3420/2224 3440/3421/2224 3439/3418/2224
f 3433/3420/2225 3434/3422/2225 3441/3423/2225 3440/3421/2225
f 3434/3422/2226 3435/3424/2226 3442/3425/2226 3441/3423/2226
f 3435/3424/2227 3436/3426/2227 3443/3427/2227 3442/3425/2227
f 3436/3426/2228 3437/3428/2228 3444/3429/2228 3443/3427/2228
f 3438/3419/2229 3439/3418/2229 3446/3430/2229 3445/3431/2229
f 3439/3418/2230 3440/3421/2230 3447/3432/2230 3446/3430/2230
f 3440/3421/2231 3441/3423/2231 3448/3433/2231 3447/3432/2231
f 3441/3423/2232 3442/3425/2232 3449/3434/2232 3448/3433/2232
f 3442/3425/2233 3443/3427/2233 3450/3435/2233 3449/3434/2233
f 3443/3427/2234 3444/3429/2234 3451/3436/2234 3450/3435/2234
f 3445/3431/2235 3446/3430/2235 3453/3437/2235 3452/3438/2235
f 3446/3430/2236 3447/3432/2236 3454/3439/2236 3453/3437/2236
f 3447/3432/2237 3448/3433/2237 3455/3440/2237 3454/3439/2237
f 3448/3433/2238 3449/3434/2238 3456/3441/2238 3455/3440/2238
f 3449/3434/2239 3450/3435/2239 3457/3442/2239 3456/3441/2239
f 3450/3435/2240 3451/3436/2240 3458/3443/2240 3457/3442/2240
f 3452/3438/2241 3453/3437/2241 3460/3444/2241 3459/3445/2241
f 3453/3437/2242 3454/3439/2242 3461/3446/2242 3460/3444/2242
f 3454/3439/2243 3455/3440/2243 3462/3447/2243 3461/3446/2243
f 3455/3440/2244 3456/3441/2244 3463/3448/2244 3462/3447/2244
f 3456/3441/2245 3457/3442/2245 3464/3449/2245 3463/3448/2245
f 3457/3442/2246 3458/3443/2246 3465/3450/2246 3464/3449/2246
f 3459/3445/2247 3460/3444/2247 3467/3451/2247 3466/3452/2247
f 3460/3444/2248 3461/3446/2248 3468/3453/2248 3467/3451/2248
f 3461/3446/2249 3462/3447/2249 3469/3454/2249 3468/3453/2249
f 3462/3447/2250 3463/3448/2250 3470/3455/2250 3469/3454/2250
f 3463/3448/2251 3464/3449/2251 3471/3456/2251 3470/3455/2251
f 3464/3449/2252 3465/3450/2252 3472/3457/2252 3471/3456/2252
f 3466/3452/2253 3467/3451/2253 3474/3458/2253 3473/3459/2253
f 3467/3451/2254 3468/3453/2254 3475/3460/2254 3474/3458/2254
f 3468/3453/2255 3469/3454/2255 3476/3461/2255 3475/3460/2255
f 3469/3454/2256 3470/3455/2256 3477/3462/2256 3476/3461/2256
f 3470/3455/2257 3471/3456/2257 3478/3463/2257 3477/3462/2257
f 3471/3456/2258 3472/3457/2258 3479/3464/2258 3478/3463/2258
f 2504/3465/2259 2954/3466/2259 3431/3416/2259 3018/3467/2259
f 2954/3466/2260 2953/3468/2260 3432/3417/2260 3431/3416/2260
f 2953/3468/2261 2952/3469/2261 3433/3420/2261 3432/3417/2261
f 2952/3469/2262 2951/3470/2262 3434/3422/2262 3433/3420/2262
f 2951/3470/2263 2950/3471/2263 3435/3424/2263 3434/3422/2263
f 2950/3471/2264 2949/3472/2264 3436/3426/2264 3435/3424/2264
f 2949/3472/2265 2948/3473/2265 3437/3428/2265 3436/3426/2265
f 2948/3473/2266 2487/2919/2266 2633/2921/2266 3437/3428/2266
f 3437/3428/2267 2633/2921/2267 2634/2950/2267 3444/3429/2267
f 3444/3429/2268 2634/2950/2268 2635/2949/2268 3451/3436/2268
f 3451/3436/2269 2635/2949/2269 2636/2948/2269 3458/3443/2269
f 3458/3443/2270 2636/2948/2270 2637/2947/2270 3465/3450/2270
f 3465/3450/2271 2637/2947/2271 2638/2946/2271 3472/3457/2271
f 3472/3457/2272 2638/2946/2272 2639/2944/2272 3479/3464/2272
f 3479/3464/2273 2639/2944/2273 2477/2945/2273 2906/3474/2273
f 3478/3463/2274 3479/3464/2274 2906/3474/2274 2907/3475/2274
f 3477/3462/2275 3478/3463/2275 2907/3475/2275 2908/3476/2275
f 3476/3461/2276 3477/3462/2276 2908/3476/2276 2909/3477/2276
f 3475/3460/2277 3476/3461/2277 2909/3477/2277 2910/3478/2277
f 3474/3458/2277 3475/3460/2277 2910/3478/2277 2911/3479/2277
f 3473/3459/2278 3474/3458/2278 2911/3479/2278 2912/3480/2278
f 3024/3481/2279 3473/3459/2279 2912/3480/2279 2498/3387/2279
f 3023/3482/2280 3466/3452/2280 3473/3459/2280 3024/3481/2280
f 3022/3483/2281 3459/3445/2281 3466/3452/2281 3023/3482/2281
f 3021/3484/2282 3452/3438/2282 3459/3445/2282 3022/3483/2282
f 3020/3485/2283 3445/3431/2283 3452/3438/2283 3021/3484/2283
f 3019/3486/2284 3438/3419/2284 3445/3431/2284 3020/3485/2284
f 3018/3467/2285 3431/3416/2285 3438/3419/2285 3019/3486/2285
f 3480/3487/2286 3481/3488/2286 3488/3489/2286 3487/3490/2286
f 3481/3488/2287 3482/3491/2287 3489/3492/2287 3488/3489/2287
f 3482/3491/2288 3483/3493/2288 3490/3494/2288 3489/3492/2288
f 3483/3493/2289 3484/3495/2289 3491/3496/2289 3490/3494/2289
f 3484/3495/2290 3485/3497/2290 3492/3498/2290 3491/3496/2290
f 3485/3497/2291 3486/3499/2291 3493/3500/2291 3492/3498/2291
f 3487/3490/2292 3488/3489/2292 3495/3501/2292 3494/3502/2292
f 3488/3489/2292 3489/3492/2292 3496/3503/2292 3495/3501/2292
f 3489/3492/2293 3490/3494/2293 3497/3504/2293 3496/3503/2293
f 3490/3494/2294 3491/3496/2294 3498/3505/2294 3497/3504/2294
f 3491/3496/2295 3492/3498/2295 3499/3506/2295 3498/3505/2295
f 3492/3498/2296 3493/3500/2296 3500/3507/2296 3499/3506/2296
f 3494/3502/2297 3495/3501/2297 3502/3508/2297 3501/3509/2297
f 3495/3501/2297 3496/3503/2297 3503/3510/2297 3502/3508/2297
f 3496/3503/2297 3497/3504/2297 3504/3511/2297 3503/3510/2297
f 3497/3504/2298 3498/3505/2298 3505/3512/2298 3504/3511/2298
f 3498/3505/2298 3499/3506/2298 3506/3513/2298 3505/3512/2298
f 3499/3506/2298 3500/3507/2298 3507/3514/2298 3506/3513/2298
f 3501/3509/2299 3502/3508/2299 3509/3515/2299 3508/3516/2299
f 3502/3508/2299 3503/3510/2299 3510/3517/2299 3509/3515/2299
f 3503/3510/2299 3504/3511/2299 3511/3518/2299 3510/3517/2299
f 3504/3511/2300 3505/3512/2300 3512/3519/2300 3511/3518/2300
f 3505/3512/2300 3506/3513/2300 3513/3520/2300 3512/3519/2300
f 3506/3513/2300 3507/3514/2300 3514/3521/2300 3513/3520/2300
f 3508/3516/2301 3509/3515/2301 3516/3522/2301 3515/3523/2301
f 3509/3515/2301 3510/3517/2301 3517/3524/2301 3516/3522/2301
f 3510/3517/2302 3511/3518/2302 3518/3525/2302 3517/3524/2302
f 3511/3518/2303 3512/3519/2303 3519/3526/2303 3518/3525/2303
f 3512/3519/2304 3513/3520/2304 3520/3527/2304 3519/3526/2304
f 3513/3520/2305 3514/3521/2305 3521/3528/2305 3520/3527/2305
f 3515/3523/2306 3516/3522/2306 3523/3529/2306 3522/3530/2306
f 3516/3522/2307 3517/3524/2307 3524/3531/2307 3523/3529/2307
f 3517/3524/2308 3518/3525/2308 3525/3532/2308 3524/3531/2308
f 3518/3525/2309 3519/3526/2309 3526/3533/2309 3525/3532/2309
f 3519/3526/2310 3520/3527/2310 3527/3534/2310 3526/3533/2310
f 3520/3527/2311 3521/3528/2311 3528/3535/2311 3527/3534/2311
f 2500/3536/2312 2591/3537/2312 3480/3487/2312 3011/3538/2312
f 2591/3537/2313 2592/3539/2313 3481/3488/2313 3480/3487/2313
f 2592/3539/2314 2593/3540/2314 3482/3491/2314 3481/3488/2314
f 2593/3540/2315 2594/3541/2315 3483/3493/2315 3482/3491/2315
f 2594/3541/2316 2595/3542/2316 3484/3495/2316 3483/3493/2316
f 2595/3542/2317 2596/3543/2317 3485/3497/2317 3484/3495/2317
f 2596/3543/2318 2597/3544/2318 3486/3499/2318 3485/3497/2318
f 2597/3544/2319 2475/2838/2319 2640/2840/2319 3486/3499/2319
f 3486/3499/2320 2640/2840/2320 2641/2869/2320 3493/3500/2320
f 3493/3500/2321 2641/2869/2321 2642/2868/2321 3500/3507/2321
f 3500/3507/2322 2642/2868/2322 2643/2867/2322 3507/3514/2322
f 3507/3514/2323 2643/2867/2323 2644/2866/2323 3514/3521/2323
f 3514/3521/2324 2644/2866/2324 2645/2865/2324 3521/3528/2324
f 3521/3528/2325 2645/2865/2325 2646/2863/2325 3528/3535/2325
f 3528/3535/2326 2646/2863/2326 2476/2864/2326 2899/3545/2326
f 3527/3534/2327 3528/3535/2327 2899/3545/2327 2900/3546/2327
f 3526/3533/2328 3527/3534/2328 2900/3546/2328 2901/3547/2328
f 3525/3532/2329 3526/3533/2329 2901/3547/2329 2902/3548/2329
f 3524/3531/2330 3525/3532/2330 2902/3548/2330 2903/3549/2330
f 3523/3529/2331 3524/3531/2331 2903/3549/2331 2904/3550/2331
f 3522/3530/2332 3523/3529/2332 2904/3550/2332 2905/3551/2332
f 3017/3552/2333 3522/3530/2333 2905/3551/2333 2497/3553/2333
f 3016/3554/2334 3515/3523/2334 3522/3530/2334 3017/3552/2334
f 3015/3555/2335 3508/3516/2335 3515/3523/2335 3016/3554/2335
f 3014/3556/2299 3501/3509/2299 3508/3516/2299 3015/3555/2299
f 3013/3557/2297 3494/3502/2297 3501/3509/2297 3014/3556/2297
f 3012/3558/2336 3487/3490/2336 3494/3502/2336 3013/3557/2336
f 3011/3538/2337 3480/3487/2337 3487/3490/2337 3012/3558/2337
f 3529/3559/2338 3530/3560/2338 3537/3561/2338 3536/3562/2338
f 3530/3560/2339 3531/3563/2339 3538/3564/2339 3537/3561/2339
f 3531/3563/2340 3532/3565/2340 3539/3566/2340 3538/3564/2340
f 3532/3565/2341 3533/3567/2341 3540/3568/2341 3539/3566/2341
f 3533/3567/2342 3534/3569/2342 3541/3570/2342 3540/3568/2342
f 3534/3569/2343 3535/3571/2343 3542/3572/2343 3541/3570/2343
f 3536/3562/2338 3537/3561/2338 3544/3573/2338 3543/3574/2338
f 3537/3561/2339 3538/3564/2339 3545/3575/2339 3544/3573/2339
f 3538/3564/2340 3539/3566/2340 3546/3576/2340 3545/3575/2340
f 3539/3566/2341 3540/3568/2341 3547/3577/2341 3546/3576/2341
f 3540/3568/2342 3541/3570/2342 3548/3578/2342 3547/3577/2342
f 3541/3570/2343 3542/3572/2343 3549/3579/2343 3548/3578/2343
f 3543/3574/2338 3544/3573/2338 3551/3580/2338 3550/3581/2338
f 3544/3573/2339 3545/3575/2339 3552/3582/2339 3551/3580/2339
f 3545/3575/2340 3546/3576/2340 3553/3583/2340 3552/3582/2340
f 3546/3576/2341 3547/3577/2341 3554/3584/2341 3553/3583/2341
f 3547/3577/2342 3548/3578/2342 3555/3585/2342 3554/3584/2342
f 3548/3578/2343 3549/3579/2343 3556/3586/2343 3555/3585/2343
f 3550/3581/2338 3551/3580/2338 3558/3587/2338 3557/3588/2338
f 3551/3580/2344 3552/3582/2344 3559/3589/2344 3558/3587/2344
f 3552/3582/2340 3553/3583/2340 3560/3590/2340 3559/3589/2340
f 3553/3583/2341 3554/3584/2341 3561/3591/2341 3560/3590/2341
f 3554/3584/2342 3555/3585/2342 3562/3592/2342 3561/3591/2342
f 3555/3585/2343 3556/3586/2343 3563/3593/2343 3562/3592/2343
f 3557/3588/2338 3558/3587/2338 3565/3594/2338 3564/3595/2338
f 3558/3587/2344 3559/3589/2344 3566/3596/2344 3565/3594/2344
f 3559/3589/2340 3560/3590/2340 3567/3597/2340 3566/3596/2340
f 3560/3590/2341 3561/3591/2341 3568/3598/2341 3567/3597/2341
f 3561/3591/2342 3562/3592/2342 3569/3599/2342 3568/3598/2342
f 3562/3592/2343 3563/3593/2343 3570/3600/2343 3569/3599/2343
f 3564/3595/2338 3565/3594/2338 3572/3601/2338 3571/3602/2338
f 3565/3594/2339 3566/3596/2339 3573/3603/2339 3572/3601/2339
f 3566/3596/2340 3567/3597/2340 3574/3604/2340 3573/3603/2340
f 3567/3597/2341 3568/3598/2341 3575/3605/2341 3574/3604/2341
f 3568/3598/2342 3569/3599/2342 3576/3606/2342 3575/3605/2342
f 3569/3599/2343 3570/3600/2343 3577/3607/2343 3576/3606/2343
f 2505/3608/2345 2961/3609/2345 3529/3559/2345 3004/3610/2345
f 2961/3609/2338 2960/3611/2338 3530/3560/2338 3529/3559/2338
f 2960/3611/2339 2959/3612/2339 3531/3563/2339 3530/3560/2339
f 2959/3612/2340 2958/3613/2340 3532/3565/2340 3531/3563/2340
f 2958/3613/2341 2957/3614/2341 3533/3567/2341 3532/3565/2341
f 2957/3614/2342 2956/3615/2342 3534/3569/2342 3533/3567/2342
f 2956/3615/2343 2955/3616/2343 3535/3571/2343 3534/3569/2343
f 2955/3616/2346 2496/3617/2346 2682/3618/2346 3535/3571/2346
f 3535/3571/2346 2682/3618/2346 2683/3619/2346 3542/3572/2346
f 3542/3572/2346 2683/3619/2346 2684/3620/2346 3549/3579/2346
f 3549/3579/2346 2684/3620/2346 2685/3621/2346 3556/3586/2346
f 3556/3586/2346 2685/3621/2346 2686/3622/2346 3563/3593/2346
f 3563/3593/2346 2686/3622/2346 2687/3623/2346 3570/3600/2346
f 3570/3600/2346 2687/3623/2346 2688/3624/2346 3577/3607/2346
f 3577/3607/2346 2688/3624/2346 2484/3625/2346 2927/3626/2346
f 3576/3606/2343 3577/3607/2343 2927/3626/2343 2928/3627/2343
f 3575/3605/2342 3576/3606/2342 2928/3627/2342 2929/3628/2342
f 3574/3604/2341 3575/3605/2341 2929/3628/2341 2930/3629/2341
f 3573/3603/2340 3574/3604/2340 2930/3629/2340 2931/3630/2340
f 3572/3601/2339 3573/3603/2339 2931/3630/2339 2932/3631/2339
f 3571/3602/2338 3572/3601/2338 2932/3631/2338 2933/3632/2338
f 3010/3633/2345 3571/3602/2345 2933/3632/2345 2501/3634/2345
f 3009/3635/2345 3564/3595/2345 3571/3602/2345 3010/3633/2345
f 3008/3636/2345 3557/3588/2345 3564/3595/2345 3009/3635/2345
f 3007/3637/2345 3550/3581/2345 3557/3588/2345 3008/3636/2345
f 3006/3638/2345 3543/3574/2345 3550/3581/2345 3007/3637/2345
f 3005/3639/2345 3536/3562/2345 3543/3574/2345 3006/3638/2345
f 3004/3610/2345 3529/3559/2345 3536/3562/2345 3005/3639/2345
f 3676/3802/2412 3677/3803/2412 3684/3804/2412 3683/3805/2412
f 3677/3803/2412 3678/3806/2412 3685/3807/2412 3684/3804/2412
f 3678/3806/2412 3679/3808/2412 3686/3809/2412 3685/3807/2412
f 3679/3808/2412 3680/3810/2412 3687/3811/2412 3686/3809/2412
f 3680/3810/2412 3681/3812/2412 3688/3813/2412 3687/3811/2412
f 3681/3812/2412 3682/3814/2412 3689/3815/2412 3688/3813/2412
f 3683/3805/2413 3684/3804/2413 3691/3816/2413 3690/3817/2413
f 3684/3804/2413 3685/3807/2413 3692/3818/2413 3691/3816/2413
f 3685/3807/2413 3686/3809/2413 3693/3819/2413 3692/3818/2413
f 3686/3809/2413 3687/3811/2413 3694/3820/2413 3693/3819/2413
f 3687/3811/2413 3688/3813/2413 3695/3821/2413 3694/3820/2413
f 3688/3813/2413 3689/3815/2413 3696/3822/2413 3695/3821/2413
f 3690/3817/2414 3691/3816/2414 3698/3823/2414 3697/3824/2414
f 3691/3816/2414 3692/3818/2414 3699/3825/2414 3698/3823/2414
f 3692/3818/2414 3693/3819/2414 3700/3826/2414 3699/3825/2414
f 3693/3819/2414 3694/3820/2414 3701/3827/2414 3700/3826/2414
f 3694/3820/2414 3695/3821/2414 3702/3828/2414 3701/3827/2414
f 3695/3821/2414 3696/3822/2414 3703/3829/2414 3702/3828/2414
f 3697/3824/2415 3698/3823/2415 3705/3830/2415 3704/3831/2415
f 3698/3823/2415 3699/3825/2415 3706/3832/2415 3705/3830/2415
f 3699/3825/2415 3700/3826/2415 3707/3833/2415 3706/3832/2415
f 3700/3826/2415 3701/3827/2415 3708/3834/2415 3707/3833/2415
f 3701/3827/2415 3702/3828/2415 3709/3835/2415 3708/3834/2415
f 3702/3828/2415 3703/3829/2415 3710/3836/2415 3709/3835/2415
f 3704/3831/2416 3705/3830/2416 3712/3837/2416 3711/3838/2416
f 3705/3830/2416 3706/3832/2416 3713/3839/2416 3712/3837/2416
f 3706/3832/2416 3707/3833/2416 3714/3840/2416 3713/3839/2416
f 3707/3833/2416 3708/3834/2416 3715/3841/2416 3714/3840/2416
f 3708/3834/2416 3709/3835/2416 3716/3842/2416 3715/3841/2416
f 3709/3835/2416 3710/3836/2416 3717/3843/2416 3716/3842/2416
f 3711/3838/2417 3712/3837/2417 3719/3844/2417 3718/3845/2417
f 3712/3837/2417 3713/3839/2417 3720/3846/2417 3719/3844/2417
f 3713/3839/2417 3714/3840/2417 3721/3847/2417 3720/3846/2417
f 3714/3840/2417 3715/3841/2417 3722/3848/2417 3721/3847/2417
f 3715/3841/2417 3716/3842/2417 3723/3849/2417 3722/3848/2417
f 3716/3842/2417 3717/3843/2417 3724/3850/2417 3723/3849/2417
f 2491/3851/2418 2821/3852/2418 3676/3802/2418 2864/3853/2418
f 2821/3852/2418 2820/3854/2418 3677/3803/2418 3676/3802/2418
f 2820/3854/2418 2819/3855/2418 3678/3806/2418 3677/3803/2418
f 2819/3855/2418 2818/3856/2418 3679/3808/2418 3678/3806/2418
f 2818/3856/2418 2817/3857/2418 3680/3810/2418 3679/3808/2418
f 2817/3857/2418 2816/3858/2418 3681/3812/2418 3680/3810/2418
f 2816/3858/2418 2815/3859/2418 3682/3814/2418 3681/3812/2418
f 2815/3859/2418 2479/3860/2418 2710/3861/2418 3682/3814/2418
f 3682/3814/2412 2710/3861/2412 2711/3862/2412 3689/3815/2412
f 3689/3815/2413 2711/3862/2413 2712/3863/2413 3696/3822/2413
f 3696/3822/2414 2712/3863/2414 2713/3864/2414 3703/3829/2414
f 3703/3829/2415 2713/3864/2415 2714/3865/2415 3710/3836/2415
f 3710/3836/2416 2714/3865/2416 2715/3866/2416 3717/3843/2416
f 3717/3843/2417 2715/3866/2417 2716/3867/2417 3724/3850/2417
f 3724/3850/2419 2716/3867/2419 2481/3868/2419 2667/3869/2419
f 3723/3849/2419 3724/3850/2419 2667/3869/2419 2666/3870/2419
f 3722/3848/2419 3723/3849/2419 2666/3870/2419 2665/3871/2419
f 3721/3847/2419 3722/3848/2419 2665/3871/2419 2664/3872/2419
f 3720/3846/2419 3721/3847/2419 2664/3872/2419 2663/3873/2419
f 3719/3844/2419 3720/3846/2419 2663/3873/2419 2662/3874/2419
f 3718/3845/2419 3719/3844/2419 2662/3874/2419 2661/3875/2419
f 2870/3876/2419 3718/3845/2419 2661/3875/2419 2495/3877/2419
f 2869/3878/2417 3711/3838/2417 3718/3845/2417 2870/3876/2417
f 2868/3879/2416 3704/3831/2416 3711/3838/2416 2869/3878/2416
f 2867/3880/2415 3697/3824/2415 3704/3831/2415 2868/3879/2415
f 2866/3881/2414 3690/3817/2414 3697/3824/2414 2867/3880/2414
f 2865/3882/2413 3683/3805/2413 3690/3817/2413 2866/3881/2413
f 2864/3853/2412 3676/3802/2412 3683/3805/2412 2865/3882/2412
f 3774/3955/2428 3775/3956/2428 3782/3957/2428 3781/3958/2428
f 3775/3956/2429 3776/3959/2429 3783/3960/2429 3782/3957/2429
f 3776/3959/2430 3777/3961/2430 3784/3962/2430 3783/3960/2430
f 3777/3961/2431 3778/3963/2431 3785/3964/2431 3784/3962/2431
f 3778/3963/2432 3779/3965/2432 3786/3966/2432 3785/3964/2432
f 3779/3965/2433 3780/3967/2433 3787/3968/2433 3786/3966/2433
f 3781/3958/2428 3782/3957/2428 3789/3969/2428 3788/3970/2428
f 3782/3957/2429 3783/3960/2429 3790/3971/2429 3789/3969/2429
f 3783/3960/2430 3784/3962/2430 3791/3972/2430 3790/3971/2430
f 3784/3962/2431 3785/3964/2431 3792/3973/2431 3791/3972/2431
f 3785/3964/2432 3786/3966/2432 3793/3974/2432 3792/3973/2432
f 3786/3966/2433 3787/3968/2433 3794/3975/2433 3793/3974/2433
f 3788/3970/2428 3789/3969/2428 3796/3976/2428 3795/3977/2428
f 3789/3969/2429 3790/3971/2429 3797/3978/2429 3796/3976/2429
f 3790/3971/2430 3791/3972/2430 3798/3979/2430 3797/3978/2430
f 3791/3972/2431 3792/3973/2431 3799/3980/2431 3798/3979/2431
f 3792/3973/2432 3793/3974/2432 3800/3981/2432 3799/3980/2432
f 3793/3974/2433 3794/3975/2433 3801/3982/2433 3800/3981/2433
f 3795/3977/2428 3796/3976/2428 3803/3983/2428 3802/3984/2428
f 3796/3976/2429 3797/3978/2429 3804/3985/2429 3803/3983/2429
f 3797/3978/2430 3798/3979/2430 3805/3986/2430 3804/3985/2430
f 3798/3979/2431 3799/3980/2431 3806/3987/2431 3805/3986/2431
f 3799/3980/2432 3800/3981/2432 3807/3988/2432 3806/3987/2432
f 3800/3981/2433 3801/3982/2433 3808/3989/2433 3807/3988/2433
f 3802/3984/2428 3803/3983/2428 3810/3990/2428 3809/3991/2428
f 3803/3983/2429 3804/3985/2429 3811/3992/2429 3810/3990/2429
f 3804/3985/2430 3805/3986/2430 3812/3993/2430 3811/3992/2430
f 3805/3986/2431 3806/3987/2431 3813/3994/2431 3812/3993/2431
f 3806/3987/2432 3807/3988/2432 3814/3995/2432 3813/3994/2432
f 3807/3988/2433 3808/3989/2433 3815/3996/2433 3814/3995/2433
f 3809/3991/2428 3810/3990/2428 3817/3997/2428 3816/3998/2428
f 3810/3990/2429 3811/3992/2429 3818/3999/2429 3817/3997/2429
f 3811/3992/2430 3812/3993/2430 3819/4000/2430 3818/3999/2430
f 3812/3993/2431 3813/3994/2431 3820/4001/2431 3819/4000/2431
f 3813/3994/2432 3814/3995/2432 3821/4002/2432 3820/4001/2432
f 3814/3995/2433 3815/3996/2433 3822/4003/2433 3821/4002/2433
f 2496/4004/2434 2863/4005/2434 3774/3955/2434 2682/4006/2434
f 2863/4005/2428 2862/4007/2428 3775/3956/2428 3774/3955/2428
f 2862/4007/2429 2861/4008/2429 3776/3959/2429 3775/3956/2429
f 2861/4008/2430 2860/4009/2430 3777/3961/2430 3776/3959/2430
f 2860/4009/2431 2859/4010/2431 3778/3963/2431 3777/3961/2431
f 2859/4010/2432 2858/4011/2432 3779/3965/2432 3778/3963/2432
f 2858/4011/2433 2857/4012/2433 3780/3967/2433 3779/3965/2433
f 2857/4012/2435 2494/4013/2435 2654/4014/2435 3780/3967/2435
f 3780/3967/2435 2654/4014/2435 2655/4015/2435 3787/3968/2435
f 3787/3968/2435 2655/4015/2435 2656/4016/2435 3794/3975/2435
f 3794/3975/2435 2656/4016/2435 2657/4017/2435 3801/3982/2435
f 3801/3982/2435 2657/4017/2435 2658/4018/2435 3808/3989/2435
f 3808/3989/2435 2658/4018/2435 2659/4019/2435 3815/3996/2435
f 3815/3996/2435 2659/4019/2435 2660/4020/2435 3822/4003/2435
f 3822/4003/2435 2660/4020/2435 2480/4021/2435 2724/4022/2435
f 3821/4002/2433 3822/4003/2433 2724/4022/2433 2725/4023/2433
f 3820/4001/2432 3821/4002/2432 2725/4023/2432 2726/4024/2432
f 3819/4000/2431 3820/4001/2431 2726/4024/2431 2727/4025/2431
f 3818/3999/2430 3819/4000/2430 2727/4025/2430 2728/4026/2430
f 3817/3997/2429 3818/3999/2429 2728/4026/2429 2729/4027/2429
f 3816/3998/2428 3817/3997/2428 2729/4027/2428 2730/4028/2428
f 2688/4029/2434 3816/3998/2434 2730/4028/2434 2484/4030/2434
f 2687/4031/2434 3809/3991/2434 3816/3998/2434 2688/4029/2434
f 2686/4032/2434 3802/3984/2434 3809/3991/2434 2687/4031/2434
f 2685/4033/2434 3795/3977/2434 3802/3984/2434 2686/4032/2434
f 2684/4034/2434 3788/3970/2434 3795/3977/2434 2685/4033/2434
f 2683/4035/2434 3781/3958/2434 3788/3970/2434 2684/4034/2434
f 2682/4006/2434 3774/3955/2434 3781/3958/2434 2683/4035/2434
f 3823/4036/2436 3824/4037/2436 3831/4038/2436 3830/4039/2436
f 3824/4037/2437 3825/4040/2437 3832/4041/2437 3831/4038/2437
f 3825/4040/2438 3826/4042/2438 3833/4043/2438 3832/4041/2438
f 3826/4042/2439 3827/4044/2439 3834/4045/2439 3833/4043/2439
f 3827/4044/2440 3828/4046/2440 3835/4047/2440 3834/4045/2440
f 3828/4046/2441 3829/4048/2441 3836/4049/2441 3835/4047/2441
f 3830/4039/2442 3831/4038/2442 3838/4050/2442 3837/4051/2442
f 3831/4038/2443 3832/4041/2443 3839/4052/2443 3838/4050/2443
f 3832/4041/2444 3833/4043/2444 3840/4053/2444 3839/4052/2444
f 3833/4043/2445 3834/4045/2445 3841/4054/2445 3840/4053/2445
f 3834/4045/2446 3835/4047/2446 3842/4055/2446 3841/4054/2446
f 3835/4047/2447 3836/4049/2447 3843/4056/2447 3842/4055/2447
f 3837/4051/2448 3838/4050/2448 3845/4057/2448 3844/4058/2448
f 3838/4050/2449 3839/4052/2449 3846/4059/2449 3845/4057/2449
f 3839/4052/2450 3840/4053/2450 3847/4060/2450 3846/4059/2450
f 3840/4053/2451 3841/4054/2451 3848/4061/2451 3847/4060/2451
f 3841/4054/2452 3842/4055/2452 3849/4062/2452 3848/4061/2452
f 3842/4055/2453 3843/4056/2453 3850/4063/2453 3849/4062/2453
f 3844/4058/2454 3845/4057/2454 3852/4064/2454 3851/4065/2454
f 3845/4057/2455 3846/4059/2455 3853/4066/2455 3852/4064/2455
f 3846/4059/2456 3847/4060/2456 3854/4067/2456 3853/4066/2456
f 3847/4060/2457 3848/4061/2457 3855/4068/2457 3854/4067/2457
f 3848/4061/2458 3849/4062/2458 3856/4069/2458 3855/4068/2458
f 3849/4062/2459 3850/4063/2459 3857/4070/2459 3856/4069/2459
f 3851/4065/2460 3852/4064/2460 3859/4071/2460 3858/4072/2460
f 3852/4064/2461 3853/4066/2461 3860/4073/2461 3859/4071/2461
f 3853/4066/2462 3854/4067/2462 3861/4074/2462 3860/4073/2462
f 3854/4067/2463 3855/4068/2463 3862/4075/2463 3861/4074/2463
f 3855/4068/2464 3856/4069/2464 3863/4076/2464 3862/4075/2464
f 3856/4069/2465 3857/4070/2465 3864/4077/2465 3863/4076/2465
f 3858/4072/2466 3859/4071/2466 3866/4078/2466 3865/4079/2466
f 3859/4071/2467 3860/4073/2467 3867/4080/2467 3866/4078/2467
f 3860/4073/2468 3861/4074/2468 3868/4081/2468 3867/4080/2468
f 3861/4074/2469 3862/4075/2469 3869/4082/2469 3868/4081/2469
f 3862/4075/2470 3863/4076/2470 3870/4083/2470 3869/4082/2470
f 3863/4076/2471 3864/4077/2471 3871/4084/2471 3870/4083/2471
f 2478/3017/2472 2618/3015/2472 3823/4036/2472 2766/4085/2472
f 2618/3015/2473 2617/3014/2473 3824/4037/2473 3823/4036/2473
f 2617/3014/2474 2616/3013/2474 3825/4040/2474 3824/4037/2474
f 2616/3013/2475 2615/3012/2475 3826/4042/2475 3825/4040/2475
f 2615/3012/2476 2614/3011/2476 3827/4044/2476 3826/4042/2476
f 2614/3011/2477 2613/3010/2477 3828/4046/2477 3827/4044/2477
f 2613/3010/2478 2612/3009/2478 3829/4048/2478 3828/4046/2478
f 2612/3009/2479 2472/3008/2479 2759/4086/2479 3829/4048/2479
f 3829/4048/2480 2759/4086/2480 2760/4087/2480 3836/4049/2480
f 3836/4049/2481 2760/4087/2481 2761/4088/2481 3843/4056/2481
f 3843/4056/2482 2761/4088/2482 2762/4089/2482 3850/4063/2482
f 3850/4063/2483 2762/4089/2483 2763/4090/2483 3857/4070/2483
f 3857/4070/2484 2763/4090/2484 2764/4091/2484 3864/4077/2484
f 3864/4077/2485 2764/4091/2485 2765/4092/2485 3871/4084/2485
f 3871/4084/2486 2765/4092/2486 2489/4093/2486 2773/4094/2486
f 3870/4083/2487 3871/4084/2487 2773/4094/2487 2774/4095/2487
f 3869/4082/2488 3870/4083/2488 2774/4095/2488 2775/4096/2488
f 3868/4081/2489 3869/4082/2489 2775/4096/2489 2776/4097/2489
f 3867/4080/2490 3868/4081/2490 2776/4097/2490 2777/4098/2490
f 3866/4078/2491 3867/4080/2491 2777/4098/2491 2778/4099/2491
f 3865/4079/2492 3866/4078/2492 2778/4099/2492 2779/4100/2492
f 2772/4101/2493 3865/4079/2493 2779/4100/2493 2490/4102/2493
f 2771/4103/2494 3858/4072/2494 3865/4079/2494 2772/4101/2494
f 2770/4104/2495 3851/4065/2495 3858/4072/2495 2771/4103/2495
f 2769/4105/2496 3844/4058/2496 3851/4065/2496 2770/4104/2496
f 2768/4106/2497 3837/4051/2497 3844/4058/2497 2769/4105/2497
f 2767/4107/2498 3830/4039/2498 3837/4051/2498 2768/4106/2498
f 2766/4085/2499 3823/4036/2499 3830/4039/2499 2767/4107/2499
f 3872/4108/2500 3873/4109/2500 3880/4110/2500 3879/4111/2500
f 3873/4109/2501 3874/4112/2501 3881/4113/2501 3880/4110/2501
f 3874/4112/2502 3875/4114/2502 3882/4115/2502 3881/4113/2502
f 3875/4114/2503 3876/4116/2503 3883/4117/2503 3882/4115/2503
f 3876/4116/2504 3877/4118/2504 3884/4119/2504 3883/4117/2504
f 3877/4118/2505 3878/4120/2505 3885/4121/2505 3884/4119/2505
f 3879/4111/2506 3880/4110/2506 3887/4122/2506 3886/4123/2506
f 3880/4110/2507 3881/4113/2507 3888/4124/2507 3887/4122/2507
f 3881/4113/2508 3882/4115/2508 3889/4125/2508 3888/4124/2508
f 3882/4115/2509 3883/4117/2509 3890/4126/2509 3889/4125/2509
f 3883/4117/2510 3884/4119/2510 3891/4127/2510 3890/4126/2510
f 3884/4119/2511 3885/4121/2511 3892/4128/2511 3891/4127/2511
f 3886/4123/2512 3887/4122/2512 3894/4129/2512 3893/4130/2512
f 3887/4122/2513 3888/4124/2513 3895/4131/2513 3894/4129/2513
f 3888/4124/2514 3889/4125/2514 3896/4132/2514 3895/4131/2514
f 3889/4125/2515 3890/4126/2515 3897/4133/2515 3896/4132/2515
f 3890/4126/2516 3891/4127/2516 3898/4134/2516 3897/4133/2516
f 3891/4127/2517 3892/4128/2517 3899/4135/2517 3898/4134/2517
f 3893/4130/2518 3894/4129/2518 3901/4136/2518 3900/4137/2518
f 3894/4129/2519 3895/4131/2519 3902/4138/2519 3901/4136/2519
f 3895/4131/2520 3896/4132/2520 3903/4139/2520 3902/4138/2520
f 3896/4132/2521 3897/4133/2521 3904/4140/2521 3903/4139/2521
f 3897/4133/2522 3898/4134/2522 3905/4141/2522 3904/4140/2522
f 3898/4134/2523 3899/4135/2523 3906/4142/2523 3905/4141/2523
f 3900/4137/2524 3901/4136/2524 3908/4143/2524 3907/4144/2524
f 3901/4136/2525 3902/4138/2525 3909/4145/2525 3908/4143/2525
f 3902/4138/2526 3903/4139/2526 3910/4146/2526 3909/4145/2526
f 3903/4139/2527 3904/4140/2527 3911/4147/2527 3910/4146/2527
f 3904/4140/2528 3905/4141/2528 3912/4148/2528 3911/4147/2528
f 3905/4141/2529 3906/4142/2529 3913/4149/2529 3912/4148/2529
f 3907/4144/2530 3908/4143/2530 3915/4150/2530 3914/4151/2530
f 3908/4143/2531 3909/4145/2531 3916/4152/2531 3915/4150/2531
f 3909/4145/2532 3910/4146/2532 3917/4153/2532 3916/4152/2532
f 3910/4146/2533 3911/4147/2533 3918/4154/2533 3917/4153/2533
f 3911/4147/2534 3912/4148/2534 3919/4155/2534 3918/4154/2534
f 3912/4148/2535 3913/4149/2535 3920/4156/2535 3919/4155/2535
f 2474/2936/2536 2548/4157/2536 3872/4108/2536 2563/3001/2536
f 2548/4157/2537 2547/4158/2537 3873/4109/2537 3872/4108/2537
f 2547/4158/2538 2546/4159/2538 3874/4112/2538 3873/4109/2538
f 2546/4159/2539 2545/4160/2539 3875/4114/2539 3874/4112/2539
f 2545/4160/2540 2544/4161/2540 3876/4116/2540 3875/4114/2540
f 2544/4161/2541 2543/4162/2541 3877/4118/2541 3876/4116/2541
f 2543/4162/2542 2542/4163/2542 3878/4120/2542 3877/4118/2542
f 2542/4163/2543 2485/4164/2543 2780/4165/2543 3878/4120/2543
f 3878/4120/2544 2780/4165/2544 2781/4166/2544 3885/4121/2544
f 3885/4121/2545 2781/4166/2545 2782/4167/2545 3892/4128/2545
f 3892/4128/2546 2782/4167/2546 2783/4168/2546 3899/4135/2546
f 3899/4135/2547 2783/4168/2547 2784/4169/2547 3906/4142/2547
f 3906/4142/2548 2784/4169/2548 2785/4170/2548 3913/4149/2548
f 3913/4149/2549 2785/4170/2549 2786/4171/2549 3920/4156/2549
f 3920/4156/2550 2786/4171/2550 2489/4172/2550 2765/4173/2550
f 3919/4155/2551 3920/4156/2551 2765/4173/2551 2764/4174/2551
f 3918/4154/2552 3919/4155/2552 2764/4174/2552 2763/4175/2552
f 3917/4153/2553 3918/4154/2553 2763/4175/2553 2762/4176/2553
f 3916/4152/2554 3917/4153/2554 2762/4176/2554 2761/4177/2554
f 3915/4150/2555 3916/4152/2555 2761/4177/2555 2760/4178/2555
f 3914/4151/2556 3915/4150/2556 2760/4178/2556 2759/4179/2556
f 2569/3007/2557 3914/4151/2557 2759/4179/2557 2472/3008/2557
f 2568/3006/2558 3907/4144/2558 3914/4151/2558 2569/3007/2558
f 2567/3005/2559 3900/4137/2559 3907/4144/2559 2568/3006/2559
f 2566/3004/2560 3893/4130/2560 3900/4137/2560 2567/3005/2560
f 2565/3003/2561 3886/4123/2561 3893/4130/2561 2566/3004/2561
f 2564/3002/2562 3879/4111/2562 3886/4123/2562 2565/3003/2562
f 2563/3001/2563 3872/4108/2563 3879/4111/2563 2564/3002/2563
f 3921/4180/2564 3922/4181/2564 3929/4182/2564 3928/4183/2564
f 3922/4181/2565 3923/4184/2565 3930/4185/2565 3929/4182/2565
f 3923/4184/2566 3924/4186/2566 3931/4187/2566 3930/4185/2566
f 3924/4186/2567 3925/4188/2567 3932/4189/2567 3931/4187/2567
f 3925/4188/2568 3926/4190/2568 3933/4191/2568 3932/4189/2568
f 3926/4190/2569 3927/4192/2569 3934/4193/2569 3933/4191/2569
f 3928/4183/2570 3929/4182/2570 3936/4194/2570 3935/4195/2570
f 3929/4182/2571 3930/4185/2571 3937/4196/2571 3936/4194/2571
f 3930/4185/2572 3931/4187/2572 3938/4197/2572 3937/4196/2572
f 3931/4187/2573 3932/4189/2573 3939/4198/2573 3938/4197/2573
f 3932/4189/2574 3933/4191/2574 3940/4199/2574 3939/4198/2574
f 3933/4191/2575 3934/4193/2575 3941/4200/2575 3940/4199/2575
f 3935/4195/2576 3936/4194/2576 3943/4201/2576 3942/4202/2576
f 3936/4194/2577 3937/4196/2577 3944/4203/2577 3943/4201/2577
f 3937/4196/2578 3938/4197/2578 3945/4204/2578 3944/4203/2578
f 3938/4197/2579 3939/4198/2579 3946/4205/2579 3945/4204/2579
f 3939/4198/2580 3940/4199/2580 3947/4206/2580 3946/4205/2580
f 3940/4199/2581 3941/4200/2581 3948/4207/2581 3947/4206/2581
f 3942/4202/2582 3943/4201/2582 3950/4208/2582 3949/4209/2582
f 3943/4201/2583 3944/4203/2583 3951/4210/2583 3950/4208/2583
f 3944/4203/2584 3945/4204/2584 3952/4211/2584 3951/4210/2584
f 3945/4204/2585 3946/4205/2585 3953/4212/2585 3952/4211/2585
f 3946/4205/2586 3947/4206/2586 3954/4213/2586 3953/4212/2586
f 3947/4206/2587 3948/4207/2587 3955/4214/2587 3954/4213/2587
f 3949/4209/2588 3950/4208/2588 3957/4215/2588 3956/4216/2588
f 3950/4208/2589 3951/4210/2589 3958/4217/2589 3957/4215/2589
f 3951/4210/2590 3952/4211/2590 3959/4218/2590 3958/4217/2590
f 3952/4211/2591 3953/4212/2591 3960/4219/2591 3959/4218/2591
f 3953/4212/2592 3954/4213/2592 3961/4220/2592 3960/4219/2592
f 3954/4213/2593 3955/4214/2593 3962/4221/2593 3961/4220/2593
f 3956/4216/2594 3957/4215/2594 3964/4222/2594 3963/4223/2594
f 3957/4215/2595 3958/4217/2595 3965/4224/2595 3964/4222/2595
f 3958/4217/2596 3959/4218/2596 3966/4225/2596 3965/4224/2596
f 3959/4218/2597 3960/4219/2597 3967/4226/2597 3966/4225/2597
f 3960/4219/2598 3961/4220/2598 3968/4227/2598 3967/4226/2598
f 3961/4220/2599 3962/4221/2599 3969/4228/2599 3968/4227/2599
f 2499/4229/2600 2919/4230/2600 3921/4180/2600 2990/4231/2600
f 2919/4230/2601 2918/4232/2601 3922/4181/2601 3921/4180/2601
f 2918/4232/2602 2917/4233/2602 3923/4184/2602 3922/4181/2602
f 2917/4233/2603 2916/4234/2603 3924/4186/2603 3923/4184/2603
f 2916/4234/2604 2915/3404/2604 3925/4188/2604 3924/4186/2604
f 2915/3404/2605 2914/4235/2605 3926/4190/2605 3925/4188/2605
f 2914/4235/2606 2913/4236/2606 3927/4192/2606 3926/4190/2606
f 2913/4236/2607 2478/3017/2607 2766/4085/2607 3927/4192/2607
f 3927/4192/2608 2766/4085/2608 2767/4107/2608 3934/4193/2608
f 3934/4193/2609 2767/4107/2609 2768/4106/2609 3941/4200/2609
f 3941/4200/2610 2768/4106/2610 2769/4105/2610 3948/4207/2610
f 3948/4207/2611 2769/4105/2611 2770/4104/2611 3955/4214/2611
f 3955/4214/2612 2770/4104/2612 2771/4103/2612 3962/4221/2612
f 3962/4221/2613 2771/4103/2613 2772/4101/2613 3969/4228/2613
f 3969/4228/2614 2772/4101/2614 2490/4102/2614 2941/4237/2614
f 3968/4227/2615 3969/4228/2615 2941/4237/2615 2942/4238/2615
f 3967/4226/2616 3968/4227/2616 2942/4238/2616 2943/4239/2616
f 3966/4225/2617 3967/4226/2617 2943/4239/2617 2944/4240/2617
f 3965/4224/2618 3966/4225/2618 2944/4240/2618 2945/4241/2618
f 3964/4222/2619 3965/4224/2619 2945/4241/2619 2946/4242/2619
f 3963/4223/2620 3964/4222/2620 2946/4242/2620 2947/4243/2620
f 2996/4244/2621 3963/4223/2621 2947/4243/2621 2503/4245/2621
f 2995/4246/2622 3956/4216/2622 3963/4223/2622 2996/4244/2622
f 2994/4247/2623 3949/4209/2623 3956/4216/2623 2995/4246/2623
f 2993/4248/2624 3942/4202/2624 3949/4209/2624 2994/4247/2624
f 2992/4249/2625 3935/4195/2625 3942/4202/2625 2993/4248/2625
f 2991/4250/2626 3928/4183/2626 3935/4195/2626 2992/4249/2626
f 2990/4231/2627 3921/4180/2627 3928/4183/2627 2991/4250/2627
f 4117/4466/2685 4118/4467/2685 4125/4468/2685 4124/4469/2685
f 4118/4467/2686 4119/4470/2686 4126/4471/2686 4125/4468/2686
f 4119/4470/2687 4120/4472/2687 4127/4473/2687 4126/4471/2687
f 4120/4472/2688 4121/4474/2688 4128/4475/2688 4127/4473/2688
f 4121/4474/2689 4122/4476/2689 4129/4477/2689 4128/4475/2689
f 4122/4476/2690 4123/4478/2690 4130/4479/2690 4129/4477/2690
f 4124/4469/2691 4125/4468/2691 4132/4480/2691 4131/4481/2691
f 4125/4468/2692 4126/4471/2692 4133/4482/2692 4132/4480/2692
f 4126/4471/2693 4127/4473/2693 4134/4483/2693 4133/4482/2693
f 4127/4473/2694 4128/4475/2694 4135/4484/2694 4134/4483/2694
f 4128/4475/2695 4129/4477/2695 4136/4485/2695 4135/4484/2695
f 4129/4477/2696 4130/4479/2696 4137/4486/2696 4136/4485/2696
f 4131/4481/2697 4132/4480/2697 4139/4487/2697 4138/4488/2697
f 4132/4480/2698 4133/4482/2698 4140/4489/2698 4139/4487/2698
f 4133/4482/2699 4134/4483/2699 4141/4490/2699 4140/4489/2699
f 4134/4483/2700 4135/4484/2700 4142/4491/2700 4141/4490/2700
f 4135/4484/2701 4136/4485/2701 4143/4492/2701 4142/4491/2701
f 4136/4485/2702 4137/4486/2702 4144/4493/2702 4143/4492/2702
f 4138/4488/2703 4139/4487/2703 4146/4494/2703 4145/4495/2703
f 4139/4487/2704 4140/4489/2704 4147/4496/2704 4146/4494/2704
f 4140/4489/2705 4141/4490/2705 4148/4497/2705 4147/4496/2705
f 4141/4490/2706 4142/4491/2706 4149/4498/2706 4148/4497/2706
f 4142/4491/2707 4143/4492/2707 4150/4499/2707 4149/4498/2707
f 4143/4492/2708 4144/4493/2708 4151/4500/2708 4150/4499/2708
f 4145/4495/2709 4146/4494/2709 4153/4501/2709 4152/4502/2709
f 4146/4494/2710 4147/4496/2710 4154/4503/2710 4153/4501/2710
f 4147/4496/2711 4148/4497/2711 4155/4504/2711 4154/4503/2711
f 4148/4497/2712 4149/4498/2712 4156/4505/2712 4155/4504/2712
f 4149/4498/2713 4150/4499/2713 4157/4506/2713 4156/4505/2713
f 4150/4499/2714 4151/4500/2714 4158/4507/2714 4157/4506/2714
f 4152/4502/2715 4153/4501/2715 4160/4508/2715 4159/4509/2715
f 4153/4501/2716 4154/4503/2716 4161/4510/2716 4160/4508/2716
f 4154/4503/2717 4155/4504/2717 4162/4511/2717 4161/4510/2717
f 4155/4504/2718 4156/4505/2718 4163/4512/2718 4162/4511/2718
f 4156/4505/2719 4157/4506/2719 4164/4513/2719 4163/4512/2719
f 4157/4506/2720 4158/4507/2720 4165/4514/2720 4164/4513/2720
f 2476/2864/2721 2604/2862/2721 4117/4466/2721 2850/4515/2721
f 2604/2862/2722 2603/2861/2722 4118/4467/2722 4117/4466/2722
f 2603/2861/2723 2602/2860/2723 4119/4470/2723 4118/4467/2723
f 2602/2860/2724 2601/2859/2724 4120/4472/2724 4119/4470/2724
f 2601/2859/2725 2600/2858/2725 4121/4474/2725 4120/4472/2725
f 2600/2858/2726 2599/2857/2726 4122/4476/2726 4121/4474/2726
f 2599/2857/2727 2598/2856/2727 4123/4478/2727 4122/4476/2727
f 2598/2856/2728 2470/2855/2728 2836/4516/2728 4123/4478/2728
f 4123/4478/2729 2836/4516/2729 2837/4517/2729 4130/4479/2729
f 4130/4479/2730 2837/4517/2730 2838/4518/2730 4137/4486/2730
f 4137/4486/2731 2838/4518/2731 2839/4519/2731 4144/4493/2731
f 4144/4493/2732 2839/4519/2732 2840/4520/2732 4151/4500/2732
f 4151/4500/2733 2840/4520/2733 2841/4521/2733 4158/4507/2733
f 4158/4507/2734 2841/4521/2734 2842/4522/2734 4165/4514/2734
f 4165/4514/2735 2842/4522/2735 2494/4013/2735 2857/4012/2735
f 4164/4513/2736 4165/4514/2736 2857/4012/2736 2858/4011/2736
f 4163/4512/2737 4164/4513/2737 2858/4011/2737 2859/4010/2737
f 4162/4511/2738 4163/4512/2738 2859/4010/2738 2860/4009/2738
f 4161/4510/2739 4162/4511/2739 2860/4009/2739 2861/4008/2739
f 4160/4508/2740 4161/4510/2740 2861/4008/2740 2862/4007/2740
f 4159/4509/2741 4160/4508/2741 2862/4007/2741 2863/4005/2741
f 2856/4523/2742 4159/4509/2742 2863/4005/2742 2496/4004/2742
f 2855/4524/2743 4152/4502/2743 4159/4509/2743 2856/4523/2743
f 2854/4525/2744 4145/4495/2744 4152/4502/2744 2855/4524/2744
f 2853/4526/2745 4138/4488/2745 4145/4495/2745 2854/4525/2745
f 2852/4527/2746 4131/4481/2746 4138/4488/2746 2853/4526/2746
f 2851/4528/2747 4124/4469/2747 4131/4481/2747 2852/4527/2747
f 2850/4515/2748 4117/4466/2748 4124/4469/2748 2851/4528/2748
f 4166/4529/2749 4167/4530/2749 4174/4531/2749 4173/4532/2749
f 4167/4530/2750 4168/4533/2750 4175/4534/2750 4174/4531/2750
f 4168/4533/2751 4169/4535/2751 4176/4536/2751 4175/4534/2751
f 4169/4535/2752 4170/4537/2752 4177/4538/2752 4176/4536/2752
f 4170/4537/2753 4171/4539/2753 4178/4540/2753 4177/4538/2753
f 4171/4539/2754 4172/4541/2754 4179/4542/2754 4178/4540/2754
f 4173/4532/2755 4174/4531/2755 4181/4543/2755 4180/4544/2755
f 4174/4531/2756 4175/4534/2756 4182/4545/2756 4181/4543/2756
f 4175/4534/2757 4176/4536/2757 4183/4546/2757 4182/4545/2757
f 4176/4536/2758 4177/4538/2758 4184/4547/2758 4183/4546/2758
f 4177/4538/2759 4178/4540/2759 4185/4548/2759 4184/4547/2759
f 4178/4540/2760 4179/4542/2760 4186/4549/2760 4185/4548/2760
f 4180/4544/2761 4181/4543/2761 4188/4550/2761 4187/4551/2761
f 4181/4543/2762 4182/4545/2762 4189/4552/2762 4188/4550/2762
f 4182/4545/2763 4183/4546/2763 4190/4553/2763 4189/4552/2763
f 4183/4546/2764 4184/4547/2764 4191/4554/2764 4190/4553/2764
f 4184/4547/2765 4185/4548/2765 4192/4555/2765 4191/4554/2765
f 4185/4548/2766 4186/4549/2766 4193/4556/2766 4192/4555/2766
f 4187/4551/2767 4188/4550/2767 4195/4557/2767 4194/4558/2767
f 4188/4550/2768 4189/4552/2768 4196/4559/2768 4195/4557/2768
f 4189/4552/2769 4190/4553/2769 4197/4560/2769 4196/4559/2769
f 4190/4553/2770 4191/4554/2770 4198/4561/2770 4197/4560/2770
f 4191/4554/2771 4192/4555/2771 4199/4562/2771 4198/4561/2771
f 4192/4555/2772 4193/4556/2772 4200/4563/2772 4199/4562/2772
f 4194/4558/2773 4195/4557/2773 4202/4564/2773 4201/4565/2773
f 4195/4557/2774 4196/4559/2774 4203/4566/2774 4202/4564/2774
f 4196/4559/2775 4197/4560/2775 4204/4567/2775 4203/4566/2775
f 4197/4560/2776 4198/4561/2776 4205/4568/2776 4204/4567/2776
f 4198/4561/2777 4199/4562/2777 4206/4569/2777 4205/4568/2777
f 4199/4562/2778 4200/4563/2778 4207/4570/2778 4206/4569/2778
f 4201/4565/2779 4202/4564/2779 4209/4571/2779 4208/4572/2779
f 4202/4564/2780 4203/4566/2780 4210/4573/2780 4209/4571/2780
f 4203/4566/2781 4204/4567/2781 4211/4574/2781 4210/4573/2781
f 4204/4567/2782 4205/4568/2782 4212/4575/2782 4211/4574/2782
f 4205/4568/2783 4206/4569/2783 4213/4576/2783 4212/4575/2783
f 4206/4569/2784 4207/4570/2784 4214/4577/2784 4213/4576/2784
f 2469/4578/2785 2541/4579/2785 4166/4529/2785 2507/4580/2785
f 2541/4579/2786 2540/4581/2786 4167/4530/2786 4166/4529/2786
f 2540/4581/2787 2539/4582/2787 4168/4533/2787 4167/4530/2787
f 2539/4582/2788 2538/4583/2788 4169/4535/2788 4168/4533/2788
f 2538/4583/2789 2537/4584/2789 4170/4537/2789 4169/4535/2789
f 2537/4584/2790 2536/4585/2790 4171/4539/2790 4170/4537/2790
f 2536/4585/2791 2535/4586/2791 4172/4541/2791 4171/4539/2791
f 2535/4586/2792 2491/3851/2792 2864/3853/2792 4172/4541/2792
f 4172/4541/2793 2864/3853/2793 2865/3882/2793 4179/4542/2793
f 4179/4542/2794 2865/3882/2794 2866/3881/2794 4186/4549/2794
f 4186/4549/2795 2866/3881/2795 2867/3880/2795 4193/4556/2795
f 4193/4556/2796 2867/3880/2796 2868/3879/2796 4200/4563/2796
f 4200/4563/2797 2868/3879/2797 2869/3878/2797 4207/4570/2797
f 4207/4570/2798 2869/3878/2798 2870/3876/2798 4214/4577/2798
f 4214/4577/2799 2870/3876/2799 2495/3877/2799 2849/4587/2799
f 4213/4576/2800 4214/4577/2800 2849/4587/2800 2848/4588/2800
f 4212/4575/2801 4213/4576/2801 2848/4588/2801 2847/4589/2801
f 4211/4574/2802 4212/4575/2802 2847/4589/2802 2846/4590/2802
f 4210/4573/2803 4211/4574/2803 2846/4590/2803 2845/4591/2803
f 4209/4571/2804 4210/4573/2804 2845/4591/2804 2844/4592/2804
f 4208/4572/2805 4209/4571/2805 2844/4592/2805 2843/4593/2805
f 2513/4594/2806 4208/4572/2806 2843/4593/2806 2467/4595/2806
f 2512/4596/2807 4201/4565/2807 4208/4572/2807 2513/4594/2807
f 2511/4597/2808 4194/4558/2808 4201/4565/2808 2512/4596/2808
f 2510/4598/2809 4187/4551/2809 4194/4558/2809 2511/4597/2809
f 2509/4599/2810 4180/4544/2810 4187/4551/2810 2510/4598/2810
f 2508/4600/2811 4173/4532/2811 4180/4544/2811 2509/4599/2811
f 2507/4580/2812 4166/4529/2812 4173/4532/2812 2508/4600/2812
f 4215/4601/2813 4216/4602/2813 4223/4603/2813 4222/4604/2813
f 4216/4602/2814 4217/4605/2814 4224/4606/2814 4223/4603/2814
f 4217/4605/2815 4218/4607/2815 4225/4608/2815 4224/4606/2815
f 4218/4607/2816 4219/4609/2816 4226/4610/2816 4225/4608/2816
f 4219/4609/2817 4220/4611/2817 4227/4612/2817 4226/4610/2817
f 4220/4611/2818 4221/4613/2818 4228/4614/2818 4227/4612/2818
f 4222/4604/2819 4223/4603/2819 4230/4615/2819 4229/4616/2819
f 4223/4603/2820 4224/4606/2820 4231/4617/2820 4230/4615/2820
f 4224/4606/2821 4225/4608/2821 4232/4618/2821 4231/4617/2821
f 4225/4608/2822 4226/4610/2822 4233/4619/2822 4232/4618/2822
f 4226/4610/2823 4227/4612/2823 4234/4620/2823 4233/4619/2823
f 4227/4612/2824 4228/4614/2824 4235/4621/2824 4234/4620/2824
f 4229/4616/2825 4230/4615/2825 4237/4622/2825 4236/4623/2825
f 4230/4615/2826 4231/4617/2826 4238/4624/2826 4237/4622/2826
f 4231/4617/2827 4232/4618/2827 4239/4625/2827 4238/4624/2827
f 4232/4618/2828 4233/4619/2828 4240/4626/2828 4239/4625/2828
f 4233/4619/2829 4234/4620/2829 4241/4627/2829 4240/4626/2829
f 4234/4620/2830 4235/4621/2830 4242/4628/2830 4241/4627/2830
f 4236/4623/2831 4237/4622/2831 4244/4629/2831 4243/4630/2831
f 4237/4622/2832 4238/4624/2832 4245/4631/2832 4244/4629/2832
f 4238/4624/2833 4239/4625/2833 4246/4632/2833 4245/4631/2833
f 4239/4625/2834 4240/4626/2834 4247/4633/2834 4246/4632/2834
f 4240/4626/2835 4241/4627/2835 4248/4634/2835 4247/4633/2835
f 4241/4627/2836 4242/4628/2836 4249/4635/2836 4248/4634/2836
f 4243/4630/2837 4244/4629/2837 4251/4636/2837 4250/4637/2837
f 4244/4629/2838 4245/4631/2838 4252/4638/2838 4251/4636/2838
f 4245/4631/2839 4246/4632/2839 4253/4639/2839 4252/4638/2839
f 4246/4632/2840 4247/4633/2840 4254/4640/2840 4253/4639/2840
f 4247/4633/2841 4248/4634/2841 4255/4641/2841 4254/4640/2841
f 4248/4634/2842 4249/4635/2842 4256/4642/2842 4255/4641/2842
f 4250/4637/2843 4251/4636/2843 4258/4643/2843 4257/4644/2843
f 4251/4636/2844 4252/4638/2844 4259/4645/2844 4258/4643/2844
f 4252/4638/2845 4253/4639/2845 4260/4646/2845 4259/4645/2845
f 4253/4639/2846 4254/4640/2846 4261/4647/2846 4260/4646/2846
f 4254/4640/2847 4255/4641/2847 4262/4648/2847 4261/4647/2847
f 4255/4641/2848 4256/4642/2848 4263/4649/2848 4262/4648/2848
f 2497/4650/2849 2905/4651/2849 4215/4601/2849 2976/4652/2849
f 2905/4651/2850 2904/4653/2850 4216/4602/2850 4215/4601/2850
f 2904/4653/2851 2903/3549/2851 4217/4605/2851 4216/4602/2851
f 2903/3549/2852 2902/4654/2852 4218/4607/2852 4217/4605/2852
f 2902/4654/2853 2901/4655/2853 4219/4609/2853 4218/4607/2853
f 2901/4655/2854 2900/4656/2854 4220/4611/2854 4219/4609/2854
f 2900/4656/2855 2899/4657/2855 4221/4613/2855 4220/4611/2855
f 2899/4657/2856 2476/4658/2856 2850/4659/2856 4221/4613/2856
f 4221/4613/2857 2850/4659/2857 2851/4660/2857 4228/4614/2857
f 4228/4614/2858 2851/4660/2858 2852/4527/2858 4235/4621/2858
f 4235/4621/2859 2852/4527/2859 2853/4661/2859 4242/4628/2859
f 4242/4628/2860 2853/4661/2860 2854/4662/2860 4249/4635/2860
f 4249/4635/2861 2854/4662/2861 2855/4663/2861 4256/4642/2861
f 4256/4642/2862 2855/4663/2862 2856/4664/2862 4263/4649/2862
f 4263/4649/2863 2856/4664/2863 2496/3617/2863 2955/3616/2863
f 4262/4648/2864 4263/4649/2864 2955/3616/2864 2956/3615/2864
f 4261/4647/2865 4262/4648/2865 2956/3615/2865 2957/3614/2865
f 4260/4646/2866 4261/4647/2866 2957/3614/2866 2958/3613/2866
f 4259/4645/2867 4260/4646/2867 2958/3613/2867 2959/3612/2867
f 4258/4643/2868 4259/4645/2868 2959/3612/2868 2960/3611/2868
f 4257/4644/2869 4258/4643/2869 2960/3611/2869 2961/3609/2869
f 2982/4665/2870 4257/4644/2870 2961/3609/2870 2505/3608/2870
f 2981/4666/2871 4250/4637/2871 4257/4644/2871 2982/4665/2871
f 2980/4667/2872 4243/4630/2872 4250/4637/2872 2981/4666/2872
f 2979/4668/2873 4236/4623/2873 4243/4630/2873 2980/4667/2873
f 2978/4669/2874 4229/4616/2874 4236/4623/2874 2979/4668/2874
f 2977/4670/2875 4222/4604/2875 4229/4616/2875 2978/4669/2875
f 2976/4652/2876 4215/4601/2876 4222/4604/2876 2977/4670/2876
f 4264/4671/2877 4265/4672/2877 4272/4673/2877 4271/4674/2877
f 4265/4672/2878 4266/4675/2878 4273/4676/2878 4272/4673/2878
f 4266/4675/2879 4267/4677/2879 4274/4678/2879 4273/4676/2879
f 4267/4677/2393 4268/4679/2393 4275/4680/2393 4274/4678/2393
f 4268/4679/2392 4269/4681/2392 4276/4682/2392 4275/4680/2392
f 4269/4681/2382 4270/4683/2382 4277/4684/2382 4276/4682/2382
f 4271/4674/2877 4272/4673/2877 4279/4685/2877 4278/4686/2877
f 4272/4673/2878 4273/4676/2878 4280/4687/2878 4279/4685/2878
f 4273/4676/2879 4274/4678/2879 4281/4688/2879 4280/4687/2879
f 4274/4678/2393 4275/4680/2393 4282/4689/2393 4281/4688/2393
f 4275/4680/2392 4276/4682/2392 4283/4690/2392 4282/4689/2392
f 4276/4682/2382 4277/4684/2382 4284/4691/2382 4283/4690/2382
f 4278/4686/2877 4279/4685/2877 4286/4692/2877 4285/4693/2877
f 4279/4685/2878 4280/4687/2878 4287/4694/2878 4286/4692/2878
f 4280/4687/2879 4281/4688/2879 4288/4695/2879 4287/4694/2879
f 4281/4688/2393 4282/4689/2393 4289/4696/2393 4288/4695/2393
f 4282/4689/2392 4283/4690/2392 4290/4697/2392 4289/4696/2392
f 4283/4690/2382 4284/4691/2382 4291/4698/2382 4290/4697/2382
f 4285/4693/2877 4286/4692/2877 4293/4699/2877 4292/4700/2877
f 4286/4692/2880 4287/4694/2880 4294/4701/2880 4293/4699/2880
f 4287/4694/2879 4288/4695/2879 4295/4702/2879 4294/4701/2879
f 4288/4695/2393 4289/4696/2393 4296/4703/2393 4295/4702/2393
f 4289/4696/2392 4290/4697/2392 4297/4704/2392 4296/4703/2392
f 4290/4697/2382 4291/4698/2382 4298/4705/2382 4297/4704/2382
f 4292/4700/2877 4293/4699/2877 4300/4706/2877 4299/4707/2877
f 4293/4699/2880 4294/4701/2880 4301/4708/2880 4300/4706/2880
f 4294/4701/2879 4295/4702/2879 4302/4709/2879 4301/4708/2879
f 4295/4702/2393 4296/4703/2393 4303/4710/2393 4302/4709/2393
f 4296/4703/2392 4297/4704/2392 4304/4711/2392 4303/4710/2392
f 4297/4704/2382 4298/4705/2382 4305/4712/2382 4304/4711/2382
f 4299/4707/2877 4300/4706/2877 4307/4713/2877 4306/4714/2877
f 4300/4706/2878 4301/4708/2878 4308/4715/2878 4307/4713/2878
f 4301/4708/2879 4302/4709/2879 4309/4716/2879 4308/4715/2879
f 4302/4709/2393 4303/4710/2393 4310/4717/2393 4309/4716/2393
f 4303/4710/2392 4304/4711/2392 4311/4718/2392 4310/4717/2392
f 4304/4711/2382 4305/4712/2382 4312/4719/2382 4311/4718/2382
f 2502/4720/2881 2940/4721/2881 4264/4671/2881 2969/4722/2881
f 2940/4721/2877 2939/4723/2877 4265/4672/2877 4264/4671/2877
f 2939/4723/2878 2938/4724/2878 4266/4675/2878 4265/4672/2878
f 2938/4724/2879 2937/4725/2879 4267/4677/2879 4266/4675/2879
f 2937/4725/2393 2936/4726/2393 4268/4679/2393 4267/4677/2393
f 2936/4726/2392 2935/4727/2392 4269/4681/2392 4268/4679/2392
f 2935/4727/2382 2934/4728/2382 4270/4683/2382 4269/4681/2382
f 2934/4728/2391 2483/4729/2391 2829/4730/2391 4270/4683/2391
f 4270/4683/2391 2829/4730/2391 2830/4731/2391 4277/4684/2391
f 4277/4684/2391 2830/4731/2391 2831/4732/2391 4284/4691/2391
f 4284/4691/2391 2831/4732/2391 2832/4733/2391 4291/4698/2391
f 4291/4698/2391 2832/4733/2391 2833/4734/2391 4298/4705/2391
f 4298/4705/2391 2833/4734/2391 2834/4735/2391 4305/4712/2391
f 4305/4712/2391 2834/4735/2391 2835/4736/2391 4312/4719/2391
f 4312/4719/2391 2835/4736/2391 2493/4737/2391 2962/4738/2391
f 4311/4718/2382 4312/4719/2382 2962/4738/2382 2963/3322/2382
f 4310/4717/2392 4311/4718/2392 2963/3322/2392 2964/4739/2392
f 4309/4716/2393 4310/4717/2393 2964/4739/2393 2965/4740/2393
f 4308/4715/2879 4309/4716/2879 2965/4740/2879 2966/3319/2879
f 4307/4713/2880 4308/4715/2880 2966/3319/2880 2967/3318/2880
f 4306/4714/2877 4307/4713/2877 2967/3318/2877 2968/4741/2877
f 2975/4742/2881 4306/4714/2881 2968/4741/2881 2506/4743/2881
f 2974/4744/2881 4299/4707/2881 4306/4714/2881 2975/4742/2881
f 2973/4745/2881 4292/4700/2881 4299/4707/2881 2974/4744/2881
f 2972/4746/2881 4285/4693/2881 4292/4700/2881 2973/4745/2881
f 2971/4747/2881 4278/4686/2881 4285/4693/2881 2972/4746/2881
f 2970/4748/2881 4271/4674/2881 4278/4686/2881 2971/4747/2881
f 2969/4722/2881 4264/4671/2881 4271/4674/2881 2970/4748/2881
f 4313/4749/2404 4314/4750/2404 4321/4751/2404 4320/4752/2404
f 4314/4750/2404 4315/4753/2404 4322/4754/2404 4321/4751/2404
f 4315/4753/2404 4316/4755/2404 4323/4756/2404 4322/4754/2404
f 4316/4755/2404 4317/4757/2404 4324/4758/2404 4323/4756/2404
f 4317/4757/2404 4318/4759/2404 4325/4760/2404 4324/4758/2404
f 4318/4759/2404 4319/4761/2404 4326/4762/2404 4325/4760/2404
f 4320/4752/2405 4321/4751/2405 4328/4763/2405 4327/4764/2405
f 4321/4751/2405 4322/4754/2405 4329/4765/2405 4328/4763/2405
f 4322/4754/2405 4323/4756/2405 4330/4766/2405 4329/4765/2405
f 4323/4756/2405 4324/4758/2405 4331/4767/2405 4330/4766/2405
f 4324/4758/2405 4325/4760/2405 4332/4768/2405 4331/4767/2405
f 4325/4760/2405 4326/4762/2405 4333/4769/2405 4332/4768/2405
f 4327/4764/2406 4328/4763/2406 4335/4770/2406 4334/4771/2406
f 4328/4763/2406 4329/4765/2406 4336/4772/2406 4335/4770/2406
f 4329/4765/2406 4330/4766/2406 4337/4773/2406 4336/4772/2406
f 4330/4766/2406 4331/4767/2406 4338/4774/2406 4337/4773/2406
f 4331/4767/2406 4332/4768/2406 4339/4775/2406 4338/4774/2406
f 4332/4768/2406 4333/4769/2406 4340/4776/2406 4339/4775/2406
f 4334/4771/2407 4335/4770/2407 4342/4777/2407 4341/4778/2407
f 4335/4770/2407 4336/4772/2407 4343/4779/2407 4342/4777/2407
f 4336/4772/2407 4337/4773/2407 4344/4780/2407 4343/4779/2407
f 4337/4773/2407 4338/4774/2407 4345/4781/2407 4344/4780/2407
f 4338/4774/2407 4339/4775/2407 4346/4782/2407 4345/4781/2407
f 4339/4775/2407 4340/4776/2407 4347/4783/2407 4346/4782/2407
f 4341/4778/2408 4342/4777/2408 4349/4784/2408 4348/4785/2408
f 4342/4777/2408 4343/4779/2408 4350/4786/2408 4349/4784/2408
f 4343/4779/2408 4344/4780/2408 4351/4787/2408 4350/4786/2408
f 4344/4780/2408 4345/4781/2408 4352/4788/2408 4351/4787/2408
f 4345/4781/2408 4346/4782/2408 4353/4789/2408 4352/4788/2408
f 4346/4782/2408 4347/4783/2408 4354/4790/2408 4353/4789/2408
f 4348/4785/2409 4349/4784/2409 4356/4791/2409 4355/4792/2409
f 4349/4784/2409 4350/4786/2409 4357/4793/2409 4356/4791/2409
f 4350/4786/2409 4351/4787/2409 4358/4794/2409 4357/4793/2409
f 4351/4787/2409 4352/4788/2409 4359/4795/2409 4358/4794/2409
f 4352/4788/2409 4353/4789/2409 4360/4796/2409 4359/4795/2409
f 4353/4789/2409 4354/4790/2409 4361/4797/2409 4360/4796/2409
f 2480/3779/2410 2660/4798/2410 4313/4749/2410 2703/3780/2410
f 2660/4798/2410 2659/4799/2410 4314/4750/2410 4313/4749/2410
f 2659/4799/2410 2658/4800/2410 4315/4753/2410 4314/4750/2410
f 2658/4800/2410 2657/4801/2410 4316/4755/2410 4315/4753/2410
f 2657/4801/2410 2656/4802/2410 4317/4757/2410 4316/4755/2410
f 2656/4802/2410 2655/4803/2410 4318/4759/2410 4317/4757/2410
f 2655/4803/2410 2654/4804/2410 4319/4761/2410 4318/4759/2410
f 2654/4804/2410 2494/3234/2410 2885/3236/2410 4319/4761/2410
f 4319/4761/2404 2885/3236/2404 2886/3265/2404 4326/4762/2404
f 4326/4762/2405 2886/3265/2405 2887/3264/2405 4333/4769/2405
f 4333/4769/2406 2887/3264/2406 2888/3263/2406 4340/4776/2406
f 4340/4776/2407 2888/3263/2407 2889/3262/2407 4347/4783/2407
f 4347/4783/2408 2889/3262/2408 2890/3261/2408 4354/4790/2408
f 4354/4790/2409 2890/3261/2409 2891/3259/2409 4361/4797/2409
f 4361/4797/2411 2891/3259/2411 2492/3260/2411 2828/4805/2411
f 4360/4796/2411 4361/4797/2411 2828/4805/2411 2827/4806/2411
f 4359/4795/2411 4360/4796/2411 2827/4806/2411 2826/4807/2411
f 4358/4794/2411 4359/4795/2411 2826/4807/2411 2825/4808/2411
f 4357/4793/2411 4358/4794/2411 2825/4808/2411 2824/4809/2411
f 4356/4791/2411 4357/4793/2411 2824/4809/2411 2823/4810/2411
f 4355/4792/2411 4356/4791/2411 2823/4810/2411 2822/4811/2411
f 2709/3786/2411 4355/4792/2411 2822/4811/2411 2482/3787/2411
f 2708/3785/2409 4348/4785/2409 4355/4792/2409 2709/3786/2409
f 2707/3784/2408 4341/4778/2408 4348/4785/2408 2708/3785/2408
f 2706/3783/2407 4334/4771/2407 4341/4778/2407 2707/3784/2407
f 2705/3782/2406 4327/4764/2406 4334/4771/2406 2706/3783/2406
f 2704/3781/2405 4320/4752/2405 4327/4764/2405 2705/3782/2405
f 2703/3780/2404 4313/4749/2404 4320/4752/2404 2704/3781/2404
f 4362/4812/2420 4363/4813/2420 4370/4814/2420 4369/4815/2420
f 4363/4813/2421 4364/4816/2421 4371/4817/2421 4370/4814/2421
f 4364/4816/2422 4365/4818/2422 4372/4819/2422 4371/4817/2422
f 4365/4818/2423 4366/4820/2423 4373/4821/2423 4372/4819/2423
f 4366/4820/2424 4367/4822/2424 4374/4823/2424 4373/4821/2424
f 4367/4822/2425 4368/4824/2425 4375/4825/2425 4374/4823/2425
f 4369/4815/2420 4370/4814/2420 4377/4826/2420 4376/4827/2420
f 4370/4814/2421 4371/4817/2421 4378/4828/2421 4377/4826/2421
f 4371/4817/2422 4372/4819/2422 4379/4829/2422 4378/4828/2422
f 4372/4819/2423 4373/4821/2423 4380/4830/2423 4379/4829/2423
f 4373/4821/2424 4374/4823/2424 4381/4831/2424 4380/4830/2424
f 4374/4823/2425 4375/4825/2425 4382/4832/2425 4381/4831/2425
f 4376/4827/2420 4377/4826/2420 4384/4833/2420 4383/4834/2420
f 4377/4826/2421 4378/4828/2421 4385/4835/2421 4384/4833/2421
f 4378/4828/2422 4379/4829/2422 4386/4836/2422 4385/4835/2422
f 4379/4829/2423 4380/4830/2423 4387/4837/2423 4386/4836/2423
f 4380/4830/2424 4381/4831/2424 4388/4838/2424 4387/4837/2424
f 4381/4831/2425 4382/4832/2425 4389/4839/2425 4388/4838/2425
f 4383/4834/2420 4384/4833/2420 4391/4840/2420 4390/4841/2420
f 4384/4833/2421 4385/4835/2421 4392/4842/2421 4391/4840/2421
f 4385/4835/2422 4386/4836/2422 4393/4843/2422 4392/4842/2422
f 4386/4836/2423 4387/4837/2423 4394/4844/2423 4393/4843/2423
f 4387/4837/2424 4388/4838/2424 4395/4845/2424 4394/4844/2424
f 4388/4838/2425 4389/4839/2425 4396/4846/2425 4395/4845/2425
f 4390/4841/2420 4391/4840/2420 4398/4847/2420 4397/4848/2420
f 4391/4840/2421 4392/4842/2421 4399/4849/2421 4398/4847/2421
f 4392/4842/2422 4393/4843/2422 4400/4850/2422 4399/4849/2422
f 4393/4843/2423 4394/4844/2423 4401/4851/2423 4400/4850/2423
f 4394/4844/2424 4395/4845/2424 4402/4852/2424 4401/4851/2424
f 4395/4845/2425 4396/4846/2425 4403/4853/2425 4402/4852/2425
f 4397/4848/2420 4398/4847/2420 4405/4854/2420 4404/4855/2420
f 4398/4847/2421 4399/4849/2421 4406/4856/2421 4405/4854/2421
f 4399/4849/2422 4400/4850/2422 4407/4857/2422 4406/4856/2422
f 4400/4850/2423 4401/4851/2423 4408/4858/2423 4407/4857/2423
f 4401/4851/2424 4402/4852/2424 4409/4859/2424 4408/4858/2424
f 4402/4852/2425 4403/4853/2425 4410/4860/2425 4409/4859/2425
f 2483/3706/2426 2723/3954/2426 4362/4812/2426 2829/4861/2426
f 2723/3954/2420 2722/3953/2420 4363/4813/2420 4362/4812/2420
f 2722/3953/2421 2721/3952/2421 4364/4816/2421 4363/4813/2421
f 2721/3952/2422 2720/3951/2422 4365/4818/2422 4364/4816/2422
f 2720/3951/2423 2719/3950/2423 4366/4820/2423 4365/4818/2423
f 2719/3950/2424 2718/3949/2424 4367/4822/2424 4366/4820/2424
f 2718/3949/2425 2717/3948/2425 4368/4824/2425 4367/4822/2425
f 2717/3948/2427 2482/3947/2427 2822/4862/2427 4368/4824/2427
f 4368/4824/2427 2822/4862/2427 2823/4863/2427 4375/4825/2427
f 4375/4825/2427 2823/4863/2427 2824/4864/2427 4382/4832/2427
f 4382/4832/2427 2824/4864/2427 2825/4865/2427 4389/4839/2427
f 4389/4839/2427 2825/4865/2427 2826/4866/2427 4396/4846/2427
f 4396/4846/2427 2826/4866/2427 2827/4867/2427 4403/4853/2427
f 4403/4853/2427 2827/4867/2427 2828/4868/2427 4410/4860/2427
f 4410/4860/2427 2828/4868/2427 2492/3081/2427 2892/3080/2427
f 4409/4859/2425 4410/4860/2425 2892/3080/2425 2893/3079/2425
f 4408/4858/2424 4409/4859/2424 2893/3079/2424 2894/3078/2424
f 4407/4857/2423 4408/4858/2423 2894/3078/2423 2895/3077/2423
f 4406/4856/2422 4407/4857/2422 2895/3077/2422 2896/3076/2422
f 4405/4854/2421 4406/4856/2421 2896/3076/2421 2897/3075/2421
f 4404/4855/2420 4405/4854/2420 2897/3075/2420 2898/3073/2420
f 2835/4869/2426 4404/4855/2426 2898/3073/2426 2493/3072/2426
f 2834/4870/2426 4397/4848/2426 4404/4855/2426 2835/4869/2426
f 2833/4871/2426 4390/4841/2426 4397/4848/2426 2834/4870/2426
f 2832/4872/2426 4383/4834/2426 4390/4841/2426 2833/4871/2426
f 2831/4873/2426 4376/4827/2426 4383/4834/2426 2832/4872/2426
f 2830/4874/2426 4369/4815/2426 4376/4827/2426 2831/4873/2426
f 2829/4861/2426 4362/4812/2426 4369/4815/2426 2830/4874/2426
f 4411/4875/2882 4412/4876/2882 4419/4877/2882 4418/4878/2882
f 4412/4876/2883 4413/4879/2883 4420/4880/2883 4419/4877/2883
f 4413/4879/2884 4414/4881/2884 4421/4882/2884 4420/4880/2884
f 4414/4881/2885 4415/4883/2885 4422/4884/2885 4421/4882/2885
f 4415/4883/2886 4416/4885/2886 4423/4886/2886 4422/4884/2886
f 4416/4885/2887 4417/4887/2887 4424/4888/2887 4423/4886/2887
f 4418/4878/2882 4419/4877/2882 4426/4889/2882 4425/4890/2882
f 4419/4877/2883 4420/4880/2883 4427/4891/2883 4426/4889/2883
f 4420/4880/2884 4421/4882/2884 4428/4892/2884 4427/4891/2884
f 4421/4882/2885 4422/4884/2885 4429/4893/2885 4428/4892/2885
f 4422/4884/2886 4423/4886/2886 4430/4894/2886 4429/4893/2886
f 4423/4886/2887 4424/4888/2887 4431/4895/2887 4430/4894/2887
f 4425/4890/2882 4426/4889/2882 4433/4896/2882 4432/4897/2882
f 4426/4889/2883 4427/4891/2883 4434/4898/2883 4433/4896/2883
f 4427/4891/2884 4428/4892/2884 4435/4899/2884 4434/4898/2884
f 4428/4892/2885 4429/4893/2885 4436/4900/2885 4435/4899/2885
f 4429/4893/2886 4430/4894/2886 4437/4901/2886 4436/4900/2886
f 4430/4894/2887 4431/4895/2887 4438/4902/2887 4437/4901/2887
f 4432/4897/2882 4433/4896/2882 4440/4903/2882 4439/4904/2882
f 4433/4896/2883 4434/4898/2883 4441/4905/2883 4440/4903/2883
f 4434/4898/2884 4435/4899/2884 4442/4906/2884 4441/4905/2884
f 4435/4899/2885 4436/4900/2885 4443/4907/2885 4442/4906/2885
f 4436/4900/2886 4437/4901/2886 4444/4908/2886 4443/4907/2886
f 4437/4901/2887 4438/4902/2887 4445/4909/2887 4444/4908/2887
f 4439/4904/2882 4440/4903/2882 4447/4910/2882 4446/4911/2882
f 4440/4903/2883 4441/4905/2883 4448/4912/2883 4447/4910/2883
f 4441/4905/2884 4442/4906/2884 4449/4913/2884 4448/4912/2884
f 4442/4906/2885 4443/4907/2885 4450/4914/2885 4449/4913/2885
f 4443/4907/2886 4444/4908/2886 4451/4915/2886 4450/4914/2886
f 4444/4908/2888 4445/4909/2888 4452/4916/2888 4451/4915/2888
f 4446/4911/2882 4447/4910/2882 4454/4917/2882 4453/4918/2882
f 4447/4910/2883 4448/4912/2883 4455/4919/2883 4454/4917/2883
f 4448/4912/2884 4449/4913/2884 4456/4920/2884 4455/4919/2884
f 4449/4913/2885 4450/4914/2885 4457/4921/2885 4456/4920/2885
f 4450/4914/2886 4451/4915/2886 4458/4922/2886 4457/4921/2886
f 4451/4915/2887 4452/4916/2887 4459/4923/2887 4458/4922/2887
f 2481/4924/2889 2702/4925/2889 4411/4875/2889 2667/4926/2889
f 2702/4925/2882 2701/4927/2882 4412/4876/2882 4411/4875/2882
f 2701/4927/2883 2700/4928/2883 4413/4879/2883 4412/4876/2883
f 2700/4928/2884 2699/4929/2884 4414/4881/2884 4413/4879/2884
f 2699/4929/2885 2698/4930/2885 4415/4883/2885 4414/4881/2885
f 2698/4930/2886 2697/4931/2886 4416/4885/2886 4415/4883/2886
f 2697/4931/2887 2696/4932/2887 4417/4887/2887 4416/4885/2887
f 2696/4932/2890 2502/3715/2890 2969/4933/2890 4417/4887/2890
f 4417/4887/2890 2969/4933/2890 2970/4934/2890 4424/4888/2890
f 4424/4888/2891 2970/4934/2891 2971/4935/2891 4431/4895/2891
f 4431/4895/2891 2971/4935/2891 2972/4936/2891 4438/4902/2891
f 4438/4902/2891 2972/4936/2891 2973/4745/2891 4445/4909/2891
f 4445/4909/2891 2973/4745/2891 2974/4937/2891 4452/4916/2891
f 4452/4916/2890 2974/4937/2890 2975/4938/2890 4459/4923/2890
f 4459/4923/2890 2975/4938/2890 2506/3315/2890 2878/4939/2890
f 4458/4922/2887 4459/4923/2887 2878/4939/2887 2879/4940/2887
f 4457/4921/2886 4458/4922/2886 2879/4940/2886 2880/4941/2886
f 4456/4920/2885 4457/4921/2885 2880/4941/2885 2881/4942/2885
f 4455/4919/2884 4456/4920/2884 2881/4942/2884 2882/4943/2884
f 4454/4917/2883 4455/4919/2883 2882/4943/2883 2883/4944/2883
f 4453/4918/2882 4454/4917/2882 2883/4944/2882 2884/4945/2882
f 2661/4946/2889 4453/4918/2889 2884/4945/2889 2495/4947/2889
f 2662/4948/2889 4446/4911/2889 4453/4918/2889 2661/4946/2889
f 2663/4949/2889 4439/4904/2889 4446/4911/2889 2662/4948/2889
f 2664/4950/2889 4432/4897/2889 4439/4904/2889 2663/4949/2889
f 2665/4951/2889 4425/4890/2889 4432/4897/2889 2664/4950/2889
f 2666/4952/2889 4418/4878/2889 4425/4890/2889 2665/4951/2889
f 2667/4926/2889 4411/4875/2889 4418/4878/2889 2666/4952/2889
f 4460/4953/2892 4461/4954/2892 4468/4955/2892 4467/4956/2892
f 4461/4954/2893 4462/4957/2893 4469/4958/2893 4468/4955/2893
f 4462/4957/2894 4463/4959/2894 4470/4960/2894 4469/4958/2894
f 4463/4959/2895 4464/4961/2895 4471/4962/2895 4470/4960/2895
f 4464/4961/2896 4465/4963/2896 4472/4964/2896 4471/4962/2896
f 4465/4963/2897 4466/4965/2897 4473/4966/2897 4472/4964/2897
f 4467/4956/2898 4468/4955/2898 4475/4967/2898 4474/4968/2898
f 4468/4955/2899 4469/4958/2899 4476/4969/2899 4475/4967/2899
f 4469/4958/2900 4470/4960/2900 4477/4970/2900 4476/4969/2900
f 4470/4960/2901 4471/4962/2901 4478/4971/2901 4477/4970/2901
f 4471/4962/2902 4472/4964/2902 4479/4972/2902 4478/4971/2902
f 4472/4964/2903 4473/4966/2903 4480/4973/2903 4479/4972/2903
f 4474/4968/2904 4475/4967/2904 4482/4974/2904 4481/4975/2904
f 4475/4967/2905 4476/4969/2905 4483/4976/2905 4482/4974/2905
f 4476/4969/2906 4477/4970/2906 4484/4977/2906 4483/4976/2906
f 4477/4970/2907 4478/4971/2907 4485/4978/2907 4484/4977/2907
f 4478/4971/2908 4479/4972/2908 4486/4979/2908 4485/4978/2908
f 4479/4972/2909 4480/4973/2909 4487/4980/2909 4486/4979/2909
f 4481/4975/2910 4482/4974/2910 4489/4981/2910 4488/4982/2910
f 4482/4974/2911 4483/4976/2911 4490/4983/2911 4489/4981/2911
f 4483/4976/2912 4484/4977/2912 4491/4984/2912 4490/4983/2912
f 4484/4977/2913 4485/4978/2913 4492/4985/2913 4491/4984/2913
f 4485/4978/2914 4486/4979/2914 4493/4986/2914 4492/4985/2914
f 4486/4979/2915 4487/4980/2915 4494/4987/2915 4493/4986/2915
f 4488/4982/2916 4489/4981/2916 4496/4988/2916 4495/4989/2916
f 4489/4981/2917 4490/4983/2917 4497/4990/2917 4496/4988/2917
f 4490/4983/2918 4491/4984/2918 4498/4991/2918 4497/4990/2918
f 4491/4984/2919 4492/4985/2919 4499/4992/2919 4498/4991/2919
f 4492/4985/2920 4493/4986/2920 4500/4993/2920 4499/4992/2920
f 4493/4986/2921 4494/4987/2921 4501/4994/2921 4500/4993/2921
f 4495/4989/2922 4496/4988/2922 4503/4995/2922 4502/4996/2922
f 4496/4988/2923 4497/4990/2923 4504/4997/2923 4503/4995/2923
f 4497/4990/2924 4498/4991/2924 4505/4998/2924 4504/4997/2924
f 4498/4991/2925 4499/4992/2925 4506/4999/2925 4505/4998/2925
f 4499/4992/2926 4500/4993/2926 4507/5000/2926 4506/4999/2926
f 4500/4993/2927 4501/4994/2927 4508/5001/2927 4507/5000/2927
f 2469/5002/2928 2534/5003/2928 4460/4953/2928 2541/5004/2928
f 2534/5003/2929 2533/5005/2929 4461/4954/2929 4460/4953/2929
f 2533/5005/2930 2532/5006/2930 4462/4957/2930 4461/4954/2930
f 2532/5006/2931 2531/5007/2931 4463/4959/2931 4462/4957/2931
f 2531/5007/2932 2530/5008/2932 4464/4961/2932 4463/4959/2932
f 2530/5008/2933 2529/5009/2933 4465/4963/2933 4464/4961/2933
f 2529/5009/2934 2528/5010/2934 4466/4965/2934 4465/4963/2934
f 2528/5010/2935 2497/3553/2935 2976/4652/2935 4466/4965/2935
f 4466/4965/2936 2976/4652/2936 2977/5011/2936 4473/4966/2936
f 4473/4966/2937 2977/5011/2937 2978/5012/2937 4480/4973/2937
f 4480/4973/2938 2978/5012/2938 2979/5013/2938 4487/4980/2938
f 4487/4980/2939 2979/5013/2939 2980/4667/2939 4494/4987/2939
f 4494/4987/2940 2980/4667/2940 2981/5014/2940 4501/4994/2940
f 4501/4994/2941 2981/5014/2941 2982/5015/2941 4508/5001/2941
f 4508/5001/2942 2982/5015/2942 2505/5016/2942 2871/5017/2942
f 4507/5000/2943 4508/5001/2943 2871/5017/2943 2872/5018/2943
f 4506/4999/2944 4507/5000/2944 2872/5018/2944 2873/5019/2944
f 4505/4998/2945 4506/4999/2945 2873/5019/2945 2874/5020/2945
f 4504/4997/2946 4505/4998/2946 2874/5020/2946 2875/5021/2946
f 4503/4995/2947 4504/4997/2947 2875/5021/2947 2876/5022/2947
f 4502/4996/2948 4503/4995/2948 2876/5022/2948 2877/5023/2948
f 2535/5024/2949 4502/4996/2949 2877/5023/2949 2491/5025/2949
f 2536/5026/2950 4495/4989/2950 4502/4996/2950 2535/5024/2950
f 2537/5027/2951 4488/4982/2951 4495/4989/2951 2536/5026/2951
f 2538/5028/2952 4481/4975/2952 4488/4982/2952 2537/5027/2952
f 2539/5029/2953 4474/4968/2953 4481/4975/2953 2538/5028/2953
f 2540/5030/2954 4467/4956/2954 4474/4968/2954 2539/5029/2954
f 2541/5004/2955 4460/4953/2955 4467/4956/2955 2540/5030/2955
f 4558/5103/3016 4559/5104/3016 4566/5105/3016 4565/5106/3016
f 4559/5104/3017 4560/5107/3017 4567/5108/3017 4566/5105/3017
f 4560/5107/3018 4561/5109/3018 4568/5110/3018 4567/5108/3018
f 4561/5109/3019 4562/5111/3019 4569/5112/3019 4568/5110/3019
f 4562/5111/3020 4563/5113/3020 4570/5114/3020 4569/5112/3020
f 4563/5113/3021 4564/5115/3021 4571/5116/3021 4570/5114/3021
f 4565/5106/3022 4566/5105/3022 4573/5117/3022 4572/5118/3022
f 4566/5105/3023 4567/5108/3023 4574/5119/3023 4573/5117/3023
f 4567/5108/3024 4568/5110/3024 4575/5120/3024 4574/5119/3024
f 4568/5110/3025 4569/5112/3025 4576/5121/3025 4575/5120/3025
f 4569/5112/3026 4570/5114/3026 4577/5122/3026 4576/5121/3026
f 4570/5114/3027 4571/5116/3027 4578/5123/3027 4577/5122/3027
f 4572/5118/3028 4573/5117/3028 4580/5124/3028 4579/5125/3028
f 4573/5117/3029 4574/5119/3029 4581/5126/3029 4580/5124/3029
f 4574/5119/3030 4575/5120/3030 4582/5127/3030 4581/5126/3030
f 4575/5120/3031 4576/5121/3031 4583/5128/3031 4582/5127/3031
f 4576/5121/3032 4577/5122/3032 4584/5129/3032 4583/5128/3032
f 4577/5122/3033 4578/5123/3033 4585/5130/3033 4584/5129/3033
f 4579/5125/3034 4580/5124/3034 4587/5131/3034 4586/5132/3034
f 4580/5124/3035 4581/5126/3035 4588/5133/3035 4587/5131/3035
f 4581/5126/3036 4582/5127/3036 4589/5134/3036 4588/5133/3036
f 4582/5127/3037 4583/5128/3037 4590/5135/3037 4589/5134/3037
f 4583/5128/3038 4584/5129/3038 4591/5136/3038 4590/5135/3038
f 4584/5129/3039 4585/5130/3039 4592/5137/3039 4591/5136/3039
f 4586/5132/3040 4587/5131/3040 4594/5138/3040 4593/5139/3040
f 4587/5131/3041 4588/5133/3041 4595/5140/3041 4594/5138/3041
f 4588/5133/3042 4589/5134/3042 4596/5141/3042 4595/5140/3042
f 4589/5134/3043 4590/5135/3043 4597/5142/3043 4596/5141/3043
f 4590/5135/3044 4591/5136/3044 4598/5143/3044 4597/5142/3044
f 4591/5136/3045 4592/5137/3045 4599/5144/3045 4598/5143/3045
f 4593/5139/3046 4594/5138/3046 4601/5145/3046 4600/5146/3046
f 4594/5138/3047 4595/5140/3047 4602/5147/3047 4601/5145/3047
f 4595/5140/3048 4596/5141/3048 4603/5148/3048 4602/5147/3048
f 4596/5141/3049 4597/5142/3049 4604/5149/3049 4603/5148/3049
f 4597/5142/3050 4598/5143/3050 4605/5150/3050 4604/5149/3050
f 4598/5143/3051 4599/5144/3051 4606/5151/3051 4605/5150/3051
f 2471/3170/3052 2576/5152/3052 4558/5103/3052 2583/5153/3052
f 2576/5152/3053 2575/5154/3053 4559/5104/3053 4558/5103/3053
f 2575/5154/3054 2574/5155/3054 4560/5107/3054 4559/5104/3054
f 2574/5155/3055 2573/5156/3055 4561/5109/3055 4560/5107/3055
f 2573/5156/3056 2572/5157/3056 4562/5111/3056 4561/5109/3056
f 2572/5157/3057 2571/5158/3057 4563/5113/3057 4562/5111/3057
f 2571/5158/3058 2570/5159/3058 4564/5115/3058 4563/5113/3058
f 2570/5159/3059 2499/4229/3059 2990/4231/3059 4564/5115/3059
f 4564/5115/3060 2990/4231/3060 2991/4250/3060 4571/5116/3060
f 4571/5116/3061 2991/4250/3061 2992/4249/3061 4578/5123/3061
f 4578/5123/3062 2992/4249/3062 2993/4248/3062 4585/5130/3062
f 4585/5130/3063 2993/4248/3063 2994/4247/3063 4592/5137/3063
f 4592/5137/3064 2994/4247/3064 2995/4246/3064 4599/5144/3064
f 4599/5144/3065 2995/4246/3065 2996/4244/3065 4606/5151/3065
f 4606/5151/3066 2996/4244/3066 2503/4245/3066 2787/5160/3066
f 4605/5150/3067 4606/5151/3067 2787/5160/3067 2788/5161/3067
f 4604/5149/3068 4605/5150/3068 2788/5161/3068 2789/5162/3068
f 4603/5148/3069 4604/5149/3069 2789/5162/3069 2790/5163/3069
f 4602/5147/3070 4603/5148/3070 2790/5163/3070 2791/5164/3070
f 4601/5145/3071 4602/5147/3071 2791/5164/3071 2792/5165/3071
f 4600/5146/3072 4601/5145/3072 2792/5165/3072 2793/5166/3072
f 2577/5167/3073 4600/5146/3073 2793/5166/3073 2486/5168/3073
f 2578/5169/3074 4593/5139/3074 4600/5146/3074 2577/5167/3074
f 2579/5170/3075 4586/5132/3075 4593/5139/3075 2578/5169/3075
f 2580/5171/3076 4579/5125/3076 4586/5132/3076 2579/5170/3076
f 2581/5172/3077 4572/5118/3077 4579/5125/3077 2580/5171/3077
f 2582/5173/3078 4565/5106/3078 4572/5118/3078 2581/5172/3078
f 2583/5153/3079 4558/5103/3079 4565/5106/3079 2582/5173/3079
f 4656/5238/2993 4657/5239/2993 4664/5240/2993 4663/5241/2993
f 4657/5239/2994 4658/5242/2994 4665/5243/2994 4664/5240/2994
f 4658/5242/2995 4659/5244/2995 4666/5245/2995 4665/5243/2995
f 4659/5244/2996 4660/5246/2996 4667/5247/2996 4666/5245/2996
f 4660/5246/2997 4661/5248/2997 4668/5249/2997 4667/5247/2997
f 4661/5248/3144 4662/5250/3144 4669/5251/3144 4668/5249/3144
f 4663/5241/2993 4664/5240/2993 4671/5252/2993 4670/5253/2993
f 4664/5240/2994 4665/5243/2994 4672/5254/2994 4671/5252/2994
f 4665/5243/2995 4666/5245/2995 4673/5255/2995 4672/5254/2995
f 4666/5245/2996 4667/5247/2996 4674/5256/2996 4673/5255/2996
f 4667/5247/2997 4668/5249/2997 4675/5257/2997 4674/5256/2997
f 4668/5249/2961 4669/5251/2961 4676/5258/2961 4675/5257/2961
f 4670/5253/2993 4671/5252/2993 4678/5259/2993 4677/5260/2993
f 4671/5252/2994 4672/5254/2994 4679/5261/2994 4678/5259/2994
f 4672/5254/2995 4673/5255/2995 4680/5262/2995 4679/5261/2995
f 4673/5255/2996 4674/5256/2996 4681/5263/2996 4680/5262/2996
f 4674/5256/2997 4675/5257/2997 4682/5264/2997 4681/5263/2997
f 4675/5257/2961 4676/5258/2961 4683/5265/2961 4682/5264/2961
f 4677/5260/2993 4678/5259/2993 4685/5266/2993 4684/5267/2993
f 4678/5259/2994 4679/5261/2994 4686/5268/2994 4685/5266/2994
f 4679/5261/2995 4680/5262/2995 4687/5269/2995 4686/5268/2995
f 4680/5262/2996 4681/5263/2996 4688/5270/2996 4687/5269/2996
f 4681/5263/2997 4682/5264/2997 4689/5271/2997 4688/5270/2997
f 4682/5264/3144 4683/5265/3144 4690/5272/3144 4689/5271/3144
f 4684/5267/2993 4685/5266/2993 4692/5273/2993 4691/5274/2993
f 4685/5266/2994 4686/5268/2994 4693/5275/2994 4692/5273/2994
f 4686/5268/2995 4687/5269/2995 4694/5276/2995 4693/5275/2995
f 4687/5269/2996 4688/5270/2996 4695/5277/2996 4694/5276/2996
f 4688/5270/2997 4689/5271/2997 4696/5278/2997 4695/5277/2997
f 4689/5271/2961 4690/5272/2961 4697/5279/2961 4696/5278/2961
f 4691/5274/2993 4692/5273/2993 4699/5280/2993 4698/5281/2993
f 4692/5273/2994 4693/5275/2994 4700/5282/2994 4699/5280/2994
f 4693/5275/2995 4694/5276/2995 4701/5283/2995 4700/5282/2995
f 4694/5276/2996 4695/5277/2996 4702/5284/2996 4701/5283/2996
f 4695/5277/2997 4696/5278/2997 4703/5285/2997 4702/5284/2997
f 4696/5278/2961 4697/5279/2961 4704/5286/2961 4703/5285/2961
f 2491/5025/2992 2877/5023/2992 4656/5238/2992 2821/5287/2992
f 2877/5023/2993 2876/5022/2993 4657/5239/2993 4656/5238/2993
f 2876/5022/2994 2875/5021/2994 4658/5242/2994 4657/5239/2994
f 2875/5021/2995 2874/5020/2995 4659/5244/2995 4658/5242/2995
f 2874/5020/2996 2873/5019/2996 4660/5246/2996 4659/5244/2996
f 2873/5019/2997 2872/5018/2997 4661/5248/2997 4660/5246/2997
f 2872/5018/2961 2871/5017/2961 4662/5250/2961 4661/5248/2961
f 2871/5017/2998 2505/5016/2998 3004/3610/2998 4662/5250/2998
f 4662/5250/2999 3004/3610/2999 3005/5288/2999 4669/5251/2999
f 4669/5251/2999 3005/5288/2999 3006/5289/2999 4676/5258/2999
f 4676/5258/2999 3006/5289/2999 3007/5290/2999 4683/5265/2999
f 4683/5265/2999 3007/5290/2999 3008/5291/2999 4690/5272/2999
f 4690/5272/2999 3008/5291/2999 3009/5292/2999 4697/5279/2999
f 4697/5279/2998 3009/5292/2998 3010/5293/2998 4704/5286/2998
f 4704/5286/2998 3010/5293/2998 2501/4300/2998 2689/5088/2998
f 4703/5285/2961 4704/5286/2961 2689/5088/2961 2690/5087/2961
f 4702/5284/2997 4703/5285/2997 2690/5087/2997 2691/5086/2997
f 4701/5283/2996 4702/5284/2996 2691/5086/2996 2692/5085/2996
f 4700/5282/2995 4701/5283/2995 2692/5085/2995 2693/5084/2995
f 4699/5280/2994 4700/5282/2994 2693/5084/2994 2694/5083/2994
f 4698/5281/2993 4699/5280/2993 2694/5083/2993 2695/5081/2993
f 2815/5294/2992 4698/5281/2992 2695/5081/2992 2479/5080/2992
f 2816/5295/2992 4691/5274/2992 4698/5281/2992 2815/5294/2992
f 2817/5296/2992 4684/5267/2992 4691/5274/2992 2816/5295/2992
f 2818/5297/2992 4677/5260/2992 4684/5267/2992 2817/5296/2992
f 2819/5298/2992 4670/5253/2992 4677/5260/2992 2818/5297/2992
f 2820/5299/2992 4663/5241/2992 4670/5253/2992 2819/5298/2992
f 2821/5287/2992 4656/5238/2992 4663/5241/2992 2820/5299/2992
f 4705/5300/3145 4706/5301/3145 4713/5302/3145 4712/5303/3145
f 4706/5301/3146 4707/5304/3146 4714/5305/3146 4713/5302/3146
f 4707/5304/3147 4708/5306/3147 4715/5307/3147 4714/5305/3147
f 4708/5306/3148 4709/5308/3148 4716/5309/3148 4715/5307/3148
f 4709/5308/3149 4710/5310/3149 4717/5311/3149 4716/5309/3149
f 4710/5310/3150 4711/5312/3150 4718/5313/3150 4717/5311/3150
f 4712/5303/3151 4713/5302/3151 4720/5314/3151 4719/5315/3151
f 4713/5302/3152 4714/5305/3152 4721/5316/3152 4720/5314/3152
f 4714/5305/3153 4715/5307/3153 4722/5317/3153 4721/5316/3153
f 4715/5307/3154 4716/5309/3154 4723/5318/3154 4722/5317/3154
f 4716/5309/3155 4717/5311/3155 4724/5319/3155 4723/5318/3155
f 4717/5311/3156 4718/5313/3156 4725/5320/3156 4724/5319/3156
f 4719/5315/3157 4720/5314/3157 4727/5321/3157 4726/5322/3157
f 4720/5314/3158 4721/5316/3158 4728/5323/3158 4727/5321/3158
f 4721/5316/3159 4722/5317/3159 4729/5324/3159 4728/5323/3159
f 4722/5317/3160 4723/5318/3160 4730/5325/3160 4729/5324/3160
f 4723/5318/3161 4724/5319/3161 4731/5326/3161 4730/5325/3161
f 4724/5319/3162 4725/5320/3162 4732/5327/3162 4731/5326/3162
f 4726/5322/3163 4727/5321/3163 4734/5328/3163 4733/5329/3163
f 4727/5321/3164 4728/5323/3164 4735/5330/3164 4734/5328/3164
f 4728/5323/3165 4729/5324/3165 4736/5331/3165 4735/5330/3165
f 4729/5324/3166 4730/5325/3166 4737/5332/3166 4736/5331/3166
f 4730/5325/3167 4731/5326/3167 4738/5333/3167 4737/5332/3167
f 4731/5326/3168 4732/5327/3168 4739/5334/3168 4738/5333/3168
f 4733/5329/3169 4734/5328/3169 4741/5335/3169 4740/5336/3169
f 4734/5328/3170 4735/5330/3170 4742/5337/3170 4741/5335/3170
f 4735/5330/3171 4736/5331/3171 4743/5338/3171 4742/5337/3171
f 4736/5331/3172 4737/5332/3172 4744/5339/3172 4743/5338/3172
f 4737/5332/3173 4738/5333/3173 4745/5340/3173 4744/5339/3173
f 4738/5333/3174 4739/5334/3174 4746/5341/3174 4745/5340/3174
f 4740/5336/3175 4741/5335/3175 4748/5342/3175 4747/5343/3175
f 4741/5335/3176 4742/5337/3176 4749/5344/3176 4748/5342/3176
f 4742/5337/3177 4743/5338/3177 4750/5345/3177 4749/5344/3177
f 4743/5338/3178 4744/5339/3178 4751/5346/3178 4750/5345/3178
f 4744/5339/3179 4745/5340/3179 4752/5347/3179 4751/5346/3179
f 4745/5340/3180 4746/5341/3180 4753/5348/3180 4752/5347/3180
f 2467/5349/3181 2920/5350/3181 4705/5300/3181 2513/5351/3181
f 2920/5350/3182 2921/5352/3182 4706/5301/3182 4705/5300/3182
f 2921/5352/3183 2922/5353/3183 4707/5304/3183 4706/5301/3183
f 2922/5353/3184 2923/5354/3184 4708/5306/3184 4707/5304/3184
f 2923/5354/3185 2924/5355/3185 4709/5308/3185 4708/5306/3185
f 2924/5355/3186 2925/5356/3186 4710/5310/3186 4709/5308/3186
f 2925/5356/3187 2926/5357/3187 4711/5312/3187 4710/5310/3187
f 2926/5357/3188 2500/3536/3188 3011/3538/3188 4711/5312/3188
f 4711/5312/3189 3011/3538/3189 3012/3558/3189 4718/5313/3189
f 4718/5313/3190 3012/3558/3190 3013/3557/3190 4725/5320/3190
f 4725/5320/3191 3013/3557/3191 3014/3556/3191 4732/5327/3191
f 4732/5327/3192 3014/3556/3192 3015/3555/3192 4739/5334/3192
f 4739/5334/3193 3015/3555/3193 3016/3554/3193 4746/5341/3193
f 4746/5341/3194 3016/3554/3194 3017/3552/3194 4753/5348/3194
f 4753/5348/3195 3017/3552/3195 2497/3553/3195 2528/5010/3195
f 4752/5347/3196 4753/5348/3196 2528/5010/3196 2529/5009/3196
f 4751/5346/3197 4752/5347/3197 2529/5009/3197 2530/5008/3197
f 4750/5345/3198 4751/5346/3198 2530/5008/3198 2531/5007/3198
f 4749/5344/3199 4750/5345/3199 2531/5007/3199 2532/5006/3199
f 4748/5342/3200 4749/5344/3200 2532/5006/3200 2533/5005/3200
f 4747/5343/3201 4748/5342/3201 2533/5005/3201 2534/5003/3201
f 2507/5358/3202 4747/5343/3202 2534/5003/3202 2469/5002/3202
f 2508/5359/3203 4740/5336/3203 4747/5343/3203 2507/5358/3203
f 2509/5360/3204 4733/5329/3204 4740/5336/3204 2508/5359/3204
f 2510/5361/3205 4726/5322/3205 4733/5329/3205 2509/5360/3205
f 2511/5362/3206 4719/5315/3206 4726/5322/3206 2510/5361/3206
f 2512/5363/3207 4712/5303/3207 4719/5315/3207 2511/5362/3207
f 2513/5351/3208 4705/5300/3208 4712/5303/3208 2512/5363/3208
f 4754/5364/3209 4755/5365/3209 4762/5366/3209 4761/5367/3209
f 4755/5365/3210 4756/5368/3210 4763/5369/3210 4762/5366/3210
f 4756/5368/3211 4757/5370/3211 4764/5371/3211 4763/5369/3211
f 4757/5370/3212 4758/5372/3212 4765/5373/3212 4764/5371/3212
f 4758/5372/3213 4759/5374/3213 4766/5375/3213 4765/5373/3213
f 4759/5374/3214 4760/5376/3214 4767/5377/3214 4766/5375/3214
f 4761/5367/3215 4762/5366/3215 4769/5378/3215 4768/5379/3215
f 4762/5366/3216 4763/5369/3216 4770/5380/3216 4769/5378/3216
f 4763/5369/3217 4764/5371/3217 4771/5381/3217 4770/5380/3217
f 4764/5371/3218 4765/5373/3218 4772/5382/3218 4771/5381/3218
f 4765/5373/3219 4766/5375/3219 4773/5383/3219 4772/5382/3219
f 4766/5375/3220 4767/5377/3220 4774/5384/3220 4773/5383/3220
f 4768/5379/3221 4769/5378/3221 4776/5385/3221 4775/5386/3221
f 4769/5378/3222 4770/5380/3222 4777/5387/3222 4776/5385/3222
f 4770/5380/3223 4771/5381/3223 4778/5388/3223 4777/5387/3223
f 4771/5381/3224 4772/5382/3224 4779/5389/3224 4778/5388/3224
f 4772/5382/3225 4773/5383/3225 4780/5390/3225 4779/5389/3225
f 4773/5383/3226 4774/5384/3226 4781/5391/3226 4780/5390/3226
f 4775/5386/3227 4776/5385/3227 4783/5392/3227 4782/5393/3227
f 4776/5385/3228 4777/5387/3228 4784/5394/3228 4783/5392/3228
f 4777/5387/3229 4778/5388/3229 4785/5395/3229 4784/5394/3229
f 4778/5388/3230 4779/5389/3230 4786/5396/3230 4785/5395/3230
f 4779/5389/3231 4780/5390/3231 4787/5397/3231 4786/5396/3231
f 4780/5390/3232 4781/5391/3232 4788/5398/3232 4787/5397/3232
f 4782/5393/3233 4783/5392/3233 4790/5399/3233 4789/5400/3233
f 4783/5392/3234 4784/5394/3234 4791/5401/3234 4790/5399/3234
f 4784/5394/3235 4785/5395/3235 4792/5402/3235 4791/5401/3235
f 4785/5395/3236 4786/5396/3236 4793/5403/3236 4792/5402/3236
f 4786/5396/3237 4787/5397/3237 4794/5404/3237 4793/5403/3237
f 4787/5397/3238 4788/5398/3238 4795/5405/3238 4794/5404/3238
f 4789/5400/3239 4790/5399/3239 4797/5406/3239 4796/5407/3239
f 4790/5399/3240 4791/5401/3240 4798/5408/3240 4797/5406/3240
f 4791/5401/3241 4792/5402/3241 4799/5409/3241 4798/5408/3241
f 4792/5402/3242 4793/5403/3242 4800/5410/3242 4799/5409/3242
f 4793/5403/3243 4794/5404/3243 4801/5411/3243 4800/5410/3243
f 4794/5404/3244 4795/5405/3244 4802/5412/3244 4801/5411/3244
f 2488/5413/3245 2800/5414/3245 4754/5364/3245 2758/5415/3245
f 2800/5414/3246 2799/5416/3246 4755/5365/3246 4754/5364/3246
f 2799/5416/3247 2798/5417/3247 4756/5368/3247 4755/5365/3247
f 2798/5417/3248 2797/5418/3248 4757/5370/3248 4756/5368/3248
f 2797/5418/3249 2796/5419/3249 4758/5372/3249 4757/5370/3249
f 2796/5419/3250 2795/5420/3250 4759/5374/3250 4758/5372/3250
f 2795/5420/3251 2794/5421/3251 4760/5376/3251 4759/5374/3251
f 2794/5421/3252 2504/3465/3252 3018/3467/3252 4760/5376/3252
f 4760/5376/3253 3018/3467/3253 3019/3486/3253 4767/5377/3253
f 4767/5377/3254 3019/3486/3254 3020/3485/3254 4774/5384/3254
f 4774/5384/3255 3020/3485/3255 3021/3484/3255 4781/5391/3255
f 4781/5391/3256 3021/3484/3256 3022/3483/3256 4788/5398/3256
f 4788/5398/3257 3022/3483/3257 3023/3482/3257 4795/5405/3257
f 4795/5405/3258 3023/3482/3258 3024/3481/3258 4802/5412/3258
f 4802/5412/3259 3024/3481/3259 2498/3387/3259 2549/5422/3259
f 4801/5411/3260 4802/5412/3260 2549/5422/3260 2550/5423/3260
f 4800/5410/3261 4801/5411/3261 2550/5423/3261 2551/5424/3261
f 4799/5409/3262 4800/5410/3262 2551/5424/3262 2552/5425/3262
f 4798/5408/3263 4799/5409/3263 2552/5425/3263 2553/5426/3263
f 4797/5406/3264 4798/5408/3264 2553/5426/3264 2554/5427/3264
f 4796/5407/3265 4797/5406/3265 2554/5427/3265 2555/5428/3265
f 2752/5429/3266 4796/5407/3266 2555/5428/3266 2473/3162/3266
f 2753/5430/3267 4789/5400/3267 4796/5407/3267 2752/5429/3267
f 2754/5431/3268 4782/5393/3268 4789/5400/3268 2753/5430/3268
f 2755/5432/3269 4775/5386/3269 4782/5393/3269 2754/5431/3269
f 2756/5433/3270 4768/5379/3270 4775/5386/3270 2755/5432/3270
f 2757/5434/3271 4761/5367/3271 4768/5379/3271 2756/5433/3271
f 2758/5415/3272 4754/5364/3272 4761/5367/3272 2757/5434/3272
f 4803/5435/3273 4804/5436/3273 4811/5437/3273 4810/5438/3273
f 4804/5436/3274 4805/5439/3274 4812/5440/3274 4811/5437/3274
f 4805/5439/3275 4806/5441/3275 4813/5442/3275 4812/5440/3275
f 4806/5441/3276 4807/5443/3276 4814/5444/3276 4813/5442/3276
f 4807/5443/3277 4808/5445/3277 4815/5446/3277 4814/5444/3277
f 4808/5445/3278 4809/5447/3278 4816/5448/3278 4815/5446/3278
f 4810/5438/3279 4811/5437/3279 4818/5449/3279 4817/5450/3279
f 4811/5437/3280 4812/5440/3280 4819/5451/3280 4818/5449/3280
f 4812/5440/3281 4813/5442/3281 4820/5452/3281 4819/5451/3281
f 4813/5442/3282 4814/5444/3282 4821/5453/3282 4820/5452/3282
f 4814/5444/3283 4815/5446/3283 4822/5454/3283 4821/5453/3283
f 4815/5446/3284 4816/5448/3284 4823/5455/3284 4822/5454/3284
f 4817/5450/3285 4818/5449/3285 4825/5456/3285 4824/5457/3285
f 4818/5449/3286 4819/5451/3286 4826/5458/3286 4825/5456/3286
f 4819/5451/3287 4820/5452/3287 4827/5459/3287 4826/5458/3287
f 4820/5452/3288 4821/5453/3288 4828/5460/3288 4827/5459/3288
f 4821/5453/3289 4822/5454/3289 4829/5461/3289 4828/5460/3289
f 4822/5454/3290 4823/5455/3290 4830/5462/3290 4829/5461/3290
f 4824/5457/3291 4825/5456/3291 4832/5463/3291 4831/5464/3291
f 4825/5456/3292 4826/5458/3292 4833/5465/3292 4832/5463/3292
f 4826/5458/3293 4827/5459/3293 4834/5466/3293 4833/5465/3293
f 4827/5459/3294 4828/5460/3294 4835/5467/3294 4834/5466/3294
f 4828/5460/3295 4829/5461/3295 4836/5468/3295 4835/5467/3295
f 4829/5461/3296 4830/5462/3296 4837/5469/3296 4836/5468/3296
f 4831/5464/3297 4832/5463/3297 4839/5470/3297 4838/5471/3297
f 4832/5463/3298 4833/5465/3298 4840/5472/3298 4839/5470/3298
f 4833/5465/3299 4834/5466/3299 4841/5473/3299 4840/5472/3299
f 4834/5466/3300 4835/5467/3300 4842/5474/3300 4841/5473/3300
f 4835/5467/3301 4836/5468/3301 4843/5475/3301 4842/5474/3301
f 4836/5468/3302 4837/5469/3302 4844/5476/3302 4843/5475/3302
f 4838/5471/3303 4839/5470/3303 4846/5477/3303 4845/5478/3303
f 4839/5470/3304 4840/5472/3304 4847/5479/3304 4846/5477/3304
f 4840/5472/3305 4841/5473/3305 4848/5480/3305 4847/5479/3305
f 4841/5473/3306 4842/5474/3306 4849/5481/3306 4848/5480/3306
f 4842/5474/3307 4843/5475/3307 4850/5482/3307 4849/5481/3307
f 4843/5475/3308 4844/5476/3308 4851/5483/3308 4850/5482/3308
f 2473/3162/3309 2555/5428/3309 4803/5435/3309 2562/3163/3309
f 2555/5428/3310 2554/5427/3310 4804/5436/3310 4803/5435/3310
f 2554/5427/3311 2553/5426/3311 4805/5439/3311 4804/5436/3311
f 2553/5426/3312 2552/5425/3312 4806/5441/3312 4805/5439/3312
f 2552/5425/3313 2551/5424/3313 4807/5443/3313 4806/5441/3313
f 2551/5424/3314 2550/5423/3314 4808/5445/3314 4807/5443/3314
f 2550/5423/3315 2549/5422/3315 4809/5447/3315 4808/5445/3315
f 2549/5422/3316 2498/3387/3316 3025/5484/3316 4809/5447/3316
f 4809/5447/3317 3025/5484/3317 3026/5485/3317 4816/5448/3317
f 4816/5448/3318 3026/5485/3318 3027/5486/3318 4823/5455/3318
f 4823/5455/3319 3027/5486/3319 3028/5487/3319 4830/5462/3319
f 4830/5462/3320 3028/5487/3320 3029/5488/3320 4837/5469/3320
f 4837/5469/3321 3029/5488/3321 3030/5489/3321 4844/5476/3321
f 4844/5476/3322 3030/5489/3322 3031/5490/3322 4851/5483/3322
f 4851/5483/3323 3031/5490/3323 2499/4229/3323 2570/5159/3323
f 4850/5482/3324 4851/5483/3324 2570/5159/3324 2571/5158/3324
f 4849/5481/3325 4850/5482/3325 2571/5158/3325 2572/5157/3325
f 4848/5480/3326 4849/5481/3326 2572/5157/3326 2573/5156/3326
f 4847/5479/3327 4848/5480/3327 2573/5156/3327 2574/5155/3327
f 4846/5477/3328 4847/5479/3328 2574/5155/3328 2575/5154/3328
f 4845/5478/3329 4846/5477/3329 2575/5154/3329 2576/5152/3329
f 2556/3169/3330 4845/5478/3330 2576/5152/3330 2471/3170/3330
f 2557/3168/3331 4838/5471/3331 4845/5478/3331 2556/3169/3331
f 2558/3167/3332 4831/5464/3332 4838/5471/3332 2557/3168/3332
f 2559/3166/3333 4824/5457/3333 4831/5464/3333 2558/3167/3333
f 2560/3165/3334 4817/5450/3334 4824/5457/3334 2559/3166/3334
f 2561/3164/3335 4810/5438/3335 4817/5450/3335 2560/3165/3335
f 2562/3163/3336 4803/5435/3336 4810/5438/3336 2561/3164/3336
f 4852/5491/3337 4853/5492/3337 4860/5493/3337 4859/5494/3337
f 4853/5492/3338 4854/5495/3338 4861/5496/3338 4860/5493/3338
f 4854/5495/3339 4855/5497/3339 4862/5498/3339 4861/5496/3339
f 4855/5497/3340 4856/5499/3340 4863/5500/3340 4862/5498/3340
f 4856/5499/3341 4857/5501/3341 4864/5502/3341 4863/5500/3341
f 4857/5501/3342 4858/5503/3342 4865/5504/3342 4864/5502/3342
f 4859/5494/3343 4860/5493/3343 4867/5505/3343 4866/5506/3343
f 4860/5493/3344 4861/5496/3344 4868/5507/3344 4867/5505/3344
f 4861/5496/3345 4862/5498/3345 4869/5508/3345 4868/5507/3345
f 4862/5498/3346 4863/5500/3346 4870/5509/3346 4869/5508/3346
f 4863/5500/3347 4864/5502/3347 4871/5510/3347 4870/5509/3347
f 4864/5502/3348 4865/5504/3348 4872/5511/3348 4871/5510/3348
f 4866/5506/3349 4867/5505/3349 4874/5512/3349 4873/5513/3349
f 4867/5505/3350 4868/5507/3350 4875/5514/3350 4874/5512/3350
f 4868/5507/3351 4869/5508/3351 4876/5515/3351 4875/5514/3351
f 4869/5508/3352 4870/5509/3352 4877/5516/3352 4876/5515/3352
f 4870/5509/3353 4871/5510/3353 4878/5517/3353 4877/5516/3353
f 4871/5510/3354 4872/5511/3354 4879/5518/3354 4878/5517/3354
f 4873/5513/3355 4874/5512/3355 4881/5519/3355 4880/5520/3355
f 4874/5512/3356 4875/5514/3356 4882/5521/3356 4881/5519/3356
f 4875/5514/3357 4876/5515/3357 4883/5522/3357 4882/5521/3357
f 4876/5515/3358 4877/5516/3358 4884/5523/3358 4883/5522/3358
f 4877/5516/3359 4878/5517/3359 4885/5524/3359 4884/5523/3359
f 4878/5517/3360 4879/5518/3360 4886/5525/3360 4885/5524/3360
f 4880/5520/3361 4881/5519/3361 4888/5526/3361 4887/5527/3361
f 4881/5519/3362 4882/5521/3362 4889/5528/3362 4888/5526/3362
f 4882/5521/3363 4883/5522/3363 4890/5529/3363 4889/5528/3363
f 4883/5522/3364 4884/5523/3364 4891/5530/3364 4890/5529/3364
f 4884/5523/3365 4885/5524/3365 4892/5531/3365 4891/5530/3365
f 4885/5524/3366 4886/5525/3366 4893/5532/3366 4892/5531/3366
f 4887/5527/3367 4888/5526/3367 4895/5533/3367 4894/5534/3367
f 4888/5526/3368 4889/5528/3368 4896/5535/3368 4895/5533/3368
f 4889/5528/3369 4890/5529/3369 4897/5536/3369 4896/5535/3369
f 4890/5529/3370 4891/5530/3370 4898/5537/3370 4897/5536/3370
f 4891/5530/3371 4892/5531/3371 4899/5538/3371 4898/5537/3371
f 4892/5531/3372 4893/5532/3372 4900/5539/3372 4899/5538/3372
f 2495/4947/3373 2884/4945/3373 4852/5491/3373 2849/5540/3373
f 2884/4945/3374 2883/4944/3374 4853/5492/3374 4852/5491/3374
f 2883/4944/3375 2882/4943/3375 4854/5495/3375 4853/5492/3375
f 2882/4943/3376 2881/4942/3376 4855/5497/3376 4854/5495/3376
f 2881/4942/3377 2880/4941/3377 4856/5499/3377 4855/5497/3377
f 2880/4941/3378 2879/4940/3378 4857/5501/3378 4856/5499/3378
f 2879/4940/3379 2878/4939/3379 4858/5503/3379 4857/5501/3379
f 2878/4939/3380 2506/3315/3380 3032/3317/3380 4858/5503/3380
f 4858/5503/3381 3032/3317/3381 3033/3337/3381 4865/5504/3381
f 4865/5504/3382 3033/3337/3382 3034/3336/3382 4872/5511/3382
f 4872/5511/3383 3034/3336/3383 3035/3335/3383 4879/5518/3383
f 4879/5518/3384 3035/3335/3384 3036/3334/3384 4886/5525/3384
f 4886/5525/3385 3036/3334/3385 3037/3333/3385 4893/5532/3385
f 4893/5532/3386 3037/3333/3386 3038/3331/3386 4900/5539/3386
f 4900/5539/3387 3038/3331/3387 2500/3332/3387 2926/5541/3387
f 4899/5538/3388 4900/5539/3388 2926/5541/3388 2925/5542/3388
f 4898/5537/3389 4899/5538/3389 2925/5542/3389 2924/5543/3389
f 4897/5536/3390 4898/5537/3390 2924/5543/3390 2923/5544/3390
f 4896/5535/3391 4897/5536/3391 2923/5544/3391 2922/5545/3391
f 4895/5533/3392 4896/5535/3392 2922/5545/3392 2921/5546/3392
f 4894/5534/3393 4895/5533/3393 2921/5546/3393 2920/5547/3393
f 2843/5548/3394 4894/5534/3394 2920/5547/3394 2467/5549/3394
f 2844/5550/3395 4887/5527/3395 4894/5534/3395 2843/5548/3395
f 2845/5551/3396 4880/5520/3396 4887/5527/3396 2844/5550/3396
f 2846/5552/3397 4873/5513/3397 4880/5520/3397 2845/5551/3397
f 2847/5553/3398 4866/5506/3398 4873/5513/3398 2846/5552/3398
f 2848/5554/3399 4859/5494/3399 4866/5506/3399 2847/5553/3399
f 2849/5540/3400 4852/5491/3400 4859/5494/3400 2848/5554/3400
usemtl t1
f 3578/3640/2347 3579/3641/2347 3586/3642/2347 3585/3643/2347
f 3579/3641/2348 3580/3644/2348 3587/3645/2348 3586/3642/2348
f 3580/3644/2349 3581/3646/2349 3588/3647/2349 3587/3645/2349
f 3581/3646/2350 3582/3648/2350 3589/3649/2350 3588/3647/2350
f 3582/3648/2351 3583/3650/2351 3590/3651/2351 3589/3649/2351
f 3583/3650/2352 3584/3652/2352 3591/3653/2352 3590/3651/2352
f 3585/3643/2353 3586/3642/2353 3593/3654/2353 3592/3655/2353
f 3586/3642/2354 3587/3645/2354 3594/3656/2354 3593/3654/2354
f 3587/3645/2355 3588/3647/2355 3595/3657/2355 3594/3656/2355
f 3588/3647/2356 3589/3649/2356 3596/3658/2356 3595/3657/2356
f 3589/3649/2357 3590/3651/2357 3597/3659/2357 3596/3658/2357
f 3590/3651/2358 3591/3653/2358 3598/3660/2358 3597/3659/2358
f 3592/3655/2359 3593/3654/2359 3600/3661/2359 3599/3662/2359
f 3593/3654/2360 3594/3656/2360 3601/3663/2360 3600/3661/2360
f 3594/3656/2361 3595/3657/2361 3602/3664/2361 3601/3663/2361
f 3595/3657/2362 3596/3658/2362 3603/3665/2362 3602/3664/2362
f 3596/3658/2363 3597/3659/2363 3604/3666/2363 3603/3665/2363
f 3597/3659/2364 3598/3660/2364 3605/3667/2364 3604/3666/2364
f 3599/3662/2365 3600/3661/2365 3607/3668/2365 3606/3669/2365
f 3600/3661/2366 3601/3663/2366 3608/3670/2366 3607/3668/2366
f 3601/3663/2367 3602/3664/2367 3609/3671/2367 3608/3670/2367
f 3602/3664/2368 3603/3665/2368 3610/3672/2368 3609/3671/2368
f 3603/3665/2369 3604/3666/2369 3611/3673/2369 3610/3672/2369
f 3604/3666/2370 3605/3667/2370 3612/3674/2370 3611/3673/2370
f 3606/3669/2371 3607/3668/2371 3614/3675/2371 3613/3676/2371
f 3607/3668/2372 3608/3670/2372 3615/3677/2372 3614/3675/2372
f 3608/3670/2373 3609/3671/2373 3616/3678/2373 3615/3677/2373
f 3609/3671/2374 3610/3672/2374 3617/3679/2374 3616/3678/2374
f 3610/3672/2375 3611/3673/2375 3618/3680/2375 3617/3679/2375
f 3611/3673/2376 3612/3674/2376 3619/3681/2376 3618/3680/2376
f 3613/3676/2377 3614/3675/2377 3621/3682/2377 3620/3683/2377
f 3614/3675/2378 3615/3677/2378 3622/3684/2378 3621/3682/2378
f 3615/3677/2379 3616/3678/2379 3623/3685/2379 3622/3684/2379
f 3616/3678/2380 3617/3679/2380 3624/3686/2380 3623/3685/2380
f 3617/3679/2381 3618/3680/2381 3625/3687/2381 3624/3686/2381
f 3618/3680/2382 3619/3681/2382 3626/3688/2382 3625/3687/2382
f 2503/3689/2383 2947/3690/2383 3578/3640/2383 2997/3691/2383
f 2947/3690/2384 2946/3692/2384 3579/3641/2384 3578/3640/2384
f 2946/3692/2385 2945/3693/2385 3580/3644/2385 3579/3641/2385
f 2945/3693/2386 2944/3694/2386 3581/3646/2386 3580/3644/2386
f 2944/3694/2387 2943/3695/2387 3582/3648/2387 3581/3646/2387
f 2943/3695/2388 2942/3696/2388 3583/3650/2388 3582/3648/2388
f 2942/3696/2389 2941/3697/2389 3584/3652/2389 3583/3650/2389
f 2941/3697/2390 2490/3698/2390 2675/3699/2390 3584/3652/2390
f 3584/3652/2390 2675/3699/2390 2676/3700/2390 3591/3653/2390
f 3591/3653/2391 2676/3700/2391 2677/3701/2391 3598/3660/2391
f 3598/3660/2391 2677/3701/2391 2678/3702/2391 3605/3667/2391
f 3605/3667/2391 2678/3702/2391 2679/3703/2391 3612/3674/2391
f 3612/3674/2391 2679/3703/2391 2680/3704/2391 3619/3681/2391
f 3619/3681/2391 2680/3704/2391 2681/3705/2391 3626/3688/2391
f 3626/3688/2391 2681/3705/2391 2483/3706/2391 2934/3707/2391
f 3625/3687/2382 3626/3688/2382 2934/3707/2382 2935/3708/2382
f 3624/3686/2392 3625/3687/2392 2935/3708/2392 2936/3709/2392
f 3623/3685/2393 3624/3686/2393 2936/3709/2393 2937/3710/2393
f 3622/3684/2394 3623/3685/2394 2937/3710/2394 2938/3711/2394
f 3621/3682/2395 3622/3684/2395 2938/3711/2395 2939/3712/2395
f 3620/3683/2396 3621/3682/2396 2939/3712/2396 2940/3713/2396
f 3003/3714/2397 3620/3683/2397 2940/3713/2397 2502/3715/2397
f 3002/3716/2398 3613/3676/2398 3620/3683/2398 3003/3714/2398
f 3001/3717/2399 3606/3669/2399 3613/3676/2399 3002/3716/2399
f 3000/3718/2400 3599/3662/2400 3606/3669/2400 3001/3717/2400
f 2999/3719/2401 3592/3655/2401 3599/3662/2401 3000/3718/2401
f 2998/3720/2402 3585/3643/2402 3592/3655/2402 2999/3719/2402
f 2997/3691/2403 3578/3640/2403 3585/3643/2403 2998/3720/2403
f 3627/3721/2404 3628/3722/2404 3635/3723/2404 3634/3724/2404
f 3628/3722/2404 3629/3725/2404 3636/3726/2404 3635/3723/2404
f 3629/3725/2404 3630/3727/2404 3637/3728/2404 3636/3726/2404
f 3630/3727/2404 3631/3729/2404 3638/3730/2404 3637/3728/2404
f 3631/3729/2404 3632/3731/2404 3639/3732/2404 3638/3730/2404
f 3632/3731/2404 3633/3733/2404 3640/3734/2404 3639/3732/2404
f 3634/3724/2405 3635/3723/2405 3642/3735/2405 3641/3736/2405
f 3635/3723/2405 3636/3726/2405 3643/3737/2405 3642/3735/2405
f 3636/3726/2405 3637/3728/2405 3644/3738/2405 3643/3737/2405
f 3637/3728/2405 3638/3730/2405 3645/3739/2405 3644/3738/2405
f 3638/3730/2405 3639/3732/2405 3646/3740/2405 3645/3739/2405
f 3639/3732/2405 3640/3734/2405 3647/3741/2405 3646/3740/2405
f 3641/3736/2406 3642/3735/2406 3649/3742/2406 3648/3743/2406
f 3642/3735/2406 3643/3737/2406 3650/3744/2406 3649/3742/2406
f 3643/3737/2406 3644/3738/2406 3651/3745/2406 3650/3744/2406
f 3644/3738/2406 3645/3739/2406 3652/3746/2406 3651/3745/2406
f 3645/3739/2406 3646/3740/2406 3653/3747/2406 3652/3746/2406
f 3646/3740/2406 3647/3741/2406 3654/3748/2406 3653/3747/2406
f 3648/3743/2407 3649/3742/2407 3656/3749/2407 3655/3750/2407
f 3649/3742/2407 3650/3744/2407 3657/3751/2407 3656/3749/2407
f 3650/3744/2407 3651/3745/2407 3658/3752/2407 3657/3751/2407
f 3651/3745/2407 3652/3746/2407 3659/3753/2407 3658/3752/2407
f 3652/3746/2407 3653/3747/2407 3660/3754/2407 3659/3753/2407
f 3653/3747/2407 3654/3748/2407 3661/3755/2407 3660/3754/2407
f 3655/3750/2408 3656/3749/2408 3663/3756/2408 3662/3757/2408
f 3656/3749/2408 3657/3751/2408 3664/3758/2408 3663/3756/2408
f 3657/3751/2408 3658/3752/2408 3665/3759/2408 3664/3758/2408
f 3658/3752/2408 3659/3753/2408 3666/3760/2408 3665/3759/2408
f 3659/3753/2408 3660/3754/2408 3667/3761/2408 3666/3760/2408
f 3660/3754/2408 3661/3755/2408 3668/3762/2408 3667/3761/2408
f 3662/3757/2409 3663/3756/2409 3670/3763/2409 3669/3764/2409
f 3663/3756/2409 3664/3758/2409 3671/3765/2409 3670/3763/2409
f 3664/3758/2409 3665/3759/2409 3672/3766/2409 3671/3765/2409
f 3665/3759/2409 3666/3760/2409 3673/3767/2409 3672/3766/2409
f 3666/3760/2409 3667/3761/2409 3674/3768/2409 3673/3767/2409
f 3667/3761/2409 3668/3762/2409 3675/3769/2409 3674/3768/2409
f 2485/3770/2410 2737/3771/2410 3627/3721/2410 2780/3772/2410
f 2737/3771/2410 2736/3773/2410 3628/3722/2410 3627/3721/2410
f 2736/3773/2410 2735/3774/2410 3629/3725/2410 3628/3722/2410
f 2735/3774/2410 2734/3775/2410 3630/3727/2410 3629/3725/2410
f 2734/3775/2410 2733/3776/2410 3631/3729/2410 3630/3727/2410
f 2733/3776/2410 2732/3777/2410 3632/3731/2410 3631/3729/2410
f 2732/3777/2410 2731/3778/2410 3633/3733/2410 3632/3731/2410
f 2731/3778/2410 2480/3779/2410 2703/3780/2410 3633/3733/2410
f 3633/3733/2404 2703/3780/2404 2704/3781/2404 3640/3734/2404
f 3640/3734/2405 2704/3781/2405 2705/3782/2405 3647/3741/2405
f 3647/3741/2406 2705/3782/2406 2706/3783/2406 3654/3748/2406
f 3654/3748/2407 2706/3783/2407 2707/3784/2407 3661/3755/2407
f 3661/3755/2408 2707/3784/2408 2708/3785/2408 3668/3762/2408
f 3668/3762/2409 2708/3785/2409 2709/3786/2409 3675/3769/2409
f 3675/3769/2411 2709/3786/2411 2482/3787/2411 2674/3788/2411
f 3674/3768/2411 3675/3769/2411 2674/3788/2411 2673/3789/2411
f 3673/3767/2411 3674/3768/2411 2673/3789/2411 2672/3790/2411
f 3672/3766/2411 3673/3767/2411 2672/3790/2411 2671/3791/2411
f 3671/3765/2411 3672/3766/2411 2671/3791/2411 2670/3792/2411
f 3670/3763/2411 3671/3765/2411 2670/3792/2411 2669/3793/2411
f 3669/3764/2411 3670/3763/2411 2669/3793/2411 2668/3794/2411
f 2786/3795/2411 3669/3764/2411 2668/3794/2411 2489/3796/2411
f 2785/3797/2409 3662/3757/2409 3669/3764/2409 2786/3795/2409
f 2784/3798/2408 3655/3750/2408 3662/3757/2408 2785/3797/2408
f 2783/3799/2407 3648/3743/2407 3655/3750/2407 2784/3798/2407
f 2782/3800/2406 3641/3736/2406 3648/3743/2406 2783/3799/2406
f 2781/3801/2405 3634/3724/2405 3641/3736/2405 2782/3800/2405
f 2780/3772/2404 3627/3721/2404 3634/3724/2404 2781/3801/2404
f 3725/3883/2420 3726/3884/2420 3733/3885/2420 3732/3886/2420
f 3726/3884/2421 3727/3887/2421 3734/3888/2421 3733/3885/2421
f 3727/3887/2422 3728/3889/2422 3735/3890/2422 3734/3888/2422
f 3728/3889/2423 3729/3891/2423 3736/3892/2423 3735/3890/2423
f 3729/3891/2424 3730/3893/2424 3737/3894/2424 3736/3892/2424
f 3730/3893/2425 3731/3895/2425 3738/3896/2425 3737/3894/2425
f 3732/3886/2420 3733/3885/2420 3740/3897/2420 3739/3898/2420
f 3733/3885/2421 3734/3888/2421 3741/3899/2421 3740/3897/2421
f 3734/3888/2422 3735/3890/2422 3742/3900/2422 3741/3899/2422
f 3735/3890/2423 3736/3892/2423 3743/3901/2423 3742/3900/2423
f 3736/3892/2424 3737/3894/2424 3744/3902/2424 3743/3901/2424
f 3737/3894/2425 3738/3896/2425 3745/3903/2425 3744/3902/2425
f 3739/3898/2420 3740/3897/2420 3747/3904/2420 3746/3905/2420
f 3740/3897/2421 3741/3899/2421 3748/3906/2421 3747/3904/2421
f 3741/3899/2422 3742/3900/2422 3749/3907/2422 3748/3906/2422
f 3742/3900/2423 3743/3901/2423 3750/3908/2423 3749/3907/2423
f 3743/3901/2424 3744/3902/2424 3751/3909/2424 3750/3908/2424
f 3744/3902/2425 3745/3903/2425 3752/3910/2425 3751/3909/2425
f 3746/3905/2420 3747/3904/2420 3754/3911/2420 3753/3912/2420
f 3747/3904/2421 3748/3906/2421 3755/3913/2421 3754/3911/2421
f 3748/3906/2422 3749/3907/2422 3756/3914/2422 3755/3913/2422
f 3749/3907/2423 3750/3908/2423 3757/3915/2423 3756/3914/2423
f 3750/3908/2424 3751/3909/2424 3758/3916/2424 3757/3915/2424
f 3751/3909/2425 3752/3910/2425 3759/3917/2425 3758/3916/2425
f 3753/3912/2420 3754/3911/2420 3761/3918/2420 3760/3919/2420
f 3754/3911/2421 3755/3913/2421 3762/3920/2421 3761/3918/2421
f 3755/3913/2422 3756/3914/2422 3763/3921/2422 3762/3920/2422
f 3756/3914/2423 3757/3915/2423 3764/3922/2423 3763/3921/2423
f 3757/3915/2424 3758/3916/2424 3765/3923/2424 3764/3922/2424
f 3758/3916/2425 3759/3917/2425 3766/3924/2425 3765/3923/2425
f 3760/3919/2420 3761/3918/2420 3768/3925/2420 3767/3926/2420
f 3761/3918/2421 3762/3920/2421 3769/3927/2421 3768/3925/2421
f 3762/3920/2422 3763/3921/2422 3770/3928/2422 3769/3927/2422
f 3763/3921/2423 3764/3922/2423 3771/3929/2423 3770/3928/2423
f 3764/3922/2424 3765/3923/2424 3772/3930/2424 3771/3929/2424
f 3765/3923/2425 3766/3924/2425 3773/3931/2425 3772/3930/2425
f 2490/3698/2426 2779/3932/2426 3725/3883/2426 2675/3699/2426
f 2779/3932/2420 2778/3933/2420 3726/3884/2420 3725/3883/2420
f 2778/3933/2421 2777/3934/2421 3727/3887/2421 3726/3884/2421
f 2777/3934/2422 2776/3935/2422 3728/3889/2422 3727/3887/2422
f 2776/3935/2423 2775/3936/2423 3729/3891/2423 3728/3889/2423
f 2775/3936/2424 2774/3937/2424 3730/3893/2424 3729/3891/2424
f 2774/3937/2425 2773/3938/2425 3731/3895/2425 3730/3893/2425
f 2773/3938/2427 2489/3939/2427 2668/3940/2427 3731/3895/2427
f 3731/3895/2427 2668/3940/2427 2669/3941/2427 3738/3896/2427
f 3738/3896/2427 2669/3941/2427 2670/3942/2427 3745/3903/2427
f 3745/3903/2427 2670/3942/2427 2671/3943/2427 3752/3910/2427
f 3752/3910/2427 2671/3943/2427 2672/3944/2427 3759/3917/2427
f 3759/3917/2427 2672/3944/2427 2673/3945/2427 3766/3924/2427
f 3766/3924/2427 2673/3945/2427 2674/3946/2427 3773/3931/2427
f 3773/3931/2427 2674/3946/2427 2482/3947/2427 2717/3948/2427
f 3772/3930/2425 3773/3931/2425 2717/3948/2425 2718/3949/2425
f 3771/3929/2424 3772/3930/2424 2718/3949/2424 2719/3950/2424
f 3770/3928/2423 3771/3929/2423 2719/3950/2423 2720/3951/2423
f 3769/3927/2422 3770/3928/2422 2720/3951/2422 2721/3952/2422
f 3768/3925/2421 3769/3927/2421 2721/3952/2421 2722/3953/2421
f 3767/3926/2420 3768/3925/2420 2722/3953/2420 2723/3954/2420
f 2681/3705/2426 3767/3926/2426 2723/3954/2426 2483/3706/2426
f 2680/3704/2426 3760/3919/2426 3767/3926/2426 2681/3705/2426
f 2679/3703/2426 3753/3912/2426 3760/3919/2426 2680/3704/2426
f 2678/3702/2426 3746/3905/2426 3753/3912/2426 2679/3703/2426
f 2677/3701/2426 3739/3898/2426 3746/3905/2426 2678/3702/2426
f 2676/3700/2426 3732/3886/2426 3739/3898/2426 2677/3701/2426
f 2675/3699/2426 3725/3883/2426 3732/3886/2426 2676/3700/2426
f 3970/4251/2338 3971/4252/2338 3978/4253/2338 3977/4254/2338
f 3971/4252/2339 3972/4255/2339 3979/4256/2339 3978/4253/2339
f 3972/4255/2340 3973/4257/2340 3980/4258/2340 3979/4256/2340
f 3973/4257/2341 3974/4259/2341 3981/4260/2341 3980/4258/2341
f 3974/4259/2342 3975/4261/2342 3982/4262/2342 3981/4260/2342
f 3975/4261/2343 3976/4263/2343 3983/4264/2343 3982/4262/2343
f 3977/4254/2338 3978/4253/2338 3985/4265/2338 3984/4266/2338
f 3978/4253/2339 3979/4256/2339 3986/4267/2339 3985/4265/2339
f 3979/4256/2340 3980/4258/2340 3987/4268/2340 3986/4267/2340
f 3980/4258/2341 3981/4260/2341 3988/4269/2341 3987/4268/2341
f 3981/4260/2342 3982/4262/2342 3989/4270/2342 3988/4269/2342
f 3982/4262/2343 3983/4264/2343 3990/4271/2343 3989/4270/2343
f 3984/4266/2338 3985/4265/2338 3992/4272/2338 3991/4273/2338
f 3985/4265/2339 3986/4267/2339 3993/4274/2339 3992/4272/2339
f 3986/4267/2340 3987/4268/2340 3994/4275/2340 3993/4274/2340
f 3987/4268/2341 3988/4269/2341 3995/4276/2341 3994/4275/2341
f 3988/4269/2342 3989/4270/2342 3996/4277/2342 3995/4276/2342
f 3989/4270/2343 3990/4271/2343 3997/4278/2343 3996/4277/2343
f 3991/4273/2338 3992/4272/2338 3999/4279/2338 3998/4280/2338
f 3992/4272/2339 3993/4274/2339 4000/4281/2339 3999/4279/2339
f 3993/4274/2340 3994/4275/2340 4001/4282/2340 4000/4281/2340
f 3994/4275/2341 3995/4276/2341 4002/4283/2341 4001/4282/2341
f 3995/4276/2342 3996/4277/2342 4003/4284/2342 4002/4283/2342
f 3996/4277/2343 3997/4278/2343 4004/4285/2343 4003/4284/2343
f 3998/4280/2338 3999/4279/2338 4006/4286/2338 4005/4287/2338
f 3999/4279/2339 4000/4281/2339 4007/4288/2339 4006/4286/2339
f 4000/4281/2340 4001/4282/2340 4008/4289/2340 4007/4288/2340
f 4001/4282/2341 4002/4283/2341 4009/4290/2341 4008/4289/2341
f 4002/4283/2342 4003/4284/2342 4010/4291/2342 4009/4290/2342
f 4003/4284/2343 4004/4285/2343 4011/4292/2343 4010/4291/2343
f 4005/4287/2338 4006/4286/2338 4013/4293/2338 4012/4294/2338
f 4006/4286/2339 4007/4288/2339 4014/4295/2339 4013/4293/2339
f 4007/4288/2340 4008/4289/2340 4015/4296/2340 4014/4295/2340
f 4008/4289/2341 4009/4290/2341 4016/4297/2341 4015/4296/2341
f 4009/4290/2342 4010/4291/2342 4017/4298/2342 4016/4297/2342
f 4010/4291/2343 4011/4292/2343 4018/4299/2343 4017/4298/2343
f 2501/4300/2345 2933/4301/2345 3970/4251/2345 2983/4302/2345
f 2933/4301/2338 2932/4303/2338 3971/4252/2338 3970/4251/2338
f 2932/4303/2339 2931/4304/2339 3972/4255/2339 3971/4252/2339
f 2931/4304/2340 2930/3629/2340 3973/4257/2340 3972/4255/2340
f 2930/3629/2341 2929/4305/2341 3974/4259/2341 3973/4257/2341
f 2929/4305/2342 2928/4306/2342 3975/4261/2342 3974/4259/2342
f 2928/4306/2343 2927/4307/2343 3976/4263/2343 3975/4261/2343
f 2927/4307/2346 2484/4030/2346 2745/4308/2346 3976/4263/2346
f 3976/4263/2346 2745/4308/2346 2746/4309/2346 3983/4264/2346
f 3983/4264/2346 2746/4309/2346 2747/4310/2346 3990/4271/2346
f 3990/4271/2346 2747/4310/2346 2748/4311/2346 3997/4278/2346
f 3997/4278/2346 2748/4311/2346 2749/4312/2346 4004/4285/2346
f 4004/4285/2346 2749/4312/2346 2750/4313/2346 4011/4292/2346
f 4011/4292/2346 2750/4313/2346 2751/4314/2346 4018/4299/2346
f 4018/4299/2346 2751/4314/2346 2487/4315/2346 2948/4316/2346
f 4017/4298/2343 4018/4299/2343 2948/4316/2343 2949/4317/2343
f 4016/4297/2342 4017/4298/2342 2949/4317/2342 2950/4318/2342
f 4015/4296/2341 4016/4297/2341 2950/4318/2341 2951/4319/2341
f 4014/4295/2340 4015/4296/2340 2951/4319/2340 2952/4320/2340
f 4013/4293/2339 4014/4295/2339 2952/4320/2339 2953/4321/2339
f 4012/4294/2338 4013/4293/2338 2953/4321/2338 2954/4322/2338
f 2989/4323/2345 4012/4294/2345 2954/4322/2345 2504/4324/2345
f 2988/4325/2345 4005/4287/2345 4012/4294/2345 2989/4323/2345
f 2987/4326/2345 3998/4280/2345 4005/4287/2345 2988/4325/2345
f 2986/4327/2345 3991/4273/2345 3998/4280/2345 2987/4326/2345
f 2985/4328/2345 3984/4266/2345 3991/4273/2345 2986/4327/2345
f 2984/4329/2345 3977/4254/2345 3984/4266/2345 2985/4328/2345
f 2983/4302/2345 3970/4251/2345 3977/4254/2345 2984/4329/2345
f 4019/4330/2628 4020/4331/2628 4027/4332/2628 4026/4333/2628
f 4020/4331/2629 4021/4334/2629 4028/4335/2629 4027/4332/2629
f 4021/4334/2630 4022/4336/2630 4029/4337/2630 4028/4335/2630
f 4022/4336/2631 4023/4338/2631 4030/4339/2631 4029/4337/2631
f 4023/4338/2632 4024/4340/2632 4031/4341/2632 4030/4339/2632
f 4024/4340/2633 4025/4342/2633 4032/4343/2633 4031/4341/2633
f 4026/4333/2634 4027/4332/2634 4034/4344/2634 4033/4345/2634
f 4027/4332/2635 4028/4335/2635 4035/4346/2635 4034/4344/2635
f 4028/4335/2636 4029/4337/2636 4036/4347/2636 4035/4346/2636
f 4029/4337/2637 4030/4339/2637 4037/4348/2637 4036/4347/2637
f 4030/4339/2638 4031/4341/2638 4038/4349/2638 4037/4348/2638
f 4031/4341/2639 4032/4343/2639 4039/4350/2639 4038/4349/2639
f 4033/4345/2640 4034/4344/2640 4041/4351/2640 4040/4352/2640
f 4034/4344/2640 4035/4346/2640 4042/4353/2640 4041/4351/2640
f 4035/4346/2641 4036/4347/2641 4043/4354/2641 4042/4353/2641
f 4036/4347/2642 4037/4348/2642 4044/4355/2642 4043/4354/2642
f 4037/4348/2643 4038/4349/2643 4045/4356/2643 4044/4355/2643
f 4038/4349/2644 4039/4350/2644 4046/4357/2644 4045/4356/2644
f 4040/4352/2645 4041/4351/2645 4048/4358/2645 4047/4359/2645
f 4041/4351/2646 4042/4353/2646 4049/4360/2646 4048/4358/2646
f 4042/4353/2647 4043/4354/2647 4050/4361/2647 4049/4360/2647
f 4043/4354/2648 4044/4355/2648 4051/4362/2648 4050/4361/2648
f 4044/4355/2649 4045/4356/2649 4052/4363/2649 4051/4362/2649
f 4045/4356/2650 4046/4357/2650 4053/4364/2650 4052/4363/2650
f 4047/4359/2651 4048/4358/2651 4055/4365/2651 4054/4366/2651
f 4048/4358/2652 4049/4360/2652 4056/4367/2652 4055/4365/2652
f 4049/4360/2653 4050/4361/2653 4057/4368/2653 4056/4367/2653
f 4050/4361/2654 4051/4362/2654 4058/4369/2654 4057/4368/2654
f 4051/4362/2655 4052/4363/2655 4059/4370/2655 4058/4369/2655
f 4052/4363/2656 4053/4364/2656 4060/4371/2656 4059/4370/2656
f 4054/4366/2657 4055/4365/2657 4062/4372/2657 4061/4373/2657
f 4055/4365/2658 4056/4367/2658 4063/4374/2658 4062/4372/2658
f 4056/4367/2659 4057/4368/2659 4064/4375/2659 4063/4374/2659
f 4057/4368/2660 4058/4369/2660 4065/4376/2660 4064/4375/2660
f 4058/4369/2661 4059/4370/2661 4066/4377/2661 4065/4376/2661
f 4059/4370/2662 4060/4371/2662 4067/4378/2662 4066/4377/2662
f 2479/3860/2418 2653/4379/2418 4019/4330/2418 2710/3861/2418
f 2653/4379/2663 2652/4380/2663 4020/4331/2663 4019/4330/2663
f 2652/4380/2664 2651/4381/2664 4021/4334/2664 4020/4331/2664
f 2651/4381/2665 2650/4382/2665 4022/4336/2665 4021/4334/2665
f 2650/4382/2666 2649/4383/2666 4023/4338/2666 4022/4336/2666
f 2649/4383/2667 2648/4384/2667 4024/4340/2667 4023/4338/2667
f 2648/4384/2668 2647/4385/2668 4025/4342/2668 4024/4340/2668
f 2647/4385/2669 2488/4386/2669 2801/4387/2669 4025/4342/2669
f 4025/4342/2670 2801/4387/2670 2802/4388/2670 4032/4343/2670
f 4032/4343/2671 2802/4388/2671 2803/4389/2671 4039/4350/2671
f 4039/4350/2672 2803/4389/2672 2804/4390/2672 4046/4357/2672
f 4046/4357/2673 2804/4390/2673 2805/4391/2673 4053/4364/2673
f 4053/4364/2674 2805/4391/2674 2806/4392/2674 4060/4371/2674
f 4060/4371/2675 2806/4392/2675 2807/4393/2675 4067/4378/2675
f 4067/4378/2676 2807/4393/2676 2486/4394/2676 2744/4395/2676
f 4066/4377/2677 4067/4378/2677 2744/4395/2677 2743/4396/2677
f 4065/4376/2678 4066/4377/2678 2743/4396/2678 2742/4397/2678
f 4064/4375/2679 4065/4376/2679 2742/4397/2679 2741/4398/2679
f 4063/4374/2680 4064/4375/2680 2741/4398/2680 2740/4399/2680
f 4062/4372/2681 4063/4374/2681 2740/4399/2681 2739/4400/2681
f 4061/4373/2682 4062/4372/2682 2739/4400/2682 2738/4401/2682
f 2716/3867/2683 4061/4373/2683 2738/4401/2683 2481/3868/2683
f 2715/3866/2684 4054/4366/2684 4061/4373/2684 2716/3867/2684
f 2714/3865/2416 4047/4359/2416 4054/4366/2416 2715/3866/2416
f 2713/3864/2415 4040/4352/2415 4047/4359/2415 2714/3865/2415
f 2712/3863/2414 4033/4345/2414 4040/4352/2414 2713/3864/2414
f 2711/3862/2413 4026/4333/2413 4033/4345/2413 2712/3863/2413
f 2710/3861/2412 4019/4330/2412 4026/4333/2412 2711/3862/2412
f 4068/4402/2428 4069/4403/2428 4076/4404/2428 4075/4405/2428
f 4069/4403/2429 4070/4406/2429 4077/4407/2429 4076/4404/2429
f 4070/4406/2430 4071/4408/2430 4078/4409/2430 4077/4407/2430
f 4071/4408/2431 4072/4410/2431 4079/4411/2431 4078/4409/2431
f 4072/4410/2432 4073/4412/2432 4080/4413/2432 4079/4411/2432
f 4073/4412/2433 4074/4414/2433 4081/4415/2433 4080/4413/2433
f 4075/4405/2428 4076/4404/2428 4083/4416/2428 4082/4417/2428
f 4076/4404/2429 4077/4407/2429 4084/4418/2429 4083/4416/2429
f 4077/4407/2430 4078/4409/2430 4085/4419/2430 4084/4418/2430
f 4078/4409/2431 4079/4411/2431 4086/4420/2431 4085/4419/2431
f 4079/4411/2432 4080/4413/2432 4087/4421/2432 4086/4420/2432
f 4080/4413/2433 4081/4415/2433 4088/4422/2433 4087/4421/2433
f 4082/4417/2428 4083/4416/2428 4090/4423/2428 4089/4424/2428
f 4083/4416/2429 4084/4418/2429 4091/4425/2429 4090/4423/2429
f 4084/4418/2430 4085/4419/2430 4092/4426/2430 4091/4425/2430
f 4085/4419/2431 4086/4420/2431 4093/4427/2431 4092/4426/2431
f 4086/4420/2432 4087/4421/2432 4094/4428/2432 4093/4427/2432
f 4087/4421/2433 4088/4422/2433 4095/4429/2433 4094/4428/2433
f 4089/4424/2428 4090/4423/2428 4097/4430/2428 4096/4431/2428
f 4090/4423/2429 4091/4425/2429 4098/4432/2429 4097/4430/2429
f 4091/4425/2430 4092/4426/2430 4099/4433/2430 4098/4432/2430
f 4092/4426/2431 4093/4427/2431 4100/4434/2431 4099/4433/2431
f 4093/4427/2432 4094/4428/2432 4101/4435/2432 4100/4434/2432
f 4094/4428/2433 4095/4429/2433 4102/4436/2433 4101/4435/2433
f 4096/4431/2428 4097/4430/2428 4104/4437/2428 4103/4438/2428
f 4097/4430/2429 4098/4432/2429 4105/4439/2429 4104/4437/2429
f 4098/4432/2430 4099/4433/2430 4106/4440/2430 4105/4439/2430
f 4099/4433/2431 4100/4434/2431 4107/4441/2431 4106/4440/2431
f 4100/4434/2432 4101/4435/2432 4108/4442/2432 4107/4441/2432
f 4101/4435/2433 4102/4436/2433 4109/4443/2433 4108/4442/2433
f 4103/4438/2428 4104/4437/2428 4111/4444/2428 4110/4445/2428
f 4104/4437/2429 4105/4439/2429 4112/4446/2429 4111/4444/2429
f 4105/4439/2430 4106/4440/2430 4113/4447/2430 4112/4446/2430
f 4106/4440/2431 4107/4441/2431 4114/4448/2431 4113/4447/2431
f 4107/4441/2432 4108/4442/2432 4115/4449/2432 4114/4448/2432
f 4108/4442/2433 4109/4443/2433 4116/4450/2433 4115/4449/2433
f 2484/4030/2434 2730/4028/2434 4068/4402/2434 2745/4308/2434
f 2730/4028/2428 2729/4027/2428 4069/4403/2428 4068/4402/2428
f 2729/4027/2429 2728/4026/2429 4070/4406/2429 4069/4403/2429
f 2728/4026/2430 2727/4025/2430 4071/4408/2430 4070/4406/2430
f 2727/4025/2431 2726/4024/2431 4072/4410/2431 4071/4408/2431
f 2726/4024/2432 2725/4023/2432 4073/4412/2432 4072/4410/2432
f 2725/4023/2433 2724/4022/2433 4074/4414/2433 4073/4412/2433
f 2724/4022/2435 2480/4021/2435 2731/4451/2435 4074/4414/2435
f 4074/4414/2435 2731/4451/2435 2732/4452/2435 4081/4415/2435
f 4081/4415/2435 2732/4452/2435 2733/4453/2435 4088/4422/2435
f 4088/4422/2435 2733/4453/2435 2734/4454/2435 4095/4429/2435
f 4095/4429/2435 2734/4454/2435 2735/4455/2435 4102/4436/2435
f 4102/4436/2435 2735/4455/2435 2736/4456/2435 4109/4443/2435
f 4109/4443/2435 2736/4456/2435 2737/4457/2435 4116/4450/2435
f 4116/4450/2435 2737/4457/2435 2485/4458/2435 2808/4459/2435
f 4115/4449/2433 4116/4450/2433 2808/4459/2433 2809/4460/2433
f 4114/4448/2432 4115/4449/2432 2809/4460/2432 2810/4461/2432
f 4113/4447/2431 4114/4448/2431 2810/4461/2431 2811/4462/2431
f 4112/4446/2430 4113/4447/2430 2811/4462/2430 2812/4463/2430
f 4111/4444/2429 4112/4446/2429 2812/4463/2429 2813/4464/2429
f 4110/4445/2428 4111/4444/2428 2813/4464/2428 2814/4465/2428
f 2751/4314/2434 4110/4445/2434 2814/4465/2434 2487/4315/2434
f 2750/4313/2434 4103/4438/2434 4110/4445/2434 2751/4314/2434
f 2749/4312/2434 4096/4431/2434 4103/4438/2434 2750/4313/2434
f 2748/4311/2434 4089/4424/2434 4096/4431/2434 2749/4312/2434
f 2747/4310/2434 4082/4417/2434 4089/4424/2434 2748/4311/2434
f 2746/4309/2434 4075/4405/2434 4082/4417/2434 2747/4310/2434
f 2745/4308/2434 4068/4402/2434 4075/4405/2434 2746/4309/2434
f 4509/5031/2956 4510/5032/2956 4517/5033/2956 4516/5034/2956
f 4510/5032/2957 4511/5035/2957 4518/5036/2957 4517/5033/2957
f 4511/5035/2958 4512/5037/2958 4519/5038/2958 4518/5036/2958
f 4512/5037/2959 4513/5039/2959 4520/5040/2959 4519/5038/2959
f 4513/5039/2960 4514/5041/2960 4521/5042/2960 4520/5040/2960
f 4514/5041/2961 4515/5043/2961 4522/5044/2961 4521/5042/2961
f 4516/5034/2962 4517/5033/2962 4524/5045/2962 4523/5046/2962
f 4517/5033/2963 4518/5036/2963 4525/5047/2963 4524/5045/2963
f 4518/5036/2964 4519/5038/2964 4526/5048/2964 4525/5047/2964
f 4519/5038/2965 4520/5040/2965 4527/5049/2965 4526/5048/2965
f 4520/5040/2966 4521/5042/2966 4528/5050/2966 4527/5049/2966
f 4521/5042/2967 4522/5044/2967 4529/5051/2967 4528/5050/2967
f 4523/5046/2968 4524/5045/2968 4531/5052/2968 4530/5053/2968
f 4524/5045/2969 4525/5047/2969 4532/5054/2969 4531/5052/2969
f 4525/5047/2970 4526/5048/2970 4533/5055/2970 4532/5054/2970
f 4526/5048/2971 4527/5049/2971 4534/5056/2971 4533/5055/2971
f 4527/5049/2972 4528/5050/2972 4535/5057/2972 4534/5056/2972
f 4528/5050/2973 4529/5051/2973 4536/5058/2973 4535/5057/2973
f 4530/5053/2974 4531/5052/2974 4538/5059/2974 4537/5060/2974
f 4531/5052/2975 4532/5054/2975 4539/5061/2975 4538/5059/2975
f 4532/5054/2976 4533/5055/2976 4540/5062/2976 4539/5061/2976
f 4533/5055/2977 4534/5056/2977 4541/5063/2977 4540/5062/2977
f 4534/5056/2978 4535/5057/2978 4542/5064/2978 4541/5063/2978
f 4535/5057/2979 4536/5058/2979 4543/5065/2979 4542/5064/2979
f 4537/5060/2980 4538/5059/2980 4545/5066/2980 4544/5067/2980
f 4538/5059/2981 4539/5061/2981 4546/5068/2981 4545/5066/2981
f 4539/5061/2982 4540/5062/2982 4547/5069/2982 4546/5068/2982
f 4540/5062/2983 4541/5063/2983 4548/5070/2983 4547/5069/2983
f 4541/5063/2984 4542/5064/2984 4549/5071/2984 4548/5070/2984
f 4542/5064/2985 4543/5065/2985 4550/5072/2985 4549/5071/2985
f 4544/5067/2986 4545/5066/2986 4552/5073/2986 4551/5074/2986
f 4545/5066/2987 4546/5068/2987 4553/5075/2987 4552/5073/2987
f 4546/5068/2988 4547/5069/2988 4554/5076/2988 4553/5075/2988
f 4547/5069/2989 4548/5070/2989 4555/5077/2989 4554/5076/2989
f 4548/5070/2990 4549/5071/2990 4556/5078/2990 4555/5077/2990
f 4549/5071/2991 4550/5072/2991 4557/5079/2991 4556/5078/2991
f 2479/5080/2992 2695/5081/2992 4509/5031/2992 2653/5082/2992
f 2695/5081/2993 2694/5083/2993 4510/5032/2993 4509/5031/2993
f 2694/5083/2994 2693/5084/2994 4511/5035/2994 4510/5032/2994
f 2693/5084/2995 2692/5085/2995 4512/5037/2995 4511/5035/2995
f 2692/5085/2996 2691/5086/2996 4513/5039/2996 4512/5037/2996
f 2691/5086/2997 2690/5087/2997 4514/5041/2997 4513/5039/2997
f 2690/5087/2961 2689/5088/2961 4515/5043/2961 4514/5041/2961
f 2689/5088/2998 2501/4300/2998 2983/4302/2998 4515/5043/2998
f 4515/5043/2999 2983/4302/2999 2984/4329/2999 4522/5044/2999
f 4522/5044/2999 2984/4329/2999 2985/4328/2999 4529/5051/2999
f 4529/5051/2999 2985/4328/2999 2986/4327/2999 4536/5058/2999
f 4536/5058/2999 2986/4327/2999 2987/4326/2999 4543/5065/2999
f 4543/5065/3000 2987/4326/3000 2988/4325/3000 4550/5072/3000
f 4550/5072/3001 2988/4325/3001 2989/4323/3001 4557/5079/3001
f 4557/5079/3002 2989/4323/3002 2504/4324/3002 2794/5089/3002
f 4556/5078/3003 4557/5079/3003 2794/5089/3003 2795/5090/3003
f 4555/5077/3004 4556/5078/3004 2795/5090/3004 2796/5091/3004
f 4554/5076/3005 4555/5077/3005 2796/5091/3005 2797/5092/3005
f 4553/5075/3006 4554/5076/3006 2797/5092/3006 2798/5093/3006
f 4552/5073/3007 4553/5075/3007 2798/5093/3007 2799/5094/3007
f 4551/5074/3008 4552/5073/3008 2799/5094/3008 2800/5095/3008
f 2647/5096/3009 4551/5074/3009 2800/5095/3009 2488/5097/3009
f 2648/5098/3010 4544/5067/3010 4551/5074/3010 2647/5096/3010
f 2649/5099/3011 4537/5060/3011 4544/5067/3011 2648/5098/3011
f 2650/5100/3012 4530/5053/3012 4537/5060/3012 2649/5099/3012
f 2651/5101/3013 4523/5046/3013 4530/5053/3013 2650/5100/3013
f 2652/5102/3014 4516/5034/3014 4523/5046/3014 2651/5101/3014
f 2653/5082/3015 4509/5031/3015 4516/5034/3015 2652/5102/3015
f 4607/5174/3080 4608/5175/3080 4615/5176/3080 4614/5177/3080
f 4608/5175/3081 4609/5178/3081 4616/5179/3081 4615/5176/3081
f 4609/5178/3082 4610/5180/3082 4617/5181/3082 4616/5179/3082
f 4610/5180/3083 4611/5182/3083 4618/5183/3083 4617/5181/3083
f 4611/5182/3084 4612/5184/3084 4619/5185/3084 4618/5183/3084
f 4612/5184/3085 4613/5186/3085 4620/5187/3085 4619/5185/3085
f 4614/5177/3086 4615/5176/3086 4622/5188/3086 4621/5189/3086
f 4615/5176/3087 4616/5179/3087 4623/5190/3087 4622/5188/3087
f 4616/5179/3088 4617/5181/3088 4624/5191/3088 4623/5190/3088
f 4617/5181/3089 4618/5183/3089 4625/5192/3089 4624/5191/3089
f 4618/5183/3090 4619/5185/3090 4626/5193/3090 4625/5192/3090
f 4619/5185/3091 4620/5187/3091 4627/5194/3091 4626/5193/3091
f 4621/5189/3092 4622/5188/3092 4629/5195/3092 4628/5196/3092
f 4622/5188/3093 4623/5190/3093 4630/5197/3093 4629/5195/3093
f 4623/5190/3094 4624/5191/3094 4631/5198/3094 4630/5197/3094
f 4624/5191/3095 4625/5192/3095 4632/5199/3095 4631/5198/3095
f 4625/5192/3096 4626/5193/3096 4633/5200/3096 4632/5199/3096
f 4626/5193/3097 4627/5194/3097 4634/5201/3097 4633/5200/3097
f 4628/5196/3098 4629/5195/3098 4636/5202/3098 4635/5203/3098
f 4629/5195/3099 4630/5197/3099 4637/5204/3099 4636/5202/3099
f 4630/5197/3100 4631/5198/3100 4638/5205/3100 4637/5204/3100
f 4631/5198/3101 4632/5199/3101 4639/5206/3101 4638/5205/3101
f 4632/5199/3102 4633/5200/3102 4640/5207/3102 4639/5206/3102
f 4633/5200/3103 4634/5201/3103 4641/5208/3103 4640/5207/3103
f 4635/5203/3104 4636/5202/3104 4643/5209/3104 4642/5210/3104
f 4636/5202/3105 4637/5204/3105 4644/5211/3105 4643/5209/3105
f 4637/5204/3106 4638/5205/3106 4645/5212/3106 4644/5211/3106
f 4638/5205/3107 4639/5206/3107 4646/5213/3107 4645/5212/3107
f 4639/5206/3108 4640/5207/3108 4647/5214/3108 4646/5213/3108
f 4640/5207/3109 4641/5208/3109 4648/5215/3109 4647/5214/3109
f 4642/5210/3110 4643/5209/3110 4650/5216/3110 4649/5217/3110
f 4643/5209/3111 4644/5211/3111 4651/5218/3111 4650/5216/3111
f 4644/5211/3112 4645/5212/3112 4652/5219/3112 4651/5218/3112
f 4645/5212/3113 4646/5213/3113 4653/5220/3113 4652/5219/3113
f 4646/5213/3114 4647/5214/3114 4654/5221/3114 4653/5220/3114
f 4647/5214/3115 4648/5215/3115 4655/5222/3115 4654/5221/3115
f 2486/5223/3116 2793/5224/3116 4607/5174/3116 2744/5225/3116
f 2793/5224/3117 2792/5226/3117 4608/5175/3117 4607/5174/3117
f 2792/5226/3118 2791/5227/3118 4609/5178/3118 4608/5175/3118
f 2791/5227/3119 2790/5228/3119 4610/5180/3119 4609/5178/3119
f 2790/5228/3120 2789/5229/3120 4611/5182/3120 4610/5180/3120
f 2789/5229/3121 2788/5230/3121 4612/5184/3121 4611/5182/3121
f 2788/5230/3122 2787/5231/3122 4613/5186/3122 4612/5184/3122
f 2787/5231/3123 2503/3689/3123 2997/3691/3123 4613/5186/3123
f 4613/5186/3124 2997/3691/3124 2998/3720/3124 4620/5187/3124
f 4620/5187/3125 2998/3720/3125 2999/3719/3125 4627/5194/3125
f 4627/5194/3126 2999/3719/3126 3000/3718/3126 4634/5201/3126
f 4634/5201/3127 3000/3718/3127 3001/3717/3127 4641/5208/3127
f 4641/5208/3128 3001/3717/3128 3002/3716/3128 4648/5215/3128
f 4648/5215/3129 3002/3716/3129 3003/3714/3129 4655/5222/3129
f 4655/5222/3130 3003/3714/3130 2502/3715/3130 2696/4932/3130
f 4654/5221/3131 4655/5222/3131 2696/4932/3131 2697/4931/3131
f 4653/5220/3132 4654/5221/3132 2697/4931/3132 2698/4930/3132
f 4652/5219/3133 4653/5220/3133 2698/4930/3133 2699/4929/3133
f 4651/5218/3134 4652/5219/3134 2699/4929/3134 2700/4928/3134
f 4650/5216/3135 4651/5218/3135 2700/4928/3135 2701/4927/3135
f 4649/5217/3136 4650/5216/3136 2701/4927/3136 2702/4925/3136
f 2738/5232/3137 4649/5217/3137 2702/4925/3137 2481/4924/3137
f 2739/5233/3138 4642/5210/3138 4649/5217/3138 2738/5232/3138
f 2740/5234/3139 4635/5203/3139 4642/5210/3139 2739/5233/3139
f 2741/5235/3140 4628/5196/3140 4635/5203/3140 2740/5234/3140
f 2742/5236/3141 4621/5189/3141 4628/5196/3141 2741/5235/3141
f 2743/5237/3142 4614/5177/3142 4621/5189/3142 2742/5236/3142
f 2744/5225/3143 4607/5174/3143 4614/5177/3143 2743/5237/3143
o Cube.004
v -0.947038 0.933024 0.147535
v -0.947038 1.267467 0.147535
v 0.947038 0.933024 0.147535
v 0.947038 1.267467 0.147535
v -0.947038 0.933024 0.891184
v -0.947038 1.267467 0.891184
v 0.947038 0.933024 0.891184
v 0.947038 1.267467 0.891184
vn -0.0000 -0.0000 -1.0000
vn 1.0000 -0.0000 -0.0000
vn -0.0000 -0.0000 1.0000
vn -1.0000 -0.0000 -0.0000
vn -0.0000 -1.0000 -0.0000
vn -0.0000 1.0000 -0.0000
vt 0.375000 0.000000
vt 0.625000 0.000000
vt 0.625000 0.250000
vt 0.375000 0.250000
vt 0.625000 0.500000
vt 0.375000 0.500000
vt 0.625000 0.750000
vt 0.375000 0.750000
vt 0.625000 1.000000
vt 0.375000 1.000000
vt 0.125000 0.500000
vt 0.125000 0.750000
vt 0.875000 0.500000
vt 0.875000 0.750000
s 0
usemtl Material.001
f 4901/5555/3401 4902/5556/3401 4904/5557/3401 4903/5558/3401
f 4903/5558/3402 4904/5557/3402 4908/5559/3402 4907/5560/3402
f 4907/5560/3403 4908/5559/3403 4906/5561/3403 4905/5562/3403
f 4905/5562/3404 4906/5561/3404 4902/5563/3404 4901/5564/3404
f 4903/5565/3405 4907/5560/3405 4905/5562/3405 4901/5566/3405
f 4908/5559/3406 4904/5567/3406 4902/5568/3406 4906/5561/3406
o Cylinder
v -0.320793 0.557409 0.625428
v -0.320793 0.557409 0.801562
v -0.325415 0.510474 0.625428
v -0.325415 0.510474 0.801562
v -0.339106 0.465343 0.625428
v -0.339106 0.465343 0.801562
v -0.361337 0.423751 0.625428
v -0.361337 0.423751 0.801562
v -0.391256 0.387294 0.625428
v -0.391256 0.387294 0.801562
v -0.427713 0.357375 0.625428
v -0.427713 0.357375 0.801562
v -0.469306 0.335143 0.625428
v -0.469306 0.335143 0.801562
v -0.514436 0.321453 0.625428
v -0.514436 0.321453 0.801562
v -0.561371 0.316830 0.625428
v -0.561371 0.316830 0.801562
v -0.608306 0.321453 0.625428
v -0.608306 0.321453 0.801562
v -0.653436 0.335143 0.625428
v -0.653436 0.335143 0.801562
v -0.695029 0.357375 0.625428
v -0.695029 0.357375 0.801562
v -0.731486 0.387294 0.625428
v -0.731486 0.387294 0.801562
v -0.761405 0.423751 0.625428
v -0.761405 0.423751 0.801562
v -0.783637 0.465343 0.625428
v -0.783637 0.465343 0.801562
v -0.797327 0.510474 0.625428
v -0.797327 0.510474 0.801562
v -0.801950 0.557409 0.625428
v -0.801950 0.557409 0.801562
v -0.797327 0.604343 0.625428
v -0.797327 0.604343 0.801562
v -0.783637 0.649474 0.625428
v -0.783637 0.649474 0.801562
v -0.761405 0.691067 0.625428
v -0.761405 0.691067 0.801562
v -0.731486 0.727523 0.625428
v -0.731486 0.727523 0.801562
v -0.695029 0.757442 0.625428
v -0.695029 0.757442 0.801562
v -0.653436 0.779674 0.625428
v -0.653436 0.779674 0.801562
v -0.608306 0.793365 0.625428
v -0.608306 0.793365 0.801562
v -0.561371 0.797987 0.625428
v -0.561371 0.797987 0.801562
v -0.514436 0.793365 0.625428
v -0.514436 0.793365 0.801562
v -0.469306 0.779674 0.625428
v -0.469306 0.779674 0.801562
v -0.427713 0.757442 0.625428
v -0.427713 0.757442 0.801562
v -0.391256 0.727523 0.625428
v -0.391256 0.727523 0.801562
v -0.361337 0.691067 0.625428
v -0.361337 0.691067 0.801562
v -0.339106 0.649474 0.625428
v -0.339106 0.649474 0.801562
v -0.325415 0.604343 0.625428
v -0.325415 0.604343 0.801562
vn 0.9952 -0.0980 -0.0000
vn 0.9569 -0.2903 -0.0000
vn 0.8819 -0.4714 -0.0000
vn 0.7730 -0.6344 -0.0000
vn 0.6344 -0.7730 -0.0000
vn 0.4714 -0.8819 -0.0000
vn 0.2903 -0.9569 -0.0000
vn 0.0980 -0.9952 -0.0000
vn -0.0980 -0.9952 -0.0000
vn -0.2903 -0.9569 -0.0000
vn -0.4714 -0.8819 -0.0000
vn -0.6344 -0.7730 -0.0000
vn -0.7730 -0.6344 -0.0000
vn -0.8819 -0.4714 -0.0000
vn -0.9569 -0.2903 -0.0000
vn -0.9952 -0.0980 -0.0000
vn -0.9952 0.0980 -0.0000
vn -0.9569 0.2903 -0.0000
vn -0.8819 0.4714 -0.0000
vn -0.7730 0.6344 -0.0000
vn -0.6344 0.7730 -0.0000
vn -0.4714 0.8819 -0.0000
vn -0.2903 0.9569 -0.0000
vn -0.0980 0.9952 -0.0000
vn 0.0980 0.9952 -0.0000
vn 0.2903 0.9569 -0.0000
vn 0.4714 0.8819 -0.0000
vn 0.6344 0.7730 -0.0000
vn 0.7730 0.6344 -0.0000
vn 0.8819 0.4714 -0.0000
vn -0.0000 -0.0000 1.0000
vn 0.9569 0.2903 -0.0000
vn 0.9952 0.0980 -0.0000
vn -0.0000 -0.0000 -1.0000
vt 1.000000 0.500000
vt 1.000000 1.000000
vt 0.968750 1.000000
vt 0.968750 0.500000
vt 0.937500 1.000000
vt 0.937500 0.500000
vt 0.906250 1.000000
vt 0.906250 0.500000
vt 0.875000 1.000000
vt 0.875000 0.500000
vt 0.843750 1.000000
vt 0.843750 0.500000
vt 0.812500 1.000000
vt 0.812500 0.500000
vt 0.781250 1.000000
vt 0.781250 0.500000
vt 0.750000 1.000000
vt 0.750000 0.500000
vt 0.718750 1.000000
vt 0.718750 0.500000
vt 0.687500 1.000000
vt 0.687500 0.500000
vt 0.656250 1.000000
vt 0.656250 0.500000
vt 0.625000 1.000000
vt 0.625000 0.500000
vt 0.593750 1.000000
vt 0.593750 0.500000
vt 0.562500 1.000000
vt 0.562500 0.500000
vt 0.531250 1.000000
vt 0.531250 0.500000
vt 0.500000 1.000000
vt 0.500000 0.500000
vt 0.468750 1.000000
vt 0.468750 0.500000
vt 0.437500 1.000000
vt 0.437500 0.500000
vt 0.406250 1.000000
vt 0.406250 0.500000
vt 0.375000 1.000000
vt 0.375000 0.500000
vt 0.343750 1.000000
vt 0.343750 0.500000
vt 0.312500 1.000000
vt 0.312500 0.500000
vt 0.281250 1.000000
vt 0.281250 0.500000
vt 0.250000 1.000000
vt 0.250000 0.500000
vt 0.218750 1.000000
vt 0.218750 0.500000
vt 0.187500 1.000000
vt 0.187500 0.500000
vt 0.156250 1.000000
vt 0.156250 0.500000
vt 0.125000 1.000000
vt 0.125000 0.500000
vt 0.093750 1.000000
vt 0.093750 0.500000
vt 0.062500 1.000000
vt 0.062500 0.500000
vt 0.296822 0.485388
vt 0.250000 0.490000
vt 0.203178 0.485388
vt 0.158156 0.471731
vt 0.116663 0.449553
vt 0.080294 0.419706
vt 0.050447 0.383337
vt 0.028269 0.341844
vt 0.014612 0.296822
vt 0.010000 0.250000
vt 0.014612 0.203178
vt 0.028269 0.158156
vt 0.050447 0.116663
vt 0.080294 0.080294
vt 0.116663 0.050447
vt 0.158156 0.028269
vt 0.203178 0.014612
vt 0.250000 0.010000
vt 0.296822 0.014612
vt 0.341844 0.028269
vt 0.383337 0.050447
vt 0.419706 0.080294
vt 0.449553 0.116663
vt 0.471731 0.158156
vt 0.485388 0.203178
vt 0.490000 0.250000
vt 0.485388 0.296822
vt 0.471731 0.341844
vt 0.449553 0.383337
vt 0.419706 0.419706
vt 0.383337 0.449553
vt 0.341844 0.471731
vt 0.031250 1.000000
vt 0.031250 0.500000
vt 0.000000 1.000000
vt 0.000000 0.500000
vt 0.750000 0.490000
vt 0.796822 0.485388
vt 0.841844 0.471731
vt 0.883337 0.449553
vt 0.919706 0.419706
vt 0.949553 0.383337
vt 0.971731 0.341844
vt 0.985388 0.296822
vt 0.990000 0.250000
vt 0.985388 0.203178
vt 0.971731 0.158156
vt 0.949553 0.116663
vt 0.919706 0.080294
vt 0.883337 0.050447
vt 0.841844 0.028269
vt 0.796822 0.014612
vt 0.750000 0.010000
vt 0.703178 0.014612
vt 0.658156 0.028269
vt 0.616663 0.050447
vt 0.580294 0.080294
vt 0.550447 0.116663
vt 0.528269 0.158156
vt 0.514612 0.203178
vt 0.510000 0.250000
vt 0.514612 0.296822
vt 0.528269 0.341844
vt 0.550447 0.383337
vt 0.580294 0.419706
vt 0.616663 0.449553
vt 0.658156 0.471731
vt 0.703178 0.485388
s 0
usemtl t2
f 4909/5569/3407 4910/5570/3407 4912/5571/3407 4911/5572/3407
f 4911/5572/3408 4912/5571/3408 4914/5573/3408 4913/5574/3408
f 4913/5574/3409 4914/5573/3409 4916/5575/3409 4915/5576/3409
f 4915/5576/3410 4916/5575/3410 4918/5577/3410 4917/5578/3410
f 4917/5578/3411 4918/5577/3411 4920/5579/3411 4919/5580/3411
f 4919/5580/3412 4920/5579/3412 4922/5581/3412 4921/5582/3412
f 4921/5582/3413 4922/5581/3413 4924/5583/3413 4923/5584/3413
f 4923/5584/3414 4924/5583/3414 4926/5585/3414 4925/5586/3414
f 4925/5586/3415 4926/5585/3415 4928/5587/3415 4927/5588/3415
f 4927/5588/3416 4928/5587/3416 4930/5589/3416 4929/5590/3416
f 4929/5590/3417 4930/5589/3417 4932/5591/3417 4931/5592/3417
f 4931/5592/3418 4932/5591/3418 4934/5593/3418 4933/5594/3418
f 4933/5594/3419 4934/5593/3419 4936/5595/3419 4935/5596/3419
f 4935/5596/3420 4936/5595/3420 4938/5597/3420 4937/5598/3420
f 4937/5598/3421 4938/5597/3421 4940/5599/3421 4939/5600/3421
f 4939/5600/3422 4940/5599/3422 4942/5601/3422 4941/5602/3422
f 4941/5602/3423 4942/5601/3423 4944/5603/3423 4943/5604/3423
f 4943/5604/3424 4944/5603/3424 4946/5605/3424 4945/5606/3424
f 4945/5606/3425 4946/5605/3425 4948/5607/3425 4947/5608/3425
f 4947/5608/3426 4948/5607/3426 4950/5609/3426 4949/5610/3426
f 4949/5610/3427 4950/5609/3427 4952/5611/3427 4951/5612/3427
f 4951/5612/3428 4952/5611/3428 4954/5613/3428 4953/5614/3428
f 4953/5614/3429 4954/5613/3429 4956/5615/3429 4955/5616/3429
f 4955/5616/3430 4956/5615/3430 4958/5617/3430 4957/5618/3430
f 4957/5618/3431 4958/5617/3431 4960/5619/3431 4959/5620/3431
f 4959/5620/3432 4960/5619/3432 4962/5621/3432 4961/5622/3432
f 4961/5622/3433 4962/5621/3433 4964/5623/3433 4963/5624/3433
f 4963/5624/3434 4964/5623/3434 4966/5625/3434 4965/5626/3434
f 4965/5626/3435 4966/5625/3435 4968/5627/3435 4967/5628/3435
f 4967/5628/3436 4968/5627/3436 4970/5629/3436 4969/5630/3436
f 4912/5631/3437 4910/5632/3437 4972/5633/3437 4970/5634/3437 4968/5635/3437 4966/5636/3437 4964/5637/3437 4962/5638/3437 4960/5639/3437 4958/5640/3437 4956/5641/3437 4954/5642/3437 4952/5643/3437 4950/5644/3437 4948/5645/3437 4946/5646/3437 4944/5647/3437 4942/5648/3437 4940/5649/3437 4938/5650/3437 4936/5651/3437 4934/5652/3437 4932/5653/3437 4930/5654/3437 4928/5655/3437 4926/5656/3437 4924/5657/3437 4922/5658/3437 4920/5659/3437 4918/5660/3437 4916/5661/3437 4914/5662/3437
f 4969/5630/3438 4970/5629/3438 4972/5663/3438 4971/5664/3438
f 4971/5664/3439 4972/5663/3439 4910/5665/3439 4909/5666/3439
f 4909/5667/3440 4911/5668/3440 4913/5669/3440 4915/5670/3440 4917/5671/3440 4919/5672/3440 4921/5673/3440 4923/5674/3440 4925/5675/3440 4927/5676/3440 4929/5677/3440 4931/5678/3440 4933/5679/3440 4935/5680/3440 4937/5681/3440 4939/5682/3440 4941/5683/3440 4943/5684/3440 4945/5685/3440 4947/5686/3440 4949/5687/3440 4951/5688/3440 4953/5689/3440 4955/5690/3440 4957/5691/3440 4959/5692/3440 4961/5693/3440 4963/5694/3440 4965/5695/3440 4967/5696/3440 4969/5697/3440 4971/5698/3440
o Cylinder.001
v 0.801950 0.557409 0.625428
v 0.801950 0.557409 0.801562
v 0.797327 0.510474 0.625428
v 0.797327 0.510474 0.801562
v 0.783637 0.465343 0.625428
v 0.783637 0.465343 0.801562
v 0.761405 0.423751 0.625428
v 0.761405 0.423751 0.801562
v 0.731486 0.387294 0.625428
v 0.731486 0.387294 0.801562
v 0.695029 0.357375 0.625428
v 0.695029 0.357375 0.801562
v 0.653436 0.335143 0.625428
v 0.653436 0.335143 0.801562
v 0.608306 0.321453 0.625428
v 0.608306 0.321453 0.801562
v 0.561371 0.316830 0.625428
v 0.561371 0.316830 0.801562
v 0.514437 0.321453 0.625428
v 0.514437 0.321453 0.801562
v 0.469306 0.335143 0.625428
v 0.469306 0.335143 0.801562
v 0.427713 0.357375 0.625428
v 0.427713 0.357375 0.801562
v 0.391256 0.387294 0.625428
v 0.391256 0.387294 0.801562
v 0.361337 0.423751 0.625428
v 0.361337 0.423751 0.801562
v 0.339106 0.465343 0.625428
v 0.339106 0.465343 0.801562
v 0.325415 0.510474 0.625428
v 0.325415 0.510474 0.801562
v 0.320793 0.557409 0.625428
v 0.320793 0.557409 0.801562
v 0.325415 0.604343 0.625428
v 0.325415 0.604343 0.801562
v 0.339106 0.649474 0.625428
v 0.339106 0.649474 0.801562
v 0.361337 0.691067 0.625428
v 0.361337 0.691067 0.801562
v 0.391256 0.727523 0.625428
v 0.391256 0.727523 0.801562
v 0.427713 0.757442 0.625428
v 0.427713 0.757442 0.801562
v 0.469306 0.779674 0.625428
v 0.469306 0.779674 0.801562
v 0.514437 0.793365 0.625428
v 0.514437 0.793365 0.801562
v 0.561371 0.797987 0.625428
v 0.561371 0.797987 0.801562
v 0.608306 0.793365 0.625428
v 0.608306 0.793365 0.801562
v 0.653436 0.779674 0.625428
v 0.653436 0.779674 0.801562
v 0.695029 0.757442 0.625428
v 0.695029 0.757442 0.801562
v 0.731486 0.727523 0.625428
v 0.731486 0.727523 0.801562
v 0.761405 0.691067 0.625428
v 0.761405 0.691067 0.801562
v 0.783637 0.649474 0.625428
v 0.783637 0.649474 0.801562
v 0.797327 0.604343 0.625428
v 0.797327 0.604343 0.801562
vn 0.9952 -0.0980 -0.0000
vn 0.9569 -0.2903 -0.0000
vn 0.8819 -0.4714 -0.0000
vn 0.7730 -0.6344 -0.0000
vn 0.6344 -0.7730 -0.0000
vn 0.4714 -0.8819 -0.0000
vn 0.2903 -0.9569 -0.0000
vn 0.0980 -0.9952 -0.0000
vn -0.0980 -0.9952 -0.0000
vn -0.2903 -0.9569 -0.0000
vn -0.4714 -0.8819 -0.0000
vn -0.6344 -0.7730 -0.0000
vn -0.7730 -0.6344 -0.0000
vn -0.8819 -0.4714 -0.0000
vn -0.9569 -0.2903 -0.0000
vn -0.9952 -0.0980 -0.0000
vn -0.9952 0.0980 -0.0000
vn -0.9569 0.2903 -0.0000
vn -0.8819 0.4714 -0.0000
vn -0.7730 0.6344 -0.0000
vn -0.6344 0.7730 -0.0000
vn -0.4714 0.8819 -0.0000
vn -0.2903 0.9569 -0.0000
vn -0.0980 0.9952 -0.0000
vn 0.0980 0.9952 -0.0000
vn 0.2903 0.9569 -0.0000
vn 0.4714 0.8819 -0.0000
vn 0.6344 0.7730 -0.0000
vn 0.7730 0.6344 -0.0000
vn 0.8819 0.4714 -0.0000
vn -0.0000 -0.0000 1.0000
vn 0.9569 0.2903 -0.0000
vn 0.9952 0.0980 -0.0000
vn -0.0000 -0.0000 -1.0000
vt 1.000000 0.500000
vt 1.000000 1.000000
vt 0.968750 1.000000
vt 0.968750 0.500000
vt 0.937500 1.000000
vt 0.937500 0.500000
vt 0.906250 1.000000
vt 0.906250 0.500000
vt 0.875000 1.000000
vt 0.875000 0.500000
vt 0.843750 1.000000
vt 0.843750 0.500000
vt 0.812500 1.000000
vt 0.812500 0.500000
vt 0.781250 1.000000
vt 0.781250 0.500000
vt 0.750000 1.000000
vt 0.750000 0.500000
vt 0.718750 1.000000
vt 0.718750 0.500000
vt 0.687500 1.000000
vt 0.687500 0.500000
vt 0.656250 1.000000
vt 0.656250 0.500000
vt 0.625000 1.000000
vt 0.625000 0.500000
vt 0.593750 1.000000
vt 0.593750 0.500000
vt 0.562500 1.000000
vt 0.562500 0.500000
vt 0.531250 1.000000
vt 0.531250 0.500000
vt 0.500000 1.000000
vt 0.500000 0.500000
vt 0.468750 1.000000
vt 0.468750 0.500000
vt 0.437500 1.000000
vt 0.437500 0.500000
vt 0.406250 1.000000
vt 0.406250 0.500000
vt 0.375000 1.000000
vt 0.375000 0.500000
vt 0.343750 1.000000
vt 0.343750 0.500000
vt 0.312500 1.000000
vt 0.312500 0.500000
vt 0.281250 1.000000
vt 0.281250 0.500000
vt 0.250000 1.000000
vt 0.250000 0.500000
vt 0.218750 1.000000
vt 0.218750 0.500000
vt 0.187500 1.000000
vt 0.187500 0.500000
vt 0.156250 1.000000
vt 0.156250 0.500000
vt 0.125000 1.000000
vt 0.125000 0.500000
vt 0.093750 1.000000
vt 0.093750 0.500000
vt 0.062500 1.000000
vt 0.062500 0.500000
vt 0.296822 0.485388
vt 0.250000 0.490000
vt 0.203178 0.485388
vt 0.158156 0.471731
vt 0.116663 0.449553
vt 0.080294 0.419706
vt 0.050447 0.383337
vt 0.028269 0.341844
vt 0.014612 0.296822
vt 0.010000 0.250000
vt 0.014612 0.203178
vt 0.028269 0.158156
vt 0.050447 0.116663
vt 0.080294 0.080294
vt 0.116663 0.050447
vt 0.158156 0.028269
vt 0.203178 0.014612
vt 0.250000 0.010000
vt 0.296822 0.014612
vt 0.341844 0.028269
vt 0.383337 0.050447
vt 0.419706 0.080294
vt 0.449553 0.116663
vt 0.471731 0.158156
vt 0.485388 0.203178
vt 0.490000 0.250000
vt 0.485388 0.296822
vt 0.471731 0.341844
vt 0.449553 0.383337
vt 0.419706 0.419706
vt 0.383337 0.449553
vt 0.341844 0.471731
vt 0.031250 1.000000
vt 0.031250 0.500000
vt 0.000000 1.000000
vt 0.000000 0.500000
vt 0.750000 0.490000
vt 0.796822 0.485388
vt 0.841844 0.471731
vt 0.883337 0.449553
vt 0.919706 0.419706
vt 0.949553 0.383337
vt 0.971731 0.341844
vt 0.985388 0.296822
vt 0.990000 0.250000
vt 0.985388 0.203178
vt 0.971731 0.158156
vt 0.949553 0.116663
vt 0.919706 0.080294
vt 0.883337 0.050447
vt 0.841844 0.028269
vt 0.796822 0.014612
vt 0.750000 0.010000
vt 0.703178 0.014612
vt 0.658156 0.028269
vt 0.616663 0.050447
vt 0.580294 0.080294
vt 0.550447 0.116663
vt 0.528269 0.158156
vt 0.514612 0.203178
vt 0.510000 0.250000
vt 0.514612 0.296822
vt 0.528269 0.341844
vt 0.550447 0.383337
vt 0.580294 0.419706
vt 0.616663 0.449553
vt 0.658156 0.471731
vt 0.703178 0.485388
s 0
usemtl t2
f 4973/5699/3441 4974/5700/3441 4976/5701/3441 4975/5702/3441
f 4975/5702/3442 4976/5701/3442 4978/5703/3442 4977/5704/3442
f 4977/5704/3443 4978/5703/3443 4980/5705/3443 4979/5706/3443
f 4979/5706/3444 4980/5705/3444 4982/5707/3444 4981/5708/3444
f 4981/5708/3445 4982/5707/3445 4984/5709/3445 4983/5710/3445
f 4983/5710/3446 4984/5709/3446 4986/5711/3446 4985/5712/3446
f 4985/5712/3447 4986/5711/3447 4988/5713/3447 4987/5714/3447
f 4987/5714/3448 4988/5713/3448 4990/5715/3448 4989/5716/3448
f 4989/5716/3449 4990/5715/3449 4992/5717/3449 4991/5718/3449
f 4991/5718/3450 4992/5717/3450 4994/5719/3450 4993/5720/3450
f 4993/5720/3451 4994/5719/3451 4996/5721/3451 4995/5722/3451
f 4995/5722/3452 4996/5721/3452 4998/5723/3452 4997/5724/3452
f 4997/5724/3453 4998/5723/3453 5000/5725/3453 4999/5726/3453
f 4999/5726/3454 5000/5725/3454 5002/5727/3454 5001/5728/3454
f 5001/5728/3455 5002/5727/3455 5004/5729/3455 5003/5730/3455
f 5003/5730/3456 5004/5729/3456 5006/5731/3456 5005/5732/3456
f 5005/5732/3457 5006/5731/3457 5008/5733/3457 5007/5734/3457
f 5007/5734/3458 5008/5733/3458 5010/5735/3458 5009/5736/3458
f 5009/5736/3459 5010/5735/3459 5012/5737/3459 5011/5738/3459
f 5011/5738/3460 5012/5737/3460 5014/5739/3460 5013/5740/3460
f 5013/5740/3461 5014/5739/3461 5016/5741/3461 5015/5742/3461
f 5015/5742/3462 5016/5741/3462 5018/5743/3462 5017/5744/3462
f 5017/5744/3463 5018/5743/3463 5020/5745/3463 5019/5746/3463
f 5019/5746/3464 5020/5745/3464 5022/5747/3464 5021/5748/3464
f 5021/5748/3465 5022/5747/3465 5024/5749/3465 5023/5750/3465
f 5023/5750/3466 5024/5749/3466 5026/5751/3466 5025/5752/3466
f 5025/5752/3467 5026/5751/3467 5028/5753/3467 5027/5754/3467
f 5027/5754/3468 5028/5753/3468 5030/5755/3468 5029/5756/3468
f 5029/5756/3469 5030/5755/3469 5032/5757/3469 5031/5758/3469
f 5031/5758/3470 5032/5757/3470 5034/5759/3470 5033/5760/3470
f 4976/5761/3471 4974/5762/3471 5036/5763/3471 5034/5764/3471 5032/5765/3471 5030/5766/3471 5028/5767/3471 5026/5768/3471 5024/5769/3471 5022/5770/3471 5020/5771/3471 5018/5772/3471 5016/5773/3471 5014/5774/3471 5012/5775/3471 5010/5776/3471 5008/5777/3471 5006/5778/3471 5004/5779/3471 5002/5780/3471 5000/5781/3471 4998/5782/3471 4996/5783/3471 4994/5784/3471 4992/5785/3471 4990/5786/3471 4988/5787/3471 4986/5788/3471 4984/5789/3471 4982/5790/3471 4980/5791/3471 4978/5792/3471
f 5033/5760/3472 5034/5759/3472 5036/5793/3472 5035/5794/3472
f 5035/5794/3473 5036/5793/3473 4974/5795/3473 4973/5796/3473
f 4973/5797/3474 4975/5798/3474 4977/5799/3474 4979/5800/3474 4981/5801/3474 4983/5802/3474 4985/5803/3474 4987/5804/3474 4989/5805/3474 4991/5806/3474 4993/5807/3474 4995/5808/3474 4997/5809/3474 4999/5810/3474 5001/5811/3474 5003/5812/3474 5005/5813/3474 5007/5814/3474 5009/5815/3474 5011/5816/3474 5013/5817/3474 5015/5818/3474 5017/5819/3474 5019/5820/3474 5021/5821/3474 5023/5822/3474 5025/5823/3474 5027/5824/3474 5029/5825/3474 5031/5826/3474 5033/5827/3474 5035/5828/3474
o Sphere
v 0.283219 5.553020 0.000000
v 0.423867 5.412371 0.000000
v 0.499985 5.228606 0.000000
v 0.509781 5.129152 0.000000
v 0.499985 5.029699 0.000000
v 0.423867 4.845933 0.000000
v 0.097542 5.629138 0.019402
v 0.191336 5.600128 0.038059
v 0.277777 5.553020 0.055253
v 0.353543 5.489622 0.070324
v 0.415723 5.412371 0.082692
v 0.461926 5.324237 0.091883
v 0.490378 5.228606 0.097542
v 0.499985 5.129152 0.099453
v 0.490378 5.029699 0.097542
v 0.461926 4.934068 0.091883
v 0.415723 4.845933 0.082692
v 0.353543 4.768683 0.070324
v 0.277777 4.705285 0.055253
v 0.191336 4.658176 0.038059
v 0.097542 4.629167 0.019402
v 0.091883 5.629138 0.038059
v 0.180235 5.600128 0.074656
v 0.261660 5.553020 0.108383
v 0.333030 5.489622 0.137946
v 0.391602 5.412371 0.162207
v 0.435125 5.324237 0.180235
v 0.461926 5.228606 0.191336
v 0.470976 5.129152 0.195085
v 0.461926 5.029699 0.191336
v 0.435125 4.934068 0.180235
v 0.391602 4.845933 0.162207
v 0.333030 4.768683 0.137946
v 0.261660 4.705285 0.108383
v 0.180235 4.658176 0.074656
v 0.091883 4.629167 0.038059
v 0.082692 5.629138 0.055253
v 0.162207 5.600128 0.108383
v 0.235488 5.553020 0.157348
v 0.299719 5.489622 0.200266
v 0.352432 5.412371 0.235488
v 0.391602 5.324237 0.261660
v 0.415723 5.228606 0.277777
v 0.423867 5.129152 0.283219
v 0.415723 5.029699 0.277777
v 0.391602 4.934068 0.261660
v 0.352432 4.845933 0.235488
v 0.299719 4.768683 0.200266
v 0.235488 4.705285 0.157348
v 0.162207 4.658176 0.108383
v 0.082692 4.629167 0.055253
v 0.070324 5.629138 0.070324
v 0.137946 5.600128 0.137946
v 0.200266 5.553020 0.200266
v 0.254890 5.489622 0.254890
v 0.299719 5.412371 0.299719
v 0.333030 5.324237 0.333030
v 0.353543 5.228606 0.353543
v 0.360469 5.129152 0.360469
v 0.353543 5.029699 0.353543
v 0.333030 4.934068 0.333030
v 0.299719 4.845933 0.299719
v 0.254890 4.768683 0.254890
v 0.200266 4.705285 0.200266
v 0.137946 4.658176 0.137946
v 0.070324 4.629167 0.070324
v 0.055253 5.629138 0.082692
v 0.108383 5.600128 0.162207
v 0.157348 5.553020 0.235488
v 0.200266 5.489622 0.299719
v 0.235488 5.412371 0.352432
v 0.261660 5.324237 0.391602
v 0.277777 5.228606 0.415723
v 0.283219 5.129152 0.423867
v 0.277777 5.029699 0.415723
v 0.261660 4.934068 0.391602
v 0.235488 4.845933 0.352432
v 0.200266 4.768683 0.299719
v 0.157348 4.705285 0.235488
v 0.108383 4.658176 0.162207
v 0.055253 4.629167 0.082692
v 0.000000 5.638933 0.000000
v 0.038059 5.629138 0.091883
v 0.074656 5.600128 0.180235
v 0.108383 5.553020 0.261660
v 0.137946 5.489622 0.333030
v 0.162207 5.412371 0.391602
v 0.180235 5.324237 0.435125
v 0.191336 5.228606 0.461926
v 0.195084 5.129152 0.470976
v 0.191336 5.029699 0.461926
v 0.180235 4.934068 0.435125
v 0.162207 4.845933 0.391602
v 0.137946 4.768683 0.333030
v 0.108383 4.705285 0.261660
v 0.074656 4.658176 0.180235
v 0.038059 4.629167 0.091883
v 0.019402 5.629138 0.097542
v 0.038059 5.600128 0.191336
v 0.055253 5.553020 0.277777
v 0.070324 5.489622 0.353543
v 0.082692 5.412371 0.415722
v 0.091883 5.324237 0.461926
v 0.097542 5.228606 0.490378
v 0.099453 5.129152 0.499985
v 0.097542 5.029699 0.490378
v 0.091883 4.934068 0.461926
v 0.082692 4.845933 0.415722
v 0.070324 4.768683 0.353543
v 0.055253 4.705285 0.277777
v 0.038059 4.658176 0.191336
v 0.019402 4.629167 0.097542
v -0.000000 5.629138 0.099453
v -0.000000 5.600128 0.195085
v -0.000000 5.553020 0.283219
v 0.000000 5.489622 0.360469
v -0.000000 5.412371 0.423867
v 0.000000 5.324237 0.470976
v -0.000000 5.228606 0.499985
v -0.000000 5.129152 0.509780
v -0.000000 5.029699 0.499985
v 0.000000 4.934068 0.470976
v -0.000000 4.845933 0.423867
v 0.000000 4.768683 0.360469
v -0.000000 4.705285 0.283219
v -0.000000 4.658176 0.195085
v -0.000000 4.629167 0.099453
v -0.019402 5.629138 0.097542
v -0.038059 5.600128 0.191336
v -0.055253 5.553020 0.277777
v -0.070324 5.489622 0.353543
v -0.082692 5.412371 0.415722
v -0.091883 5.324237 0.461926
v -0.097542 5.228606 0.490378
v -0.099453 5.129152 0.499985
v -0.097542 5.029699 0.490378
v -0.091883 4.934068 0.461926
v -0.082692 4.845933 0.415722
v -0.070324 4.768683 0.353543
v -0.055253 4.705285 0.277777
v -0.038059 4.658176 0.191336
v -0.019402 4.629167 0.097542
v -0.038059 5.629138 0.091883
v -0.074656 5.600128 0.180235
v -0.108383 5.553020 0.261660
v -0.137946 5.489622 0.333030
v -0.162207 5.412371 0.391602
v -0.180235 5.324237 0.435125
v -0.191336 5.228606 0.461926
v -0.195085 5.129152 0.470976
v -0.191336 5.029699 0.461926
v -0.180235 4.934068 0.435125
v -0.162207 4.845933 0.391602
v -0.137946 4.768683 0.333030
v -0.108383 4.705285 0.261660
v -0.074656 4.658176 0.180235
v -0.038059 4.629167 0.091883
v -0.055253 5.629138 0.082692
v -0.108383 5.600128 0.162207
v -0.157348 5.553020 0.235488
v -0.200266 5.489622 0.299719
v -0.235488 5.412371 0.352432
v -0.261660 5.324237 0.391602
v -0.277777 5.228606 0.415722
v -0.283219 5.129152 0.423867
v -0.277777 5.029699 0.415722
v -0.261660 4.934068 0.391602
v -0.235488 4.845933 0.352432
v -0.200266 4.768683 0.299719
v -0.157348 4.705285 0.235488
v -0.108383 4.658176 0.162207
v -0.055253 4.629167 0.082692
v -0.070324 5.629138 0.070324
v -0.137946 5.600128 0.137946
v -0.200266 5.553020 0.200266
v -0.254890 5.489622 0.254890
v -0.299719 5.412371 0.299719
v -0.333030 5.324237 0.333030
v -0.353543 5.228606 0.353543
v -0.360469 5.129152 0.360469
v -0.353543 5.029699 0.353543
v -0.333030 4.934068 0.333030
v -0.299719 4.845933 0.299719
v -0.254890 4.768683 0.254890
v -0.200266 4.705285 0.200266
v -0.137946 4.658176 0.137946
v -0.070324 4.629167 0.070324
v -0.082692 5.629138 0.055253
v -0.162207 5.600128 0.108383
v -0.235488 5.553020 0.157348
v -0.299719 5.489622 0.200266
v -0.352432 5.412371 0.235488
v -0.391602 5.324237 0.261660
v -0.415722 5.228606 0.277777
v -0.423867 5.129152 0.283219
v -0.415722 5.029699 0.277777
v -0.391602 4.934068 0.261660
v -0.352432 4.845933 0.235488
v -0.299719 4.768683 0.200266
v -0.235488 4.705285 0.157348
v -0.162207 4.658176 0.108383
v -0.082692 4.629167 0.055253
v -0.091883 5.629138 0.038059
v -0.180235 5.600128 0.074656
v -0.261660 5.553020 0.108383
v -0.333030 5.489622 0.137946
v -0.391602 5.412371 0.162207
v -0.435125 5.324237 0.180235
v -0.461926 5.228606 0.191336
v -0.470976 5.129152 0.195084
v -0.461926 5.029699 0.191336
v -0.435125 4.934068 0.180235
v -0.391602 4.845933 0.162207
v -0.333030 4.768683 0.137946
v -0.261660 4.705285 0.108383
v -0.180235 4.658176 0.074656
v -0.091883 4.629167 0.038059
v -0.097542 5.629138 0.019402
v -0.191336 5.600128 0.038059
v -0.277777 5.553020 0.055253
v -0.353543 5.489622 0.070324
v -0.415722 5.412371 0.082692
v -0.461926 5.324237 0.091883
v -0.490378 5.228606 0.097542
v -0.499985 5.129152 0.099453
v -0.490378 5.029699 0.097542
v -0.461926 4.934068 0.091883
v -0.415722 4.845933 0.082692
v -0.353543 4.768683 0.070324
v -0.277777 4.705285 0.055253
v -0.191336 4.658176 0.038059
v -0.097542 4.629167 0.019402
v -0.099453 5.629138 -0.000000
v -0.195085 5.600128 -0.000000
v -0.283219 5.553020 -0.000000
v -0.360469 5.489622 -0.000000
v -0.423867 5.412371 -0.000000
v -0.470976 5.324237 0.000000
v -0.499985 5.228606 -0.000000
v -0.509780 5.129152 -0.000000
v -0.499985 5.029699 -0.000000
v -0.470976 4.934068 0.000000
v -0.423867 4.845933 -0.000000
v -0.360469 4.768683 -0.000000
v -0.283219 4.705285 -0.000000
v -0.195085 4.658176 -0.000000
v -0.099453 4.629167 -0.000000
v -0.097542 5.629138 -0.019402
v -0.191336 5.600128 -0.038059
v -0.277777 5.553020 -0.055253
v -0.353543 5.489622 -0.070324
v -0.415722 5.412371 -0.082692
v -0.461926 5.324237 -0.091883
v -0.490378 5.228606 -0.097542
v -0.499985 5.129152 -0.099453
v -0.490378 5.029699 -0.097542
v -0.461926 4.934068 -0.091883
v -0.415722 4.845933 -0.082692
v -0.353543 4.768683 -0.070324
v -0.277777 4.705285 -0.055253
v -0.191336 4.658176 -0.038059
v -0.097542 4.629167 -0.019402
v -0.091883 5.629138 -0.038059
v -0.180235 5.600128 -0.074656
v -0.261660 5.553020 -0.108383
v -0.333030 5.489622 -0.137946
v -0.391602 5.412371 -0.162207
v -0.435125 5.324237 -0.180235
v -0.461926 5.228606 -0.191336
v -0.470975 5.129152 -0.195085
v -0.461926 5.029699 -0.191336
v -0.435125 4.934068 -0.180235
v -0.391602 4.845933 -0.162207
v -0.333030 4.768683 -0.137946
v -0.261660 4.705285 -0.108383
v -0.180235 4.658176 -0.074656
v -0.091883 4.629167 -0.038059
v -0.082692 5.629138 -0.055253
v -0.162207 5.600128 -0.108383
v -0.235488 5.553020 -0.157348
v -0.299719 5.489622 -0.200266
v -0.352432 5.412371 -0.235488
v -0.391602 5.324237 -0.261660
v -0.415722 5.228606 -0.277777
v -0.423867 5.129152 -0.283219
v -0.415722 5.029699 -0.277777
v -0.391602 4.934068 -0.261660
v -0.352432 4.845933 -0.235488
v -0.299719 4.768683 -0.200266
v -0.235488 4.705285 -0.157348
v -0.162207 4.658176 -0.108383
v -0.082692 4.629167 -0.055253
v -0.070324 5.629138 -0.070324
v -0.137946 5.600128 -0.137946
v -0.200266 5.553020 -0.200266
v -0.254890 5.489622 -0.254890
v -0.299719 5.412371 -0.299719
v -0.333030 5.324237 -0.333030
v -0.353543 5.228606 -0.353543
v -0.360469 5.129152 -0.360469
v -0.353543 5.029699 -0.353543
v -0.333030 4.934068 -0.333030
v -0.299719 4.845933 -0.299719
v -0.254890 4.768683 -0.254890
v -0.200266 4.705285 -0.200266
v -0.137946 4.658176 -0.137946
v -0.070324 4.629167 -0.070324
v 0.000000 4.619372 0.000000
v -0.055253 5.629138 -0.082692
v -0.108383 5.600128 -0.162207
v -0.157348 5.553020 -0.235488
v -0.200266 5.489622 -0.299719
v -0.235488 5.412371 -0.352432
v -0.261660 5.324237 -0.391602
v -0.277777 5.228606 -0.415722
v -0.283218 5.129152 -0.423867
v -0.277777 5.029699 -0.415722
v -0.261660 4.934068 -0.391602
v -0.235488 4.845933 -0.352432
v -0.200266 4.768683 -0.299719
v -0.157348 4.705285 -0.235488
v -0.108383 4.658176 -0.162207
v -0.055253 4.629167 -0.082692
v -0.038059 5.629138 -0.091883
v -0.074656 5.600128 -0.180235
v -0.108383 5.553020 -0.261660
v -0.137946 5.489622 -0.333030
v -0.162207 5.412371 -0.391602
v -0.180235 5.324237 -0.435125
v -0.191336 5.228606 -0.461926
v -0.195084 5.129152 -0.470975
v -0.191336 5.029699 -0.461926
v -0.180235 4.934068 -0.435125
v -0.162207 4.845933 -0.391602
v -0.137946 4.768683 -0.333030
v -0.108383 4.705285 -0.261660
v -0.074656 4.658176 -0.180235
v -0.038059 4.629167 -0.091883
v -0.019402 5.629138 -0.097542
v -0.038059 5.600128 -0.191336
v -0.055253 5.553020 -0.277777
v -0.070324 5.489622 -0.353543
v -0.082692 5.412371 -0.415722
v -0.091883 5.324237 -0.461926
v -0.097542 5.228606 -0.490378
v -0.099453 5.129152 -0.499985
v -0.097542 5.029699 -0.490378
v -0.091883 4.934068 -0.461926
v -0.082692 4.845933 -0.415722
v -0.070324 4.768683 -0.353543
v -0.055253 4.705285 -0.277777
v -0.038059 4.658176 -0.191336
v -0.019402 4.629167 -0.097542
v 0.000000 5.629138 -0.099453
v 0.000000 5.600128 -0.195084
v 0.000000 5.553020 -0.283219
v 0.000000 5.489622 -0.360469
v 0.000000 5.412371 -0.423867
v 0.000000 5.324237 -0.470976
v 0.000000 5.228606 -0.499985
v 0.000000 5.129152 -0.509780
v 0.000000 5.029699 -0.499985
v 0.000000 4.934068 -0.470976
v 0.000000 4.845933 -0.423867
v 0.000000 4.768683 -0.360469
v 0.000000 4.705285 -0.283219
v 0.000000 4.658176 -0.195084
v 0.000000 4.629167 -0.099453
v 0.019402 5.629138 -0.097542
v 0.038059 5.600128 -0.191336
v 0.055253 5.553020 -0.277777
v 0.070324 5.489622 -0.353543
v 0.082692 5.412371 -0.415722
v 0.091883 5.324237 -0.461926
v 0.097542 5.228606 -0.490378
v 0.099453 5.129152 -0.499985
v 0.097542 5.029699 -0.490378
v 0.091883 4.934068 -0.461926
v 0.082692 4.845933 -0.415722
v 0.070324 4.768683 -0.353543
v 0.055253 4.705285 -0.277777
v 0.038059 4.658176 -0.191336
v 0.019402 4.629167 -0.097542
v 0.038059 5.629138 -0.091883
v 0.074656 5.600128 -0.180235
v 0.108383 5.553020 -0.261660
v 0.137946 5.489622 -0.333030
v 0.162207 5.412371 -0.391602
v 0.180235 5.324237 -0.435125
v 0.191336 5.228606 -0.461926
v 0.195085 5.129152 -0.470975
v 0.191336 5.029699 -0.461926
v 0.180235 4.934068 -0.435125
v 0.162207 4.845933 -0.391602
v 0.137946 4.768683 -0.333030
v 0.108383 4.705285 -0.261660
v 0.074656 4.658176 -0.180235
v 0.038059 4.629167 -0.091883
v 0.055253 5.629138 -0.082692
v 0.108383 5.600128 -0.162207
v 0.157348 5.553020 -0.235488
v 0.200266 5.489622 -0.299719
v 0.235488 5.412371 -0.352432
v 0.261660 5.324237 -0.391602
v 0.277777 5.228606 -0.415722
v 0.283219 5.129152 -0.423866
v 0.277777 5.029699 -0.415722
v 0.261660 4.934068 -0.391602
v 0.235488 4.845933 -0.352432
v 0.200266 4.768683 -0.299719
v 0.157348 4.705285 -0.235488
v 0.108383 4.658176 -0.162207
v 0.055253 4.629167 -0.082692
v 0.070324 5.629138 -0.070324
v 0.137946 5.600128 -0.137946
v 0.200266 5.553020 -0.200266
v 0.254890 5.489622 -0.254890
v 0.299719 5.412371 -0.299719
v 0.333030 5.324237 -0.333030
v 0.353543 5.228606 -0.353543
v 0.360469 5.129152 -0.360469
v 0.353543 5.029699 -0.353543
v 0.333030 4.934068 -0.333030
v 0.299719 4.845933 -0.299719
v 0.254890 4.768683 -0.254890
v 0.200266 4.705285 -0.200266
v 0.137946 4.658176 -0.137946
v 0.070324 4.629167 -0.070324
v 0.082692 5.629138 -0.055253
v 0.162207 5.600128 -0.108383
v 0.235488 5.553020 -0.157348
v 0.299719 5.489622 -0.200266
v 0.352432 5.412371 -0.235488
v 0.391602 5.324237 -0.261660
v 0.415722 5.228606 -0.277777
v 0.423867 5.129152 -0.283218
v 0.415722 5.029699 -0.277777
v 0.391602 4.934068 -0.261660
v 0.352432 4.845933 -0.235488
v 0.299719 4.768683 -0.200266
v 0.235488 4.705285 -0.157348
v 0.162207 4.658176 -0.108383
v 0.082692 4.629167 -0.055253
v 0.091883 5.629138 -0.038059
v 0.180235 5.600128 -0.074656
v 0.261660 5.553020 -0.108383
v 0.333030 5.489622 -0.137946
v 0.391602 5.412371 -0.162207
v 0.435125 5.324237 -0.180235
v 0.461926 5.228606 -0.191336
v 0.470975 5.129152 -0.195084
v 0.461926 5.029699 -0.191336
v 0.435125 4.934068 -0.180235
v 0.391602 4.845933 -0.162207
v 0.333030 4.768683 -0.137946
v 0.261660 4.705285 -0.108383
v 0.180235 4.658176 -0.074656
v 0.091883 4.629167 -0.038059
v 0.097542 5.629138 -0.019402
v 0.191336 5.600128 -0.038059
v 0.277777 5.553020 -0.055253
v 0.353543 5.489622 -0.070324
v 0.415722 5.412371 -0.082692
v 0.461926 5.324237 -0.091883
v 0.490378 5.228606 -0.097542
v 0.499985 5.129152 -0.099453
v 0.490378 5.029699 -0.097542
v 0.461926 4.934068 -0.091883
v 0.415722 4.845933 -0.082692
v 0.353543 4.768683 -0.070324
v 0.277777 4.705285 -0.055253
v 0.191336 4.658176 -0.038059
v 0.097542 4.629167 -0.019402
v 0.099453 5.629138 0.000000
v 0.195084 5.600128 0.000000
v 0.360469 5.489622 0.000000
v 0.470976 5.324237 0.000000
v 0.470976 4.934068 0.000000
v 0.360469 4.768683 0.000000
v 0.283219 4.705285 0.000000
v 0.195084 4.658176 0.000000
v 0.099453 4.629167 0.000000
vn 0.7708 -0.6326 0.0759
vn 0.7708 0.6326 0.0759
vn 0.6332 -0.7715 0.0624
vn 0.8786 0.4696 0.0865
vn 0.4709 -0.8810 0.0464
vn 0.9527 0.2890 0.0938
vn 0.2902 -0.9565 0.0286
vn 0.9904 0.0975 0.0975
vn 0.0980 0.9951 0.0097
vn 0.0980 -0.9951 0.0097
vn 0.9904 -0.0975 0.0975
vn 0.2902 0.9565 0.0286
vn 0.9527 -0.2890 0.0938
vn 0.4709 0.8810 0.0464
vn 0.8786 -0.4696 0.0865
vn 0.6332 0.7715 0.0624
vn 0.8448 -0.4696 0.2563
vn 0.6088 0.7715 0.1847
vn 0.7412 -0.6326 0.2248
vn 0.7412 0.6326 0.2248
vn 0.6088 -0.7715 0.1847
vn 0.8448 0.4696 0.2563
vn 0.4528 -0.8810 0.1374
vn 0.9161 0.2890 0.2779
vn 0.2790 -0.9565 0.0846
vn 0.9524 0.0976 0.2889
vn 0.0942 0.9951 0.0286
vn 0.0942 -0.9951 0.0286
vn 0.9524 -0.0976 0.2889
vn 0.2790 0.9565 0.0846
vn 0.9161 -0.2890 0.2779
vn 0.4528 0.8810 0.1374
vn 0.2571 -0.9565 0.1374
vn 0.8777 0.0975 0.4691
vn 0.0869 0.9951 0.0464
vn 0.0869 -0.9951 0.0464
vn 0.8777 -0.0975 0.4691
vn 0.2571 0.9565 0.1374
vn 0.8443 -0.2890 0.4513
vn 0.4173 0.8810 0.2230
vn 0.7786 -0.4696 0.4162
vn 0.5611 0.7715 0.2999
vn 0.6831 -0.6326 0.3651
vn 0.6831 0.6326 0.3651
vn 0.5611 -0.7715 0.2999
vn 0.7786 0.4696 0.4162
vn 0.4173 -0.8810 0.2230
vn 0.8443 0.2890 0.4513
vn 0.4918 0.7715 0.4036
vn 0.5987 -0.6326 0.4913
vn 0.5987 0.6326 0.4913
vn 0.4918 -0.7715 0.4036
vn 0.6825 0.4696 0.5601
vn 0.3658 -0.8810 0.3002
vn 0.7400 0.2890 0.6073
vn 0.2254 -0.9565 0.1850
vn 0.7693 0.0975 0.6314
vn 0.0761 0.9951 0.0625
vn 0.0761 -0.9951 0.0625
vn 0.7693 -0.0975 0.6314
vn 0.2254 0.9565 0.1850
vn 0.7400 -0.2890 0.6073
vn 0.3658 0.8810 0.3002
vn 0.6825 -0.4696 0.5601
vn 0.6314 0.0975 0.7693
vn 0.0625 0.9951 0.0761
vn 0.0625 -0.9951 0.0761
vn 0.6314 -0.0975 0.7693
vn 0.1850 0.9565 0.2254
vn 0.6073 -0.2890 0.7400
vn 0.3002 0.8810 0.3658
vn 0.5601 -0.4696 0.6825
vn 0.4036 0.7715 0.4918
vn 0.4913 -0.6326 0.5987
vn 0.4913 0.6326 0.5987
vn 0.4036 -0.7715 0.4918
vn 0.5601 0.4696 0.6825
vn 0.3002 -0.8810 0.3658
vn 0.6073 0.2890 0.7400
vn 0.1850 -0.9565 0.2254
vn 0.3651 -0.6326 0.6831
vn 0.3651 0.6326 0.6831
vn 0.2999 -0.7715 0.5611
vn 0.4162 0.4696 0.7786
vn 0.2230 -0.8810 0.4173
vn 0.4513 0.2890 0.8443
vn 0.1374 -0.9565 0.2571
vn 0.4691 0.0975 0.8777
vn 0.0464 0.9951 0.0869
vn 0.0464 -0.9951 0.0869
vn 0.4691 -0.0975 0.8777
vn 0.1374 0.9565 0.2571
vn 0.4513 -0.2890 0.8443
vn 0.2230 0.8810 0.4173
vn 0.4162 -0.4696 0.7786
vn 0.2999 0.7715 0.5611
vn 0.0286 -0.9951 0.0942
vn 0.2889 -0.0975 0.9524
vn 0.0846 0.9565 0.2790
vn 0.2779 -0.2890 0.9161
vn 0.1374 0.8810 0.4528
vn 0.2563 -0.4696 0.8448
vn 0.1847 0.7715 0.6088
vn 0.2248 -0.6326 0.7412
vn 0.2248 0.6326 0.7412
vn 0.1847 -0.7715 0.6088
vn 0.2563 0.4696 0.8448
vn 0.1374 -0.8810 0.4528
vn 0.2779 0.2890 0.9161
vn 0.0846 -0.9565 0.2790
vn 0.2889 0.0975 0.9524
vn 0.0286 0.9951 0.0942
vn 0.0624 -0.7715 0.6332
vn 0.0865 0.4696 0.8786
vn 0.0464 -0.8810 0.4709
vn 0.0938 0.2890 0.9527
vn 0.0286 -0.9565 0.2902
vn 0.0975 0.0975 0.9904
vn 0.0097 0.9951 0.0980
vn 0.0097 -0.9951 0.0980
vn 0.0975 -0.0975 0.9904
vn 0.0286 0.9565 0.2902
vn 0.0938 -0.2890 0.9527
vn 0.0464 0.8810 0.4709
vn 0.0865 -0.4696 0.8786
vn 0.0624 0.7715 0.6332
vn 0.0759 -0.6326 0.7708
vn 0.0759 0.6326 0.7708
vn -0.0286 0.9565 0.2902
vn -0.0938 -0.2890 0.9527
vn -0.0464 0.8810 0.4709
vn -0.0865 -0.4696 0.8786
vn -0.0624 0.7715 0.6332
vn -0.0759 -0.6326 0.7708
vn -0.0759 0.6326 0.7708
vn -0.0624 -0.7715 0.6332
vn -0.0865 0.4696 0.8786
vn -0.0464 -0.8810 0.4709
vn -0.0938 0.2890 0.9527
vn -0.0286 -0.9565 0.2902
vn -0.0976 0.0975 0.9904
vn -0.0097 0.9951 0.0980
vn -0.0097 -0.9951 0.0980
vn -0.0976 -0.0975 0.9904
vn -0.2563 0.4696 0.8448
vn -0.1374 -0.8810 0.4528
vn -0.2779 0.2890 0.9161
vn -0.0846 -0.9565 0.2790
vn -0.2889 0.0975 0.9524
vn -0.0286 0.9951 0.0942
vn -0.0286 -0.9951 0.0942
vn -0.2889 -0.0975 0.9524
vn -0.0846 0.9565 0.2790
vn -0.2779 -0.2890 0.9161
vn -0.1374 0.8810 0.4528
vn -0.2563 -0.4696 0.8448
vn -0.1847 0.7715 0.6088
vn -0.2248 -0.6326 0.7412
vn -0.2248 0.6326 0.7412
vn -0.1847 -0.7715 0.6088
vn -0.4513 -0.2890 0.8443
vn -0.2230 0.8810 0.4173
vn -0.4162 -0.4696 0.7786
vn -0.2999 0.7715 0.5611
vn -0.3651 -0.6326 0.6831
vn -0.3651 0.6326 0.6831
vn -0.2999 -0.7715 0.5611
vn -0.4162 0.4696 0.7786
vn -0.2230 -0.8810 0.4173
vn -0.4513 0.2890 0.8443
vn -0.1374 -0.9565 0.2571
vn -0.4691 0.0975 0.8777
vn -0.0464 0.9951 0.0869
vn -0.0464 -0.9951 0.0869
vn -0.4691 -0.0975 0.8777
vn -0.1374 0.9565 0.2571
vn -0.3002 -0.8810 0.3658
vn -0.6073 0.2890 0.7400
vn -0.1850 -0.9565 0.2254
vn -0.6314 0.0975 0.7693
vn -0.0625 0.9951 0.0761
vn -0.0625 -0.9951 0.0761
vn -0.6314 -0.0975 0.7693
vn -0.1850 0.9565 0.2254
vn -0.6073 -0.2890 0.7400
vn -0.3002 0.8810 0.3658
vn -0.5601 -0.4696 0.6825
vn -0.4036 0.7715 0.4918
vn -0.4913 -0.6326 0.5987
vn -0.4913 0.6326 0.5987
vn -0.4036 -0.7715 0.4918
vn -0.5601 0.4696 0.6825
vn -0.3658 0.8810 0.3002
vn -0.6825 -0.4696 0.5601
vn -0.4918 0.7715 0.4036
vn -0.5987 -0.6326 0.4913
vn -0.5987 0.6326 0.4913
vn -0.4918 -0.7715 0.4036
vn -0.6825 0.4696 0.5601
vn -0.3658 -0.8810 0.3002
vn -0.7400 0.2890 0.6073
vn -0.2254 -0.9565 0.1850
vn -0.7693 0.0975 0.6314
vn -0.0761 0.9951 0.0625
vn -0.0761 -0.9951 0.0625
vn -0.7693 -0.0975 0.6314
vn -0.2254 0.9565 0.1850
vn -0.7400 -0.2890 0.6073
vn -0.8443 0.2890 0.4513
vn -0.2571 -0.9565 0.1374
vn -0.8777 0.0975 0.4691
vn -0.0869 0.9951 0.0464
vn -0.0869 -0.9951 0.0464
vn -0.8777 -0.0975 0.4691
vn -0.2571 0.9565 0.1374
vn -0.8443 -0.2890 0.4513
vn -0.4173 0.8810 0.2230
vn -0.7786 -0.4696 0.4162
vn -0.5611 0.7715 0.2999
vn -0.6831 -0.6326 0.3651
vn -0.6831 0.6326 0.3651
vn -0.5611 -0.7715 0.2999
vn -0.7786 0.4696 0.4162
vn -0.4173 -0.8810 0.2230
vn -0.8448 -0.4696 0.2563
vn -0.6088 0.7715 0.1847
vn -0.7412 -0.6326 0.2248
vn -0.7412 0.6326 0.2248
vn -0.6088 -0.7715 0.1847
vn -0.8448 0.4696 0.2563
vn -0.4528 -0.8810 0.1374
vn -0.9161 0.2890 0.2779
vn -0.2790 -0.9565 0.0846
vn -0.9524 0.0975 0.2889
vn -0.0942 0.9951 0.0286
vn -0.0942 -0.9951 0.0286
vn -0.9524 -0.0975 0.2889
vn -0.2790 0.9565 0.0846
vn -0.9161 -0.2890 0.2779
vn -0.4528 0.8810 0.1374
vn -0.2902 -0.9565 0.0286
vn -0.9904 0.0975 0.0975
vn -0.0980 0.9951 0.0097
vn -0.0980 -0.9951 0.0097
vn -0.9904 -0.0975 0.0975
vn -0.2902 0.9565 0.0286
vn -0.9527 -0.2890 0.0938
vn -0.4709 0.8810 0.0464
vn -0.8786 -0.4696 0.0865
vn -0.6332 0.7715 0.0624
vn -0.7708 -0.6326 0.0759
vn -0.7708 0.6326 0.0759
vn -0.6332 -0.7715 0.0624
vn -0.8786 0.4696 0.0865
vn -0.4709 -0.8810 0.0464
vn -0.9527 0.2890 0.0938
vn -0.7708 -0.6326 -0.0759
vn -0.7708 0.6326 -0.0759
vn -0.6332 -0.7715 -0.0624
vn -0.8786 0.4696 -0.0865
vn -0.4709 -0.8810 -0.0464
vn -0.9527 0.2890 -0.0938
vn -0.2902 -0.9565 -0.0286
vn -0.9904 0.0975 -0.0976
vn -0.0980 0.9951 -0.0097
vn -0.0980 -0.9951 -0.0097
vn -0.9904 -0.0975 -0.0976
vn -0.2902 0.9565 -0.0286
vn -0.9527 -0.2890 -0.0938
vn -0.4709 0.8810 -0.0464
vn -0.8786 -0.4696 -0.0865
vn -0.6332 0.7715 -0.0624
vn -0.0942 0.9951 -0.0286
vn -0.0942 -0.9951 -0.0286
vn -0.9524 -0.0975 -0.2889
vn -0.2790 0.9565 -0.0846
vn -0.9161 -0.2890 -0.2779
vn -0.4528 0.8810 -0.1374
vn -0.8448 -0.4696 -0.2563
vn -0.6088 0.7715 -0.1847
vn -0.7412 -0.6326 -0.2248
vn -0.7412 0.6326 -0.2248
vn -0.6088 -0.7715 -0.1847
vn -0.8448 0.4696 -0.2563
vn -0.4528 -0.8810 -0.1374
vn -0.9161 0.2890 -0.2779
vn -0.2790 -0.9565 -0.0846
vn -0.9524 0.0975 -0.2889
vn -0.6831 0.6326 -0.3651
vn -0.5611 -0.7715 -0.2999
vn -0.7786 0.4696 -0.4162
vn -0.4173 -0.8810 -0.2230
vn -0.8443 0.2890 -0.4513
vn -0.2571 -0.9565 -0.1374
vn -0.8777 0.0975 -0.4691
vn -0.0869 0.9951 -0.0464
vn -0.0869 -0.9951 -0.0464
vn -0.8777 -0.0975 -0.4691
vn -0.2571 0.9565 -0.1374
vn -0.8443 -0.2890 -0.4513
vn -0.4173 0.8810 -0.2230
vn -0.7786 -0.4696 -0.4162
vn -0.5611 0.7715 -0.2999
vn -0.6831 -0.6326 -0.3651
vn -0.7693 -0.0975 -0.6314
vn -0.2254 0.9565 -0.1850
vn -0.7400 -0.2890 -0.6073
vn -0.3658 0.8810 -0.3002
vn -0.6825 -0.4696 -0.5601
vn -0.4918 0.7715 -0.4036
vn -0.5987 -0.6326 -0.4913
vn -0.5987 0.6326 -0.4913
vn -0.4918 -0.7715 -0.4036
vn -0.6825 0.4696 -0.5601
vn -0.3658 -0.8810 -0.3002
vn -0.7400 0.2890 -0.6073
vn -0.2254 -0.9565 -0.1850
vn -0.7693 0.0975 -0.6314
vn -0.0761 0.9951 -0.0625
vn -0.0761 -0.9951 -0.0625
vn -0.4036 -0.7715 -0.4918
vn -0.5601 0.4696 -0.6825
vn -0.3002 -0.8810 -0.3658
vn -0.6073 0.2890 -0.7400
vn -0.1850 -0.9565 -0.2254
vn -0.6314 0.0975 -0.7693
vn -0.0625 0.9951 -0.0761
vn -0.0625 -0.9951 -0.0761
vn -0.6314 -0.0975 -0.7693
vn -0.1850 0.9565 -0.2254
vn -0.6073 -0.2890 -0.7400
vn -0.3002 0.8810 -0.3658
vn -0.5601 -0.4696 -0.6825
vn -0.4036 0.7715 -0.4918
vn -0.4913 -0.6326 -0.5987
vn -0.4913 0.6326 -0.5987
vn -0.1374 0.9565 -0.2571
vn -0.4513 -0.2890 -0.8443
vn -0.2230 0.8810 -0.4173
vn -0.4162 -0.4696 -0.7786
vn -0.2999 0.7715 -0.5611
vn -0.3651 -0.6326 -0.6831
vn -0.3651 0.6326 -0.6831
vn -0.2999 -0.7715 -0.5611
vn -0.4162 0.4696 -0.7786
vn -0.2230 -0.8810 -0.4173
vn -0.4513 0.2890 -0.8443
vn -0.1374 -0.9565 -0.2571
vn -0.4691 0.0975 -0.8777
vn -0.0464 0.9951 -0.0869
vn -0.0464 -0.9951 -0.0869
vn -0.4691 -0.0975 -0.8777
vn -0.2563 0.4696 -0.8448
vn -0.1374 -0.8810 -0.4528
vn -0.2779 0.2890 -0.9161
vn -0.0846 -0.9565 -0.2790
vn -0.2889 0.0975 -0.9524
vn -0.0286 0.9951 -0.0942
vn -0.0286 -0.9951 -0.0942
vn -0.2889 -0.0975 -0.9524
vn -0.0846 0.9565 -0.2790
vn -0.2779 -0.2890 -0.9161
vn -0.1374 0.8810 -0.4528
vn -0.2563 -0.4696 -0.8448
vn -0.1847 0.7715 -0.6088
vn -0.2248 -0.6326 -0.7412
vn -0.2248 0.6326 -0.7412
vn -0.1847 -0.7715 -0.6088
vn -0.0938 -0.2890 -0.9527
vn -0.0464 0.8810 -0.4709
vn -0.0865 -0.4696 -0.8786
vn -0.0624 0.7715 -0.6332
vn -0.0759 -0.6326 -0.7708
vn -0.0759 0.6326 -0.7708
vn -0.0624 -0.7715 -0.6332
vn -0.0865 0.4696 -0.8786
vn -0.0464 -0.8810 -0.4709
vn -0.0938 0.2890 -0.9527
vn -0.0286 -0.9565 -0.2902
vn -0.0975 0.0975 -0.9904
vn -0.0097 0.9951 -0.0980
vn -0.0097 -0.9951 -0.0980
vn -0.0975 -0.0975 -0.9904
vn -0.0286 0.9565 -0.2902
vn 0.0464 -0.8810 -0.4709
vn 0.0938 0.2890 -0.9527
vn 0.0286 -0.9565 -0.2902
vn 0.0976 0.0975 -0.9904
vn 0.0097 0.9951 -0.0980
vn 0.0097 -0.9951 -0.0980
vn 0.0976 -0.0975 -0.9904
vn 0.0286 0.9565 -0.2902
vn 0.0938 -0.2890 -0.9527
vn 0.0464 0.8810 -0.4709
vn 0.0865 -0.4696 -0.8786
vn 0.0624 0.7715 -0.6332
vn 0.0759 -0.6326 -0.7708
vn 0.0759 0.6326 -0.7708
vn 0.0624 -0.7715 -0.6332
vn 0.0865 0.4696 -0.8786
vn 0.2563 -0.4696 -0.8448
vn 0.1847 0.7715 -0.6088
vn 0.2248 -0.6326 -0.7412
vn 0.2248 0.6326 -0.7412
vn 0.1847 -0.7715 -0.6088
vn 0.2563 0.4696 -0.8448
vn 0.1374 -0.8810 -0.4528
vn 0.2779 0.2890 -0.9161
vn 0.0846 -0.9565 -0.2790
vn 0.2889 0.0975 -0.9524
vn 0.0286 0.9951 -0.0942
vn 0.0286 -0.9951 -0.0942
vn 0.2889 -0.0975 -0.9524
vn 0.0846 0.9565 -0.2790
vn 0.2779 -0.2890 -0.9161
vn 0.1374 0.8810 -0.4528
vn 0.1374 -0.9565 -0.2571
vn 0.4691 0.0975 -0.8777
vn 0.0464 0.9951 -0.0869
vn 0.0464 -0.9951 -0.0869
vn 0.4691 -0.0975 -0.8777
vn 0.1374 0.9565 -0.2571
vn 0.4513 -0.2890 -0.8443
vn 0.2231 0.8810 -0.4173
vn 0.4162 -0.4696 -0.7786
vn 0.2999 0.7715 -0.5611
vn 0.3651 -0.6326 -0.6831
vn 0.3651 0.6326 -0.6831
vn 0.2999 -0.7715 -0.5611
vn 0.4162 0.4696 -0.7786
vn 0.2231 -0.8810 -0.4173
vn 0.4513 0.2890 -0.8443
vn 0.4036 0.7715 -0.4918
vn 0.4913 -0.6326 -0.5987
vn 0.4913 0.6326 -0.5987
vn 0.4036 -0.7715 -0.4918
vn 0.5601 0.4696 -0.6825
vn 0.3002 -0.8810 -0.3658
vn 0.6073 0.2890 -0.7400
vn 0.1850 -0.9565 -0.2254
vn 0.6314 0.0975 -0.7693
vn 0.0625 0.9951 -0.0761
vn 0.0625 -0.9951 -0.0761
vn 0.6314 -0.0975 -0.7693
vn 0.1850 0.9565 -0.2254
vn 0.6073 -0.2890 -0.7400
vn 0.3002 0.8810 -0.3658
vn 0.5601 -0.4696 -0.6825
vn 0.7693 0.0975 -0.6314
vn 0.0761 0.9951 -0.0625
vn 0.0761 -0.9951 -0.0625
vn 0.7693 -0.0975 -0.6314
vn 0.2254 0.9565 -0.1850
vn 0.7400 -0.2890 -0.6073
vn 0.3658 0.8810 -0.3002
vn 0.6825 -0.4696 -0.5601
vn 0.4918 0.7715 -0.4036
vn 0.5987 -0.6326 -0.4913
vn 0.5987 0.6326 -0.4913
vn 0.4918 -0.7715 -0.4036
vn 0.6825 0.4696 -0.5601
vn 0.3658 -0.8810 -0.3002
vn 0.7400 0.2890 -0.6073
vn 0.2254 -0.9565 -0.1850
vn 0.6831 -0.6326 -0.3651
vn 0.6831 0.6326 -0.3651
vn 0.5611 -0.7715 -0.2999
vn 0.7786 0.4696 -0.4162
vn 0.4173 -0.8810 -0.2230
vn 0.8443 0.2890 -0.4513
vn 0.2571 -0.9565 -0.1374
vn 0.8777 0.0975 -0.4691
vn 0.0869 0.9951 -0.0464
vn 0.0869 -0.9951 -0.0464
vn 0.8777 -0.0975 -0.4691
vn 0.2571 0.9565 -0.1374
vn 0.8443 -0.2890 -0.4513
vn 0.4173 0.8810 -0.2230
vn 0.7786 -0.4696 -0.4162
vn 0.5611 0.7715 -0.2999
vn 0.0942 0.9951 -0.0286
vn 0.0942 -0.9951 -0.0286
vn 0.9524 -0.0975 -0.2889
vn 0.2790 0.9565 -0.0846
vn 0.9161 -0.2890 -0.2779
vn 0.4528 0.8810 -0.1374
vn 0.8448 -0.4696 -0.2563
vn 0.6088 0.7715 -0.1847
vn 0.7412 -0.6326 -0.2248
vn 0.7412 0.6326 -0.2248
vn 0.6088 -0.7715 -0.1847
vn 0.8448 0.4696 -0.2563
vn 0.4528 -0.8810 -0.1374
vn 0.9161 0.2890 -0.2779
vn 0.2790 -0.9565 -0.0846
vn 0.9524 0.0975 -0.2889
vn 0.7708 0.6326 -0.0759
vn 0.6332 -0.7715 -0.0624
vn 0.8786 0.4696 -0.0865
vn 0.4709 -0.8810 -0.0464
vn 0.9527 0.2890 -0.0938
vn 0.2902 -0.9565 -0.0286
vn 0.9904 0.0975 -0.0976
vn 0.0980 0.9951 -0.0097
vn 0.0980 -0.9951 -0.0097
vn 0.9904 -0.0975 -0.0976
vn 0.2902 0.9565 -0.0286
vn 0.9527 -0.2890 -0.0938
vn 0.4709 0.8810 -0.0464
vn 0.8786 -0.4696 -0.0865
vn 0.6332 0.7715 -0.0624
vn 0.7708 -0.6326 -0.0759
vt 0.750000 0.250000
vt 0.750000 0.312500
vt 0.718750 0.312500
vt 0.718750 0.250000
vt 0.750000 0.687500
vt 0.750000 0.750000
vt 0.718750 0.750000
vt 0.718750 0.687500
vt 0.750000 0.187500
vt 0.718750 0.187500
vt 0.750000 0.625000
vt 0.718750 0.625000
vt 0.750000 0.125000
vt 0.718750 0.125000
vt 0.750000 0.562500
vt 0.718750 0.562500
vt 0.750000 0.062500
vt 0.718750 0.062500
vt 0.750000 0.500000
vt 0.718750 0.500000
vt 0.750000 0.937500
vt 0.734375 1.000000
vt 0.718750 0.937500
vt 0.734375 0.000000
vt 0.750000 0.437500
vt 0.718750 0.437500
vt 0.750000 0.875000
vt 0.718750 0.875000
vt 0.750000 0.375000
vt 0.718750 0.375000
vt 0.750000 0.812500
vt 0.718750 0.812500
vt 0.687500 0.375000
vt 0.687500 0.312500
vt 0.687500 0.812500
vt 0.687500 0.750000
vt 0.687500 0.250000
vt 0.687500 0.687500
vt 0.687500 0.187500
vt 0.687500 0.625000
vt 0.687500 0.125000
vt 0.687500 0.562500
vt 0.687500 0.062500
vt 0.687500 0.500000
vt 0.703125 1.000000
vt 0.687500 0.937500
vt 0.703125 0.000000
vt 0.687500 0.437500
vt 0.687500 0.875000
vt 0.656250 0.125000
vt 0.656250 0.062500
vt 0.656250 0.562500
vt 0.656250 0.500000
vt 0.671875 1.000000
vt 0.656250 0.937500
vt 0.671875 0.000000
vt 0.656250 0.437500
vt 0.656250 0.875000
vt 0.656250 0.375000
vt 0.656250 0.812500
vt 0.656250 0.312500
vt 0.656250 0.750000
vt 0.656250 0.250000
vt 0.656250 0.687500
vt 0.656250 0.187500
vt 0.656250 0.625000
vt 0.625000 0.812500
vt 0.625000 0.750000
vt 0.625000 0.312500
vt 0.625000 0.250000
vt 0.625000 0.687500
vt 0.625000 0.187500
vt 0.625000 0.625000
vt 0.625000 0.125000
vt 0.625000 0.562500
vt 0.625000 0.062500
vt 0.625000 0.500000
vt 0.640625 1.000000
vt 0.625000 0.937500
vt 0.640625 0.000000
vt 0.625000 0.437500
vt 0.625000 0.875000
vt 0.625000 0.375000
vt 0.593750 0.562500
vt 0.593750 0.500000
vt 0.609375 1.000000
vt 0.593750 0.937500
vt 0.609375 0.000000
vt 0.593750 0.062500
vt 0.593750 0.437500
vt 0.593750 0.875000
vt 0.593750 0.375000
vt 0.593750 0.812500
vt 0.593750 0.312500
vt 0.593750 0.750000
vt 0.593750 0.250000
vt 0.593750 0.687500
vt 0.593750 0.187500
vt 0.593750 0.625000
vt 0.593750 0.125000
vt 0.562500 0.312500
vt 0.562500 0.250000
vt 0.562500 0.750000
vt 0.562500 0.687500
vt 0.562500 0.187500
vt 0.562500 0.625000
vt 0.562500 0.125000
vt 0.562500 0.562500
vt 0.562500 0.062500
vt 0.562500 0.500000
vt 0.578125 1.000000
vt 0.562500 0.937500
vt 0.578125 0.000000
vt 0.562500 0.437500
vt 0.562500 0.875000
vt 0.562500 0.375000
vt 0.562500 0.812500
vt 0.546875 0.000000
vt 0.531250 0.062500
vt 0.531250 0.500000
vt 0.531250 0.437500
vt 0.531250 0.937500
vt 0.531250 0.875000
vt 0.531250 0.375000
vt 0.531250 0.812500
vt 0.531250 0.312500
vt 0.531250 0.750000
vt 0.531250 0.250000
vt 0.531250 0.687500
vt 0.531250 0.187500
vt 0.531250 0.625000
vt 0.531250 0.125000
vt 0.531250 0.562500
vt 0.546875 1.000000
vt 0.500000 0.250000
vt 0.500000 0.187500
vt 0.500000 0.687500
vt 0.500000 0.625000
vt 0.500000 0.125000
vt 0.500000 0.562500
vt 0.500000 0.062500
vt 0.500000 0.500000
vt 0.515625 1.000000
vt 0.500000 0.937500
vt 0.515625 0.000000
vt 0.500000 0.437500
vt 0.500000 0.875000
vt 0.500000 0.375000
vt 0.500000 0.812500
vt 0.500000 0.312500
vt 0.500000 0.750000
vt 0.468750 0.937500
vt 0.468750 0.875000
vt 0.468750 0.437500
vt 0.468750 0.375000
vt 0.468750 0.812500
vt 0.468750 0.312500
vt 0.468750 0.750000
vt 0.468750 0.250000
vt 0.468750 0.687500
vt 0.468750 0.187500
vt 0.468750 0.625000
vt 0.468750 0.125000
vt 0.468750 0.562500
vt 0.468750 0.062500
vt 0.468750 0.500000
vt 0.484375 1.000000
vt 0.484375 0.000000
vt 0.437500 0.687500
vt 0.437500 0.625000
vt 0.437500 0.187500
vt 0.437500 0.125000
vt 0.437500 0.562500
vt 0.437500 0.062500
vt 0.437500 0.500000
vt 0.453125 1.000000
vt 0.437500 0.937500
vt 0.453125 0.000000
vt 0.437500 0.437500
vt 0.437500 0.875000
vt 0.437500 0.375000
vt 0.437500 0.812500
vt 0.437500 0.312500
vt 0.437500 0.750000
vt 0.437500 0.250000
vt 0.406250 0.437500
vt 0.406250 0.375000
vt 0.406250 0.875000
vt 0.406250 0.812500
vt 0.406250 0.312500
vt 0.406250 0.750000
vt 0.406250 0.250000
vt 0.406250 0.687500
vt 0.406250 0.187500
vt 0.406250 0.625000
vt 0.406250 0.125000
vt 0.406250 0.562500
vt 0.406250 0.062500
vt 0.406250 0.500000
vt 0.421875 1.000000
vt 0.406250 0.937500
vt 0.421875 0.000000
vt 0.375000 0.187500
vt 0.375000 0.125000
vt 0.375000 0.625000
vt 0.375000 0.562500
vt 0.375000 0.062500
vt 0.375000 0.500000
vt 0.390625 1.000000
vt 0.375000 0.937500
vt 0.390625 0.000000
vt 0.375000 0.437500
vt 0.375000 0.875000
vt 0.375000 0.375000
vt 0.375000 0.812500
vt 0.375000 0.312500
vt 0.375000 0.750000
vt 0.375000 0.250000
vt 0.375000 0.687500
vt 0.343750 0.875000
vt 0.343750 0.812500
vt 0.343750 0.375000
vt 0.343750 0.312500
vt 0.343750 0.750000
vt 0.343750 0.250000
vt 0.343750 0.687500
vt 0.343750 0.187500
vt 0.343750 0.625000
vt 0.343750 0.125000
vt 0.343750 0.562500
vt 0.343750 0.062500
vt 0.343750 0.500000
vt 0.359375 1.000000
vt 0.343750 0.937500
vt 0.359375 0.000000
vt 0.343750 0.437500
vt 0.312500 0.625000
vt 0.312500 0.562500
vt 0.312500 0.125000
vt 0.312500 0.062500
vt 0.312500 0.500000
vt 0.328125 1.000000
vt 0.312500 0.937500
vt 0.328125 0.000000
vt 0.312500 0.437500
vt 0.312500 0.875000
vt 0.312500 0.375000
vt 0.312500 0.812500
vt 0.312500 0.312500
vt 0.312500 0.750000
vt 0.312500 0.250000
vt 0.312500 0.687500
vt 0.312500 0.187500
vt 0.281250 0.375000
vt 0.281250 0.312500
vt 0.281250 0.812500
vt 0.281250 0.750000
vt 0.281250 0.250000
vt 0.281250 0.687500
vt 0.281250 0.187500
vt 0.281250 0.625000
vt 0.281250 0.125000
vt 0.281250 0.562500
vt 0.281250 0.062500
vt 0.281250 0.500000
vt 0.296875 1.000000
vt 0.281250 0.937500
vt 0.296875 0.000000
vt 0.281250 0.437500
vt 0.281250 0.875000
vt 0.250000 0.125000
vt 0.250000 0.062500
vt 0.250000 0.562500
vt 0.250000 0.500000
vt 0.265625 1.000000
vt 0.250000 0.937500
vt 0.265625 0.000000
vt 0.250000 0.437500
vt 0.250000 0.875000
vt 0.250000 0.375000
vt 0.250000 0.812500
vt 0.250000 0.312500
vt 0.250000 0.750000
vt 0.250000 0.250000
vt 0.250000 0.687500
vt 0.250000 0.187500
vt 0.250000 0.625000
vt 0.218750 0.312500
vt 0.218750 0.250000
vt 0.218750 0.750000
vt 0.218750 0.687500
vt 0.218750 0.187500
vt 0.218750 0.625000
vt 0.218750 0.125000
vt 0.218750 0.562500
vt 0.218750 0.062500
vt 0.218750 0.500000
vt 0.234375 1.000000
vt 0.218750 0.937500
vt 0.234375 0.000000
vt 0.218750 0.437500
vt 0.218750 0.875000
vt 0.218750 0.375000
vt 0.218750 0.812500
vt 0.203125 1.000000
vt 0.187500 0.937500
vt 0.203125 0.000000
vt 0.187500 0.062500
vt 0.187500 0.500000
vt 0.187500 0.437500
vt 0.187500 0.875000
vt 0.187500 0.375000
vt 0.187500 0.812500
vt 0.187500 0.312500
vt 0.187500 0.750000
vt 0.187500 0.250000
vt 0.187500 0.687500
vt 0.187500 0.187500
vt 0.187500 0.625000
vt 0.187500 0.125000
vt 0.187500 0.562500
vt 0.156250 0.750000
vt 0.156250 0.687500
vt 0.156250 0.250000
vt 0.156250 0.187500
vt 0.156250 0.625000
vt 0.156250 0.125000
vt 0.156250 0.562500
vt 0.156250 0.062500
vt 0.156250 0.500000
vt 0.171875 1.000000
vt 0.156250 0.937500
vt 0.171875 0.000000
vt 0.156250 0.437500
vt 0.156250 0.875000
vt 0.156250 0.375000
vt 0.156250 0.812500
vt 0.156250 0.312500
vt 0.125000 0.500000
vt 0.125000 0.437500
vt 0.125000 0.937500
vt 0.125000 0.875000
vt 0.125000 0.375000
vt 0.125000 0.812500
vt 0.125000 0.312500
vt 0.125000 0.750000
vt 0.125000 0.250000
vt 0.125000 0.687500
vt 0.125000 0.187500
vt 0.125000 0.625000
vt 0.125000 0.125000
vt 0.125000 0.562500
vt 0.125000 0.062500
vt 0.140625 1.000000
vt 0.140625 0.000000
vt 0.093750 0.250000
vt 0.093750 0.187500
vt 0.093750 0.687500
vt 0.093750 0.625000
vt 0.093750 0.125000
vt 0.093750 0.562500
vt 0.093750 0.062500
vt 0.093750 0.500000
vt 0.109375 1.000000
vt 0.093750 0.937500
vt 0.109375 0.000000
vt 0.093750 0.437500
vt 0.093750 0.875000
vt 0.093750 0.375000
vt 0.093750 0.812500
vt 0.093750 0.312500
vt 0.093750 0.750000
vt 0.062500 0.937500
vt 0.062500 0.875000
vt 0.062500 0.437500
vt 0.062500 0.375000
vt 0.062500 0.812500
vt 0.062500 0.312500
vt 0.062500 0.750000
vt 0.062500 0.250000
vt 0.062500 0.687500
vt 0.062500 0.187500
vt 0.062500 0.625000
vt 0.062500 0.125000
vt 0.062500 0.562500
vt 0.062500 0.062500
vt 0.062500 0.500000
vt 0.078125 1.000000
vt 0.078125 0.000000
vt 0.031250 0.687500
vt 0.031250 0.625000
vt 0.031250 0.187500
vt 0.031250 0.125000
vt 0.031250 0.562500
vt 0.031250 0.062500
vt 0.031250 0.500000
vt 0.046875 1.000000
vt 0.031250 0.937500
vt 0.046875 0.000000
vt 0.031250 0.437500
vt 0.031250 0.875000
vt 0.031250 0.375000
vt 0.031250 0.812500
vt 0.031250 0.312500
vt 0.031250 0.750000
vt 0.031250 0.250000
vt 0.000000 0.437500
vt 0.000000 0.375000
vt 0.000000 0.875000
vt 0.000000 0.812500
vt 0.000000 0.312500
vt 0.000000 0.750000
vt 0.000000 0.250000
vt 0.000000 0.687500
vt 0.000000 0.187500
vt 0.000000 0.625000
vt 0.000000 0.125000
vt 0.000000 0.562500
vt 0.000000 0.062500
vt 0.000000 0.500000
vt 0.015625 1.000000
vt 0.000000 0.937500
vt 0.015625 0.000000
vt 1.000000 0.125000
vt 1.000000 0.187500
vt 0.968750 0.187500
vt 0.968750 0.125000
vt 1.000000 0.562500
vt 1.000000 0.625000
vt 0.968750 0.625000
vt 0.968750 0.562500
vt 1.000000 0.062500
vt 0.968750 0.062500
vt 1.000000 0.500000
vt 0.968750 0.500000
vt 1.000000 0.937500
vt 0.984375 1.000000
vt 0.968750 0.937500
vt 0.984375 0.000000
vt 1.000000 0.437500
vt 0.968750 0.437500
vt 1.000000 0.875000
vt 0.968750 0.875000
vt 1.000000 0.375000
vt 0.968750 0.375000
vt 1.000000 0.812500
vt 0.968750 0.812500
vt 1.000000 0.312500
vt 0.968750 0.312500
vt 1.000000 0.750000
vt 0.968750 0.750000
vt 1.000000 0.250000
vt 0.968750 0.250000
vt 1.000000 0.687500
vt 0.968750 0.687500
vt 0.937500 0.375000
vt 0.937500 0.312500
vt 0.937500 0.812500
vt 0.937500 0.750000
vt 0.937500 0.250000
vt 0.937500 0.687500
vt 0.937500 0.187500
vt 0.937500 0.625000
vt 0.937500 0.125000
vt 0.937500 0.562500
vt 0.937500 0.062500
vt 0.937500 0.500000
vt 0.953125 1.000000
vt 0.937500 0.937500
vt 0.953125 0.000000
vt 0.937500 0.437500
vt 0.937500 0.875000
vt 0.906250 0.125000
vt 0.906250 0.062500
vt 0.906250 0.562500
vt 0.906250 0.500000
vt 0.921875 1.000000
vt 0.906250 0.937500
vt 0.921875 0.000000
vt 0.906250 0.437500
vt 0.906250 0.875000
vt 0.906250 0.375000
vt 0.906250 0.812500
vt 0.906250 0.312500
vt 0.906250 0.750000
vt 0.906250 0.250000
vt 0.906250 0.687500
vt 0.906250 0.187500
vt 0.906250 0.625000
vt 0.875000 0.812500
vt 0.875000 0.750000
vt 0.875000 0.312500
vt 0.875000 0.250000
vt 0.875000 0.687500
vt 0.875000 0.187500
vt 0.875000 0.625000
vt 0.875000 0.125000
vt 0.875000 0.562500
vt 0.875000 0.062500
vt 0.875000 0.500000
vt 0.890625 1.000000
vt 0.875000 0.937500
vt 0.890625 0.000000
vt 0.875000 0.437500
vt 0.875000 0.875000
vt 0.875000 0.375000
vt 0.843750 0.562500
vt 0.843750 0.500000
vt 0.859375 1.000000
vt 0.843750 0.937500
vt 0.859375 0.000000
vt 0.843750 0.062500
vt 0.843750 0.437500
vt 0.843750 0.875000
vt 0.843750 0.375000
vt 0.843750 0.812500
vt 0.843750 0.312500
vt 0.843750 0.750000
vt 0.843750 0.250000
vt 0.843750 0.687500
vt 0.843750 0.187500
vt 0.843750 0.625000
vt 0.843750 0.125000
vt 0.812500 0.312500
vt 0.812500 0.250000
vt 0.812500 0.750000
vt 0.812500 0.687500
vt 0.812500 0.187500
vt 0.812500 0.625000
vt 0.812500 0.125000
vt 0.812500 0.562500
vt 0.812500 0.062500
vt 0.812500 0.500000
vt 0.828125 1.000000
vt 0.812500 0.937500
vt 0.828125 0.000000
vt 0.812500 0.437500
vt 0.812500 0.875000
vt 0.812500 0.375000
vt 0.812500 0.812500
vt 0.796875 1.000000
vt 0.781250 0.937500
vt 0.796875 0.000000
vt 0.781250 0.062500
vt 0.781250 0.500000
vt 0.781250 0.437500
vt 0.781250 0.875000
vt 0.781250 0.375000
vt 0.781250 0.812500
vt 0.781250 0.312500
vt 0.781250 0.750000
vt 0.781250 0.250000
vt 0.781250 0.687500
vt 0.781250 0.187500
vt 0.781250 0.625000
vt 0.781250 0.125000
vt 0.781250 0.562500
vt 0.765625 1.000000
vt 0.765625 0.000000
s 0
usemtl t1
f 5515/5829/3475 5042/5830/3475 5053/5831/3475 5054/5832/3475
f 5038/5833/3476 5512/5834/3476 5046/5835/3476 5047/5836/3476
f 5516/5837/3477 5515/5829/3477 5054/5832/3477 5055/5838/3477
f 5513/5839/3478 5038/5833/3478 5047/5836/3478 5048/5840/3478
f 5517/5841/3479 5516/5837/3479 5055/5838/3479 5056/5842/3479
f 5039/5843/3480 5513/5839/3480 5048/5840/3480 5049/5844/3480
f 5518/5845/3481 5517/5841/3481 5056/5842/3481 5057/5846/3481
f 5040/5847/3482 5039/5843/3482 5049/5844/3482 5050/5848/3482
f 5510/5849/3483 5118/5850/3483 5043/5851/3483
f 5344/5852/3484 5518/5845/3484 5057/5846/3484
f 5041/5853/3485 5040/5847/3485 5050/5848/3485 5051/5854/3485
f 5511/5855/3486 5510/5849/3486 5043/5851/3486 5044/5856/3486
f 5514/5857/3487 5041/5853/3487 5051/5854/3487 5052/5858/3487
f 5037/5859/3488 5511/5855/3488 5044/5856/3488 5045/5860/3488
f 5042/5830/3489 5514/5857/3489 5052/5858/3489 5053/5831/3489
f 5512/5834/3490 5037/5859/3490 5045/5860/3490 5046/5835/3490
f 5053/5831/3491 5052/5858/3491 5067/5861/3491 5068/5862/3491
f 5046/5835/3492 5045/5860/3492 5060/5863/3492 5061/5864/3492
f 5054/5832/3493 5053/5831/3493 5068/5862/3493 5069/5865/3493
f 5047/5836/3494 5046/5835/3494 5061/5864/3494 5062/5866/3494
f 5055/5838/3495 5054/5832/3495 5069/5865/3495 5070/5867/3495
f 5048/5840/3496 5047/5836/3496 5062/5866/3496 5063/5868/3496
f 5056/5842/3497 5055/5838/3497 5070/5867/3497 5071/5869/3497
f 5049/5844/3498 5048/5840/3498 5063/5868/3498 5064/5870/3498
f 5057/5846/3499 5056/5842/3499 5071/5869/3499 5072/5871/3499
f 5050/5848/3500 5049/5844/3500 5064/5870/3500 5065/5872/3500
f 5043/5851/3501 5118/5873/3501 5058/5874/3501
f 5344/5875/3502 5057/5846/3502 5072/5871/3502
f 5051/5854/3503 5050/5848/3503 5065/5872/3503 5066/5876/3503
f 5044/5856/3504 5043/5851/3504 5058/5874/3504 5059/5877/3504
f 5052/5858/3505 5051/5854/3505 5066/5876/3505 5067/5861/3505
f 5045/5860/3506 5044/5856/3506 5059/5877/3506 5060/5863/3506
f 5072/5871/3507 5071/5869/3507 5086/5878/3507 5087/5879/3507
f 5065/5872/3508 5064/5870/3508 5079/5880/3508 5080/5881/3508
f 5058/5874/3509 5118/5882/3509 5073/5883/3509
f 5344/5884/3510 5072/5871/3510 5087/5879/3510
f 5066/5876/3511 5065/5872/3511 5080/5881/3511 5081/5885/3511
f 5059/5877/3512 5058/5874/3512 5073/5883/3512 5074/5886/3512
f 5067/5861/3513 5066/5876/3513 5081/5885/3513 5082/5887/3513
f 5060/5863/3514 5059/5877/3514 5074/5886/3514 5075/5888/3514
f 5068/5862/3515 5067/5861/3515 5082/5887/3515 5083/5889/3515
f 5061/5864/3516 5060/5863/3516 5075/5888/3516 5076/5890/3516
f 5069/5865/3517 5068/5862/3517 5083/5889/3517 5084/5891/3517
f 5062/5866/3518 5061/5864/3518 5076/5890/3518 5077/5892/3518
f 5070/5867/3519 5069/5865/3519 5084/5891/3519 5085/5893/3519
f 5063/5868/3520 5062/5866/3520 5077/5892/3520 5078/5894/3520
f 5071/5869/3521 5070/5867/3521 5085/5893/3521 5086/5878/3521
f 5064/5870/3522 5063/5868/3522 5078/5894/3522 5079/5880/3522
f 5076/5890/3523 5075/5888/3523 5090/5895/3523 5091/5896/3523
f 5084/5891/3524 5083/5889/3524 5098/5897/3524 5099/5898/3524
f 5077/5892/3525 5076/5890/3525 5091/5896/3525 5092/5899/3525
f 5085/5893/3526 5084/5891/3526 5099/5898/3526 5100/5900/3526
f 5078/5894/3527 5077/5892/3527 5092/5899/3527 5093/5901/3527
f 5086/5878/3528 5085/5893/3528 5100/5900/3528 5101/5902/3528
f 5079/5880/3529 5078/5894/3529 5093/5901/3529 5094/5903/3529
f 5087/5879/3530 5086/5878/3530 5101/5902/3530 5102/5904/3530
f 5080/5881/3531 5079/5880/3531 5094/5903/3531 5095/5905/3531
f 5073/5883/3532 5118/5906/3532 5088/5907/3532
f 5344/5908/3533 5087/5879/3533 5102/5904/3533
f 5081/5885/3534 5080/5881/3534 5095/5905/3534 5096/5909/3534
f 5074/5886/3535 5073/5883/3535 5088/5907/3535 5089/5910/3535
f 5082/5887/3536 5081/5885/3536 5096/5909/3536 5097/5911/3536
f 5075/5888/3537 5074/5886/3537 5089/5910/3537 5090/5895/3537
f 5083/5889/3538 5082/5887/3538 5097/5911/3538 5098/5897/3538
f 5095/5905/3539 5094/5903/3539 5109/5912/3539 5110/5913/3539
f 5088/5907/3540 5118/5914/3540 5103/5915/3540
f 5344/5916/3541 5102/5904/3541 5117/5917/3541
f 5096/5909/3542 5095/5905/3542 5110/5913/3542 5111/5918/3542
f 5089/5910/3543 5088/5907/3543 5103/5915/3543 5104/5919/3543
f 5097/5911/3544 5096/5909/3544 5111/5918/3544 5112/5920/3544
f 5090/5895/3545 5089/5910/3545 5104/5919/3545 5105/5921/3545
f 5098/5897/3546 5097/5911/3546 5112/5920/3546 5113/5922/3546
f 5091/5896/3547 5090/5895/3547 5105/5921/3547 5106/5923/3547
f 5099/5898/3548 5098/5897/3548 5113/5922/3548 5114/5924/3548
f 5092/5899/3549 5091/5896/3549 5106/5923/3549 5107/5925/3549
f 5100/5900/3550 5099/5898/3550 5114/5924/3550 5115/5926/3550
f 5093/5901/3551 5092/5899/3551 5107/5925/3551 5108/5927/3551
f 5101/5902/3552 5100/5900/3552 5115/5926/3552 5116/5928/3552
f 5094/5903/3553 5093/5901/3553 5108/5927/3553 5109/5912/3553
f 5102/5904/3554 5101/5902/3554 5116/5928/3554 5117/5917/3554
f 5114/5924/3555 5113/5922/3555 5129/5929/3555 5130/5930/3555
f 5107/5925/3556 5106/5923/3556 5122/5931/3556 5123/5932/3556
f 5115/5926/3557 5114/5924/3557 5130/5930/3557 5131/5933/3557
f 5108/5927/3558 5107/5925/3558 5123/5932/3558 5124/5934/3558
f 5116/5928/3559 5115/5926/3559 5131/5933/3559 5132/5935/3559
f 5109/5912/3560 5108/5927/3560 5124/5934/3560 5125/5936/3560
f 5117/5917/3561 5116/5928/3561 5132/5935/3561 5133/5937/3561
f 5110/5913/3562 5109/5912/3562 5125/5936/3562 5126/5938/3562
f 5103/5915/3563 5118/5939/3563 5119/5940/3563
f 5344/5941/3564 5117/5917/3564 5133/5937/3564
f 5111/5918/3565 5110/5913/3565 5126/5938/3565 5127/5942/3565
f 5104/5919/3566 5103/5915/3566 5119/5940/3566 5120/5943/3566
f 5112/5920/3567 5111/5918/3567 5127/5942/3567 5128/5944/3567
f 5105/5921/3568 5104/5919/3568 5120/5943/3568 5121/5945/3568
f 5113/5922/3569 5112/5920/3569 5128/5944/3569 5129/5929/3569
f 5106/5923/3570 5105/5921/3570 5121/5945/3570 5122/5931/3570
f 5344/5946/3571 5133/5937/3571 5148/5947/3571
f 5127/5942/3572 5126/5938/3572 5141/5948/3572 5142/5949/3572
f 5120/5943/3573 5119/5940/3573 5134/5950/3573 5135/5951/3573
f 5128/5944/3574 5127/5942/3574 5142/5949/3574 5143/5952/3574
f 5121/5945/3575 5120/5943/3575 5135/5951/3575 5136/5953/3575
f 5129/5929/3576 5128/5944/3576 5143/5952/3576 5144/5954/3576
f 5122/5931/3577 5121/5945/3577 5136/5953/3577 5137/5955/3577
f 5130/5930/3578 5129/5929/3578 5144/5954/3578 5145/5956/3578
f 5123/5932/3579 5122/5931/3579 5137/5955/3579 5138/5957/3579
f 5131/5933/3580 5130/5930/3580 5145/5956/3580 5146/5958/3580
f 5124/5934/3581 5123/5932/3581 5138/5957/3581 5139/5959/3581
f 5132/5935/3582 5131/5933/3582 5146/5958/3582 5147/5960/3582
f 5125/5936/3583 5124/5934/3583 5139/5959/3583 5140/5961/3583
f 5133/5937/3584 5132/5935/3584 5147/5960/3584 5148/5947/3584
f 5126/5938/3585 5125/5936/3585 5140/5961/3585 5141/5948/3585
f 5119/5940/3586 5118/5962/3586 5134/5950/3586
f 5146/5958/3587 5145/5956/3587 5160/5963/3587 5161/5964/3587
f 5139/5959/3588 5138/5957/3588 5153/5965/3588 5154/5966/3588
f 5147/5960/3589 5146/5958/3589 5161/5964/3589 5162/5967/3589
f 5140/5961/3590 5139/5959/3590 5154/5966/3590 5155/5968/3590
f 5148/5947/3591 5147/5960/3591 5162/5967/3591 5163/5969/3591
f 5141/5948/3592 5140/5961/3592 5155/5968/3592 5156/5970/3592
f 5134/5950/3593 5118/5971/3593 5149/5972/3593
f 5344/5973/3594 5148/5947/3594 5163/5969/3594
f 5142/5949/3595 5141/5948/3595 5156/5970/3595 5157/5974/3595
f 5135/5951/3596 5134/5950/3596 5149/5972/3596 5150/5975/3596
f 5143/5952/3597 5142/5949/3597 5157/5974/3597 5158/5976/3597
f 5136/5953/3598 5135/5951/3598 5150/5975/3598 5151/5977/3598
f 5144/5954/3599 5143/5952/3599 5158/5976/3599 5159/5978/3599
f 5137/5955/3600 5136/5953/3600 5151/5977/3600 5152/5979/3600
f 5145/5956/3601 5144/5954/3601 5159/5978/3601 5160/5963/3601
f 5138/5957/3602 5137/5955/3602 5152/5979/3602 5153/5965/3602
f 5150/5975/3603 5149/5972/3603 5164/5980/3603 5165/5981/3603
f 5158/5976/3604 5157/5974/3604 5172/5982/3604 5173/5983/3604
f 5151/5977/3605 5150/5975/3605 5165/5981/3605 5166/5984/3605
f 5159/5978/3606 5158/5976/3606 5173/5983/3606 5174/5985/3606
f 5152/5979/3607 5151/5977/3607 5166/5984/3607 5167/5986/3607
f 5160/5963/3608 5159/5978/3608 5174/5985/3608 5175/5987/3608
f 5153/5965/3609 5152/5979/3609 5167/5986/3609 5168/5988/3609
f 5161/5964/3610 5160/5963/3610 5175/5987/3610 5176/5989/3610
f 5154/5966/3611 5153/5965/3611 5168/5988/3611 5169/5990/3611
f 5162/5967/3612 5161/5964/3612 5176/5989/3612 5177/5991/3612
f 5155/5968/3613 5154/5966/3613 5169/5990/3613 5170/5992/3613
f 5163/5969/3614 5162/5967/3614 5177/5991/3614 5178/5993/3614
f 5156/5970/3615 5155/5968/3615 5170/5992/3615 5171/5994/3615
f 5149/5972/3616 5118/5995/3616 5164/5980/3616
f 5344/5996/3617 5163/5969/3617 5178/5993/3617
f 5157/5974/3618 5156/5970/3618 5171/5994/3618 5172/5982/3618
f 5169/5990/3619 5168/5988/3619 5183/5997/3619 5184/5998/3619
f 5177/5991/3620 5176/5989/3620 5191/5999/3620 5192/6000/3620
f 5170/5992/3621 5169/5990/3621 5184/5998/3621 5185/6001/3621
f 5178/5993/3622 5177/5991/3622 5192/6000/3622 5193/6002/3622
f 5171/5994/3623 5170/5992/3623 5185/6001/3623 5186/6003/3623
f 5164/5980/3624 5118/6004/3624 5179/6005/3624
f 5344/6006/3625 5178/5993/3625 5193/6002/3625
f 5172/5982/3626 5171/5994/3626 5186/6003/3626 5187/6007/3626
f 5165/5981/3627 5164/5980/3627 5179/6005/3627 5180/6008/3627
f 5173/5983/3628 5172/5982/3628 5187/6007/3628 5188/6009/3628
f 5166/5984/3629 5165/5981/3629 5180/6008/3629 5181/6010/3629
f 5174/5985/3630 5173/5983/3630 5188/6009/3630 5189/6011/3630
f 5167/5986/3631 5166/5984/3631 5181/6010/3631 5182/6012/3631
f 5175/5987/3632 5174/5985/3632 5189/6011/3632 5190/6013/3632
f 5168/5988/3633 5167/5986/3633 5182/6012/3633 5183/5997/3633
f 5176/5989/3634 5175/5987/3634 5190/6013/3634 5191/5999/3634
f 5188/6009/3635 5187/6007/3635 5202/6014/3635 5203/6015/3635
f 5181/6010/3636 5180/6008/3636 5195/6016/3636 5196/6017/3636
f 5189/6011/3637 5188/6009/3637 5203/6015/3637 5204/6018/3637
f 5182/6012/3638 5181/6010/3638 5196/6017/3638 5197/6019/3638
f 5190/6013/3639 5189/6011/3639 5204/6018/3639 5205/6020/3639
f 5183/5997/3640 5182/6012/3640 5197/6019/3640 5198/6021/3640
f 5191/5999/3641 5190/6013/3641 5205/6020/3641 5206/6022/3641
f 5184/5998/3642 5183/5997/3642 5198/6021/3642 5199/6023/3642
f 5192/6000/3643 5191/5999/3643 5206/6022/3643 5207/6024/3643
f 5185/6001/3644 5184/5998/3644 5199/6023/3644 5200/6025/3644
f 5193/6002/3645 5192/6000/3645 5207/6024/3645 5208/6026/3645
f 5186/6003/3646 5185/6001/3646 5200/6025/3646 5201/6027/3646
f 5179/6005/3647 5118/6028/3647 5194/6029/3647
f 5344/6030/3648 5193/6002/3648 5208/6026/3648
f 5187/6007/3649 5186/6003/3649 5201/6027/3649 5202/6014/3649
f 5180/6008/3650 5179/6005/3650 5194/6029/3650 5195/6016/3650
f 5207/6024/3651 5206/6022/3651 5221/6031/3651 5222/6032/3651
f 5200/6025/3652 5199/6023/3652 5214/6033/3652 5215/6034/3652
f 5208/6026/3653 5207/6024/3653 5222/6032/3653 5223/6035/3653
f 5201/6027/3654 5200/6025/3654 5215/6034/3654 5216/6036/3654
f 5194/6029/3655 5118/6037/3655 5209/6038/3655
f 5344/6039/3656 5208/6026/3656 5223/6035/3656
f 5202/6014/3657 5201/6027/3657 5216/6036/3657 5217/6040/3657
f 5195/6016/3658 5194/6029/3658 5209/6038/3658 5210/6041/3658
f 5203/6015/3659 5202/6014/3659 5217/6040/3659 5218/6042/3659
f 5196/6017/3660 5195/6016/3660 5210/6041/3660 5211/6043/3660
f 5204/6018/3661 5203/6015/3661 5218/6042/3661 5219/6044/3661
f 5197/6019/3662 5196/6017/3662 5211/6043/3662 5212/6045/3662
f 5205/6020/3663 5204/6018/3663 5219/6044/3663 5220/6046/3663
f 5198/6021/3664 5197/6019/3664 5212/6045/3664 5213/6047/3664
f 5206/6022/3665 5205/6020/3665 5220/6046/3665 5221/6031/3665
f 5199/6023/3666 5198/6021/3666 5213/6047/3666 5214/6033/3666
f 5211/6043/3667 5210/6041/3667 5225/6048/3667 5226/6049/3667
f 5219/6044/3668 5218/6042/3668 5233/6050/3668 5234/6051/3668
f 5212/6045/3669 5211/6043/3669 5226/6049/3669 5227/6052/3669
f 5220/6046/3670 5219/6044/3670 5234/6051/3670 5235/6053/3670
f 5213/6047/3671 5212/6045/3671 5227/6052/3671 5228/6054/3671
f 5221/6031/3672 5220/6046/3672 5235/6053/3672 5236/6055/3672
f 5214/6033/3673 5213/6047/3673 5228/6054/3673 5229/6056/3673
f 5222/6032/3674 5221/6031/3674 5236/6055/3674 5237/6057/3674
f 5215/6034/3675 5214/6033/3675 5229/6056/3675 5230/6058/3675
f 5223/6035/3676 5222/6032/3676 5237/6057/3676 5238/6059/3676
f 5216/6036/3677 5215/6034/3677 5230/6058/3677 5231/6060/3677
f 5209/6038/3678 5118/6061/3678 5224/6062/3678
f 5344/6063/3679 5223/6035/3679 5238/6059/3679
f 5217/6040/3680 5216/6036/3680 5231/6060/3680 5232/6064/3680
f 5210/6041/3681 5209/6038/3681 5224/6062/3681 5225/6048/3681
f 5218/6042/3682 5217/6040/3682 5232/6064/3682 5233/6050/3682
f 5230/6058/3683 5229/6056/3683 5244/6065/3683 5245/6066/3683
f 5238/6059/3684 5237/6057/3684 5252/6067/3684 5253/6068/3684
f 5231/6060/3685 5230/6058/3685 5245/6066/3685 5246/6069/3685
f 5224/6062/3686 5118/6070/3686 5239/6071/3686
f 5344/6072/3687 5238/6059/3687 5253/6068/3687
f 5232/6064/3688 5231/6060/3688 5246/6069/3688 5247/6073/3688
f 5225/6048/3689 5224/6062/3689 5239/6071/3689 5240/6074/3689
f 5233/6050/3690 5232/6064/3690 5247/6073/3690 5248/6075/3690
f 5226/6049/3691 5225/6048/3691 5240/6074/3691 5241/6076/3691
f 5234/6051/3692 5233/6050/3692 5248/6075/3692 5249/6077/3692
f 5227/6052/3693 5226/6049/3693 5241/6076/3693 5242/6078/3693
f 5235/6053/3694 5234/6051/3694 5249/6077/3694 5250/6079/3694
f 5228/6054/3695 5227/6052/3695 5242/6078/3695 5243/6080/3695
f 5236/6055/3696 5235/6053/3696 5250/6079/3696 5251/6081/3696
f 5229/6056/3697 5228/6054/3697 5243/6080/3697 5244/6065/3697
f 5237/6057/3698 5236/6055/3698 5251/6081/3698 5252/6067/3698
f 5249/6077/3699 5248/6075/3699 5263/6082/3699 5264/6083/3699
f 5242/6078/3700 5241/6076/3700 5256/6084/3700 5257/6085/3700
f 5250/6079/3701 5249/6077/3701 5264/6083/3701 5265/6086/3701
f 5243/6080/3702 5242/6078/3702 5257/6085/3702 5258/6087/3702
f 5251/6081/3703 5250/6079/3703 5265/6086/3703 5266/6088/3703
f 5244/6065/3704 5243/6080/3704 5258/6087/3704 5259/6089/3704
f 5252/6067/3705 5251/6081/3705 5266/6088/3705 5267/6090/3705
f 5245/6066/3706 5244/6065/3706 5259/6089/3706 5260/6091/3706
f 5253/6068/3707 5252/6067/3707 5267/6090/3707 5268/6092/3707
f 5246/6069/3708 5245/6066/3708 5260/6091/3708 5261/6093/3708
f 5239/6071/3709 5118/6094/3709 5254/6095/3709
f 5344/6096/3710 5253/6068/3710 5268/6092/3710
f 5247/6073/3711 5246/6069/3711 5261/6093/3711 5262/6097/3711
f 5240/6074/3712 5239/6071/3712 5254/6095/3712 5255/6098/3712
f 5248/6075/3713 5247/6073/3713 5262/6097/3713 5263/6082/3713
f 5241/6076/3714 5240/6074/3714 5255/6098/3714 5256/6084/3714
f 5268/6092/3715 5267/6090/3715 5282/6099/3715 5283/6100/3715
f 5261/6093/3716 5260/6091/3716 5275/6101/3716 5276/6102/3716
f 5254/6095/3717 5118/6103/3717 5269/6104/3717
f 5344/6105/3718 5268/6092/3718 5283/6100/3718
f 5262/6097/3719 5261/6093/3719 5276/6102/3719 5277/6106/3719
f 5255/6098/3720 5254/6095/3720 5269/6104/3720 5270/6107/3720
f 5263/6082/3721 5262/6097/3721 5277/6106/3721 5278/6108/3721
f 5256/6084/3722 5255/6098/3722 5270/6107/3722 5271/6109/3722
f 5264/6083/3723 5263/6082/3723 5278/6108/3723 5279/6110/3723
f 5257/6085/3724 5256/6084/3724 5271/6109/3724 5272/6111/3724
f 5265/6086/3725 5264/6083/3725 5279/6110/3725 5280/6112/3725
f 5258/6087/3726 5257/6085/3726 5272/6111/3726 5273/6113/3726
f 5266/6088/3727 5265/6086/3727 5280/6112/3727 5281/6114/3727
f 5259/6089/3728 5258/6087/3728 5273/6113/3728 5274/6115/3728
f 5267/6090/3729 5266/6088/3729 5281/6114/3729 5282/6099/3729
f 5260/6091/3730 5259/6089/3730 5274/6115/3730 5275/6101/3730
f 5280/6112/3731 5279/6110/3731 5294/6116/3731 5295/6117/3731
f 5273/6113/3732 5272/6111/3732 5287/6118/3732 5288/6119/3732
f 5281/6114/3733 5280/6112/3733 5295/6117/3733 5296/6120/3733
f 5274/6115/3734 5273/6113/3734 5288/6119/3734 5289/6121/3734
f 5282/6099/3735 5281/6114/3735 5296/6120/3735 5297/6122/3735
f 5275/6101/3736 5274/6115/3736 5289/6121/3736 5290/6123/3736
f 5283/6100/3737 5282/6099/3737 5297/6122/3737 5298/6124/3737
f 5276/6102/3738 5275/6101/3738 5290/6123/3738 5291/6125/3738
f 5269/6104/3739 5118/6126/3739 5284/6127/3739
f 5344/6128/3740 5283/6100/3740 5298/6124/3740
f 5277/6106/3741 5276/6102/3741 5291/6125/3741 5292/6129/3741
f 5270/6107/3742 5269/6104/3742 5284/6127/3742 5285/6130/3742
f 5278/6108/3743 5277/6106/3743 5292/6129/3743 5293/6131/3743
f 5271/6109/3744 5270/6107/3744 5285/6130/3744 5286/6132/3744
f 5279/6110/3745 5278/6108/3745 5293/6131/3745 5294/6116/3745
f 5272/6111/3746 5271/6109/3746 5286/6132/3746 5287/6118/3746
f 5284/6127/3747 5118/6133/3747 5299/6134/3747
f 5344/6135/3748 5298/6124/3748 5313/6136/3748
f 5292/6129/3749 5291/6125/3749 5306/6137/3749 5307/6138/3749
f 5285/6130/3750 5284/6127/3750 5299/6134/3750 5300/6139/3750
f 5293/6131/3751 5292/6129/3751 5307/6138/3751 5308/6140/3751
f 5286/6132/3752 5285/6130/3752 5300/6139/3752 5301/6141/3752
f 5294/6116/3753 5293/6131/3753 5308/6140/3753 5309/6142/3753
f 5287/6118/3754 5286/6132/3754 5301/6141/3754 5302/6143/3754
f 5295/6117/3755 5294/6116/3755 5309/6142/3755 5310/6144/3755
f 5288/6119/3756 5287/6118/3756 5302/6143/3756 5303/6145/3756
f 5296/6120/3757 5295/6117/3757 5310/6144/3757 5311/6146/3757
f 5289/6121/3758 5288/6119/3758 5303/6145/3758 5304/6147/3758
f 5297/6122/3759 5296/6120/3759 5311/6146/3759 5312/6148/3759
f 5290/6123/3760 5289/6121/3760 5304/6147/3760 5305/6149/3760
f 5298/6124/3761 5297/6122/3761 5312/6148/3761 5313/6136/3761
f 5291/6125/3762 5290/6123/3762 5305/6149/3762 5306/6137/3762
f 5303/6145/3763 5302/6143/3763 5317/6150/3763 5318/6151/3763
f 5311/6146/3764 5310/6144/3764 5325/6152/3764 5326/6153/3764
f 5304/6147/3765 5303/6145/3765 5318/6151/3765 5319/6154/3765
f 5312/6148/3766 5311/6146/3766 5326/6153/3766 5327/6155/3766
f 5305/6149/3767 5304/6147/3767 5319/6154/3767 5320/6156/3767
f 5313/6136/3768 5312/6148/3768 5327/6155/3768 5328/6157/3768
f 5306/6137/3769 5305/6149/3769 5320/6156/3769 5321/6158/3769
f 5299/6134/3770 5118/6159/3770 5314/6160/3770
f 5344/6161/3771 5313/6136/3771 5328/6157/3771
f 5307/6138/3772 5306/6137/3772 5321/6158/3772 5322/6162/3772
f 5300/6139/3773 5299/6134/3773 5314/6160/3773 5315/6163/3773
f 5308/6140/3774 5307/6138/3774 5322/6162/3774 5323/6164/3774
f 5301/6141/3775 5300/6139/3775 5315/6163/3775 5316/6165/3775
f 5309/6142/3776 5308/6140/3776 5323/6164/3776 5324/6166/3776
f 5302/6143/3777 5301/6141/3777 5316/6165/3777 5317/6150/3777
f 5310/6144/3778 5309/6142/3778 5324/6166/3778 5325/6152/3778
f 5322/6162/3779 5321/6158/3779 5336/6167/3779 5337/6168/3779
f 5315/6163/3780 5314/6160/3780 5329/6169/3780 5330/6170/3780
f 5323/6164/3781 5322/6162/3781 5337/6168/3781 5338/6171/3781
f 5316/6165/3782 5315/6163/3782 5330/6170/3782 5331/6172/3782
f 5324/6166/3783 5323/6164/3783 5338/6171/3783 5339/6173/3783
f 5317/6150/3784 5316/6165/3784 5331/6172/3784 5332/6174/3784
f 5325/6152/3785 5324/6166/3785 5339/6173/3785 5340/6175/3785
f 5318/6151/3786 5317/6150/3786 5332/6174/3786 5333/6176/3786
f 5326/6153/3787 5325/6152/3787 5340/6175/3787 5341/6177/3787
f 5319/6154/3788 5318/6151/3788 5333/6176/3788 5334/6178/3788
f 5327/6155/3789 5326/6153/3789 5341/6177/3789 5342/6179/3789
f 5320/6156/3790 5319/6154/3790 5334/6178/3790 5335/6180/3790
f 5328/6157/3791 5327/6155/3791 5342/6179/3791 5343/6181/3791
f 5321/6158/3792 5320/6156/3792 5335/6180/3792 5336/6167/3792
f 5314/6160/3793 5118/6182/3793 5329/6169/3793
f 5344/6183/3794 5328/6157/3794 5343/6181/3794
f 5341/6177/3795 5340/6175/3795 5356/6184/3795 5357/6185/3795
f 5334/6178/3796 5333/6176/3796 5349/6186/3796 5350/6187/3796
f 5342/6179/3797 5341/6177/3797 5357/6185/3797 5358/6188/3797
f 5335/6180/3798 5334/6178/3798 5350/6187/3798 5351/6189/3798
f 5343/6181/3799 5342/6179/3799 5358/6188/3799 5359/6190/3799
f 5336/6167/3800 5335/6180/3800 5351/6189/3800 5352/6191/3800
f 5329/6169/3801 5118/6192/3801 5345/6193/3801
f 5344/6194/3802 5343/6181/3802 5359/6190/3802
f 5337/6168/3803 5336/6167/3803 5352/6191/3803 5353/6195/3803
f 5330/6170/3804 5329/6169/3804 5345/6193/3804 5346/6196/3804
f 5338/6171/3805 5337/6168/3805 5353/6195/3805 5354/6197/3805
f 5331/6172/3806 5330/6170/3806 5346/6196/3806 5347/6198/3806
f 5339/6173/3807 5338/6171/3807 5354/6197/3807 5355/6199/3807
f 5332/6174/3808 5331/6172/3808 5347/6198/3808 5348/6200/3808
f 5340/6175/3809 5339/6173/3809 5355/6199/3809 5356/6184/3809
f 5333/6176/3810 5332/6174/3810 5348/6200/3810 5349/6186/3810
f 5346/6196/3811 5345/6193/3811 5360/6201/3811 5361/6202/3811
f 5354/6197/3812 5353/6195/3812 5368/6203/3812 5369/6204/3812
f 5347/6198/3813 5346/6196/3813 5361/6202/3813 5362/6205/3813
f 5355/6199/3814 5354/6197/3814 5369/6204/3814 5370/6206/3814
f 5348/6200/3815 5347/6198/3815 5362/6205/3815 5363/6207/3815
f 5356/6184/3816 5355/6199/3816 5370/6206/3816 5371/6208/3816
f 5349/6186/3817 5348/6200/3817 5363/6207/3817 5364/6209/3817
f 5357/6185/3818 5356/6184/3818 5371/6208/3818 5372/6210/3818
f 5350/6187/3819 5349/6186/3819 5364/6209/3819 5365/6211/3819
f 5358/6188/3820 5357/6185/3820 5372/6210/3820 5373/6212/3820
f 5351/6189/3821 5350/6187/3821 5365/6211/3821 5366/6213/3821
f 5359/6190/3822 5358/6188/3822 5373/6212/3822 5374/6214/3822
f 5352/6191/3823 5351/6189/3823 5366/6213/3823 5367/6215/3823
f 5345/6193/3824 5118/6216/3824 5360/6201/3824
f 5344/6217/3825 5359/6190/3825 5374/6214/3825
f 5353/6195/3826 5352/6191/3826 5367/6215/3826 5368/6203/3826
f 5365/6211/3827 5364/6209/3827 5379/6218/3827 5380/6219/3827
f 5373/6212/3828 5372/6210/3828 5387/6220/3828 5388/6221/3828
f 5366/6213/3829 5365/6211/3829 5380/6219/3829 5381/6222/3829
f 5374/6214/3830 5373/6212/3830 5388/6221/3830 5389/6223/3830
f 5367/6215/3831 5366/6213/3831 5381/6222/3831 5382/6224/3831
f 5360/6201/3832 5118/6225/3832 5375/6226/3832
f 5344/6227/3833 5374/6214/3833 5389/6223/3833
f 5368/6203/3834 5367/6215/3834 5382/6224/3834 5383/6228/3834
f 5361/6202/3835 5360/6201/3835 5375/6226/3835 5376/6229/3835
f 5369/6204/3836 5368/6203/3836 5383/6228/3836 5384/6230/3836
f 5362/6205/3837 5361/6202/3837 5376/6229/3837 5377/6231/3837
f 5370/6206/3838 5369/6204/3838 5384/6230/3838 5385/6232/3838
f 5363/6207/3839 5362/6205/3839 5377/6231/3839 5378/6233/3839
f 5371/6208/3840 5370/6206/3840 5385/6232/3840 5386/6234/3840
f 5364/6209/3841 5363/6207/3841 5378/6233/3841 5379/6218/3841
f 5372/6210/3842 5371/6208/3842 5386/6234/3842 5387/6220/3842
f 5384/6230/3843 5383/6228/3843 5398/6235/3843 5399/6236/3843
f 5377/6231/3844 5376/6229/3844 5391/6237/3844 5392/6238/3844
f 5385/6232/3845 5384/6230/3845 5399/6236/3845 5400/6239/3845
f 5378/6233/3846 5377/6231/3846 5392/6238/3846 5393/6240/3846
f 5386/6234/3847 5385/6232/3847 5400/6239/3847 5401/6241/3847
f 5379/6218/3848 5378/6233/3848 5393/6240/3848 5394/6242/3848
f 5387/6220/3849 5386/6234/3849 5401/6241/3849 5402/6243/3849
f 5380/6219/3850 5379/6218/3850 5394/6242/3850 5395/6244/3850
f 5388/6221/3851 5387/6220/3851 5402/6243/3851 5403/6245/3851
f 5381/6222/3852 5380/6219/3852 5395/6244/3852 5396/6246/3852
f 5389/6223/3853 5388/6221/3853 5403/6245/3853 5404/6247/3853
f 5382/6224/3854 5381/6222/3854 5396/6246/3854 5397/6248/3854
f 5375/6226/3855 5118/6249/3855 5390/6250/3855
f 5344/6251/3856 5389/6223/3856 5404/6247/3856
f 5383/6228/3857 5382/6224/3857 5397/6248/3857 5398/6235/3857
f 5376/6229/3858 5375/6226/3858 5390/6250/3858 5391/6237/3858
f 5403/6252/3859 5402/6253/3859 5417/6254/3859 5418/6255/3859
f 5396/6256/3860 5395/6257/3860 5410/6258/3860 5411/6259/3860
f 5404/6260/3861 5403/6252/3861 5418/6255/3861 5419/6261/3861
f 5397/6262/3862 5396/6256/3862 5411/6259/3862 5412/6263/3862
f 5390/6264/3863 5118/6265/3863 5405/6266/3863
f 5344/6267/3864 5404/6260/3864 5419/6261/3864
f 5398/6268/3865 5397/6262/3865 5412/6263/3865 5413/6269/3865
f 5391/6270/3866 5390/6264/3866 5405/6266/3866 5406/6271/3866
f 5399/6272/3867 5398/6268/3867 5413/6269/3867 5414/6273/3867
f 5392/6274/3868 5391/6270/3868 5406/6271/3868 5407/6275/3868
f 5400/6276/3869 5399/6272/3869 5414/6273/3869 5415/6277/3869
f 5393/6278/3870 5392/6274/3870 5407/6275/3870 5408/6279/3870
f 5401/6280/3871 5400/6276/3871 5415/6277/3871 5416/6281/3871
f 5394/6282/3872 5393/6278/3872 5408/6279/3872 5409/6283/3872
f 5402/6253/3873 5401/6280/3873 5416/6281/3873 5417/6254/3873
f 5395/6257/3874 5394/6282/3874 5409/6283/3874 5410/6258/3874
f 5415/6277/3875 5414/6273/3875 5429/6284/3875 5430/6285/3875
f 5408/6279/3876 5407/6275/3876 5422/6286/3876 5423/6287/3876
f 5416/6281/3877 5415/6277/3877 5430/6285/3877 5431/6288/3877
f 5409/6283/3878 5408/6279/3878 5423/6287/3878 5424/6289/3878
f 5417/6254/3879 5416/6281/3879 5431/6288/3879 5432/6290/3879
f 5410/6258/3880 5409/6283/3880 5424/6289/3880 5425/6291/3880
f 5418/6255/3881 5417/6254/3881 5432/6290/3881 5433/6292/3881
f 5411/6259/3882 5410/6258/3882 5425/6291/3882 5426/6293/3882
f 5419/6261/3883 5418/6255/3883 5433/6292/3883 5434/6294/3883
f 5412/6263/3884 5411/6259/3884 5426/6293/3884 5427/6295/3884
f 5405/6266/3885 5118/6296/3885 5420/6297/3885
f 5344/6298/3886 5419/6261/3886 5434/6294/3886
f 5413/6269/3887 5412/6263/3887 5427/6295/3887 5428/6299/3887
f 5406/6271/3888 5405/6266/3888 5420/6297/3888 5421/6300/3888
f 5414/6273/3889 5413/6269/3889 5428/6299/3889 5429/6284/3889
f 5407/6275/3890 5406/6271/3890 5421/6300/3890 5422/6286/3890
f 5434/6294/3891 5433/6292/3891 5448/6301/3891 5449/6302/3891
f 5427/6295/3892 5426/6293/3892 5441/6303/3892 5442/6304/3892
f 5420/6297/3893 5118/6305/3893 5435/6306/3893
f 5344/6307/3894 5434/6294/3894 5449/6302/3894
f 5428/6299/3895 5427/6295/3895 5442/6304/3895 5443/6308/3895
f 5421/6300/3896 5420/6297/3896 5435/6306/3896 5436/6309/3896
f 5429/6284/3897 5428/6299/3897 5443/6308/3897 5444/6310/3897
f 5422/6286/3898 5421/6300/3898 5436/6309/3898 5437/6311/3898
f 5430/6285/3899 5429/6284/3899 5444/6310/3899 5445/6312/3899
f 5423/6287/3900 5422/6286/3900 5437/6311/3900 5438/6313/3900
f 5431/6288/3901 5430/6285/3901 5445/6312/3901 5446/6314/3901
f 5424/6289/3902 5423/6287/3902 5438/6313/3902 5439/6315/3902
f 5432/6290/3903 5431/6288/3903 5446/6314/3903 5447/6316/3903
f 5425/6291/3904 5424/6289/3904 5439/6315/3904 5440/6317/3904
f 5433/6292/3905 5432/6290/3905 5447/6316/3905 5448/6301/3905
f 5426/6293/3906 5425/6291/3906 5440/6317/3906 5441/6303/3906
f 5438/6313/3907 5437/6311/3907 5452/6318/3907 5453/6319/3907
f 5446/6314/3908 5445/6312/3908 5460/6320/3908 5461/6321/3908
f 5439/6315/3909 5438/6313/3909 5453/6319/3909 5454/6322/3909
f 5447/6316/3910 5446/6314/3910 5461/6321/3910 5462/6323/3910
f 5440/6317/3911 5439/6315/3911 5454/6322/3911 5455/6324/3911
f 5448/6301/3912 5447/6316/3912 5462/6323/3912 5463/6325/3912
f 5441/6303/3913 5440/6317/3913 5455/6324/3913 5456/6326/3913
f 5449/6302/3914 5448/6301/3914 5463/6325/3914 5464/6327/3914
f 5442/6304/3915 5441/6303/3915 5456/6326/3915 5457/6328/3915
f 5435/6306/3916 5118/6329/3916 5450/6330/3916
f 5344/6331/3917 5449/6302/3917 5464/6327/3917
f 5443/6308/3918 5442/6304/3918 5457/6328/3918 5458/6332/3918
f 5436/6309/3919 5435/6306/3919 5450/6330/3919 5451/6333/3919
f 5444/6310/3920 5443/6308/3920 5458/6332/3920 5459/6334/3920
f 5437/6311/3921 5436/6309/3921 5451/6333/3921 5452/6318/3921
f 5445/6312/3922 5444/6310/3922 5459/6334/3922 5460/6320/3922
f 5457/6328/3923 5456/6326/3923 5471/6335/3923 5472/6336/3923
f 5450/6330/3924 5118/6337/3924 5465/6338/3924
f 5344/6339/3925 5464/6327/3925 5479/6340/3925
f 5458/6332/3926 5457/6328/3926 5472/6336/3926 5473/6341/3926
f 5451/6333/3927 5450/6330/3927 5465/6338/3927 5466/6342/3927
f 5459/6334/3928 5458/6332/3928 5473/6341/3928 5474/6343/3928
f 5452/6318/3929 5451/6333/3929 5466/6342/3929 5467/6344/3929
f 5460/6320/3930 5459/6334/3930 5474/6343/3930 5475/6345/3930
f 5453/6319/3931 5452/6318/3931 5467/6344/3931 5468/6346/3931
f 5461/6321/3932 5460/6320/3932 5475/6345/3932 5476/6347/3932
f 5454/6322/3933 5453/6319/3933 5468/6346/3933 5469/6348/3933
f 5462/6323/3934 5461/6321/3934 5476/6347/3934 5477/6349/3934
f 5455/6324/3935 5454/6322/3935 5469/6348/3935 5470/6350/3935
f 5463/6325/3936 5462/6323/3936 5477/6349/3936 5478/6351/3936
f 5456/6326/3937 5455/6324/3937 5470/6350/3937 5471/6335/3937
f 5464/6327/3938 5463/6325/3938 5478/6351/3938 5479/6340/3938
f 5476/6347/3939 5475/6345/3939 5490/6352/3939 5491/6353/3939
f 5469/6348/3940 5468/6346/3940 5483/6354/3940 5484/6355/3940
f 5477/6349/3941 5476/6347/3941 5491/6353/3941 5492/6356/3941
f 5470/6350/3942 5469/6348/3942 5484/6355/3942 5485/6357/3942
f 5478/6351/3943 5477/6349/3943 5492/6356/3943 5493/6358/3943
f 5471/6335/3944 5470/6350/3944 5485/6357/3944 5486/6359/3944
f 5479/6340/3945 5478/6351/3945 5493/6358/3945 5494/6360/3945
f 5472/6336/3946 5471/6335/3946 5486/6359/3946 5487/6361/3946
f 5465/6338/3947 5118/6362/3947 5480/6363/3947
f 5344/6364/3948 5479/6340/3948 5494/6360/3948
f 5473/6341/3949 5472/6336/3949 5487/6361/3949 5488/6365/3949
f 5466/6342/3950 5465/6338/3950 5480/6363/3950 5481/6366/3950
f 5474/6343/3951 5473/6341/3951 5488/6365/3951 5489/6367/3951
f 5467/6344/3952 5466/6342/3952 5481/6366/3952 5482/6368/3952
f 5475/6345/3953 5474/6343/3953 5489/6367/3953 5490/6352/3953
f 5468/6346/3954 5467/6344/3954 5482/6368/3954 5483/6354/3954
f 5480/6363/3955 5118/6369/3955 5495/6370/3955
f 5344/6371/3956 5494/6360/3956 5509/6372/3956
f 5488/6365/3957 5487/6361/3957 5502/6373/3957 5503/6374/3957
f 5481/6366/3958 5480/6363/3958 5495/6370/3958 5496/6375/3958
f 5489/6367/3959 5488/6365/3959 5503/6374/3959 5504/6376/3959
f 5482/6368/3960 5481/6366/3960 5496/6375/3960 5497/6377/3960
f 5490/6352/3961 5489/6367/3961 5504/6376/3961 5505/6378/3961
f 5483/6354/3962 5482/6368/3962 5497/6377/3962 5498/6379/3962
f 5491/6353/3963 5490/6352/3963 5505/6378/3963 5506/6380/3963
f 5484/6355/3964 5483/6354/3964 5498/6379/3964 5499/6381/3964
f 5492/6356/3965 5491/6353/3965 5506/6380/3965 5507/6382/3965
f 5485/6357/3966 5484/6355/3966 5499/6381/3966 5500/6383/3966
f 5493/6358/3967 5492/6356/3967 5507/6382/3967 5508/6384/3967
f 5486/6359/3968 5485/6357/3968 5500/6383/3968 5501/6385/3968
f 5494/6360/3969 5493/6358/3969 5508/6384/3969 5509/6372/3969
f 5487/6361/3970 5486/6359/3970 5501/6385/3970 5502/6373/3970
f 5499/6381/3971 5498/6379/3971 5512/5834/3971 5038/5833/3971
f 5507/6382/3972 5506/6380/3972 5515/5829/3972 5516/5837/3972
f 5500/6383/3973 5499/6381/3973 5038/5833/3973 5513/5839/3973
f 5508/6384/3974 5507/6382/3974 5516/5837/3974 5517/5841/3974
f 5501/6385/3975 5500/6383/3975 5513/5839/3975 5039/5843/3975
f 5509/6372/3976 5508/6384/3976 5517/5841/3976 5518/5845/3976
f 5502/6373/3977 5501/6385/3977 5039/5843/3977 5040/5847/3977
f 5495/6370/3978 5118/6386/3978 5510/5849/3978
f 5344/6387/3979 5509/6372/3979 5518/5845/3979
f 5503/6374/3980 5502/6373/3980 5040/5847/3980 5041/5853/3980
f 5496/6375/3981 5495/6370/3981 5510/5849/3981 5511/5855/3981
f 5504/6376/3982 5503/6374/3982 5041/5853/3982 5514/5857/3982
f 5497/6377/3983 5496/6375/3983 5511/5855/3983 5037/5859/3983
f 5505/6378/3984 5504/6376/3984 5514/5857/3984 5042/5830/3984
f 5498/6379/3985 5497/6377/3985 5037/5859/3985 5512/5834/3985
f 5506/6380/3986 5505/6378/3986 5042/5830/3986 5515/5829/3986
o Cylinder.002
v 0.145146 5.244132 0.000000
v 0.565810 7.629835 0.000000
v 0.144080 5.244320 0.010990
v 0.564744 7.630023 0.010990
v 0.140923 5.244877 0.021558
v 0.561587 7.630579 0.021558
v 0.135797 5.245781 0.031297
v 0.556460 7.631484 0.031297
v 0.128897 5.246997 0.039834
v 0.549561 7.632700 0.039834
v 0.120490 5.248480 0.046840
v 0.541154 7.634182 0.046840
v 0.110899 5.250171 0.052046
v 0.531562 7.635874 0.052046
v 0.100491 5.252006 0.055252
v 0.521155 7.637709 0.055252
v 0.089668 5.253915 0.056334
v 0.510332 7.639617 0.056334
v 0.078845 5.255823 0.055252
v 0.499509 7.641526 0.055252
v 0.068438 5.257658 0.052046
v 0.489101 7.643361 0.052046
v 0.058846 5.259349 0.046840
v 0.479510 7.645052 0.046840
v 0.050439 5.260832 0.039834
v 0.471103 7.646534 0.039834
v 0.043540 5.262048 0.031297
v 0.464204 7.647751 0.031297
v 0.038413 5.262952 0.021558
v 0.459077 7.648655 0.021558
v 0.035256 5.263509 0.010990
v 0.455920 7.649211 0.010990
v 0.034190 5.263697 0.000000
v 0.454854 7.649400 0.000000
v 0.035256 5.263509 -0.010990
v 0.455920 7.649211 -0.010990
v 0.038413 5.262952 -0.021558
v 0.459077 7.648655 -0.021558
v 0.043540 5.262048 -0.031297
v 0.464204 7.647751 -0.031297
v 0.050439 5.260832 -0.039834
v 0.471103 7.646534 -0.039834
v 0.058846 5.259349 -0.046840
v 0.479510 7.645052 -0.046840
v 0.068438 5.257658 -0.052046
v 0.489101 7.643361 -0.052046
v 0.078845 5.255823 -0.055252
v 0.499509 7.641526 -0.055252
v 0.089668 5.253915 -0.056334
v 0.510332 7.639617 -0.056334
v 0.100491 5.252006 -0.055252
v 0.521155 7.637709 -0.055252
v 0.110899 5.250171 -0.052046
v 0.531562 7.635874 -0.052046
v 0.120490 5.248480 -0.046840
v 0.541154 7.634182 -0.046840
v 0.128897 5.246997 -0.039834
v 0.549561 7.632700 -0.039834
v 0.135797 5.245781 -0.031297
v 0.556460 7.631484 -0.031297
v 0.140923 5.244877 -0.021558
v 0.561587 7.630579 -0.021558
v 0.144080 5.244320 -0.010990
v 0.564744 7.630023 -0.010990
vn 0.9801 -0.1728 0.0980
vn 0.9424 -0.1662 0.2903
vn 0.8685 -0.1531 0.4714
vn 0.7613 -0.1342 0.6344
vn 0.6248 -0.1102 0.7730
vn 0.4642 -0.0819 0.8819
vn 0.2859 -0.0504 0.9569
vn 0.0965 -0.0170 0.9952
vn -0.0965 0.0170 0.9952
vn -0.2859 0.0504 0.9569
vn -0.4642 0.0819 0.8819
vn -0.6248 0.1102 0.7730
vn -0.7613 0.1342 0.6344
vn -0.8685 0.1531 0.4714
vn -0.9424 0.1662 0.2903
vn -0.9801 0.1728 0.0980
vn -0.9801 0.1728 -0.0980
vn -0.9424 0.1662 -0.2903
vn -0.8685 0.1531 -0.4714
vn -0.7613 0.1342 -0.6344
vn -0.6248 0.1102 -0.7730
vn -0.4642 0.0819 -0.8819
vn -0.2859 0.0504 -0.9569
vn -0.0965 0.0170 -0.9952
vn 0.0965 -0.0170 -0.9952
vn 0.2859 -0.0504 -0.9569
vn 0.4642 -0.0819 -0.8819
vn 0.6248 -0.1102 -0.7730
vn 0.7613 -0.1342 -0.6344
vn 0.8685 -0.1531 -0.4714
vn 0.1736 0.9848 -0.0000
vn 0.9424 -0.1662 -0.2903
vn 0.9801 -0.1728 -0.0980
vn -0.1736 -0.9848 -0.0000
vt 1.000000 0.500000
vt 1.000000 1.000000
vt 0.968750 1.000000
vt 0.968750 0.500000
vt 0.937500 1.000000
vt 0.937500 0.500000
vt 0.906250 1.000000
vt 0.906250 0.500000
vt 0.875000 1.000000
vt 0.875000 0.500000
vt 0.843750 1.000000
vt 0.843750 0.500000
vt 0.812500 1.000000
vt 0.812500 0.500000
vt 0.781250 1.000000
vt 0.781250 0.500000
vt 0.750000 1.000000
vt 0.750000 0.500000
vt 0.718750 1.000000
vt 0.718750 0.500000
vt 0.687500 1.000000
vt 0.687500 0.500000
vt 0.656250 1.000000
vt 0.656250 0.500000
vt 0.625000 1.000000
vt 0.625000 0.500000
vt 0.593750 1.000000
vt 0.593750 0.500000
vt 0.562500 1.000000
vt 0.562500 0.500000
vt 0.531250 1.000000
vt 0.531250 0.500000
vt 0.500000 1.000000
vt 0.500000 0.500000
vt 0.468750 1.000000
vt 0.468750 0.500000
vt 0.437500 1.000000
vt 0.437500 0.500000
vt 0.406250 1.000000
vt 0.406250 0.500000
vt 0.375000 1.000000
vt 0.375000 0.500000
vt 0.343750 1.000000
vt 0.343750 0.500000
vt 0.312500 1.000000
vt 0.312500 0.500000
vt 0.281250 1.000000
vt 0.281250 0.500000
vt 0.250000 1.000000
vt 0.250000 0.500000
vt 0.218750 1.000000
vt 0.218750 0.500000
vt 0.187500 1.000000
vt 0.187500 0.500000
vt 0.156250 1.000000
vt 0.156250 0.500000
vt 0.125000 1.000000
vt 0.125000 0.500000
vt 0.093750 1.000000
vt 0.093750 0.500000
vt 0.062500 1.000000
vt 0.062500 0.500000
vt 0.296822 0.485388
vt 0.250000 0.490000
vt 0.203178 0.485388
vt 0.158156 0.471731
vt 0.116663 0.449553
vt 0.080294 0.419706
vt 0.050447 0.383337
vt 0.028269 0.341844
vt 0.014612 0.296822
vt 0.010000 0.250000
vt 0.014612 0.203178
vt 0.028269 0.158156
vt 0.050447 0.116663
vt 0.080294 0.080294
vt 0.116663 0.050447
vt 0.158156 0.028269
vt 0.203178 0.014612
vt 0.250000 0.010000
vt 0.296822 0.014612
vt 0.341844 0.028269
vt 0.383337 0.050447
vt 0.419706 0.080294
vt 0.449553 0.116663
vt 0.471731 0.158156
vt 0.485388 0.203178
vt 0.490000 0.250000
vt 0.485388 0.296822
vt 0.471731 0.341844
vt 0.449553 0.383337
vt 0.419706 0.419706
vt 0.383337 0.449553
vt 0.341844 0.471731
vt 0.031250 1.000000
vt 0.031250 0.500000
vt 0.000000 1.000000
vt 0.000000 0.500000
vt 0.750000 0.490000
vt 0.796822 0.485388
vt 0.841844 0.471731
vt 0.883337 0.449553
vt 0.919706 0.419706
vt 0.949553 0.383337
vt 0.971731 0.341844
vt 0.985388 0.296822
vt 0.990000 0.250000
vt 0.985388 0.203178
vt 0.971731 0.158156
vt 0.949553 0.116663
vt 0.919706 0.080294
vt 0.883337 0.050447
vt 0.841844 0.028269
vt 0.796822 0.014612
vt 0.750000 0.010000
vt 0.703178 0.014612
vt 0.658156 0.028269
vt 0.616663 0.050447
vt 0.580294 0.080294
vt 0.550447 0.116663
vt 0.528269 0.158156
vt 0.514612 0.203178
vt 0.510000 0.250000
vt 0.514612 0.296822
vt 0.528269 0.341844
vt 0.550447 0.383337
vt 0.580294 0.419706
vt 0.616663 0.449553
vt 0.658156 0.471731
vt 0.703178 0.485388
s 0
usemtl ant
f 5519/6388/3987 5520/6389/3987 5522/6390/3987 5521/6391/3987
f 5521/6391/3988 5522/6390/3988 5524/6392/3988 5523/6393/3988
f 5523/6393/3989 5524/6392/3989 5526/6394/3989 5525/6395/3989
f 5525/6395/3990 5526/6394/3990 5528/6396/3990 5527/6397/3990
f 5527/6397/3991 5528/6396/3991 5530/6398/3991 5529/6399/3991
f 5529/6399/3992 5530/6398/3992 5532/6400/3992 5531/6401/3992
f 5531/6401/3993 5532/6400/3993 5534/6402/3993 5533/6403/3993
f 5533/6403/3994 5534/6402/3994 5536/6404/3994 5535/6405/3994
f 5535/6405/3995 5536/6404/3995 5538/6406/3995 5537/6407/3995
f 5537/6407/3996 5538/6406/3996 5540/6408/3996 5539/6409/3996
f 5539/6409/3997 5540/6408/3997 5542/6410/3997 5541/6411/3997
f 5541/6411/3998 5542/6410/3998 5544/6412/3998 5543/6413/3998
f 5543/6413/3999 5544/6412/3999 5546/6414/3999 5545/6415/3999
f 5545/6415/4000 5546/6414/4000 5548/6416/4000 5547/6417/4000
f 5547/6417/4001 5548/6416/4001 5550/6418/4001 5549/6419/4001
f 5549/6419/4002 5550/6418/4002 5552/6420/4002 5551/6421/4002
f 5551/6421/4003 5552/6420/4003 5554/6422/4003 5553/6423/4003
f 5553/6423/4004 5554/6422/4004 5556/6424/4004 5555/6425/4004
f 5555/6425/4005 5556/6424/4005 5558/6426/4005 5557/6427/4005
f 5557/6427/4006 5558/6426/4006 5560/6428/4006 5559/6429/4006
f 5559/6429/4007 5560/6428/4007 5562/6430/4007 5561/6431/4007
f 5561/6431/4008 5562/6430/4008 5564/6432/4008 5563/6433/4008
f 5563/6433/4009 5564/6432/4009 5566/6434/4009 5565/6435/4009
f 5565/6435/4010 5566/6434/4010 5568/6436/4010 5567/6437/4010
f 5567/6437/4011 5568/6436/4011 5570/6438/4011 5569/6439/4011
f 5569/6439/4012 5570/6438/4012 5572/6440/4012 5571/6441/4012
f 5571/6441/4013 5572/6440/4013 5574/6442/4013 5573/6443/4013
f 5573/6443/4014 5574/6442/4014 5576/6444/4014 5575/6445/4014
f 5575/6445/4015 5576/6444/4015 5578/6446/4015 5577/6447/4015
f 5577/6447/4016 5578/6446/4016 5580/6448/4016 5579/6449/4016
f 5522/6450/4017 5520/6451/4017 5582/6452/4017 5580/6453/4017 5578/6454/4017 5576/6455/4017 5574/6456/4017 5572/6457/4017 5570/6458/4017 5568/6459/4017 5566/6460/4017 5564/6461/4017 5562/6462/4017 5560/6463/4017 5558/6464/4017 5556/6465/4017 5554/6466/4017 5552/6467/4017 5550/6468/4017 5548/6469/4017 5546/6470/4017 5544/6471/4017 5542/6472/4017 5540/6473/4017 5538/6474/4017 5536/6475/4017 5534/6476/4017 5532/6477/4017 5530/6478/4017 5528/6479/4017 5526/6480/4017 5524/6481/4017
f 5579/6449/4018 5580/6448/4018 5582/6482/4018 5581/6483/4018
f 5581/6483/4019 5582/6482/4019 5520/6484/4019 5519/6485/4019
f 5519/6486/4020 5521/6487/4020 5523/6488/4020 5525/6489/4020 5527/6490/4020 5529/6491/4020 5531/6492/4020 5533/6493/4020 5535/6494/4020 5537/6495/4020 5539/6496/4020 5541/6497/4020 5543/6498/4020 5545/6499/4020 5547/6500/4020 5549/6501/4020 5551/6502/4020 5553/6503/4020 5555/6504/4020 5557/6505/4020 5559/6506/4020 5561/6507/4020 5563/6508/4020 5565/6509/4020 5567/6510/4020 5569/6511/4020 5571/6512/4020 5573/6513/4020 5575/6514/4020 5577/6515/4020 5579/6516/4020 5581/6517/4020
o Cylinder.003
v -0.034190 5.263697 0.000000
v -0.454854 7.649400 0.000000
v -0.035256 5.263509 0.010990
v -0.455920 7.649211 0.010990
v -0.038413 5.262952 0.021558
v -0.459077 7.648655 0.021558
v -0.043540 5.262048 0.031297
v -0.464204 7.647751 0.031297
v -0.050439 5.260832 0.039834
v -0.471103 7.646534 0.039834
v -0.058846 5.259349 0.046840
v -0.479510 7.645052 0.046840
v -0.068438 5.257658 0.052046
v -0.489101 7.643361 0.052046
v -0.078845 5.255823 0.055252
v -0.499509 7.641526 0.055252
v -0.089668 5.253915 0.056334
v -0.510332 7.639617 0.056334
v -0.100491 5.252006 0.055252
v -0.521155 7.637709 0.055252
v -0.110899 5.250171 0.052046
v -0.531562 7.635874 0.052046
v -0.120490 5.248480 0.046840
v -0.541154 7.634182 0.046840
v -0.128897 5.246997 0.039834
v -0.549561 7.632700 0.039834
v -0.135797 5.245781 0.031297
v -0.556460 7.631484 0.031297
v -0.140923 5.244877 0.021558
v -0.561587 7.630579 0.021558
v -0.144080 5.244320 0.010990
v -0.564744 7.630023 0.010990
v -0.145146 5.244132 0.000000
v -0.565810 7.629835 0.000000
v -0.144080 5.244320 -0.010990
v -0.564744 7.630023 -0.010990
v -0.140923 5.244877 -0.021558
v -0.561587 7.630579 -0.021558
v -0.135797 5.245781 -0.031297
v -0.556460 7.631484 -0.031297
v -0.128897 5.246997 -0.039834
v -0.549561 7.632700 -0.039834
v -0.120490 5.248480 -0.046840
v -0.541154 7.634182 -0.046840
v -0.110899 5.250171 -0.052046
v -0.531562 7.635874 -0.052046
v -0.100491 5.252006 -0.055252
v -0.521155 7.637709 -0.055252
v -0.089668 5.253915 -0.056334
v -0.510332 7.639617 -0.056334
v -0.078845 5.255823 -0.055252
v -0.499509 7.641526 -0.055252
v -0.068438 5.257658 -0.052046
v -0.489101 7.643361 -0.052046
v -0.058846 5.259349 -0.046840
v -0.479510 7.645052 -0.046840
v -0.050439 5.260832 -0.039834
v -0.471103 7.646534 -0.039834
v -0.043540 5.262048 -0.031297
v -0.464204 7.647751 -0.031297
v -0.038413 5.262952 -0.021558
v -0.459077 7.648655 -0.021558
v -0.035256 5.263509 -0.010990
v -0.455920 7.649211 -0.010990
vn 0.9801 0.1728 0.0980
vn 0.9424 0.1662 0.2903
vn 0.8685 0.1531 0.4714
vn 0.7613 0.1342 0.6344
vn 0.6248 0.1102 0.7730
vn 0.4642 0.0819 0.8819
vn 0.2859 0.0504 0.9569
vn 0.0965 0.0170 0.9952
vn -0.0965 -0.0170 0.9952
vn -0.2859 -0.0504 0.9569
vn -0.4642 -0.0819 0.8819
vn -0.6248 -0.1102 0.7730
vn -0.7613 -0.1342 0.6344
vn -0.8685 -0.1531 0.4714
vn -0.9424 -0.1662 0.2903
vn -0.9801 -0.1728 0.0980
vn -0.9801 -0.1728 -0.0980
vn -0.9424 -0.1662 -0.2903
vn -0.8685 -0.1531 -0.4714
vn -0.7613 -0.1342 -0.6344
vn -0.6248 -0.1102 -0.7730
vn -0.4642 -0.0819 -0.8819
vn -0.2859 -0.0504 -0.9569
vn -0.0965 -0.0170 -0.9952
vn 0.0965 0.0170 -0.9952
vn 0.2859 0.0504 -0.9569
vn 0.4642 0.0819 -0.8819
vn 0.6248 0.1102 -0.7730
vn 0.7613 0.1342 -0.6344
vn 0.8685 0.1531 -0.4714
vn -0.1736 0.9848 -0.0000
vn 0.9424 0.1662 -0.2903
vn 0.9801 0.1728 -0.0980
vn 0.1736 -0.9848 -0.0000
vt 1.000000 0.500000
vt 1.000000 1.000000
vt 0.968750 1.000000
vt 0.968750 0.500000
vt 0.937500 1.000000
vt 0.937500 0.500000
vt 0.906250 1.000000
vt 0.906250 0.500000
vt 0.875000 1.000000
vt 0.875000 0.500000
vt 0.843750 1.000000
vt 0.843750 0.500000
vt 0.812500 1.000000
vt 0.812500 0.500000
vt 0.781250 1.000000
vt 0.781250 0.500000
vt 0.750000 1.000000
vt 0.750000 0.500000
vt 0.718750 1.000000
vt 0.718750 0.500000
vt 0.687500 1.000000
vt 0.687500 0.500000
vt 0.656250 1.000000
vt 0.656250 0.500000
vt 0.625000 1.000000
vt 0.625000 0.500000
vt 0.593750 1.000000
vt 0.593750 0.500000
vt 0.562500 1.000000
vt 0.562500 0.500000
vt 0.531250 1.000000
vt 0.531250 0.500000
vt 0.500000 1.000000
vt 0.500000 0.500000
vt 0.468750 1.000000
vt 0.468750 0.500000
vt 0.437500 1.000000
vt 0.437500 0.500000
vt 0.406250 1.000000
vt 0.406250 0.500000
vt 0.375000 1.000000
vt 0.375000 0.500000
vt 0.343750 1.000000
vt 0.343750 0.500000
vt 0.312500 1.000000
vt 0.312500 0.500000
vt 0.281250 1.000000
vt 0.281250 0.500000
vt 0.250000 1.000000
vt 0.250000 0.500000
vt 0.218750 1.000000
vt 0.218750 0.500000
vt 0.187500 1.000000
vt 0.187500 0.500000
vt 0.156250 1.000000
vt 0.156250 0.500000
vt 0.125000 1.000000
vt 0.125000 0.500000
vt 0.093750 1.000000
vt 0.093750 0.500000
vt 0.062500 1.000000
vt 0.062500 0.500000
vt 0.296822 0.485388
vt 0.250000 0.490000
vt 0.203178 0.485388
vt 0.158156 0.471731
vt 0.116663 0.449553
vt 0.080294 0.419706
vt 0.050447 0.383337
vt 0.028269 0.341844
vt 0.014612 0.296822
vt 0.010000 0.250000
vt 0.014612 0.203178
vt 0.028269 0.158156
vt 0.050447 0.116663
vt 0.080294 0.080294
vt 0.116663 0.050447
vt 0.158156 0.028269
vt 0.203178 0.014612
vt 0.250000 0.010000
vt 0.296822 0.014612
vt 0.341844 0.028269
vt 0.383337 0.050447
vt 0.419706 0.080294
vt 0.449553 0.116663
vt 0.471731 0.158156
vt 0.485388 0.203178
vt 0.490000 0.250000
vt 0.485388 0.296822
vt 0.471731 0.341844
vt 0.449553 0.383337
vt 0.419706 0.419706
vt 0.383337 0.449553
vt 0.341844 0.471731
vt 0.031250 1.000000
vt 0.031250 0.500000
vt 0.000000 1.000000
vt 0.000000 0.500000
vt 0.750000 0.490000
vt 0.796822 0.485388
vt 0.841844 0.471731
vt 0.883337 0.449553
vt 0.919706 0.419706
vt 0.949553 0.383337
vt 0.971731 0.341844
vt 0.985388 0.296822
vt 0.990000 0.250000
vt 0.985388 0.203178
vt 0.971731 0.158156
vt 0.949553 0.116663
vt 0.919706 0.080294
vt 0.883337 0.050447
vt 0.841844 0.028269
vt 0.796822 0.014612
vt 0.750000 0.010000
vt 0.703178 0.014612
vt 0.658156 0.028269
vt 0.616663 0.050447
vt 0.580294 0.080294
vt 0.550447 0.116663
vt 0.528269 0.158156
vt 0.514612 0.203178
vt 0.510000 0.250000
vt 0.514612 0.296822
vt 0.528269 0.341844
vt 0.550447 0.383337
vt 0.580294 0.419706
vt 0.616663 0.449553
vt 0.658156 0.471731
vt 0.703178 0.485388
s 0
usemtl ant
f 5583/6518/4021 5584/6519/4021 5586/6520/4021 5585/6521/4021
f 5585/6521/4022 5586/6520/4022 5588/6522/4022 5587/6523/4022
f 5587/6523/4023 5588/6522/4023 5590/6524/4023 5589/6525/4023
f 5589/6525/4024 5590/6524/4024 5592/6526/4024 5591/6527/4024
f 5591/6527/4025 5592/6526/4025 5594/6528/4025 5593/6529/4025
f 5593/6529/4026 5594/6528/4026 5596/6530/4026 5595/6531/4026
f 5595/6531/4027 5596/6530/4027 5598/6532/4027 5597/6533/4027
f 5597/6533/4028 5598/6532/4028 5600/6534/4028 5599/6535/4028
f 5599/6535/4029 5600/6534/4029 5602/6536/4029 5601/6537/4029
f 5601/6537/4030 5602/6536/4030 5604/6538/4030 5603/6539/4030
f 5603/6539/4031 5604/6538/4031 5606/6540/4031 5605/6541/4031
f 5605/6541/4032 5606/6540/4032 5608/6542/4032 5607/6543/4032
f 5607/6543/4033 5608/6542/4033 5610/6544/4033 5609/6545/4033
f 5609/6545/4034 5610/6544/4034 5612/6546/4034 5611/6547/4034
f 5611/6547/4035 5612/6546/4035 5614/6548/4035 5613/6549/4035
f 5613/6549/4036 5614/6548/4036 5616/6550/4036 5615/6551/4036
f 5615/6551/4037 5616/6550/4037 5618/6552/4037 5617/6553/4037
f 5617/6553/4038 5618/6552/4038 5620/6554/4038 5619/6555/4038
f 5619/6555/4039 5620/6554/4039 5622/6556/4039 5621/6557/4039
f 5621/6557/4040 5622/6556/4040 5624/6558/4040 5623/6559/4040
f 5623/6559/4041 5624/6558/4041 5626/6560/4041 5625/6561/4041
f 5625/6561/4042 5626/6560/4042 5628/6562/4042 5627/6563/4042
f 5627/6563/4043 5628/6562/4043 5630/6564/4043 5629/6565/4043
f 5629/6565/4044 5630/6564/4044 5632/6566/4044 5631/6567/4044
f 5631/6567/4045 5632/6566/4045 5634/6568/4045 5633/6569/4045
f 5633/6569/4046 5634/6568/4046 5636/6570/4046 5635/6571/4046
f 5635/6571/4047 5636/6570/4047 5638/6572/4047 5637/6573/4047
f 5637/6573/4048 5638/6572/4048 5640/6574/4048 5639/6575/4048
f 5639/6575/4049 5640/6574/4049 5642/6576/4049 5641/6577/4049
f 5641/6577/4050 5642/6576/4050 5644/6578/4050 5643/6579/4050
f 5586/6580/4051 5584/6581/4051 5646/6582/4051 5644/6583/4051 5642/6584/4051 5640/6585/4051 5638/6586/4051 5636/6587/4051 5634/6588/4051 5632/6589/4051 5630/6590/4051 5628/6591/4051 5626/6592/4051 5624/6593/4051 5622/6594/4051 5620/6595/4051 5618/6596/4051 5616/6597/4051 5614/6598/4051 5612/6599/4051 5610/6600/4051 5608/6601/4051 5606/6602/4051 5604/6603/4051 5602/6604/4051 5600/6605/4051 5598/6606/4051 5596/6607/4051 5594/6608/4051 5592/6609/4051 5590/6610/4051 5588/6611/4051
f 5643/6579/4052 5644/6578/4052 5646/6612/4052 5645/6613/4052
f 5645/6613/4053 5646/6612/4053 5584/6614/4053 5583/6615/4053
f 5583/6616/4054 5585/6617/4054 5587/6618/4054 5589/6619/4054 5591/6620/4054 5593/6621/4054 5595/6622/4054 5597/6623/4054 5599/6624/4054 5601/6625/4054 5603/6626/4054 5605/6627/4054 5607/6628/4054 5609/6629/4054 5611/6630/4054 5613/6631/4054 5615/6632/4054 5617/6633/4054 5619/6634/4054 5621/6635/4054 5623/6636/4054 5625/6637/4054 5627/6638/4054 5629/6639/4054 5631/6640/4054 5633/6641/4054 5635/6642/4054 5637/6643/4054 5639/6644/4054 5641/6645/4054 5643/6646/4054 5645/6647/4054
o Cylinder.004
v 0.545310 4.764036 0.000000
v 0.545310 5.037427 0.000000
v 0.534832 4.764036 0.106385
v 0.534832 5.037427 0.106385
v 0.503801 4.764036 0.208681
v 0.503801 5.037427 0.208681
v 0.453409 4.764036 0.302958
v 0.453409 5.037427 0.302958
v 0.385592 4.764036 0.385592
v 0.385592 5.037427 0.385592
v 0.302958 4.764036 0.453409
v 0.302958 5.037427 0.453409
v 0.208681 4.764036 0.503801
v 0.208681 5.037427 0.503801
v 0.106385 4.764036 0.534832
v 0.106385 5.037427 0.534832
v 0.000000 4.764036 0.545310
v 0.000000 5.037427 0.545310
v -0.106385 4.764036 0.534832
v -0.106385 5.037427 0.534832
v -0.208681 4.764036 0.503801
v -0.208681 5.037427 0.503801
v -0.302958 4.764036 0.453409
v -0.302958 5.037427 0.453409
v -0.385592 4.764036 0.385592
v -0.385592 5.037427 0.385592
v -0.453409 4.764036 0.302958
v -0.453409 5.037427 0.302958
v -0.503801 4.764036 0.208681
v -0.503801 5.037427 0.208681
v -0.534832 4.764036 0.106385
v -0.534832 5.037427 0.106385
v -0.545310 4.764036 0.000000
v -0.545310 5.037427 0.000000
v -0.534832 4.764036 -0.106385
v -0.534832 5.037427 -0.106385
v -0.503801 4.764036 -0.208681
v -0.503801 5.037427 -0.208681
v -0.453409 4.764036 -0.302958
v -0.453409 5.037427 -0.302958
v -0.385592 4.764036 -0.385592
v -0.385592 5.037427 -0.385592
v -0.302958 4.764036 -0.453409
v -0.302958 5.037427 -0.453409
v -0.208681 4.764036 -0.503801
v -0.208681 5.037427 -0.503801
v -0.106385 4.764036 -0.534832
v -0.106385 5.037427 -0.534832
v 0.000000 4.764036 -0.545310
v 0.000000 5.037427 -0.545310
v 0.106385 4.764036 -0.534832
v 0.106385 5.037427 -0.534832
v 0.208681 4.764036 -0.503801
v 0.208681 5.037427 -0.503801
v 0.302958 4.764036 -0.453409
v 0.302958 5.037427 -0.453409
v 0.385592 4.764036 -0.385592
v 0.385592 5.037427 -0.385592
v 0.453409 4.764036 -0.302958
v 0.453409 5.037427 -0.302958
v 0.503801 4.764036 -0.208681
v 0.503801 5.037427 -0.208681
v 0.534832 4.764036 -0.106385
v 0.534832 5.037427 -0.106385
vn 0.9952 -0.0000 0.0980
vn 0.9569 -0.0000 0.2903
vn 0.8819 -0.0000 0.4714
vn 0.7730 -0.0000 0.6344
vn 0.6344 -0.0000 0.7730
vn 0.4714 -0.0000 0.8819
vn 0.2903 -0.0000 0.9569
vn 0.0980 -0.0000 0.9952
vn -0.0980 -0.0000 0.9952
vn -0.2903 -0.0000 0.9569
vn -0.4714 -0.0000 0.8819
vn -0.6344 -0.0000 0.7730
vn -0.7730 -0.0000 0.6344
vn -0.8819 -0.0000 0.4714
vn -0.9569 -0.0000 0.2903
vn -0.9952 -0.0000 0.0980
vn -0.9952 -0.0000 -0.0980
vn -0.9569 -0.0000 -0.2903
vn -0.8819 -0.0000 -0.4714
vn -0.7730 -0.0000 -0.6344
vn -0.6344 -0.0000 -0.7730
vn -0.4714 -0.0000 -0.8819
vn -0.2903 -0.0000 -0.9569
vn -0.0980 -0.0000 -0.9952
vn 0.0980 -0.0000 -0.9952
vn 0.2903 -0.0000 -0.9569
vn 0.4714 -0.0000 -0.8819
vn 0.6344 -0.0000 -0.7730
vn 0.7730 -0.0000 -0.6344
vn 0.8819 -0.0000 -0.4714
vn -0.0000 1.0000 -0.0000
vn 0.9569 -0.0000 -0.2903
vn 0.9952 -0.0000 -0.0980
vn -0.0000 -1.0000 -0.0000
vt 1.000000 0.500000
vt 1.000000 1.000000
vt 0.968750 1.000000
vt 0.968750 0.500000
vt 0.937500 1.000000
vt 0.937500 0.500000
vt 0.906250 1.000000
vt 0.906250 0.500000
vt 0.875000 1.000000
vt 0.875000 0.500000
vt 0.843750 1.000000
vt 0.843750 0.500000
vt 0.812500 1.000000
vt 0.812500 0.500000
vt 0.781250 1.000000
vt 0.781250 0.500000
vt 0.750000 1.000000
vt 0.750000 0.500000
vt 0.718750 1.000000
vt 0.718750 0.500000
vt 0.687500 1.000000
vt 0.687500 0.500000
vt 0.656250 1.000000
vt 0.656250 0.500000
vt 0.625000 1.000000
vt 0.625000 0.500000
vt 0.593750 1.000000
vt 0.593750 0.500000
vt 0.562500 1.000000
vt 0.562500 0.500000
vt 0.531250 1.000000
vt 0.531250 0.500000
vt 0.500000 1.000000
vt 0.500000 0.500000
vt 0.468750 1.000000
vt 0.468750 0.500000
vt 0.437500 1.000000
vt 0.437500 0.500000
vt 0.406250 1.000000
vt 0.406250 0.500000
vt 0.375000 1.000000
vt 0.375000 0.500000
vt 0.343750 1.000000
vt 0.343750 0.500000
vt 0.312500 1.000000
vt 0.312500 0.500000
vt 0.281250 1.000000
vt 0.281250 0.500000
vt 0.250000 1.000000
vt 0.250000 0.500000
vt 0.218750 1.000000
vt 0.218750 0.500000
vt 0.187500 1.000000
vt 0.187500 0.500000
vt 0.156250 1.000000
vt 0.156250 0.500000
vt 0.125000 1.000000
vt 0.125000 0.500000
vt 0.093750 1.000000
vt 0.093750 0.500000
vt 0.062500 1.000000
vt 0.062500 0.500000
vt 0.296822 0.485388
vt 0.250000 0.490000
vt 0.203178 0.485388
vt 0.158156 0.471731
vt 0.116663 0.449553
vt 0.080294 0.419706
vt 0.050447 0.383337
vt 0.028269 0.341844
vt 0.014612 0.296822
vt 0.010000 0.250000
vt 0.014612 0.203178
vt 0.028269 0.158156
vt 0.050447 0.116663
vt 0.080294 0.080294
vt 0.116663 0.050447
vt 0.158156 0.028269
vt 0.203178 0.014612
vt 0.250000 0.010000
vt 0.296822 0.014612
vt 0.341844 0.028269
vt 0.383337 0.050447
vt 0.419706 0.080294
vt 0.449553 0.116663
vt 0.471731 0.158156
vt 0.485388 0.203178
vt 0.490000 0.250000
vt 0.485388 0.296822
vt 0.471731 0.341844
vt 0.449553 0.383337
vt 0.419706 0.419706
vt 0.383337 0.449553
vt 0.341844 0.471731
vt 0.031250 1.000000
vt 0.031250 0.500000
vt 0.000000 1.000000
vt 0.000000 0.500000
vt 0.750000 0.490000
vt 0.796822 0.485388
vt 0.841844 0.471731
vt 0.883337 0.449553
vt 0.919706 0.419706
vt 0.949553 0.383337
vt 0.971731 0.341844
vt 0.985388 0.296822
vt 0.990000 0.250000
vt 0.985388 0.203178
vt 0.971731 0.158156
vt 0.949553 0.116663
vt 0.919706 0.080294
vt 0.883337 0.050447
vt 0.841844 0.028269
vt 0.796822 0.014612
vt 0.750000 0.010000
vt 0.703178 0.014612
vt 0.658156 0.028269
vt 0.616663 0.050447
vt 0.580294 0.080294
vt 0.550447 0.116663
vt 0.528269 0.158156
vt 0.514612 0.203178
vt 0.510000 0.250000
vt 0.514612 0.296822
vt 0.528269 0.341844
vt 0.550447 0.383337
vt 0.580294 0.419706
vt 0.616663 0.449553
vt 0.658156 0.471731
vt 0.703178 0.485388
s 0
usemtl t2
f 5647/6648/4055 5648/6649/4055 5650/6650/4055 5649/6651/4055
f 5649/6651/4056 5650/6650/4056 5652/6652/4056 5651/6653/4056
f 5651/6653/4057 5652/6652/4057 5654/6654/4057 5653/6655/4057
f 5653/6655/4058 5654/6654/4058 5656/6656/4058 5655/6657/4058
f 5655/6657/4059 5656/6656/4059 5658/6658/4059 5657/6659/4059
f 5657/6659/4060 5658/6658/4060 5660/6660/4060 5659/6661/4060
f 5659/6661/4061 5660/6660/4061 5662/6662/4061 5661/6663/4061
f 5661/6663/4062 5662/6662/4062 5664/6664/4062 5663/6665/4062
f 5663/6665/4063 5664/6664/4063 5666/6666/4063 5665/6667/4063
f 5665/6667/4064 5666/6666/4064 5668/6668/4064 5667/6669/4064
f 5667/6669/4065 5668/6668/4065 5670/6670/4065 5669/6671/4065
f 5669/6671/4066 5670/6670/4066 5672/6672/4066 5671/6673/4066
f 5671/6673/4067 5672/6672/4067 5674/6674/4067 5673/6675/4067
f 5673/6675/4068 5674/6674/4068 5676/6676/4068 5675/6677/4068
f 5675/6677/4069 5676/6676/4069 5678/6678/4069 5677/6679/4069
f 5677/6679/4070 5678/6678/4070 5680/6680/4070 5679/6681/4070
f 5679/6681/4071 5680/6680/4071 5682/6682/4071 5681/6683/4071
f 5681/6683/4072 5682/6682/4072 5684/6684/4072 5683/6685/4072
f 5683/6685/4073 5684/6684/4073 5686/6686/4073 5685/6687/4073
f 5685/6687/4074 5686/6686/4074 5688/6688/4074 5687/6689/4074
f 5687/6689/4075 5688/6688/4075 5690/6690/4075 5689/6691/4075
f 5689/6691/4076 5690/6690/4076 5692/6692/4076 5691/6693/4076
f 5691/6693/4077 5692/6692/4077 5694/6694/4077 5693/6695/4077
f 5693/6695/4078 5694/6694/4078 5696/6696/4078 5695/6697/4078
f 5695/6697/4079 5696/6696/4079 5698/6698/4079 5697/6699/4079
f 5697/6699/4080 5698/6698/4080 5700/6700/4080 5699/6701/4080
f 5699/6701/4081 5700/6700/4081 5702/6702/4081 5701/6703/4081
f 5701/6703/4082 5702/6702/4082 5704/6704/4082 5703/6705/4082
f 5703/6705/4083 5704/6704/4083 5706/6706/4083 5705/6707/4083
f 5705/6707/4084 5706/6706/4084 5708/6708/4084 5707/6709/4084
f 5650/6710/4085 5648/6711/4085 5710/6712/4085 5708/6713/4085 5706/6714/4085 5704/6715/4085 5702/6716/4085 5700/6717/4085 5698/6718/4085 5696/6719/4085 5694/6720/4085 5692/6721/4085 5690/6722/4085 5688/6723/4085 5686/6724/4085 5684/6725/4085 5682/6726/4085 5680/6727/4085 5678/6728/4085 5676/6729/4085 5674/6730/4085 5672/6731/4085 5670/6732/4085 5668/6733/4085 5666/6734/4085 5664/6735/4085 5662/6736/4085 5660/6737/4085 5658/6738/4085 5656/6739/4085 5654/6740/4085 5652/6741/4085
f 5707/6709/4086 5708/6708/4086 5710/6742/4086 5709/6743/4086
f 5709/6743/4087 5710/6742/4087 5648/6744/4087 5647/6745/4087
f 5647/6746/4088 5649/6747/4088 5651/6748/4088 5653/6749/4088 5655/6750/4088 5657/6751/4088 5659/6752/4088 5661/6753/4088 5663/6754/4088 5665/6755/4088 5667/6756/4088 5669/6757/4088 5671/6758/4088 5673/6759/4088 5675/6760/4088 5677/6761/4088 5679/6762/4088 5681/6763/4088 5683/6764/4088 5685/6765/4088 5687/6766/4088 5689/6767/4088 5691/6768/4088 5693/6769/4088 5695/6770/4088 5697/6771/4088 5699/6772/4088 5701/6773/4088 5703/6774/4088 5705/6775/4088 5707/6776/4088 5709/6777/4088
